0 verbose cli C:\Program Files\nodejs\node.exe C:\Program Files\nodejs\node_modules\npm\bin\npm-cli.js
1 info using npm@11.9.0
2 info using node@v24.14.0
3 silly config load:file:C:\Program Files\nodejs\node_modules\npm\npmrc
4 silly config load:file:C:\Users\joshc\Downloads\economy-simulator\services\admin\.npmrc
5 silly config load:file:C:\Users\joshc\.npmrc
6 silly config load:file:C:\Users\joshc\AppData\Roaming\npm\etc\npmrc
7 verbose title npm install
8 verbose argv "install" "--cache" "C:\\Users\\joshc\\Downloads\\economy-simulator\\.npm-cache" "--foreground-scripts"
9 verbose logfile logs-max:10 dir:C:\Users\joshc\Downloads\economy-simulator\.npm-cache\_logs\2026-08-20T16_31_34_012Z-
10 verbose logfile C:\Users\joshc\Downloads\economy-simulator\.npm-cache\_logs\2026-08-20T16_31_34_012Z-debug-0.log
11 silly logfile done cleaning log files
12 silly packumentCache heap:4496293888 maxSize:1124073472 maxEntrySize:562036736
13 silly idealTree buildDeps
14 silly fetch manifest @types/bootstrap@^5.0.5
15 silly packumentCache full:https://registry.npmjs.org/@types%2fbootstrap cache-miss
16 http fetch GET 200 https://registry.npmjs.org/@types%2fbootstrap 535ms (cache miss)
17 silly packumentCache full:https://registry.npmjs.org/@types%2fbootstrap set size:undefined disposed:false
18 silly fetch manifest @types/lodash@^4.14.181
19 silly packumentCache full:https://registry.npmjs.org/@types%2flodash cache-miss
20 http fetch GET 200 https://registry.npmjs.org/@types%2flodash 83ms (cache miss)
21 silly packumentCache full:https://registry.npmjs.org/@types%2flodash set size:undefined disposed:false
22 silly fetch manifest axios@^0.21.4
23 silly packumentCache full:https://registry.npmjs.org/axios cache-miss
24 http fetch GET 200 https://registry.npmjs.org/axios 78ms (cache miss)
25 silly packumentCache full:https://registry.npmjs.org/axios set size:undefined disposed:false
26 silly fetch manifest bootstrap@^5.0.0-beta1
27 silly packumentCache full:https://registry.npmjs.org/bootstrap cache-miss
28 http fetch GET 200 https://registry.npmjs.org/bootstrap 64ms (cache miss)
29 silly packumentCache full:https://registry.npmjs.org/bootstrap set size:undefined disposed:false
30 silly fetch manifest @popperjs/core@^2.11.8
31 silly packumentCache full:https://registry.npmjs.org/@popperjs%2fcore cache-miss
32 http fetch GET 200 https://registry.npmjs.org/@popperjs%2fcore 108ms (cache miss)
33 silly packumentCache full:https://registry.npmjs.org/@popperjs%2fcore set size:undefined disposed:false
34 silly fetch manifest chart.js@^2.9.4
35 silly packumentCache full:https://registry.npmjs.org/chart.js cache-miss
36 http fetch GET 200 https://registry.npmjs.org/chart.js 68ms (cache miss)
37 silly packumentCache full:https://registry.npmjs.org/chart.js set size:undefined disposed:false
38 silly fetch manifest dayjs@^1.10.4
39 silly packumentCache full:https://registry.npmjs.org/dayjs cache-miss
40 http fetch GET 200 https://registry.npmjs.org/dayjs 80ms (cache miss)
41 silly packumentCache full:https://registry.npmjs.org/dayjs set size:undefined disposed:false
42 silly fetch manifest glob@^7.1.6
43 silly packumentCache full:https://registry.npmjs.org/glob cache-miss
44 http fetch GET 200 https://registry.npmjs.org/glob 80ms (cache miss)
45 silly packumentCache full:https://registry.npmjs.org/glob set size:undefined disposed:false
46 silly fetch manifest lodash@^4.17.21
47 silly packumentCache full:https://registry.npmjs.org/lodash cache-miss
48 http fetch GET 200 https://registry.npmjs.org/lodash 93ms (cache miss)
49 silly packumentCache full:https://registry.npmjs.org/lodash set size:undefined disposed:false
50 silly fetch manifest svelte-routing@^1.5.0
51 silly packumentCache full:https://registry.npmjs.org/svelte-routing cache-miss
52 http fetch GET 200 https://registry.npmjs.org/svelte-routing 205ms (cache miss)
53 silly packumentCache full:https://registry.npmjs.org/svelte-routing set size:undefined disposed:false
54 silly fetch manifest @tsconfig/svelte@^1.0.10
55 silly packumentCache full:https://registry.npmjs.org/@tsconfig%2fsvelte cache-miss
56 http fetch GET 200 https://registry.npmjs.org/@tsconfig%2fsvelte 66ms (cache miss)
57 silly packumentCache full:https://registry.npmjs.org/@tsconfig%2fsvelte set size:undefined disposed:false
58 silly fetch manifest @types/chart.js@^2.9.30
59 silly packumentCache full:https://registry.npmjs.org/@types%2fchart.js cache-miss
60 http fetch GET 200 https://registry.npmjs.org/@types%2fchart.js 373ms (cache miss)
61 silly packumentCache full:https://registry.npmjs.org/@types%2fchart.js set size:undefined disposed:false
62 silly fetch manifest @types/node@^14.11.1
63 silly packumentCache full:https://registry.npmjs.org/@types%2fnode cache-miss
64 http fetch GET 200 https://registry.npmjs.org/@types%2fnode 288ms (cache miss)
65 silly packumentCache full:https://registry.npmjs.org/@types%2fnode set size:undefined disposed:false
66 silly fetch manifest cross-env@^7.0.3
67 silly packumentCache full:https://registry.npmjs.org/cross-env cache-miss
68 http fetch GET 200 https://registry.npmjs.org/cross-env 58ms (cache miss)
69 silly packumentCache full:https://registry.npmjs.org/cross-env set size:undefined disposed:false
70 silly fetch manifest css-loader@^5.0.1
71 silly packumentCache full:https://registry.npmjs.org/css-loader cache-miss
72 http fetch GET 200 https://registry.npmjs.org/css-loader 68ms (cache miss)
73 silly packumentCache full:https://registry.npmjs.org/css-loader set size:undefined disposed:false
74 silly fetch manifest webpack@^5.19.0
75 silly packumentCache full:https://registry.npmjs.org/webpack cache-miss
76 http fetch GET 200 https://registry.npmjs.org/webpack 144ms (cache miss)
77 silly packumentCache full:https://registry.npmjs.org/webpack set size:undefined disposed:false
78 silly fetch manifest mini-css-extract-plugin@^1.3.4
79 silly packumentCache full:https://registry.npmjs.org/mini-css-extract-plugin cache-miss
80 http fetch GET 200 https://registry.npmjs.org/mini-css-extract-plugin 64ms (cache miss)
81 silly packumentCache full:https://registry.npmjs.org/mini-css-extract-plugin set size:undefined disposed:false
82 silly fetch manifest purgecss-webpack-plugin@^4.0.0
83 silly packumentCache full:https://registry.npmjs.org/purgecss-webpack-plugin cache-miss
84 http fetch GET 200 https://registry.npmjs.org/purgecss-webpack-plugin 209ms (cache miss)
85 silly packumentCache full:https://registry.npmjs.org/purgecss-webpack-plugin set size:undefined disposed:false
86 silly fetch manifest svelte@^3.31.2
87 silly packumentCache full:https://registry.npmjs.org/svelte cache-miss
88 http fetch GET 200 https://registry.npmjs.org/svelte 161ms (cache miss)
89 silly packumentCache full:https://registry.npmjs.org/svelte set size:undefined disposed:false
90 silly fetch manifest svelte-check@^1.0.46
91 silly packumentCache full:https://registry.npmjs.org/svelte-check cache-miss
92 http fetch GET 200 https://registry.npmjs.org/svelte-check 85ms (cache miss)
93 silly packumentCache full:https://registry.npmjs.org/svelte-check set size:undefined disposed:false
94 silly fetch manifest svelte-feather-icons@^3.4.1
95 silly packumentCache full:https://registry.npmjs.org/svelte-feather-icons cache-miss
96 http fetch GET 200 https://registry.npmjs.org/svelte-feather-icons 248ms (cache miss)
97 silly packumentCache full:https://registry.npmjs.org/svelte-feather-icons set size:undefined disposed:false
98 silly fetch manifest svelte-loader@^3.0.0
99 silly packumentCache full:https://registry.npmjs.org/svelte-loader cache-miss
100 http fetch GET 200 https://registry.npmjs.org/svelte-loader 255ms (cache miss)
101 silly packumentCache full:https://registry.npmjs.org/svelte-loader set size:undefined disposed:false
102 silly fetch manifest svelte-preprocess@^4.3.0
103 silly packumentCache full:https://registry.npmjs.org/svelte-preprocess cache-miss
104 http fetch GET 200 https://registry.npmjs.org/svelte-preprocess 84ms (cache miss)
105 silly packumentCache full:https://registry.npmjs.org/svelte-preprocess set size:undefined disposed:false
106 silly fetch manifest @babel/core@^7.10.2
107 silly packumentCache full:https://registry.npmjs.org/@babel%2fcore cache-miss
108 http fetch GET 200 https://registry.npmjs.org/@babel%2fcore 90ms (cache miss)
109 silly packumentCache full:https://registry.npmjs.org/@babel%2fcore set size:undefined disposed:false
110 silly fetch manifest coffeescript@^2.5.1
111 silly packumentCache full:https://registry.npmjs.org/coffeescript cache-miss
112 http fetch GET 200 https://registry.npmjs.org/coffeescript 46ms (cache miss)
113 silly packumentCache full:https://registry.npmjs.org/coffeescript set size:undefined disposed:false
114 silly fetch manifest less@^3.11.3 || ^4.0.0
115 silly packumentCache full:https://registry.npmjs.org/less cache-miss
116 http fetch GET 200 https://registry.npmjs.org/less 57ms (cache miss)
117 silly packumentCache full:https://registry.npmjs.org/less set size:undefined disposed:false
118 silly fetch manifest postcss@^7 || ^8
119 silly packumentCache full:https://registry.npmjs.org/postcss cache-miss
120 http fetch GET 200 https://registry.npmjs.org/postcss 80ms (cache miss)
121 silly packumentCache full:https://registry.npmjs.org/postcss set size:undefined disposed:false
122 silly fetch manifest postcss-load-config@^2.1.0 || ^3.0.0 || ^4.0.0
123 silly packumentCache full:https://registry.npmjs.org/postcss-load-config cache-miss
124 http fetch GET 200 https://registry.npmjs.org/postcss-load-config 49ms (cache miss)
125 silly packumentCache full:https://registry.npmjs.org/postcss-load-config set size:undefined disposed:false
126 silly fetch manifest ts-node@>=9.0.0
127 silly packumentCache full:https://registry.npmjs.org/ts-node cache-miss
128 http fetch GET 200 https://registry.npmjs.org/ts-node 65ms (cache miss)
129 silly packumentCache full:https://registry.npmjs.org/ts-node set size:undefined disposed:false
130 silly fetch manifest @swc/core@>=1.2.50
131 silly packumentCache full:https://registry.npmjs.org/@swc%2fcore cache-miss
132 http fetch GET 200 https://registry.npmjs.org/@swc%2fcore 228ms (cache miss)
133 silly packumentCache full:https://registry.npmjs.org/@swc%2fcore set size:undefined disposed:false
134 silly fetch manifest @swc/helpers@>=0.5.17
135 silly packumentCache full:https://registry.npmjs.org/@swc%2fhelpers cache-miss
136 http fetch GET 200 https://registry.npmjs.org/@swc%2fhelpers 88ms (cache miss)
137 silly packumentCache full:https://registry.npmjs.org/@swc%2fhelpers set size:undefined disposed:false
138 silly fetch manifest @swc/wasm@>=1.2.50
139 silly packumentCache full:https://registry.npmjs.org/@swc%2fwasm cache-miss
140 http fetch GET 200 https://registry.npmjs.org/@swc%2fwasm 144ms (cache miss)
141 silly packumentCache full:https://registry.npmjs.org/@swc%2fwasm set size:undefined disposed:false
142 silly fetch manifest typescript@^4.0.3
143 silly packumentCache full:https://registry.npmjs.org/typescript cache-miss
144 http fetch GET 200 https://registry.npmjs.org/typescript 421ms (cache miss)
145 silly packumentCache full:https://registry.npmjs.org/typescript set size:undefined disposed:false
146 silly fetch manifest pug@^3.0.0
147 silly packumentCache full:https://registry.npmjs.org/pug cache-miss
148 http fetch GET 200 https://registry.npmjs.org/pug 43ms (cache miss)
149 silly packumentCache full:https://registry.npmjs.org/pug set size:undefined disposed:false
150 silly fetch manifest sass@^1.26.8
151 silly packumentCache full:https://registry.npmjs.org/sass cache-miss
152 http fetch GET 200 https://registry.npmjs.org/sass 89ms (cache miss)
153 silly packumentCache full:https://registry.npmjs.org/sass set size:undefined disposed:false
154 silly fetch manifest stylus@^0.55.0
155 silly packumentCache full:https://registry.npmjs.org/stylus cache-miss
156 http fetch GET 200 https://registry.npmjs.org/stylus 51ms (cache miss)
157 silly packumentCache full:https://registry.npmjs.org/stylus set size:undefined disposed:false
158 silly fetch manifest sugarss@^2.0.0
159 silly packumentCache full:https://registry.npmjs.org/sugarss cache-miss
160 http fetch GET 200 https://registry.npmjs.org/sugarss 46ms (cache miss)
161 silly packumentCache full:https://registry.npmjs.org/sugarss set size:undefined disposed:false
162 silly fetch manifest ts-loader@^8.0.4
163 silly packumentCache full:https://registry.npmjs.org/ts-loader cache-miss
164 http fetch GET 200 https://registry.npmjs.org/ts-loader 72ms (cache miss)
165 silly packumentCache full:https://registry.npmjs.org/ts-loader set size:undefined disposed:false
166 silly fetch manifest tslib@^2.0.1
167 silly packumentCache full:https://registry.npmjs.org/tslib cache-miss
168 http fetch GET 200 https://registry.npmjs.org/tslib 49ms (cache miss)
169 silly packumentCache full:https://registry.npmjs.org/tslib set size:undefined disposed:false
170 silly fetch manifest webpack-bundle-analyzer@^4.4.0
171 silly packumentCache full:https://registry.npmjs.org/webpack-bundle-analyzer cache-miss
172 http fetch GET 200 https://registry.npmjs.org/webpack-bundle-analyzer 61ms (cache miss)
173 silly packumentCache full:https://registry.npmjs.org/webpack-bundle-analyzer set size:undefined disposed:false
174 silly fetch manifest webpack-cli@^4.4.0
175 silly packumentCache full:https://registry.npmjs.org/webpack-cli cache-miss
176 http fetch GET 200 https://registry.npmjs.org/webpack-cli 55ms (cache miss)
177 silly packumentCache full:https://registry.npmjs.org/webpack-cli set size:undefined disposed:false
178 silly fetch manifest webpack-dev-server@^4.7.1
179 silly packumentCache full:https://registry.npmjs.org/webpack-dev-server cache-miss
180 http fetch GET 200 https://registry.npmjs.org/webpack-dev-server 72ms (cache miss)
181 silly packumentCache full:https://registry.npmjs.org/webpack-dev-server set size:undefined disposed:false
182 silly placeDep ROOT @tsconfig/svelte@1.0.13 OK for: svelte-app@1.0.0 want: ^1.0.10
183 silly placeDep ROOT @types/bootstrap@5.2.11 OK for: svelte-app@1.0.0 want: ^5.0.5
184 silly placeDep ROOT @types/chart.js@2.9.41 OK for: svelte-app@1.0.0 want: ^2.9.30
185 silly placeDep ROOT @types/lodash@4.17.25 OK for: svelte-app@1.0.0 want: ^4.14.181
186 silly placeDep ROOT @types/node@14.18.63 OK for: svelte-app@1.0.0 want: ^14.11.1
187 silly placeDep ROOT axios@0.21.4 OK for: svelte-app@1.0.0 want: ^0.21.4
188 silly placeDep ROOT bootstrap@5.3.8 OK for: svelte-app@1.0.0 want: ^5.0.0-beta1
189 silly placeDep ROOT @popperjs/core@2.11.8 OK for: bootstrap@5.3.8 want: ^2.11.8
190 silly placeDep ROOT chart.js@2.9.4 OK for: svelte-app@1.0.0 want: ^2.9.4
191 silly placeDep ROOT cross-env@7.0.3 OK for: svelte-app@1.0.0 want: ^7.0.3
192 silly placeDep ROOT css-loader@5.2.7 OK for: svelte-app@1.0.0 want: ^5.0.1
193 silly placeDep ROOT webpack@5.109.2 OK for: css-loader@5.2.7 want: ^4.27.0 || ^5.0.0
194 silly placeDep ROOT dayjs@1.11.23 OK for: svelte-app@1.0.0 want: ^1.10.4
195 silly placeDep ROOT glob@7.2.3 OK for: svelte-app@1.0.0 want: ^7.1.6
196 silly placeDep ROOT lodash@4.18.1 OK for: svelte-app@1.0.0 want: ^4.17.21
197 silly placeDep ROOT mini-css-extract-plugin@1.6.2 OK for: svelte-app@1.0.0 want: ^1.3.4
198 silly placeDep ROOT purgecss-webpack-plugin@4.1.3 OK for: svelte-app@1.0.0 want: ^4.0.0
199 silly placeDep ROOT svelte@3.59.2 OK for: svelte-app@1.0.0 want: ^3.31.2
200 silly placeDep ROOT svelte-check@1.6.0 OK for: svelte-app@1.0.0 want: ^1.0.46
201 silly placeDep ROOT svelte-feather-icons@3.6.0 OK for: svelte-app@1.0.0 want: ^3.4.1
202 silly placeDep ROOT svelte-loader@3.2.4 OK for: svelte-app@1.0.0 want: ^3.0.0
203 silly placeDep ROOT svelte-preprocess@4.10.7 OK for: svelte-app@1.0.0 want: ^4.3.0
204 silly placeDep ROOT svelte-routing@1.11.0 OK for: svelte-app@1.0.0 want: ^1.5.0
205 silly placeDep ROOT ts-loader@8.4.0 OK for: svelte-app@1.0.0 want: ^8.0.4
206 silly placeDep ROOT typescript@4.9.5 OK for: ts-loader@8.4.0 want: *
207 silly placeDep ROOT tslib@2.8.1 OK for: svelte-app@1.0.0 want: ^2.0.1
208 silly placeDep ROOT webpack-bundle-analyzer@4.10.2 OK for: svelte-app@1.0.0 want: ^4.4.0
209 silly placeDep ROOT webpack-cli@4.10.0 OK for: svelte-app@1.0.0 want: ^4.4.0
210 silly placeDep ROOT webpack-dev-server@4.15.2 OK for: svelte-app@1.0.0 want: ^4.7.1
211 silly fetch manifest @popperjs/core@^2.9.2
212 silly packumentCache full:https://registry.npmjs.org/@popperjs%2fcore cache-miss
213 silly fetch manifest moment@^2.10.2
214 silly packumentCache full:https://registry.npmjs.org/moment cache-miss
215 silly fetch manifest follow-redirects@^1.14.0
216 silly packumentCache full:https://registry.npmjs.org/follow-redirects cache-miss
217 silly fetch manifest moment@^2.10.2
218 silly packumentCache full:https://registry.npmjs.org/moment cache-miss
219 silly fetch manifest chartjs-color@^2.1.0
220 silly packumentCache full:https://registry.npmjs.org/chartjs-color cache-miss
221 silly fetch manifest cross-spawn@^7.0.1
222 silly packumentCache full:https://registry.npmjs.org/cross-spawn cache-miss
223 silly fetch manifest semver@^7.3.5
224 silly packumentCache full:https://registry.npmjs.org/semver cache-miss
225 silly fetch manifest postcss@^8.2.15
226 silly packumentCache full:https://registry.npmjs.org/postcss cache-miss
227 silly fetch manifest icss-utils@^5.1.0
228 silly packumentCache full:https://registry.npmjs.org/icss-utils cache-miss
229 silly fetch manifest loader-utils@^2.0.0
230 silly packumentCache full:https://registry.npmjs.org/loader-utils cache-miss
231 silly fetch manifest schema-utils@^3.0.0
232 silly packumentCache full:https://registry.npmjs.org/schema-utils cache-miss
233 http cache https://registry.npmjs.org/@popperjs%2fcore 27ms (cache hit)
234 silly packumentCache full:https://registry.npmjs.org/@popperjs%2fcore set size:579534 disposed:false
235 silly fetch manifest postcss-value-parser@^4.1.0
236 silly packumentCache full:https://registry.npmjs.org/postcss-value-parser cache-miss
237 http cache https://registry.npmjs.org/postcss 33ms (cache hit)
238 silly packumentCache full:https://registry.npmjs.org/postcss set size:760024 disposed:false
239 silly fetch manifest postcss-modules-scope@^3.0.0
240 silly packumentCache full:https://registry.npmjs.org/postcss-modules-scope cache-miss
241 http fetch GET 200 https://registry.npmjs.org/chartjs-color 44ms (cache miss)
242 silly packumentCache full:https://registry.npmjs.org/chartjs-color set size:undefined disposed:false
243 silly fetch manifest postcss-modules-values@^4.0.0
244 silly packumentCache full:https://registry.npmjs.org/postcss-modules-values cache-miss
245 http fetch GET 200 https://registry.npmjs.org/postcss-modules-scope 45ms (cache miss)
246 silly packumentCache full:https://registry.npmjs.org/postcss-modules-scope set size:undefined disposed:false
247 silly fetch manifest postcss-modules-extract-imports@^3.0.0
248 silly packumentCache full:https://registry.npmjs.org/postcss-modules-extract-imports cache-miss
249 http fetch GET 200 https://registry.npmjs.org/icss-utils 120ms (cache miss)
250 silly packumentCache full:https://registry.npmjs.org/icss-utils set size:undefined disposed:false
251 silly fetch manifest postcss-modules-local-by-default@^4.0.0
252 silly packumentCache full:https://registry.npmjs.org/postcss-modules-local-by-default cache-miss
253 http fetch GET 200 https://registry.npmjs.org/loader-utils 126ms (cache miss)
254 silly packumentCache full:https://registry.npmjs.org/loader-utils set size:undefined disposed:false
255 silly fetch manifest acorn@^8.16.0
256 silly packumentCache full:https://registry.npmjs.org/acorn cache-miss
257 http fetch GET 200 https://registry.npmjs.org/cross-spawn 131ms (cache miss)
258 silly packumentCache full:https://registry.npmjs.org/cross-spawn set size:undefined disposed:false
259 silly fetch manifest events@^3.2.0
260 silly packumentCache full:https://registry.npmjs.org/events cache-miss
261 http fetch GET 200 https://registry.npmjs.org/postcss-value-parser 107ms (cache miss)
262 silly packumentCache full:https://registry.npmjs.org/postcss-value-parser set size:undefined disposed:false
263 silly fetch manifest mime-db@^1.54.0
264 silly packumentCache full:https://registry.npmjs.org/mime-db cache-miss
265 http fetch GET 200 https://registry.npmjs.org/schema-utils 139ms (cache miss)
266 silly packumentCache full:https://registry.npmjs.org/schema-utils set size:undefined disposed:false
267 silly fetch manifest tapable@^2.3.0
268 silly packumentCache full:https://registry.npmjs.org/tapable cache-miss
269 http fetch GET 200 https://registry.npmjs.org/postcss-modules-extract-imports 61ms (cache miss)
270 silly packumentCache full:https://registry.npmjs.org/postcss-modules-extract-imports set size:undefined disposed:false
271 silly fetch manifest neo-async@^2.6.2
272 silly packumentCache full:https://registry.npmjs.org/neo-async cache-miss
273 http fetch GET 200 https://registry.npmjs.org/moment 154ms (cache miss)
274 silly packumentCache full:https://registry.npmjs.org/moment set size:undefined disposed:false
275 silly fetch manifest watchpack@^2.5.2
276 silly packumentCache full:https://registry.npmjs.org/watchpack cache-miss
277 http fetch GET 200 https://registry.npmjs.org/follow-redirects 158ms (cache miss)
278 silly packumentCache full:https://registry.npmjs.org/follow-redirects set size:undefined disposed:false
279 silly fetch manifest graceful-fs@^4.2.11
280 silly packumentCache full:https://registry.npmjs.org/graceful-fs cache-miss
281 http fetch GET 200 https://registry.npmjs.org/semver 159ms (cache miss)
282 silly packumentCache full:https://registry.npmjs.org/semver set size:undefined disposed:false
283 silly fetch manifest browserslist@^4.28.1
284 silly packumentCache full:https://registry.npmjs.org/browserslist cache-miss
285 http fetch GET 200 https://registry.npmjs.org/moment 168ms (cache miss)
286 silly packumentCache full:https://registry.npmjs.org/moment set size:undefined disposed:false
287 silly fetch manifest eslint-scope@5.1.1
288 silly packumentCache full:https://registry.npmjs.org/eslint-scope cache-miss
289 http fetch GET 200 https://registry.npmjs.org/events 41ms (cache miss)
290 silly packumentCache full:https://registry.npmjs.org/events set size:undefined disposed:false
291 silly fetch manifest schema-utils@^4.3.3
292 silly packumentCache full:https://registry.npmjs.org/schema-utils cache-miss
293 http fetch GET 200 https://registry.npmjs.org/postcss-modules-values 135ms (cache miss)
294 silly packumentCache full:https://registry.npmjs.org/postcss-modules-values set size:undefined disposed:false
295 silly fetch manifest @types/estree@^1.0.8
296 silly packumentCache full:https://registry.npmjs.org/@types%2festree cache-miss
297 http fetch GET 200 https://registry.npmjs.org/postcss-modules-local-by-default 67ms (cache miss)
298 silly packumentCache full:https://registry.npmjs.org/postcss-modules-local-by-default set size:undefined disposed:false
299 silly fetch manifest es-module-lexer@^2.1.0
300 silly packumentCache full:https://registry.npmjs.org/es-module-lexer cache-miss
301 http cache https://registry.npmjs.org/schema-utils 16ms (cache hit)
302 silly packumentCache full:https://registry.npmjs.org/schema-utils set size:166563 disposed:false
303 silly fetch manifest webpack-sources@^3.5.1
304 silly packumentCache full:https://registry.npmjs.org/webpack-sources cache-miss
305 http fetch GET 200 https://registry.npmjs.org/mime-db 59ms (cache miss)
306 silly packumentCache full:https://registry.npmjs.org/mime-db set size:undefined disposed:false
307 silly fetch manifest enhanced-resolve@^5.24.4
308 silly packumentCache full:https://registry.npmjs.org/enhanced-resolve cache-miss
309 http fetch GET 200 https://registry.npmjs.org/tapable 60ms (cache miss)
310 silly packumentCache full:https://registry.npmjs.org/tapable set size:undefined disposed:false
311 silly fetch manifest @types/json-schema@^7.0.15
312 silly packumentCache full:https://registry.npmjs.org/@types%2fjson-schema cache-miss
313 http fetch GET 200 https://registry.npmjs.org/acorn 74ms (cache miss)
314 silly packumentCache full:https://registry.npmjs.org/acorn set size:undefined disposed:false
315 silly fetch manifest @webassemblyjs/ast@^1.14.1
316 silly packumentCache full:https://registry.npmjs.org/@webassemblyjs%2fast cache-miss
317 http fetch GET 200 https://registry.npmjs.org/neo-async 63ms (cache miss)
318 silly packumentCache full:https://registry.npmjs.org/neo-async set size:undefined disposed:false
319 silly fetch manifest chrome-trace-event@^1.0.2
320 silly packumentCache full:https://registry.npmjs.org/chrome-trace-event cache-miss
321 http fetch GET 200 https://registry.npmjs.org/watchpack 61ms (cache miss)
322 silly packumentCache full:https://registry.npmjs.org/watchpack set size:undefined disposed:false
323 silly fetch manifest @webassemblyjs/wasm-edit@^1.14.1
324 silly packumentCache full:https://registry.npmjs.org/@webassemblyjs%2fwasm-edit cache-miss
325 http fetch GET 200 https://registry.npmjs.org/graceful-fs 61ms (cache miss)
326 silly packumentCache full:https://registry.npmjs.org/graceful-fs set size:undefined disposed:false
327 silly fetch manifest minimizer-webpack-plugin@^5.6.1
328 silly packumentCache full:https://registry.npmjs.org/minimizer-webpack-plugin cache-miss
329 http fetch GET 200 https://registry.npmjs.org/@types%2festree 51ms (cache miss)
330 silly packumentCache full:https://registry.npmjs.org/@types%2festree set size:undefined disposed:false
331 silly fetch manifest @webassemblyjs/wasm-parser@^1.14.1
332 silly packumentCache full:https://registry.npmjs.org/@webassemblyjs%2fwasm-parser cache-miss
333 http fetch GET 200 https://registry.npmjs.org/browserslist 80ms (cache miss)
334 silly packumentCache full:https://registry.npmjs.org/browserslist set size:undefined disposed:false
335 silly fetch manifest once@^1.3.0
336 silly packumentCache full:https://registry.npmjs.org/once cache-miss
337 http fetch GET 200 https://registry.npmjs.org/eslint-scope 80ms (cache miss)
338 silly packumentCache full:https://registry.npmjs.org/eslint-scope set size:undefined disposed:false
339 silly fetch manifest inflight@^1.0.4
340 silly packumentCache full:https://registry.npmjs.org/inflight cache-miss
341 http fetch GET 200 https://registry.npmjs.org/webpack-sources 64ms (cache miss)
342 silly packumentCache full:https://registry.npmjs.org/webpack-sources set size:undefined disposed:false
343 silly fetch manifest inherits@2
344 silly packumentCache full:https://registry.npmjs.org/inherits cache-miss
345 http fetch GET 200 https://registry.npmjs.org/@types%2fjson-schema 58ms (cache miss)
346 silly packumentCache full:https://registry.npmjs.org/@types%2fjson-schema set size:undefined disposed:false
347 silly fetch manifest minimatch@^3.1.1
348 silly packumentCache full:https://registry.npmjs.org/minimatch cache-miss
349 http fetch GET 200 https://registry.npmjs.org/chrome-trace-event 52ms (cache miss)
350 silly packumentCache full:https://registry.npmjs.org/chrome-trace-event set size:undefined disposed:false
351 silly fetch manifest fs.realpath@^1.0.0
352 silly packumentCache full:https://registry.npmjs.org/fs.realpath cache-miss
353 http fetch GET 200 https://registry.npmjs.org/enhanced-resolve 87ms (cache miss)
354 silly packumentCache full:https://registry.npmjs.org/enhanced-resolve set size:undefined disposed:false
355 silly fetch manifest path-is-absolute@^1.0.0
356 silly packumentCache full:https://registry.npmjs.org/path-is-absolute cache-miss
357 http fetch GET 200 https://registry.npmjs.org/es-module-lexer 108ms (cache miss)
358 silly packumentCache full:https://registry.npmjs.org/es-module-lexer set size:undefined disposed:false
359 silly fetch manifest webpack-sources@^1.1.0
360 silly packumentCache full:https://registry.npmjs.org/webpack-sources cache-miss
361 http fetch GET 200 https://registry.npmjs.org/@webassemblyjs%2fast 102ms (cache miss)
362 silly packumentCache full:https://registry.npmjs.org/@webassemblyjs%2fast set size:undefined disposed:false
363 silly fetch manifest purgecss@^4.1.3
364 silly packumentCache full:https://registry.npmjs.org/purgecss cache-miss
365 http fetch GET 200 https://registry.npmjs.org/minimizer-webpack-plugin 91ms (cache miss)
366 silly packumentCache full:https://registry.npmjs.org/minimizer-webpack-plugin set size:undefined disposed:false
367 silly fetch manifest webpack-sources@^3.2.0
368 silly packumentCache full:https://registry.npmjs.org/webpack-sources cache-miss
369 http fetch GET 200 https://registry.npmjs.org/once 73ms (cache miss)
370 silly packumentCache full:https://registry.npmjs.org/once set size:undefined disposed:false
371 silly fetch manifest sade@^1.7.4
372 silly packumentCache full:https://registry.npmjs.org/sade cache-miss
373 http fetch GET 200 https://registry.npmjs.org/inherits 62ms (cache miss)
374 silly packumentCache full:https://registry.npmjs.org/inherits set size:undefined disposed:false
375 silly fetch manifest chalk@^4.0.0
376 silly packumentCache full:https://registry.npmjs.org/chalk cache-miss
377 http fetch GET 200 https://registry.npmjs.org/inflight 70ms (cache miss)
378 silly packumentCache full:https://registry.npmjs.org/inflight set size:undefined disposed:false
379 silly fetch manifest chokidar@^3.4.1
380 silly packumentCache full:https://registry.npmjs.org/chokidar cache-miss
381 http fetch GET 200 https://registry.npmjs.org/fs.realpath 61ms (cache miss)
382 silly packumentCache full:https://registry.npmjs.org/fs.realpath set size:undefined disposed:false
383 silly fetch manifest minimist@^1.2.5
384 silly packumentCache full:https://registry.npmjs.org/minimist cache-miss
385 http cache https://registry.npmjs.org/webpack-sources 32ms (cache hit)
386 silly packumentCache full:https://registry.npmjs.org/webpack-sources set size:184158 disposed:false
387 silly fetch manifest source-map@^0.7.3
388 silly packumentCache full:https://registry.npmjs.org/source-map cache-miss
389 http fetch GET 200 https://registry.npmjs.org/@webassemblyjs%2fwasm-parser 103ms (cache miss)
390 silly packumentCache full:https://registry.npmjs.org/@webassemblyjs%2fwasm-parser set size:undefined disposed:false
391 silly fetch manifest typescript@*
392 silly packumentCache full:https://registry.npmjs.org/typescript cache-miss
393 http fetch GET 200 https://registry.npmjs.org/@webassemblyjs%2fwasm-edit 123ms (cache miss)
394 silly packumentCache full:https://registry.npmjs.org/@webassemblyjs%2fwasm-edit set size:undefined disposed:false
395 silly fetch manifest import-fresh@^3.2.1
396 silly packumentCache full:https://registry.npmjs.org/import-fresh cache-miss
397 http cache https://registry.npmjs.org/webpack-sources 35ms (cache hit)
398 silly packumentCache full:https://registry.npmjs.org/webpack-sources set size:184158 disposed:false
399 silly packumentCache full:https://registry.npmjs.org/webpack-sources dispose
400 silly fetch manifest svelte-preprocess@^4.0.0
401 silly packumentCache full:https://registry.npmjs.org/svelte-preprocess cache-miss
402 http fetch GET 200 https://registry.npmjs.org/path-is-absolute 70ms (cache miss)
403 silly packumentCache full:https://registry.npmjs.org/path-is-absolute set size:undefined disposed:false
404 silly fetch manifest loader-utils@^2.0.4
405 silly packumentCache full:https://registry.npmjs.org/loader-utils cache-miss
406 http cache https://registry.npmjs.org/typescript 46ms (cache hit)
407 silly packumentCache full:https://registry.npmjs.org/typescript set size:15572560 disposed:false
408 silly fetch manifest svelte-dev-helper@^1.1.9
409 silly packumentCache full:https://registry.npmjs.org/svelte-dev-helper cache-miss
410 http cache https://registry.npmjs.org/svelte-preprocess 108ms (cache hit)
411 silly packumentCache full:https://registry.npmjs.org/svelte-preprocess set size:792383 disposed:false
412 silly fetch manifest svelte-hmr@^0.14.2
413 silly packumentCache full:https://registry.npmjs.org/svelte-hmr cache-miss
414 http fetch GET 200 https://registry.npmjs.org/purgecss 165ms (cache miss)
415 silly packumentCache full:https://registry.npmjs.org/purgecss set size:undefined disposed:false
416 silly fetch manifest sorcery@^0.10.0
417 silly packumentCache full:https://registry.npmjs.org/sorcery cache-miss
418 http fetch GET 200 https://registry.npmjs.org/minimatch 219ms (cache miss)
419 silly packumentCache full:https://registry.npmjs.org/minimatch set size:undefined disposed:false
420 silly fetch manifest @types/pug@^2.0.4
421 silly packumentCache full:https://registry.npmjs.org/@types%2fpug cache-miss
422 http fetch GET 200 https://registry.npmjs.org/sade 171ms (cache miss)
423 silly packumentCache full:https://registry.npmjs.org/sade set size:undefined disposed:false
424 silly fetch manifest @types/sass@^1.16.0
425 silly packumentCache full:https://registry.npmjs.org/@types%2fsass cache-miss
426 http cache https://registry.npmjs.org/loader-utils 131ms (cache hit)
427 silly packumentCache full:https://registry.npmjs.org/loader-utils set size:168663 disposed:false
428 silly fetch manifest magic-string@^0.25.7
429 silly packumentCache full:https://registry.npmjs.org/magic-string cache-miss
430 http fetch GET 200 https://registry.npmjs.org/import-fresh 155ms (cache miss)
431 silly packumentCache full:https://registry.npmjs.org/import-fresh set size:undefined disposed:false
432 silly fetch manifest strip-indent@^3.0.0
433 silly packumentCache full:https://registry.npmjs.org/strip-indent cache-miss
434 http fetch GET 200 https://registry.npmjs.org/minimist 177ms (cache miss)
435 silly packumentCache full:https://registry.npmjs.org/minimist set size:undefined disposed:false
436 silly fetch manifest detect-indent@^6.0.0
437 silly packumentCache full:https://registry.npmjs.org/detect-indent cache-miss
438 http fetch GET 200 https://registry.npmjs.org/chalk 187ms (cache miss)
439 silly packumentCache full:https://registry.npmjs.org/chalk set size:undefined disposed:false
440 silly fetch manifest chalk@^4.1.0
441 silly packumentCache full:https://registry.npmjs.org/chalk cache-miss
442 http fetch GET 200 https://registry.npmjs.org/chokidar 187ms (cache miss)
443 silly packumentCache full:https://registry.npmjs.org/chokidar set size:undefined disposed:false
444 silly fetch manifest semver@^7.3.4
445 silly packumentCache full:https://registry.npmjs.org/semver cache-miss
446 http fetch GET 200 https://registry.npmjs.org/source-map 179ms (cache miss)
447 silly packumentCache full:https://registry.npmjs.org/source-map set size:undefined disposed:false
448 silly fetch manifest micromatch@^4.0.0
449 silly packumentCache full:https://registry.npmjs.org/micromatch cache-miss
450 http fetch GET 200 https://registry.npmjs.org/svelte-dev-helper 70ms (cache miss)
451 silly packumentCache full:https://registry.npmjs.org/svelte-dev-helper set size:undefined disposed:false
452 silly fetch manifest enhanced-resolve@^4.0.0
453 silly packumentCache full:https://registry.npmjs.org/enhanced-resolve cache-miss
454 http cache https://registry.npmjs.org/chalk 18ms (cache hit)
455 silly packumentCache full:https://registry.npmjs.org/chalk set size:134775 disposed:false
456 silly fetch manifest ws@^7.3.1
457 silly packumentCache full:https://registry.npmjs.org/ws cache-miss
458 http cache https://registry.npmjs.org/semver 18ms (cache hit)
459 silly packumentCache full:https://registry.npmjs.org/semver set size:246069 disposed:false
460 silly fetch manifest sirv@^2.0.3
461 silly packumentCache full:https://registry.npmjs.org/sirv cache-miss
462 http cache https://registry.npmjs.org/enhanced-resolve 20ms (cache hit)
463 silly packumentCache full:https://registry.npmjs.org/enhanced-resolve set size:482889 disposed:false
464 silly fetch manifest acorn@^8.0.4
465 silly packumentCache full:https://registry.npmjs.org/acorn cache-miss
466 http fetch GET 200 https://registry.npmjs.org/@types%2fpug 67ms (cache miss)
467 silly packumentCache full:https://registry.npmjs.org/@types%2fpug set size:undefined disposed:false
468 silly fetch manifest opener@^1.5.2
469 silly packumentCache full:https://registry.npmjs.org/opener cache-miss
470 http fetch GET 200 https://registry.npmjs.org/strip-indent 52ms (cache miss)
471 silly packumentCache full:https://registry.npmjs.org/strip-indent set size:undefined disposed:false
472 silly fetch manifest debounce@^1.2.1
473 silly packumentCache full:https://registry.npmjs.org/debounce cache-miss
474 http fetch GET 200 https://registry.npmjs.org/detect-indent 55ms (cache miss)
475 silly packumentCache full:https://registry.npmjs.org/detect-indent set size:undefined disposed:false
476 silly fetch manifest commander@^7.2.0
477 silly packumentCache full:https://registry.npmjs.org/commander cache-miss
478 http fetch GET 200 https://registry.npmjs.org/@types%2fsass 70ms (cache miss)
479 silly packumentCache full:https://registry.npmjs.org/@types%2fsass set size:undefined disposed:false
480 silly fetch manifest gzip-size@^6.0.0
481 silly packumentCache full:https://registry.npmjs.org/gzip-size cache-miss
482 http cache https://registry.npmjs.org/acorn 17ms (cache hit)
483 silly packumentCache full:https://registry.npmjs.org/acorn set size:383439 disposed:false
484 silly fetch manifest acorn-walk@^8.0.0
485 silly packumentCache full:https://registry.npmjs.org/acorn-walk cache-miss
486 http fetch GET 200 https://registry.npmjs.org/magic-string 75ms (cache miss)
487 silly packumentCache full:https://registry.npmjs.org/magic-string set size:undefined disposed:false
488 silly fetch manifest picocolors@^1.0.0
489 silly packumentCache full:https://registry.npmjs.org/picocolors cache-miss
490 http fetch GET 200 https://registry.npmjs.org/micromatch 61ms (cache miss)
491 silly packumentCache full:https://registry.npmjs.org/micromatch set size:undefined disposed:false
492 silly fetch manifest html-escaper@^2.0.2
493 silly packumentCache full:https://registry.npmjs.org/html-escaper cache-miss
494 http fetch GET 200 https://registry.npmjs.org/opener 57ms (cache miss)
495 silly packumentCache full:https://registry.npmjs.org/opener set size:undefined disposed:false
496 silly fetch manifest escape-string-regexp@^4.0.0
497 silly packumentCache full:https://registry.npmjs.org/escape-string-regexp cache-miss
498 http fetch GET 200 https://registry.npmjs.org/gzip-size 49ms (cache miss)
499 silly packumentCache full:https://registry.npmjs.org/gzip-size set size:undefined disposed:false
500 silly fetch manifest @discoveryjs/json-ext@0.5.7
501 silly packumentCache full:https://registry.npmjs.org/@discoveryjs%2fjson-ext cache-miss
502 http fetch GET 200 https://registry.npmjs.org/debounce 59ms (cache miss)
503 silly packumentCache full:https://registry.npmjs.org/debounce set size:undefined disposed:false
504 silly fetch manifest rechoir@^0.7.0
505 silly packumentCache full:https://registry.npmjs.org/rechoir cache-miss
506 http fetch GET 200 https://registry.npmjs.org/acorn-walk 49ms (cache miss)
507 silly packumentCache full:https://registry.npmjs.org/acorn-walk set size:undefined disposed:false
508 silly fetch manifest colorette@^2.0.14
509 silly packumentCache full:https://registry.npmjs.org/colorette cache-miss
510 http fetch GET 200 https://registry.npmjs.org/commander 66ms (cache miss)
511 silly packumentCache full:https://registry.npmjs.org/commander set size:undefined disposed:false
512 silly fetch manifest commander@^7.0.0
513 silly packumentCache full:https://registry.npmjs.org/commander cache-miss
514 http fetch GET 200 https://registry.npmjs.org/picocolors 56ms (cache miss)
515 silly packumentCache full:https://registry.npmjs.org/picocolors set size:undefined disposed:false
516 silly fetch manifest interpret@^2.2.0
517 silly packumentCache full:https://registry.npmjs.org/interpret cache-miss
518 http fetch GET 200 https://registry.npmjs.org/html-escaper 53ms (cache miss)
519 silly packumentCache full:https://registry.npmjs.org/html-escaper set size:undefined disposed:false
520 silly fetch manifest cross-spawn@^7.0.3
521 silly packumentCache full:https://registry.npmjs.org/cross-spawn cache-miss
522 http fetch GET 200 https://registry.npmjs.org/ws 108ms (cache miss)
523 silly packumentCache full:https://registry.npmjs.org/ws set size:undefined disposed:false
524 silly fetch manifest import-local@^3.0.2
525 silly packumentCache full:https://registry.npmjs.org/import-local cache-miss
526 http cache https://registry.npmjs.org/commander 16ms (cache hit)
527 silly packumentCache full:https://registry.npmjs.org/commander set size:353115 disposed:false
528 silly fetch manifest webpack-merge@^5.7.3
529 silly packumentCache full:https://registry.npmjs.org/webpack-merge cache-miss
530 http fetch GET 200 https://registry.npmjs.org/escape-string-regexp 48ms (cache miss)
531 silly packumentCache full:https://registry.npmjs.org/escape-string-regexp set size:undefined disposed:false
532 silly fetch manifest @webpack-cli/info@^1.5.0
533 silly packumentCache full:https://registry.npmjs.org/@webpack-cli%2finfo cache-miss
534 http cache https://registry.npmjs.org/cross-spawn 23ms (cache hit)
535 silly packumentCache full:https://registry.npmjs.org/cross-spawn set size:109066 disposed:false
536 silly fetch manifest @webpack-cli/serve@^1.7.0
537 silly packumentCache full:https://registry.npmjs.org/@webpack-cli%2fserve cache-miss
538 http fetch GET 200 https://registry.npmjs.org/sorcery 194ms (cache miss)
539 silly packumentCache full:https://registry.npmjs.org/sorcery set size:undefined disposed:false
540 silly fetch manifest fastest-levenshtein@^1.0.12
541 silly packumentCache full:https://registry.npmjs.org/fastest-levenshtein cache-miss
542 http fetch GET 200 https://registry.npmjs.org/rechoir 59ms (cache miss)
543 silly packumentCache full:https://registry.npmjs.org/rechoir set size:undefined disposed:false
544 silly fetch manifest @discoveryjs/json-ext@^0.5.0
545 silly packumentCache full:https://registry.npmjs.org/@discoveryjs%2fjson-ext cache-miss
546 http fetch GET 200 https://registry.npmjs.org/@discoveryjs%2fjson-ext 68ms (cache miss)
547 silly packumentCache full:https://registry.npmjs.org/@discoveryjs%2fjson-ext set size:undefined disposed:false
548 silly fetch manifest @webpack-cli/configtest@^1.2.0
549 silly packumentCache full:https://registry.npmjs.org/@webpack-cli%2fconfigtest cache-miss
550 http fetch GET 200 https://registry.npmjs.org/interpret 52ms (cache miss)
551 silly packumentCache full:https://registry.npmjs.org/interpret set size:undefined disposed:false
552 silly fetch manifest ws@^8.13.0
553 silly packumentCache full:https://registry.npmjs.org/ws cache-miss
554 http fetch GET 200 https://registry.npmjs.org/sirv 154ms (cache miss)
555 silly packumentCache full:https://registry.npmjs.org/sirv set size:undefined disposed:false
556 silly fetch manifest open@^8.0.9
557 silly packumentCache full:https://registry.npmjs.org/open cache-miss
558 http fetch GET 200 https://registry.npmjs.org/colorette 76ms (cache miss)
559 silly packumentCache full:https://registry.npmjs.org/colorette set size:undefined disposed:false
560 silly fetch manifest spdy@^4.0.2
561 silly packumentCache full:https://registry.npmjs.org/spdy cache-miss
562 http fetch GET 200 https://registry.npmjs.org/import-local 53ms (cache miss)
563 silly packumentCache full:https://registry.npmjs.org/import-local set size:undefined disposed:false
564 silly fetch manifest rimraf@^3.0.2
565 silly packumentCache full:https://registry.npmjs.org/rimraf cache-miss
566 http cache https://registry.npmjs.org/ws 14ms (cache hit)
567 silly packumentCache full:https://registry.npmjs.org/ws set size:447661 disposed:false
568 silly fetch manifest sockjs@^0.3.24
569 silly packumentCache full:https://registry.npmjs.org/sockjs cache-miss
570 http fetch GET 200 https://registry.npmjs.org/webpack-merge 58ms (cache miss)
571 silly packumentCache full:https://registry.npmjs.org/webpack-merge set size:undefined disposed:false
572 silly fetch manifest express@^4.17.3
573 silly packumentCache full:https://registry.npmjs.org/express cache-miss
574 http fetch GET 200 https://registry.npmjs.org/fastest-levenshtein 45ms (cache miss)
575 silly packumentCache full:https://registry.npmjs.org/fastest-levenshtein set size:undefined disposed:false
576 silly fetch manifest p-retry@^4.5.0
577 silly packumentCache full:https://registry.npmjs.org/p-retry cache-miss
578 http fetch GET 200 https://registry.npmjs.org/@webpack-cli%2fserve 57ms (cache miss)
579 silly packumentCache full:https://registry.npmjs.org/@webpack-cli%2fserve set size:undefined disposed:false
580 silly fetch manifest chokidar@^3.5.3
581 silly packumentCache full:https://registry.npmjs.org/chokidar cache-miss
582 http cache https://registry.npmjs.org/chokidar 5ms (cache hit)
583 silly packumentCache full:https://registry.npmjs.org/chokidar set size:255902 disposed:false
584 silly fetch manifest @types/ws@^8.5.5
585 silly packumentCache full:https://registry.npmjs.org/@types%2fws cache-miss
586 http fetch GET 200 https://registry.npmjs.org/@discoveryjs%2fjson-ext 61ms (cache miss)
587 silly packumentCache full:https://registry.npmjs.org/@discoveryjs%2fjson-ext set size:undefined disposed:false
588 silly fetch manifest colorette@^2.0.10
589 silly packumentCache full:https://registry.npmjs.org/colorette cache-miss
590 http cache https://registry.npmjs.org/colorette 5ms (cache hit)
591 silly packumentCache full:https://registry.npmjs.org/colorette set size:92733 disposed:false
592 silly fetch manifest ipaddr.js@^2.0.1
593 silly packumentCache full:https://registry.npmjs.org/ipaddr.js cache-miss
594 http fetch GET 200 https://registry.npmjs.org/@webpack-cli%2fconfigtest 73ms (cache miss)
595 silly packumentCache full:https://registry.npmjs.org/@webpack-cli%2fconfigtest set size:undefined disposed:false
596 silly fetch manifest selfsigned@^2.1.1
597 silly packumentCache full:https://registry.npmjs.org/selfsigned cache-miss
598 http fetch GET 200 https://registry.npmjs.org/open 67ms (cache miss)
599 silly packumentCache full:https://registry.npmjs.org/open set size:undefined disposed:false
600 silly fetch manifest compression@^1.7.4
601 silly packumentCache full:https://registry.npmjs.org/compression cache-miss
602 http fetch GET 200 https://registry.npmjs.org/@webpack-cli%2finfo 101ms (cache miss)
603 silly packumentCache full:https://registry.npmjs.org/@webpack-cli%2finfo set size:undefined disposed:false
604 silly fetch manifest graceful-fs@^4.2.6
605 silly packumentCache full:https://registry.npmjs.org/graceful-fs cache-miss
606 http fetch GET 200 https://registry.npmjs.org/sockjs 59ms (cache miss)
607 silly packumentCache full:https://registry.npmjs.org/sockjs set size:undefined disposed:false
608 silly fetch manifest serve-index@^1.9.1
609 silly packumentCache full:https://registry.npmjs.org/serve-index cache-miss
610 http fetch GET 200 https://registry.npmjs.org/p-retry 52ms (cache miss)
611 silly packumentCache full:https://registry.npmjs.org/p-retry set size:undefined disposed:false
612 silly fetch manifest schema-utils@^4.0.0
613 silly packumentCache full:https://registry.npmjs.org/schema-utils cache-hit
614 silly fetch manifest @types/sockjs@^0.3.33
615 silly packumentCache full:https://registry.npmjs.org/@types%2fsockjs cache-miss
616 http cache https://registry.npmjs.org/graceful-fs 13ms (cache hit)
617 silly packumentCache full:https://registry.npmjs.org/graceful-fs set size:124285 disposed:false
618 silly fetch manifest html-entities@^2.3.2
619 silly packumentCache full:https://registry.npmjs.org/html-entities cache-miss
620 http fetch GET 200 https://registry.npmjs.org/spdy 86ms (cache miss)
621 silly packumentCache full:https://registry.npmjs.org/spdy set size:undefined disposed:false
622 silly fetch manifest launch-editor@^2.6.0
623 silly packumentCache full:https://registry.npmjs.org/launch-editor cache-miss
624 http fetch GET 200 https://registry.npmjs.org/ipaddr.js 54ms (cache miss)
625 silly packumentCache full:https://registry.npmjs.org/ipaddr.js set size:undefined disposed:false
626 silly fetch manifest @types/bonjour@^3.5.9
627 silly packumentCache full:https://registry.npmjs.org/@types%2fbonjour cache-miss
628 http fetch GET 200 https://registry.npmjs.org/@types%2fws 74ms (cache miss)
629 silly packumentCache full:https://registry.npmjs.org/@types%2fws set size:undefined disposed:false
630 silly fetch manifest @types/express@^4.17.13
631 silly packumentCache full:https://registry.npmjs.org/@types%2fexpress cache-miss
632 http fetch GET 200 https://registry.npmjs.org/svelte-hmr 340ms (cache miss)
633 silly packumentCache full:https://registry.npmjs.org/svelte-hmr set size:undefined disposed:false
634 silly fetch manifest bonjour-service@^1.0.11
635 silly packumentCache full:https://registry.npmjs.org/bonjour-service cache-miss
636 http fetch GET 200 https://registry.npmjs.org/selfsigned 57ms (cache miss)
637 silly packumentCache full:https://registry.npmjs.org/selfsigned set size:undefined disposed:false
638 silly fetch manifest default-gateway@^6.0.3
639 silly packumentCache full:https://registry.npmjs.org/default-gateway cache-miss
640 http fetch GET 200 https://registry.npmjs.org/serve-index 60ms (cache miss)
641 silly packumentCache full:https://registry.npmjs.org/serve-index set size:undefined disposed:false
642 silly fetch manifest @types/serve-index@^1.9.1
643 silly packumentCache full:https://registry.npmjs.org/@types%2fserve-index cache-miss
644 http fetch GET 200 https://registry.npmjs.org/rimraf 133ms (cache miss)
645 silly packumentCache full:https://registry.npmjs.org/rimraf set size:undefined disposed:false
646 silly fetch manifest @types/serve-static@^1.13.10
647 silly packumentCache full:https://registry.npmjs.org/@types%2fserve-static cache-miss
648 http fetch GET 200 https://registry.npmjs.org/compression 75ms (cache miss)
649 silly packumentCache full:https://registry.npmjs.org/compression set size:undefined disposed:false
650 silly fetch manifest ansi-html-community@^0.0.8
651 silly packumentCache full:https://registry.npmjs.org/ansi-html-community cache-miss
652 http fetch GET 200 https://registry.npmjs.org/@types%2fsockjs 67ms (cache miss)
653 silly packumentCache full:https://registry.npmjs.org/@types%2fsockjs set size:undefined disposed:false
654 silly fetch manifest http-proxy-middleware@^2.0.3
655 silly packumentCache full:https://registry.npmjs.org/http-proxy-middleware cache-miss
656 http fetch GET 200 https://registry.npmjs.org/express 132ms (cache miss)
657 silly packumentCache full:https://registry.npmjs.org/express set size:undefined disposed:false
658 silly fetch manifest webpack-dev-middleware@^5.3.4
659 silly packumentCache full:https://registry.npmjs.org/webpack-dev-middleware cache-miss
660 http fetch GET 200 https://registry.npmjs.org/launch-editor 68ms (cache miss)
661 silly packumentCache full:https://registry.npmjs.org/launch-editor set size:undefined disposed:false
662 silly fetch manifest connect-history-api-fallback@^2.0.0
663 silly packumentCache full:https://registry.npmjs.org/connect-history-api-fallback cache-miss
664 http fetch GET 200 https://registry.npmjs.org/html-entities 80ms (cache miss)
665 silly packumentCache full:https://registry.npmjs.org/html-entities set size:undefined disposed:false
666 silly fetch manifest @types/connect-history-api-fallback@^1.3.5
667 silly packumentCache full:https://registry.npmjs.org/@types%2fconnect-history-api-fallback cache-miss
668 http fetch GET 200 https://registry.npmjs.org/@types%2fbonjour 63ms (cache miss)
669 silly packumentCache full:https://registry.npmjs.org/@types%2fbonjour set size:undefined disposed:false
670 http fetch GET 200 https://registry.npmjs.org/default-gateway 49ms (cache miss)
671 silly packumentCache full:https://registry.npmjs.org/default-gateway set size:undefined disposed:false
672 http fetch GET 200 https://registry.npmjs.org/bonjour-service 55ms (cache miss)
673 silly packumentCache full:https://registry.npmjs.org/bonjour-service set size:undefined disposed:false
674 http fetch GET 200 https://registry.npmjs.org/@types%2fexpress 62ms (cache miss)
675 silly packumentCache full:https://registry.npmjs.org/@types%2fexpress set size:undefined disposed:false
676 http fetch GET 200 https://registry.npmjs.org/@types%2fserve-index 48ms (cache miss)
677 silly packumentCache full:https://registry.npmjs.org/@types%2fserve-index set size:undefined disposed:false
678 http fetch GET 200 https://registry.npmjs.org/@types%2fserve-static 46ms (cache miss)
679 silly packumentCache full:https://registry.npmjs.org/@types%2fserve-static set size:undefined disposed:false
680 http fetch GET 200 https://registry.npmjs.org/@types%2fconnect-history-api-fallback 52ms (cache miss)
681 silly packumentCache full:https://registry.npmjs.org/@types%2fconnect-history-api-fallback set size:undefined disposed:false
682 http fetch GET 200 https://registry.npmjs.org/connect-history-api-fallback 60ms (cache miss)
683 silly packumentCache full:https://registry.npmjs.org/connect-history-api-fallback set size:undefined disposed:false
684 http fetch GET 200 https://registry.npmjs.org/ansi-html-community 76ms (cache miss)
685 silly packumentCache full:https://registry.npmjs.org/ansi-html-community set size:undefined disposed:false
686 http fetch GET 200 https://registry.npmjs.org/webpack-dev-middleware 62ms (cache miss)
687 silly packumentCache full:https://registry.npmjs.org/webpack-dev-middleware set size:undefined disposed:false
688 http fetch GET 200 https://registry.npmjs.org/http-proxy-middleware 77ms (cache miss)
689 silly packumentCache full:https://registry.npmjs.org/http-proxy-middleware set size:undefined disposed:false
690 silly placeDep ROOT moment@2.30.1 OK for: @types/chart.js@2.9.41 want: ^2.10.2
691 silly placeDep ROOT follow-redirects@1.16.0 OK for: axios@0.21.4 want: ^1.14.0
692 silly placeDep ROOT chartjs-color@2.4.1 OK for: chart.js@2.9.4 want: ^2.1.0
693 silly fetch manifest color-convert@^1.9.3
694 silly packumentCache full:https://registry.npmjs.org/color-convert cache-miss
695 silly fetch manifest chartjs-color-string@^0.6.0
696 silly packumentCache full:https://registry.npmjs.org/chartjs-color-string cache-miss
697 http fetch GET 200 https://registry.npmjs.org/chartjs-color-string 36ms (cache miss)
698 silly packumentCache full:https://registry.npmjs.org/chartjs-color-string set size:undefined disposed:false
699 http fetch GET 200 https://registry.npmjs.org/color-convert 42ms (cache miss)
700 silly packumentCache full:https://registry.npmjs.org/color-convert set size:undefined disposed:false
701 silly placeDep ROOT chartjs-color-string@0.6.0 OK for: chartjs-color@2.4.1 want: ^0.6.0
702 silly placeDep ROOT color-convert@1.9.3 OK for: chartjs-color@2.4.1 want: ^1.9.3
703 silly fetch manifest color-name@^1.0.0
704 silly packumentCache full:https://registry.npmjs.org/color-name cache-miss
705 silly fetch manifest color-name@1.1.3
706 silly packumentCache full:https://registry.npmjs.org/color-name cache-miss
707 http fetch GET 200 https://registry.npmjs.org/color-name 36ms (cache miss)
708 silly packumentCache full:https://registry.npmjs.org/color-name set size:undefined disposed:false
709 http fetch GET 200 https://registry.npmjs.org/color-name 35ms (cache miss)
710 silly packumentCache full:https://registry.npmjs.org/color-name set size:undefined disposed:false
711 silly placeDep ROOT color-name@1.1.4 OK for: chartjs-color-string@0.6.0 want: ^1.0.0
712 silly placeDep node_modules/color-convert color-name@1.1.3 OK for: color-convert@1.9.3 want: 1.1.3
713 silly placeDep ROOT cross-spawn@7.0.6 OK for: cross-env@7.0.3 want: ^7.0.1
714 silly fetch manifest which@^2.0.1
715 silly packumentCache full:https://registry.npmjs.org/which cache-miss
716 silly fetch manifest path-key@^3.1.0
717 silly packumentCache full:https://registry.npmjs.org/path-key cache-miss
718 silly fetch manifest shebang-command@^2.0.0
719 silly packumentCache full:https://registry.npmjs.org/shebang-command cache-miss
720 http fetch GET 200 https://registry.npmjs.org/which 45ms (cache miss)
721 silly packumentCache full:https://registry.npmjs.org/which set size:undefined disposed:false
722 http fetch GET 200 https://registry.npmjs.org/shebang-command 46ms (cache miss)
723 silly packumentCache full:https://registry.npmjs.org/shebang-command set size:undefined disposed:false
724 http fetch GET 200 https://registry.npmjs.org/path-key 66ms (cache miss)
725 silly packumentCache full:https://registry.npmjs.org/path-key set size:undefined disposed:false
726 silly placeDep ROOT path-key@3.1.1 OK for: cross-spawn@7.0.6 want: ^3.1.0
727 silly placeDep ROOT shebang-command@2.0.0 OK for: cross-spawn@7.0.6 want: ^2.0.0
728 silly placeDep ROOT which@2.0.2 OK for: cross-spawn@7.0.6 want: ^2.0.1
729 silly fetch manifest shebang-regex@^3.0.0
730 silly packumentCache full:https://registry.npmjs.org/shebang-regex cache-miss
731 silly fetch manifest isexe@^2.0.0
732 silly packumentCache full:https://registry.npmjs.org/isexe cache-miss
733 http fetch GET 200 https://registry.npmjs.org/shebang-regex 34ms (cache miss)
734 silly packumentCache full:https://registry.npmjs.org/shebang-regex set size:undefined disposed:false
735 http fetch GET 200 https://registry.npmjs.org/isexe 51ms (cache miss)
736 silly packumentCache full:https://registry.npmjs.org/isexe set size:undefined disposed:false
737 silly placeDep ROOT icss-utils@5.1.0 OK for: css-loader@5.2.7 want: ^5.1.0
738 silly placeDep ROOT postcss@8.5.26 OK for: icss-utils@5.1.0 want: ^8.1.0
739 silly placeDep ROOT loader-utils@2.0.4 OK for: css-loader@5.2.7 want: ^2.0.0
740 silly placeDep ROOT postcss-modules-extract-imports@3.1.0 OK for: css-loader@5.2.7 want: ^3.0.0
741 silly placeDep ROOT postcss-modules-local-by-default@4.2.0 OK for: css-loader@5.2.7 want: ^4.0.0
742 silly placeDep ROOT postcss-modules-scope@3.2.1 OK for: css-loader@5.2.7 want: ^3.0.0
743 silly placeDep ROOT postcss-modules-values@4.0.0 OK for: css-loader@5.2.7 want: ^4.0.0
744 silly placeDep ROOT postcss-value-parser@4.2.0 OK for: css-loader@5.2.7 want: ^4.1.0
745 silly placeDep ROOT schema-utils@3.3.0 OK for: css-loader@5.2.7 want: ^3.0.0
746 silly placeDep ROOT semver@7.8.5 OK for: css-loader@5.2.7 want: ^7.3.5
747 silly fetch manifest nanoid@^3.3.17
748 silly packumentCache full:https://registry.npmjs.org/nanoid cache-miss
749 silly fetch manifest picocolors@^1.1.1
750 silly packumentCache full:https://registry.npmjs.org/picocolors cache-miss
751 silly fetch manifest source-map-js@^1.2.1
752 silly packumentCache full:https://registry.npmjs.org/source-map-js cache-miss
753 silly fetch manifest json5@^2.1.2
754 silly packumentCache full:https://registry.npmjs.org/json5 cache-miss
755 silly fetch manifest big.js@^5.2.2
756 silly packumentCache full:https://registry.npmjs.org/big.js cache-miss
757 silly fetch manifest emojis-list@^3.0.0
758 silly packumentCache full:https://registry.npmjs.org/emojis-list cache-miss
759 silly fetch manifest postcss-selector-parser@^7.0.0
760 silly packumentCache full:https://registry.npmjs.org/postcss-selector-parser cache-miss
761 silly fetch manifest postcss-selector-parser@^7.0.0
762 silly packumentCache full:https://registry.npmjs.org/postcss-selector-parser cache-miss
763 silly fetch manifest ajv@^6.12.5
764 silly packumentCache full:https://registry.npmjs.org/ajv cache-miss
765 silly fetch manifest ajv-keywords@^3.5.2
766 silly packumentCache full:https://registry.npmjs.org/ajv-keywords cache-miss
767 silly fetch manifest @types/json-schema@^7.0.8
768 silly packumentCache full:https://registry.npmjs.org/@types%2fjson-schema cache-miss
769 http cache https://registry.npmjs.org/picocolors 13ms (cache hit)
770 silly packumentCache full:https://registry.npmjs.org/picocolors set size:16648 disposed:false
771 http cache https://registry.npmjs.org/@types%2fjson-schema 10ms (cache hit)
772 silly packumentCache full:https://registry.npmjs.org/@types%2fjson-schema set size:44704 disposed:false
773 http fetch GET 200 https://registry.npmjs.org/emojis-list 38ms (cache miss)
774 silly packumentCache full:https://registry.npmjs.org/emojis-list set size:undefined disposed:false
775 http fetch GET 200 https://registry.npmjs.org/json5 42ms (cache miss)
776 silly packumentCache full:https://registry.npmjs.org/json5 set size:undefined disposed:false
777 http fetch GET 200 https://registry.npmjs.org/postcss-selector-parser 65ms (cache miss)
778 silly packumentCache full:https://registry.npmjs.org/postcss-selector-parser set size:undefined disposed:false
779 http fetch GET 200 https://registry.npmjs.org/postcss-selector-parser 78ms (cache miss)
780 silly packumentCache full:https://registry.npmjs.org/postcss-selector-parser set size:undefined disposed:false
781 http fetch GET 200 https://registry.npmjs.org/source-map-js 86ms (cache miss)
782 silly packumentCache full:https://registry.npmjs.org/source-map-js set size:undefined disposed:false
783 http fetch GET 200 https://registry.npmjs.org/big.js 87ms (cache miss)
784 silly packumentCache full:https://registry.npmjs.org/big.js set size:undefined disposed:false
785 http fetch GET 200 https://registry.npmjs.org/ajv-keywords 88ms (cache miss)
786 silly packumentCache full:https://registry.npmjs.org/ajv-keywords set size:undefined disposed:false
787 http fetch GET 200 https://registry.npmjs.org/ajv 100ms (cache miss)
788 silly packumentCache full:https://registry.npmjs.org/ajv set size:undefined disposed:false
789 http fetch GET 200 https://registry.npmjs.org/nanoid 166ms (cache miss)
790 silly packumentCache full:https://registry.npmjs.org/nanoid set size:undefined disposed:false
791 silly placeDep ROOT fs.realpath@1.0.0 OK for: glob@7.2.3 want: ^1.0.0
792 silly placeDep ROOT inflight@1.0.6 OK for: glob@7.2.3 want: ^1.0.4
793 silly placeDep ROOT inherits@2.0.4 OK for: glob@7.2.3 want: 2
794 silly placeDep ROOT minimatch@3.1.5 OK for: glob@7.2.3 want: ^3.1.1
795 silly placeDep ROOT once@1.4.0 OK for: glob@7.2.3 want: ^1.3.0
796 silly placeDep ROOT path-is-absolute@1.0.1 OK for: glob@7.2.3 want: ^1.0.0
797 silly fetch manifest wrappy@1
798 silly packumentCache full:https://registry.npmjs.org/wrappy cache-miss
799 silly fetch manifest brace-expansion@^1.1.7
800 silly packumentCache full:https://registry.npmjs.org/brace-expansion cache-miss
801 silly fetch manifest wrappy@1
802 silly packumentCache full:https://registry.npmjs.org/wrappy cache-miss
803 http fetch GET 200 https://registry.npmjs.org/wrappy 34ms (cache miss)
804 silly packumentCache full:https://registry.npmjs.org/wrappy set size:undefined disposed:false
805 http fetch GET 200 https://registry.npmjs.org/brace-expansion 40ms (cache miss)
806 silly packumentCache full:https://registry.npmjs.org/brace-expansion set size:undefined disposed:false
807 http fetch GET 200 https://registry.npmjs.org/wrappy 49ms (cache miss)
808 silly packumentCache full:https://registry.npmjs.org/wrappy set size:undefined disposed:false
809 silly placeDep ROOT wrappy@1.0.2 OK for: inflight@1.0.6 want: 1
810 silly placeDep ROOT big.js@5.2.2 OK for: loader-utils@2.0.4 want: ^5.2.2
811 silly placeDep ROOT emojis-list@3.0.0 OK for: loader-utils@2.0.4 want: ^3.0.0
812 silly placeDep ROOT json5@2.2.3 OK for: loader-utils@2.0.4 want: ^2.1.2
813 silly placeDep ROOT webpack-sources@1.4.3 OK for: mini-css-extract-plugin@1.6.2 want: ^1.1.0
814 silly fetch manifest source-map@~0.6.1
815 silly packumentCache full:https://registry.npmjs.org/source-map cache-miss
816 silly fetch manifest source-list-map@^2.0.0
817 silly packumentCache full:https://registry.npmjs.org/source-list-map cache-miss
818 http cache https://registry.npmjs.org/source-map 6ms (cache hit)
819 silly packumentCache full:https://registry.npmjs.org/source-map set size:231637 disposed:false
820 http fetch GET 200 https://registry.npmjs.org/source-list-map 33ms (cache miss)
821 silly packumentCache full:https://registry.npmjs.org/source-list-map set size:undefined disposed:false
822 silly placeDep ROOT brace-expansion@1.1.18 OK for: minimatch@3.1.5 want: ^1.1.7
823 silly fetch manifest concat-map@0.0.1
824 silly packumentCache full:https://registry.npmjs.org/concat-map cache-miss
825 silly fetch manifest balanced-match@^1.0.0
826 silly packumentCache full:https://registry.npmjs.org/balanced-match cache-miss
827 http fetch GET 200 https://registry.npmjs.org/concat-map 37ms (cache miss)
828 silly packumentCache full:https://registry.npmjs.org/concat-map set size:undefined disposed:false
829 http fetch GET 200 https://registry.npmjs.org/balanced-match 38ms (cache miss)
830 silly packumentCache full:https://registry.npmjs.org/balanced-match set size:undefined disposed:false
831 silly placeDep ROOT balanced-match@1.0.2 OK for: brace-expansion@1.1.18 want: ^1.0.0
832 silly placeDep ROOT concat-map@0.0.1 OK for: brace-expansion@1.1.18 want: 0.0.1
833 silly placeDep ROOT nanoid@3.3.18 OK for: postcss@8.5.26 want: ^3.3.17
834 silly placeDep ROOT picocolors@1.1.1 OK for: postcss@8.5.26 want: ^1.1.1
835 silly placeDep ROOT source-map-js@1.2.1 OK for: postcss@8.5.26 want: ^1.2.1
836 silly placeDep ROOT postcss-selector-parser@7.1.5 OK for: postcss-modules-local-by-default@4.2.0 want: ^7.0.0
837 silly fetch manifest cssesc@^3.0.0
838 silly packumentCache full:https://registry.npmjs.org/cssesc cache-miss
839 silly fetch manifest util-deprecate@^1.0.2
840 silly packumentCache full:https://registry.npmjs.org/util-deprecate cache-miss
841 http fetch GET 200 https://registry.npmjs.org/cssesc 35ms (cache miss)
842 silly packumentCache full:https://registry.npmjs.org/cssesc set size:undefined disposed:false
843 http fetch GET 200 https://registry.npmjs.org/util-deprecate 43ms (cache miss)
844 silly packumentCache full:https://registry.npmjs.org/util-deprecate set size:undefined disposed:false
845 silly placeDep ROOT cssesc@3.0.0 OK for: postcss-selector-parser@7.1.5 want: ^3.0.0
846 silly placeDep ROOT util-deprecate@1.0.2 OK for: postcss-selector-parser@7.1.5 want: ^1.0.2
847 silly placeDep ROOT purgecss@4.1.3 OK for: purgecss-webpack-plugin@4.1.3 want: ^4.1.3
848 silly placeDep node_modules/purgecss-webpack-plugin webpack-sources@3.5.1 OK for: purgecss-webpack-plugin@4.1.3 want: ^3.2.0
849 silly fetch manifest commander@^8.0.0
850 silly packumentCache full:https://registry.npmjs.org/commander cache-hit
851 silly fetch manifest postcss-selector-parser@^6.0.6
852 silly packumentCache full:https://registry.npmjs.org/postcss-selector-parser cache-miss
853 http cache https://registry.npmjs.org/postcss-selector-parser 6ms (cache hit)
854 silly packumentCache full:https://registry.npmjs.org/postcss-selector-parser set size:196939 disposed:false
855 silly placeDep ROOT commander@8.3.0 OK for: purgecss@4.1.3 want: ^8.0.0
856 silly placeDep node_modules/purgecss postcss-selector-parser@6.1.4 OK for: purgecss@4.1.3 want: ^6.0.6
857 silly placeDep ROOT @types/json-schema@7.0.15 OK for: schema-utils@3.3.0 want: ^7.0.8
858 silly placeDep ROOT ajv@6.15.0 OK for: schema-utils@3.3.0 want: ^6.12.5
859 silly placeDep ROOT ajv-keywords@3.5.2 OK for: schema-utils@3.3.0 want: ^3.5.2
860 silly fetch manifest uri-js@^4.2.2
861 silly packumentCache full:https://registry.npmjs.org/uri-js cache-miss
862 silly fetch manifest fast-deep-equal@^3.1.1
863 silly packumentCache full:https://registry.npmjs.org/fast-deep-equal cache-miss
864 silly fetch manifest json-schema-traverse@^0.4.1
865 silly packumentCache full:https://registry.npmjs.org/json-schema-traverse cache-miss
866 silly fetch manifest fast-json-stable-stringify@^2.0.0
867 silly packumentCache full:https://registry.npmjs.org/fast-json-stable-stringify cache-miss
868 http fetch GET 200 https://registry.npmjs.org/fast-json-stable-stringify 33ms (cache miss)
869 silly packumentCache full:https://registry.npmjs.org/fast-json-stable-stringify set size:undefined disposed:false
870 http fetch GET 200 https://registry.npmjs.org/fast-deep-equal 41ms (cache miss)
871 silly packumentCache full:https://registry.npmjs.org/fast-deep-equal set size:undefined disposed:false
872 http fetch GET 200 https://registry.npmjs.org/uri-js 49ms (cache miss)
873 silly packumentCache full:https://registry.npmjs.org/uri-js set size:undefined disposed:false
874 http fetch GET 200 https://registry.npmjs.org/json-schema-traverse 152ms (cache miss)
875 silly packumentCache full:https://registry.npmjs.org/json-schema-traverse set size:undefined disposed:false
876 silly placeDep ROOT fast-deep-equal@3.1.3 OK for: ajv@6.15.0 want: ^3.1.1
877 silly placeDep ROOT fast-json-stable-stringify@2.1.0 OK for: ajv@6.15.0 want: ^2.0.0
878 silly placeDep ROOT json-schema-traverse@0.4.1 OK for: ajv@6.15.0 want: ^0.4.1
879 silly placeDep ROOT uri-js@4.4.1 OK for: ajv@6.15.0 want: ^4.2.2
880 silly fetch manifest punycode@^2.1.0
881 silly packumentCache full:https://registry.npmjs.org/punycode cache-miss
882 http fetch GET 200 https://registry.npmjs.org/punycode 36ms (cache miss)
883 silly packumentCache full:https://registry.npmjs.org/punycode set size:undefined disposed:false
884 silly placeDep ROOT shebang-regex@3.0.0 OK for: shebang-command@2.0.0 want: ^3.0.0
885 silly placeDep ROOT chalk@4.1.2 OK for: svelte-check@1.6.0 want: ^4.0.0
886 silly placeDep ROOT chokidar@3.6.0 OK for: svelte-check@1.6.0 want: ^3.4.1
887 silly placeDep ROOT import-fresh@3.3.1 OK for: svelte-check@1.6.0 want: ^3.2.1
888 silly placeDep ROOT minimist@1.2.8 OK for: svelte-check@1.6.0 want: ^1.2.5
889 silly placeDep ROOT sade@1.8.1 OK for: svelte-check@1.6.0 want: ^1.7.4
890 silly placeDep ROOT source-map@0.7.6 OK for: svelte-check@1.6.0 want: ^0.7.3
891 silly fetch manifest ansi-styles@^4.1.0
892 silly packumentCache full:https://registry.npmjs.org/ansi-styles cache-miss
893 silly fetch manifest supports-color@^7.1.0
894 silly packumentCache full:https://registry.npmjs.org/supports-color cache-miss
895 silly fetch manifest braces@~3.0.2
896 silly packumentCache full:https://registry.npmjs.org/braces cache-miss
897 silly fetch manifest is-glob@~4.0.1
898 silly packumentCache full:https://registry.npmjs.org/is-glob cache-miss
899 silly fetch manifest anymatch@~3.1.2
900 silly packumentCache full:https://registry.npmjs.org/anymatch cache-miss
901 silly fetch manifest readdirp@~3.6.0
902 silly packumentCache full:https://registry.npmjs.org/readdirp cache-miss
903 silly fetch manifest glob-parent@~5.1.2
904 silly packumentCache full:https://registry.npmjs.org/glob-parent cache-miss
905 silly fetch manifest is-binary-path@~2.1.0
906 silly packumentCache full:https://registry.npmjs.org/is-binary-path cache-miss
907 silly fetch manifest normalize-path@~3.0.0
908 silly packumentCache full:https://registry.npmjs.org/normalize-path cache-miss
909 silly fetch manifest fsevents@~2.3.2
910 silly packumentCache full:https://registry.npmjs.org/fsevents cache-miss
911 silly fetch manifest resolve-from@^4.0.0
912 silly packumentCache full:https://registry.npmjs.org/resolve-from cache-miss
913 http fetch GET 200 https://registry.npmjs.org/readdirp 43ms (cache miss)
914 silly packumentCache full:https://registry.npmjs.org/readdirp set size:undefined disposed:false
915 silly fetch manifest parent-module@^1.0.0
916 silly packumentCache full:https://registry.npmjs.org/parent-module cache-miss
917 http fetch GET 200 https://registry.npmjs.org/is-glob 51ms (cache miss)
918 silly packumentCache full:https://registry.npmjs.org/is-glob set size:undefined disposed:false
919 silly fetch manifest mri@^1.1.0
920 silly packumentCache full:https://registry.npmjs.org/mri cache-miss
921 http fetch GET 200 https://registry.npmjs.org/anymatch 53ms (cache miss)
922 silly packumentCache full:https://registry.npmjs.org/anymatch set size:undefined disposed:false
923 http fetch GET 200 https://registry.npmjs.org/supports-color 67ms (cache miss)
924 silly packumentCache full:https://registry.npmjs.org/supports-color set size:undefined disposed:false
925 http fetch GET 200 https://registry.npmjs.org/normalize-path 65ms (cache miss)
926 silly packumentCache full:https://registry.npmjs.org/normalize-path set size:undefined disposed:false
927 http fetch GET 200 https://registry.npmjs.org/glob-parent 67ms (cache miss)
928 silly packumentCache full:https://registry.npmjs.org/glob-parent set size:undefined disposed:false
929 http fetch GET 200 https://registry.npmjs.org/ansi-styles 71ms (cache miss)
930 silly packumentCache full:https://registry.npmjs.org/ansi-styles set size:undefined disposed:false
931 http fetch GET 200 https://registry.npmjs.org/is-binary-path 70ms (cache miss)
932 silly packumentCache full:https://registry.npmjs.org/is-binary-path set size:undefined disposed:false
933 http fetch GET 200 https://registry.npmjs.org/braces 73ms (cache miss)
934 silly packumentCache full:https://registry.npmjs.org/braces set size:undefined disposed:false
935 http fetch GET 200 https://registry.npmjs.org/fsevents 72ms (cache miss)
936 silly packumentCache full:https://registry.npmjs.org/fsevents set size:undefined disposed:false
937 http fetch GET 200 https://registry.npmjs.org/parent-module 39ms (cache miss)
938 silly packumentCache full:https://registry.npmjs.org/parent-module set size:undefined disposed:false
939 http fetch GET 200 https://registry.npmjs.org/resolve-from 88ms (cache miss)
940 silly packumentCache full:https://registry.npmjs.org/resolve-from set size:undefined disposed:false
941 http fetch GET 200 https://registry.npmjs.org/mri 39ms (cache miss)
942 silly packumentCache full:https://registry.npmjs.org/mri set size:undefined disposed:false
943 silly placeDep ROOT ansi-styles@4.3.0 OK for: chalk@4.1.2 want: ^4.1.0
944 silly placeDep ROOT supports-color@7.2.0 OK for: chalk@4.1.2 want: ^7.1.0
945 silly fetch manifest color-convert@^2.0.1
946 silly packumentCache full:https://registry.npmjs.org/color-convert cache-miss
947 silly fetch manifest has-flag@^4.0.0
948 silly packumentCache full:https://registry.npmjs.org/has-flag cache-miss
949 http cache https://registry.npmjs.org/color-convert 5ms (cache hit)
950 silly packumentCache full:https://registry.npmjs.org/color-convert set size:72663 disposed:false
951 http fetch GET 200 https://registry.npmjs.org/has-flag 32ms (cache miss)
952 silly packumentCache full:https://registry.npmjs.org/has-flag set size:undefined disposed:false
953 silly placeDep node_modules/ansi-styles color-convert@2.0.1 OK for: ansi-styles@4.3.0 want: ^2.0.1
954 silly placeDep ROOT anymatch@3.1.3 OK for: chokidar@3.6.0 want: ~3.1.2
955 silly placeDep ROOT braces@3.0.3 OK for: chokidar@3.6.0 want: ~3.0.2
956 silly placeDep ROOT fsevents@2.3.3 OK for: chokidar@3.6.0 want: ~2.3.2
957 silly placeDep ROOT glob-parent@5.1.2 OK for: chokidar@3.6.0 want: ~5.1.2
958 silly placeDep ROOT is-binary-path@2.1.0 OK for: chokidar@3.6.0 want: ~2.1.0
959 silly placeDep ROOT is-glob@4.0.3 OK for: chokidar@3.6.0 want: ~4.0.1
960 silly placeDep ROOT normalize-path@3.0.0 OK for: chokidar@3.6.0 want: ~3.0.0
961 silly placeDep ROOT readdirp@3.6.0 OK for: chokidar@3.6.0 want: ~3.6.0
962 silly fetch manifest picomatch@^2.0.4
963 silly packumentCache full:https://registry.npmjs.org/picomatch cache-miss
964 silly fetch manifest normalize-path@^3.0.0
965 silly packumentCache full:https://registry.npmjs.org/normalize-path cache-miss
966 silly fetch manifest fill-range@^7.1.1
967 silly packumentCache full:https://registry.npmjs.org/fill-range cache-miss
968 silly fetch manifest is-glob@^4.0.1
969 silly packumentCache full:https://registry.npmjs.org/is-glob cache-miss
970 silly fetch manifest binary-extensions@^2.0.0
971 silly packumentCache full:https://registry.npmjs.org/binary-extensions cache-miss
972 silly fetch manifest is-extglob@^2.1.1
973 silly packumentCache full:https://registry.npmjs.org/is-extglob cache-miss
974 silly fetch manifest picomatch@^2.2.1
975 silly packumentCache full:https://registry.npmjs.org/picomatch cache-miss
976 http cache https://registry.npmjs.org/is-glob 10ms (cache hit)
977 silly packumentCache full:https://registry.npmjs.org/is-glob set size:40530 disposed:false
978 http cache https://registry.npmjs.org/normalize-path 12ms (cache hit)
979 silly packumentCache full:https://registry.npmjs.org/normalize-path set size:28713 disposed:false
980 http fetch GET 200 https://registry.npmjs.org/is-extglob 33ms (cache miss)
981 silly packumentCache full:https://registry.npmjs.org/is-extglob set size:undefined disposed:false
982 http fetch GET 200 https://registry.npmjs.org/picomatch 49ms (cache miss)
983 silly packumentCache full:https://registry.npmjs.org/picomatch set size:undefined disposed:false
984 http fetch GET 200 https://registry.npmjs.org/picomatch 55ms (cache miss)
985 silly packumentCache full:https://registry.npmjs.org/picomatch set size:undefined disposed:false
986 http fetch GET 200 https://registry.npmjs.org/fill-range 60ms (cache miss)
987 silly packumentCache full:https://registry.npmjs.org/fill-range set size:undefined disposed:false
988 http fetch GET 200 https://registry.npmjs.org/binary-extensions 228ms (cache miss)
989 silly packumentCache full:https://registry.npmjs.org/binary-extensions set size:undefined disposed:false
990 silly placeDep ROOT picomatch@2.3.2 OK for: anymatch@3.1.3 want: ^2.0.4
991 silly placeDep ROOT fill-range@7.1.1 OK for: braces@3.0.3 want: ^7.1.1
992 silly fetch manifest to-regex-range@^5.0.1
993 silly packumentCache full:https://registry.npmjs.org/to-regex-range cache-miss
994 http fetch GET 200 https://registry.npmjs.org/to-regex-range 49ms (cache miss)
995 silly packumentCache full:https://registry.npmjs.org/to-regex-range set size:undefined disposed:false
996 silly placeDep ROOT to-regex-range@5.0.1 OK for: fill-range@7.1.1 want: ^5.0.1
997 silly fetch manifest is-number@^7.0.0
998 silly packumentCache full:https://registry.npmjs.org/is-number cache-miss
999 http fetch GET 200 https://registry.npmjs.org/is-number 47ms (cache miss)
1000 silly packumentCache full:https://registry.npmjs.org/is-number set size:undefined disposed:false
1001 silly placeDep ROOT parent-module@1.0.1 OK for: import-fresh@3.3.1 want: ^1.0.0
1002 silly placeDep ROOT resolve-from@4.0.0 OK for: import-fresh@3.3.1 want: ^4.0.0
1003 silly fetch manifest callsites@^3.0.0
1004 silly packumentCache full:https://registry.npmjs.org/callsites cache-miss
1005 http fetch GET 200 https://registry.npmjs.org/callsites 33ms (cache miss)
1006 silly packumentCache full:https://registry.npmjs.org/callsites set size:undefined disposed:false
1007 silly placeDep ROOT binary-extensions@2.3.0 OK for: is-binary-path@2.1.0 want: ^2.0.0
1008 silly placeDep ROOT is-extglob@2.1.1 OK for: is-glob@4.0.3 want: ^2.1.1
1009 silly placeDep ROOT callsites@3.1.0 OK for: parent-module@1.0.1 want: ^3.0.0
1010 silly placeDep ROOT mri@1.2.0 OK for: sade@1.8.1 want: ^1.1.0
1011 silly placeDep ROOT has-flag@4.0.0 OK for: supports-color@7.2.0 want: ^4.0.0
1012 silly fetch manifest svelte@^3.0.0 || ^4.0.0-next.0 || ^5.0.0-next.1
1013 silly packumentCache full:https://registry.npmjs.org/svelte cache-miss
1014 http cache https://registry.npmjs.org/svelte 14ms (cache hit)
1015 silly packumentCache full:https://registry.npmjs.org/svelte set size:4788875 disposed:false
1016 silly placeDep ROOT svelte-dev-helper@1.1.9 OK for: svelte-loader@3.2.4 want: ^1.1.9
1017 silly placeDep ROOT svelte-hmr@0.14.12 OK for: svelte-loader@3.2.4 want: ^0.14.2
1018 silly placeDep ROOT @types/pug@2.0.10 OK for: svelte-preprocess@4.10.7 want: ^2.0.4
1019 silly placeDep ROOT @types/sass@1.43.1 OK for: svelte-preprocess@4.10.7 want: ^1.16.0
1020 silly placeDep ROOT detect-indent@6.1.0 OK for: svelte-preprocess@4.10.7 want: ^6.0.0
1021 silly placeDep ROOT magic-string@0.25.9 OK for: svelte-preprocess@4.10.7 want: ^0.25.7
1022 silly placeDep ROOT sorcery@0.10.0 OK for: svelte-preprocess@4.10.7 want: ^0.10.0
1023 silly placeDep ROOT strip-indent@3.0.0 OK for: svelte-preprocess@4.10.7 want: ^3.0.0
1024 silly fetch manifest sourcemap-codec@^1.4.8
1025 silly packumentCache full:https://registry.npmjs.org/sourcemap-codec cache-miss
1026 silly fetch manifest sander@^0.5.0
1027 silly packumentCache full:https://registry.npmjs.org/sander cache-miss
1028 silly fetch manifest buffer-crc32@^0.2.5
1029 silly packumentCache full:https://registry.npmjs.org/buffer-crc32 cache-miss
1030 silly fetch manifest sourcemap-codec@^1.3.0
1031 silly packumentCache full:https://registry.npmjs.org/sourcemap-codec cache-miss
1032 silly fetch manifest min-indent@^1.0.0
1033 silly packumentCache full:https://registry.npmjs.org/min-indent cache-miss
1034 http fetch GET 200 https://registry.npmjs.org/buffer-crc32 35ms (cache miss)
1035 silly packumentCache full:https://registry.npmjs.org/buffer-crc32 set size:undefined disposed:false
1036 http fetch GET 200 https://registry.npmjs.org/min-indent 42ms (cache miss)
1037 silly packumentCache full:https://registry.npmjs.org/min-indent set size:undefined disposed:false
1038 http fetch GET 200 https://registry.npmjs.org/sourcemap-codec 189ms (cache miss)
1039 silly packumentCache full:https://registry.npmjs.org/sourcemap-codec set size:undefined disposed:false
1040 http fetch GET 200 https://registry.npmjs.org/sourcemap-codec 189ms (cache miss)
1041 silly packumentCache full:https://registry.npmjs.org/sourcemap-codec set size:undefined disposed:false
1042 http fetch GET 200 https://registry.npmjs.org/sander 204ms (cache miss)
1043 silly packumentCache full:https://registry.npmjs.org/sander set size:undefined disposed:false
1044 silly placeDep ROOT sourcemap-codec@1.4.8 OK for: magic-string@0.25.9 want: ^1.4.8
1045 silly placeDep ROOT buffer-crc32@0.2.13 OK for: sorcery@0.10.0 want: ^0.2.5
1046 silly placeDep ROOT sander@0.5.1 OK for: sorcery@0.10.0 want: ^0.5.0
1047 silly fetch manifest es6-promise@^3.1.2
1048 silly packumentCache full:https://registry.npmjs.org/es6-promise cache-miss
1049 silly fetch manifest mkdirp@^0.5.1
1050 silly packumentCache full:https://registry.npmjs.org/mkdirp cache-miss
1051 silly fetch manifest rimraf@^2.5.2
1052 silly packumentCache full:https://registry.npmjs.org/rimraf cache-miss
1053 silly fetch manifest graceful-fs@^4.1.3
1054 silly packumentCache full:https://registry.npmjs.org/graceful-fs cache-hit
1055 http cache https://registry.npmjs.org/rimraf 6ms (cache hit)
1056 silly packumentCache full:https://registry.npmjs.org/rimraf set size:212626 disposed:false
1057 http fetch GET 200 https://registry.npmjs.org/es6-promise 40ms (cache miss)
1058 silly packumentCache full:https://registry.npmjs.org/es6-promise set size:undefined disposed:false
1059 http fetch GET 200 https://registry.npmjs.org/mkdirp 54ms (cache miss)
1060 silly packumentCache full:https://registry.npmjs.org/mkdirp set size:undefined disposed:false
1061 silly placeDep ROOT es6-promise@3.3.1 OK for: sander@0.5.1 want: ^3.1.2
1062 silly placeDep ROOT graceful-fs@4.2.11 OK for: sander@0.5.1 want: ^4.1.3
1063 silly placeDep ROOT mkdirp@0.5.6 OK for: sander@0.5.1 want: ^0.5.1
1064 silly placeDep ROOT rimraf@2.7.1 OK for: sander@0.5.1 want: ^2.5.2
1065 silly placeDep ROOT min-indent@1.0.1 OK for: strip-indent@3.0.0 want: ^1.0.0
1066 silly placeDep ROOT is-number@7.0.0 OK for: to-regex-range@5.0.1 want: ^7.0.0
1067 silly placeDep ROOT enhanced-resolve@4.5.0 OK for: ts-loader@8.4.0 want: ^4.0.0
1068 silly placeDep ROOT micromatch@4.0.8 OK for: ts-loader@8.4.0 want: ^4.0.0
1069 silly fetch manifest tapable@^1.0.0
1070 silly packumentCache full:https://registry.npmjs.org/tapable cache-miss
1071 silly fetch manifest memory-fs@^0.5.0
1072 silly packumentCache full:https://registry.npmjs.org/memory-fs cache-miss
1073 http cache https://registry.npmjs.org/tapable 5ms (cache hit)
1074 silly packumentCache full:https://registry.npmjs.org/tapable set size:141233 disposed:false
1075 http fetch GET 200 https://registry.npmjs.org/memory-fs 36ms (cache miss)
1076 silly packumentCache full:https://registry.npmjs.org/memory-fs set size:undefined disposed:false
1077 silly placeDep ROOT memory-fs@0.5.0 OK for: enhanced-resolve@4.5.0 want: ^0.5.0
1078 silly placeDep ROOT tapable@1.1.3 OK for: enhanced-resolve@4.5.0 want: ^1.0.0
1079 silly fetch manifest errno@^0.1.3
1080 silly packumentCache full:https://registry.npmjs.org/errno cache-miss
1081 silly fetch manifest readable-stream@^2.0.1
1082 silly packumentCache full:https://registry.npmjs.org/readable-stream cache-miss
1083 http fetch GET 200 https://registry.npmjs.org/errno 44ms (cache miss)
1084 silly packumentCache full:https://registry.npmjs.org/errno set size:undefined disposed:false
1085 http fetch GET 200 https://registry.npmjs.org/readable-stream 57ms (cache miss)
1086 silly packumentCache full:https://registry.npmjs.org/readable-stream set size:undefined disposed:false
1087 silly placeDep ROOT errno@0.1.8 OK for: memory-fs@0.5.0 want: ^0.1.3
1088 silly placeDep ROOT readable-stream@2.3.8 OK for: memory-fs@0.5.0 want: ^2.0.1
1089 silly fetch manifest prr@~1.0.1
1090 silly packumentCache full:https://registry.npmjs.org/prr cache-miss
1091 silly fetch manifest isarray@~1.0.0
1092 silly packumentCache full:https://registry.npmjs.org/isarray cache-miss
1093 silly fetch manifest safe-buffer@~5.1.1
1094 silly packumentCache full:https://registry.npmjs.org/safe-buffer cache-miss
1095 silly fetch manifest core-util-is@~1.0.0
1096 silly packumentCache full:https://registry.npmjs.org/core-util-is cache-miss
1097 silly fetch manifest string_decoder@~1.1.1
1098 silly packumentCache full:https://registry.npmjs.org/string_decoder cache-miss
1099 silly fetch manifest process-nextick-args@~2.0.0
1100 silly packumentCache full:https://registry.npmjs.org/process-nextick-args cache-miss
1101 http fetch GET 200 https://registry.npmjs.org/isarray 39ms (cache miss)
1102 silly packumentCache full:https://registry.npmjs.org/isarray set size:undefined disposed:false
1103 http fetch GET 200 https://registry.npmjs.org/prr 46ms (cache miss)
1104 silly packumentCache full:https://registry.npmjs.org/prr set size:undefined disposed:false
1105 http fetch GET 200 https://registry.npmjs.org/string_decoder 45ms (cache miss)
1106 silly packumentCache full:https://registry.npmjs.org/string_decoder set size:undefined disposed:false
1107 http fetch GET 200 https://registry.npmjs.org/core-util-is 48ms (cache miss)
1108 silly packumentCache full:https://registry.npmjs.org/core-util-is set size:undefined disposed:false
1109 http fetch GET 200 https://registry.npmjs.org/process-nextick-args 50ms (cache miss)
1110 silly packumentCache full:https://registry.npmjs.org/process-nextick-args set size:undefined disposed:false
1111 http fetch GET 200 https://registry.npmjs.org/safe-buffer 58ms (cache miss)
1112 silly packumentCache full:https://registry.npmjs.org/safe-buffer set size:undefined disposed:false
1113 silly placeDep ROOT prr@1.0.1 OK for: errno@0.1.8 want: ~1.0.1
1114 silly placeDep ROOT core-util-is@1.0.3 OK for: readable-stream@2.3.8 want: ~1.0.0
1115 silly placeDep ROOT isarray@1.0.0 OK for: readable-stream@2.3.8 want: ~1.0.0
1116 silly placeDep ROOT process-nextick-args@2.0.1 OK for: readable-stream@2.3.8 want: ~2.0.0
1117 silly placeDep ROOT safe-buffer@5.1.2 OK for: readable-stream@2.3.8 want: ~5.1.1
1118 silly placeDep ROOT string_decoder@1.1.1 OK for: readable-stream@2.3.8 want: ~1.1.1
1119 silly placeDep ROOT punycode@2.3.1 OK for: uri-js@4.4.1 want: ^2.1.0
1120 silly fetch manifest webpack@^5.1.0
1121 silly packumentCache full:https://registry.npmjs.org/webpack cache-miss
1122 http cache https://registry.npmjs.org/webpack 13ms (cache hit)
1123 silly packumentCache full:https://registry.npmjs.org/webpack set size:5125589 disposed:false
1124 silly placeDep ROOT @types/estree@1.0.9 OK for: webpack@5.109.2 want: ^1.0.8
1125 silly placeDep ROOT @webassemblyjs/ast@1.14.1 OK for: webpack@5.109.2 want: ^1.14.1
1126 silly placeDep ROOT @webassemblyjs/wasm-edit@1.14.1 OK for: webpack@5.109.2 want: ^1.14.1
1127 silly placeDep ROOT @webassemblyjs/wasm-parser@1.14.1 OK for: webpack@5.109.2 want: ^1.14.1
1128 silly placeDep ROOT acorn@8.18.0 OK for: webpack@5.109.2 want: ^8.16.0
1129 silly placeDep ROOT browserslist@4.28.8 OK for: webpack@5.109.2 want: ^4.28.1
1130 silly placeDep ROOT chrome-trace-event@1.0.4 OK for: webpack@5.109.2 want: ^1.0.2
1131 silly placeDep node_modules/webpack enhanced-resolve@5.24.5 OK for: webpack@5.109.2 want: ^5.24.4
1132 silly placeDep ROOT es-module-lexer@2.3.2 OK for: webpack@5.109.2 want: ^2.1.0
1133 silly placeDep ROOT eslint-scope@5.1.1 OK for: webpack@5.109.2 want: 5.1.1
1134 silly placeDep ROOT events@3.3.0 OK for: webpack@5.109.2 want: ^3.2.0
1135 silly placeDep ROOT mime-db@1.54.0 OK for: webpack@5.109.2 want: ^1.54.0
1136 silly placeDep ROOT minimizer-webpack-plugin@5.6.1 OK for: webpack@5.109.2 want: ^5.6.1
1137 silly placeDep ROOT neo-async@2.6.2 OK for: webpack@5.109.2 want: ^2.6.2
1138 silly placeDep node_modules/webpack schema-utils@4.3.3 OK for: webpack@5.109.2 want: ^4.3.3
1139 silly placeDep node_modules/webpack tapable@2.3.3 OK for: webpack@5.109.2 want: ^2.3.0
1140 silly placeDep ROOT watchpack@2.5.2 OK for: webpack@5.109.2 want: ^2.5.2
1141 silly placeDep node_modules/webpack webpack-sources@3.5.1 OK for: webpack@5.109.2 want: ^3.5.1
1142 silly fetch manifest @webassemblyjs/helper-numbers@1.13.2
1143 silly packumentCache full:https://registry.npmjs.org/@webassemblyjs%2fhelper-numbers cache-miss
1144 silly fetch manifest @webassemblyjs/helper-wasm-bytecode@1.13.2
1145 silly packumentCache full:https://registry.npmjs.org/@webassemblyjs%2fhelper-wasm-bytecode cache-miss
1146 silly fetch manifest @webassemblyjs/helper-buffer@1.14.1
1147 silly packumentCache full:https://registry.npmjs.org/@webassemblyjs%2fhelper-buffer cache-miss
1148 silly fetch manifest @webassemblyjs/helper-wasm-bytecode@1.13.2
1149 silly packumentCache full:https://registry.npmjs.org/@webassemblyjs%2fhelper-wasm-bytecode cache-miss
1150 silly fetch manifest @webassemblyjs/helper-wasm-section@1.14.1
1151 silly packumentCache full:https://registry.npmjs.org/@webassemblyjs%2fhelper-wasm-section cache-miss
1152 silly fetch manifest @webassemblyjs/wasm-gen@1.14.1
1153 silly packumentCache full:https://registry.npmjs.org/@webassemblyjs%2fwasm-gen cache-miss
1154 silly fetch manifest @webassemblyjs/wasm-opt@1.14.1
1155 silly packumentCache full:https://registry.npmjs.org/@webassemblyjs%2fwasm-opt cache-miss
1156 silly fetch manifest @webassemblyjs/wasm-parser@1.14.1
1157 silly packumentCache full:https://registry.npmjs.org/@webassemblyjs%2fwasm-parser cache-miss
1158 silly fetch manifest @webassemblyjs/wast-printer@1.14.1
1159 silly packumentCache full:https://registry.npmjs.org/@webassemblyjs%2fwast-printer cache-miss
1160 silly fetch manifest @webassemblyjs/helper-api-error@1.13.2
1161 silly packumentCache full:https://registry.npmjs.org/@webassemblyjs%2fhelper-api-error cache-miss
1162 silly fetch manifest @webassemblyjs/helper-wasm-bytecode@1.13.2
1163 silly packumentCache full:https://registry.npmjs.org/@webassemblyjs%2fhelper-wasm-bytecode cache-miss
1164 http cache https://registry.npmjs.org/@webassemblyjs%2fwasm-parser 12ms (cache hit)
1165 silly packumentCache full:https://registry.npmjs.org/@webassemblyjs%2fwasm-parser set size:214115 disposed:false
1166 silly fetch manifest @webassemblyjs/ieee754@1.13.2
1167 silly packumentCache full:https://registry.npmjs.org/@webassemblyjs%2fieee754 cache-miss
1168 http fetch GET 200 https://registry.npmjs.org/@webassemblyjs%2fhelper-numbers 55ms (cache miss)
1169 silly packumentCache full:https://registry.npmjs.org/@webassemblyjs%2fhelper-numbers set size:undefined disposed:false
1170 silly fetch manifest @webassemblyjs/leb128@1.13.2
1171 silly packumentCache full:https://registry.npmjs.org/@webassemblyjs%2fleb128 cache-miss
1172 http fetch GET 200 https://registry.npmjs.org/@webassemblyjs%2fhelper-api-error 56ms (cache miss)
1173 silly packumentCache full:https://registry.npmjs.org/@webassemblyjs%2fhelper-api-error set size:undefined disposed:false
1174 silly fetch manifest @webassemblyjs/utf8@1.13.2
1175 silly packumentCache full:https://registry.npmjs.org/@webassemblyjs%2futf8 cache-miss
1176 http fetch GET 200 https://registry.npmjs.org/@webassemblyjs%2fwasm-gen 77ms (cache miss)
1177 silly packumentCache full:https://registry.npmjs.org/@webassemblyjs%2fwasm-gen set size:undefined disposed:false
1178 silly fetch manifest caniuse-lite@^1.0.30001809
1179 silly packumentCache full:https://registry.npmjs.org/caniuse-lite cache-miss
1180 http fetch GET 200 https://registry.npmjs.org/@webassemblyjs%2fwast-printer 83ms (cache miss)
1181 silly packumentCache full:https://registry.npmjs.org/@webassemblyjs%2fwast-printer set size:undefined disposed:false
1182 silly fetch manifest node-releases@^2.0.53
1183 silly packumentCache full:https://registry.npmjs.org/node-releases cache-miss
1184 http fetch GET 200 https://registry.npmjs.org/@webassemblyjs%2fhelper-buffer 87ms (cache miss)
1185 silly packumentCache full:https://registry.npmjs.org/@webassemblyjs%2fhelper-buffer set size:undefined disposed:false
1186 silly fetch manifest electron-to-chromium@^1.5.402
1187 silly packumentCache full:https://registry.npmjs.org/electron-to-chromium cache-miss
1188 http fetch GET 200 https://registry.npmjs.org/@webassemblyjs%2fieee754 80ms (cache miss)
1189 silly packumentCache full:https://registry.npmjs.org/@webassemblyjs%2fieee754 set size:undefined disposed:false
1190 silly fetch manifest update-browserslist-db@^1.3.0
1191 silly packumentCache full:https://registry.npmjs.org/update-browserslist-db cache-miss
1192 http fetch GET 200 https://registry.npmjs.org/@webassemblyjs%2fhelper-wasm-bytecode 95ms (cache miss)
1193 silly packumentCache full:https://registry.npmjs.org/@webassemblyjs%2fhelper-wasm-bytecode set size:undefined disposed:false
1194 silly fetch manifest baseline-browser-mapping@^2.11.12
1195 silly packumentCache full:https://registry.npmjs.org/baseline-browser-mapping cache-miss
1196 http fetch GET 200 https://registry.npmjs.org/@webassemblyjs%2fhelper-wasm-bytecode 101ms (cache miss)
1197 silly packumentCache full:https://registry.npmjs.org/@webassemblyjs%2fhelper-wasm-bytecode set size:undefined disposed:false
1198 silly fetch manifest tapable@^2.3.3
1199 silly packumentCache full:https://registry.npmjs.org/tapable cache-hit
1200 silly fetch manifest esrecurse@^4.3.0
1201 silly packumentCache full:https://registry.npmjs.org/esrecurse cache-miss
1202 http fetch GET 200 https://registry.npmjs.org/@webassemblyjs%2fwasm-opt 104ms (cache miss)
1203 silly packumentCache full:https://registry.npmjs.org/@webassemblyjs%2fwasm-opt set size:undefined disposed:false
1204 silly fetch manifest estraverse@^4.1.1
1205 silly packumentCache full:https://registry.npmjs.org/estraverse cache-miss
1206 http fetch GET 200 https://registry.npmjs.org/@webassemblyjs%2fhelper-wasm-bytecode 110ms (cache miss)
1207 silly packumentCache full:https://registry.npmjs.org/@webassemblyjs%2fhelper-wasm-bytecode set size:undefined disposed:false
1208 silly fetch manifest @jridgewell/trace-mapping@^0.3.25
1209 silly packumentCache full:https://registry.npmjs.org/@jridgewell%2ftrace-mapping cache-miss
1210 http fetch GET 200 https://registry.npmjs.org/@webassemblyjs%2fhelper-wasm-section 112ms (cache miss)
1211 silly packumentCache full:https://registry.npmjs.org/@webassemblyjs%2fhelper-wasm-section set size:undefined disposed:false
1212 silly fetch manifest jest-worker@^27.4.5
1213 silly packumentCache full:https://registry.npmjs.org/jest-worker cache-miss
1214 http fetch GET 200 https://registry.npmjs.org/@webassemblyjs%2futf8 59ms (cache miss)
1215 silly packumentCache full:https://registry.npmjs.org/@webassemblyjs%2futf8 set size:undefined disposed:false
1216 silly fetch manifest schema-utils@^4.3.0
1217 silly packumentCache full:https://registry.npmjs.org/schema-utils cache-hit
1218 silly fetch manifest terser@^5.31.1
1219 silly packumentCache full:https://registry.npmjs.org/terser cache-miss
1220 http fetch GET 200 https://registry.npmjs.org/@webassemblyjs%2fleb128 66ms (cache miss)
1221 silly packumentCache full:https://registry.npmjs.org/@webassemblyjs%2fleb128 set size:undefined disposed:false
1222 silly fetch manifest ajv@^8.9.0
1223 silly packumentCache full:https://registry.npmjs.org/ajv cache-miss
1224 http cache https://registry.npmjs.org/ajv 6ms (cache hit)
1225 silly packumentCache full:https://registry.npmjs.org/ajv set size:1142658 disposed:false
1226 silly fetch manifest ajv-formats@^2.1.1
1227 silly packumentCache full:https://registry.npmjs.org/ajv-formats cache-miss
1228 http fetch GET 200 https://registry.npmjs.org/update-browserslist-db 43ms (cache miss)
1229 silly packumentCache full:https://registry.npmjs.org/update-browserslist-db set size:undefined disposed:false
1230 silly fetch manifest ajv-keywords@^5.1.0
1231 silly packumentCache full:https://registry.npmjs.org/ajv-keywords cache-miss
1232 http cache https://registry.npmjs.org/ajv-keywords 8ms (cache hit)
1233 silly packumentCache full:https://registry.npmjs.org/ajv-keywords set size:310004 disposed:false
1234 http fetch GET 200 https://registry.npmjs.org/estraverse 45ms (cache miss)
1235 silly packumentCache full:https://registry.npmjs.org/estraverse set size:undefined disposed:false
1236 http fetch GET 200 https://registry.npmjs.org/esrecurse 53ms (cache miss)
1237 silly packumentCache full:https://registry.npmjs.org/esrecurse set size:undefined disposed:false
1238 http fetch GET 200 https://registry.npmjs.org/node-releases 73ms (cache miss)
1239 silly packumentCache full:https://registry.npmjs.org/node-releases set size:undefined disposed:false
1240 http fetch GET 200 https://registry.npmjs.org/baseline-browser-mapping 96ms (cache miss)
1241 silly packumentCache full:https://registry.npmjs.org/baseline-browser-mapping set size:undefined disposed:false
1242 http fetch GET 200 https://registry.npmjs.org/ajv-formats 76ms (cache miss)
1243 silly packumentCache full:https://registry.npmjs.org/ajv-formats set size:undefined disposed:false
1244 http fetch GET 200 https://registry.npmjs.org/jest-worker 109ms (cache miss)
1245 silly packumentCache full:https://registry.npmjs.org/jest-worker set size:undefined disposed:false
1246 http fetch GET 200 https://registry.npmjs.org/@jridgewell%2ftrace-mapping 131ms (cache miss)
1247 silly packumentCache full:https://registry.npmjs.org/@jridgewell%2ftrace-mapping set size:undefined disposed:false
1248 http fetch GET 200 https://registry.npmjs.org/terser 158ms (cache miss)
1249 silly packumentCache full:https://registry.npmjs.org/terser set size:undefined disposed:false
1250 http fetch GET 200 https://registry.npmjs.org/caniuse-lite 227ms (cache miss)
1251 silly packumentCache full:https://registry.npmjs.org/caniuse-lite set size:undefined disposed:false
1252 http fetch GET 200 https://registry.npmjs.org/electron-to-chromium 351ms (cache miss)
1253 silly packumentCache full:https://registry.npmjs.org/electron-to-chromium set size:undefined disposed:false
1254 silly placeDep ROOT @webassemblyjs/helper-numbers@1.13.2 OK for: @webassemblyjs/ast@1.14.1 want: 1.13.2
1255 silly placeDep ROOT @webassemblyjs/helper-wasm-bytecode@1.13.2 OK for: @webassemblyjs/ast@1.14.1 want: 1.13.2
1256 silly fetch manifest @xtuc/long@4.2.2
1257 silly packumentCache full:https://registry.npmjs.org/@xtuc%2flong cache-miss
1258 silly fetch manifest @webassemblyjs/floating-point-hex-parser@1.13.2
1259 silly packumentCache full:https://registry.npmjs.org/@webassemblyjs%2ffloating-point-hex-parser cache-miss
1260 http fetch GET 200 https://registry.npmjs.org/@webassemblyjs%2ffloating-point-hex-parser 52ms (cache miss)
1261 silly packumentCache full:https://registry.npmjs.org/@webassemblyjs%2ffloating-point-hex-parser set size:undefined disposed:false
1262 http fetch GET 200 https://registry.npmjs.org/@xtuc%2flong 55ms (cache miss)
1263 silly packumentCache full:https://registry.npmjs.org/@xtuc%2flong set size:undefined disposed:false
1264 silly placeDep ROOT @webassemblyjs/floating-point-hex-parser@1.13.2 OK for: @webassemblyjs/helper-numbers@1.13.2 want: 1.13.2
1265 silly placeDep ROOT @webassemblyjs/helper-api-error@1.13.2 OK for: @webassemblyjs/helper-numbers@1.13.2 want: 1.13.2
1266 silly placeDep ROOT @xtuc/long@4.2.2 OK for: @webassemblyjs/helper-numbers@1.13.2 want: 4.2.2
1267 silly placeDep ROOT @webassemblyjs/helper-buffer@1.14.1 OK for: @webassemblyjs/wasm-edit@1.14.1 want: 1.14.1
1268 silly placeDep ROOT @webassemblyjs/helper-wasm-section@1.14.1 OK for: @webassemblyjs/wasm-edit@1.14.1 want: 1.14.1
1269 silly placeDep ROOT @webassemblyjs/wasm-gen@1.14.1 OK for: @webassemblyjs/wasm-edit@1.14.1 want: 1.14.1
1270 silly placeDep ROOT @webassemblyjs/wasm-opt@1.14.1 OK for: @webassemblyjs/wasm-edit@1.14.1 want: 1.14.1
1271 silly placeDep ROOT @webassemblyjs/wast-printer@1.14.1 OK for: @webassemblyjs/wasm-edit@1.14.1 want: 1.14.1
1272 silly placeDep ROOT @webassemblyjs/ieee754@1.13.2 OK for: @webassemblyjs/wasm-gen@1.14.1 want: 1.13.2
1273 silly placeDep ROOT @webassemblyjs/leb128@1.13.2 OK for: @webassemblyjs/wasm-gen@1.14.1 want: 1.13.2
1274 silly placeDep ROOT @webassemblyjs/utf8@1.13.2 OK for: @webassemblyjs/wasm-gen@1.14.1 want: 1.13.2
1275 silly fetch manifest @xtuc/ieee754@^1.2.0
1276 silly packumentCache full:https://registry.npmjs.org/@xtuc%2fieee754 cache-miss
1277 http fetch GET 200 https://registry.npmjs.org/@xtuc%2fieee754 67ms (cache miss)
1278 silly packumentCache full:https://registry.npmjs.org/@xtuc%2fieee754 set size:undefined disposed:false
1279 silly placeDep ROOT @xtuc/ieee754@1.2.0 OK for: @webassemblyjs/ieee754@1.13.2 want: ^1.2.0
1280 silly fetch manifest browserslist@>= 4.21.0
1281 silly packumentCache full:https://registry.npmjs.org/browserslist cache-miss
1282 http cache https://registry.npmjs.org/browserslist 7ms (cache hit)
1283 silly packumentCache full:https://registry.npmjs.org/browserslist set size:518659 disposed:false
1284 silly placeDep ROOT baseline-browser-mapping@2.11.16 OK for: browserslist@4.28.8 want: ^2.11.12
1285 silly placeDep ROOT caniuse-lite@1.0.30001809 OK for: browserslist@4.28.8 want: ^1.0.30001809
1286 silly placeDep ROOT electron-to-chromium@1.5.411 OK for: browserslist@4.28.8 want: ^1.5.402
1287 silly placeDep ROOT node-releases@2.0.53 OK for: browserslist@4.28.8 want: ^2.0.53
1288 silly placeDep ROOT update-browserslist-db@1.3.1 OK for: browserslist@4.28.8 want: ^1.3.0
1289 silly fetch manifest escalade@^3.2.0
1290 silly packumentCache full:https://registry.npmjs.org/escalade cache-miss
1291 http fetch GET 200 https://registry.npmjs.org/escalade 49ms (cache miss)
1292 silly packumentCache full:https://registry.npmjs.org/escalade set size:undefined disposed:false
1293 silly placeDep ROOT esrecurse@4.3.0 OK for: eslint-scope@5.1.1 want: ^4.3.0
1294 silly placeDep ROOT estraverse@4.3.0 OK for: eslint-scope@5.1.1 want: ^4.1.1
1295 silly fetch manifest estraverse@^5.2.0
1296 silly packumentCache full:https://registry.npmjs.org/estraverse cache-miss
1297 http cache https://registry.npmjs.org/estraverse 5ms (cache hit)
1298 silly packumentCache full:https://registry.npmjs.org/estraverse set size:62412 disposed:false
1299 silly placeDep node_modules/esrecurse estraverse@5.3.0 OK for: esrecurse@4.3.0 want: ^5.2.0
1300 silly placeDep ROOT @jridgewell/trace-mapping@0.3.31 OK for: minimizer-webpack-plugin@5.6.1 want: ^0.3.25
1301 silly placeDep ROOT jest-worker@27.5.1 OK for: minimizer-webpack-plugin@5.6.1 want: ^27.4.5
1302 silly placeDep node_modules/minimizer-webpack-plugin schema-utils@4.3.3 OK for: minimizer-webpack-plugin@5.6.1 want: ^4.3.0
1303 silly placeDep ROOT terser@5.50.0 OK for: minimizer-webpack-plugin@5.6.1 want: ^5.31.1
1304 silly fetch manifest @jridgewell/resolve-uri@^3.1.0
1305 silly packumentCache full:https://registry.npmjs.org/@jridgewell%2fresolve-uri cache-miss
1306 silly fetch manifest @jridgewell/sourcemap-codec@^1.4.14
1307 silly packumentCache full:https://registry.npmjs.org/@jridgewell%2fsourcemap-codec cache-miss
1308 silly fetch manifest merge-stream@^2.0.0
1309 silly packumentCache full:https://registry.npmjs.org/merge-stream cache-miss
1310 silly fetch manifest supports-color@^8.0.0
1311 silly packumentCache full:https://registry.npmjs.org/supports-color cache-miss
1312 silly fetch manifest commander@^2.20.0
1313 silly packumentCache full:https://registry.npmjs.org/commander cache-hit
1314 silly fetch manifest source-map-support@~0.5.20
1315 silly packumentCache full:https://registry.npmjs.org/source-map-support cache-miss
1316 silly fetch manifest @jridgewell/source-map@^0.3.3
1317 silly packumentCache full:https://registry.npmjs.org/@jridgewell%2fsource-map cache-miss
1318 http cache https://registry.npmjs.org/supports-color 11ms (cache hit)
1319 silly packumentCache full:https://registry.npmjs.org/supports-color set size:124169 disposed:false
1320 http fetch GET 200 https://registry.npmjs.org/merge-stream 55ms (cache miss)
1321 silly packumentCache full:https://registry.npmjs.org/merge-stream set size:undefined disposed:false
1322 http fetch GET 200 https://registry.npmjs.org/@jridgewell%2fsourcemap-codec 57ms (cache miss)
1323 silly packumentCache full:https://registry.npmjs.org/@jridgewell%2fsourcemap-codec set size:undefined disposed:false
1324 http fetch GET 200 https://registry.npmjs.org/source-map-support 57ms (cache miss)
1325 silly packumentCache full:https://registry.npmjs.org/source-map-support set size:undefined disposed:false
1326 http fetch GET 200 https://registry.npmjs.org/@jridgewell%2fsource-map 58ms (cache miss)
1327 silly packumentCache full:https://registry.npmjs.org/@jridgewell%2fsource-map set size:undefined disposed:false
1328 http fetch GET 200 https://registry.npmjs.org/@jridgewell%2fresolve-uri 74ms (cache miss)
1329 silly packumentCache full:https://registry.npmjs.org/@jridgewell%2fresolve-uri set size:undefined disposed:false
1330 silly placeDep ROOT @jridgewell/resolve-uri@3.1.2 OK for: @jridgewell/trace-mapping@0.3.31 want: ^3.1.0
1331 silly placeDep ROOT @jridgewell/sourcemap-codec@1.5.5 OK for: @jridgewell/trace-mapping@0.3.31 want: ^1.4.14
1332 silly placeDep ROOT merge-stream@2.0.0 OK for: jest-worker@27.5.1 want: ^2.0.0
1333 silly placeDep node_modules/jest-worker supports-color@8.1.1 OK for: jest-worker@27.5.1 want: ^8.0.0
1334 silly placeDep ROOT @jridgewell/source-map@0.3.11 OK for: terser@5.50.0 want: ^0.3.3
1335 silly placeDep node_modules/terser commander@2.20.3 OK for: terser@5.50.0 want: ^2.20.0
1336 silly placeDep ROOT source-map-support@0.5.21 OK for: terser@5.50.0 want: ~0.5.20
1337 silly fetch manifest @jridgewell/gen-mapping@^0.3.5
1338 silly packumentCache full:https://registry.npmjs.org/@jridgewell%2fgen-mapping cache-miss
1339 silly fetch manifest buffer-from@^1.0.0
1340 silly packumentCache full:https://registry.npmjs.org/buffer-from cache-miss
1341 silly fetch manifest source-map@^0.6.0
1342 silly packumentCache full:https://registry.npmjs.org/source-map cache-hit
1343 http fetch GET 200 https://registry.npmjs.org/buffer-from 33ms (cache miss)
1344 silly packumentCache full:https://registry.npmjs.org/buffer-from set size:undefined disposed:false
1345 http fetch GET 200 https://registry.npmjs.org/@jridgewell%2fgen-mapping 48ms (cache miss)
1346 silly packumentCache full:https://registry.npmjs.org/@jridgewell%2fgen-mapping set size:undefined disposed:false
1347 silly placeDep ROOT @jridgewell/gen-mapping@0.3.13 OK for: @jridgewell/source-map@0.3.11 want: ^0.3.5
1348 silly placeDep ROOT buffer-from@1.1.2 OK for: source-map-support@0.5.21 want: ^1.0.0
1349 silly placeDep node_modules/source-map-support source-map@0.6.1 OK for: source-map-support@0.5.21 want: ^0.6.0
1350 silly placeDep ROOT escalade@3.2.0 OK for: update-browserslist-db@1.3.1 want: ^3.2.0
1351 silly fetch manifest bufferutil@^4.0.1
1352 silly packumentCache full:https://registry.npmjs.org/bufferutil cache-miss
1353 http fetch GET 200 https://registry.npmjs.org/bufferutil 36ms (cache miss)
1354 silly packumentCache full:https://registry.npmjs.org/bufferutil set size:undefined disposed:false
1355 silly fetch manifest utf-8-validate@^5.0.2
1356 silly packumentCache full:https://registry.npmjs.org/utf-8-validate cache-miss
1357 http fetch GET 200 https://registry.npmjs.org/utf-8-validate 41ms (cache miss)
1358 silly packumentCache full:https://registry.npmjs.org/utf-8-validate set size:undefined disposed:false
1359 silly placeDep ROOT @discoveryjs/json-ext@0.5.7 OK for: webpack-bundle-analyzer@4.10.2 want: 0.5.7
1360 silly placeDep ROOT acorn-walk@8.3.5 OK for: webpack-bundle-analyzer@4.10.2 want: ^8.0.0
1361 silly placeDep node_modules/webpack-bundle-analyzer commander@7.2.0 OK for: webpack-bundle-analyzer@4.10.2 want: ^7.2.0
1362 silly placeDep ROOT debounce@1.2.1 OK for: webpack-bundle-analyzer@4.10.2 want: ^1.2.1
1363 silly placeDep ROOT escape-string-regexp@4.0.0 OK for: webpack-bundle-analyzer@4.10.2 want: ^4.0.0
1364 silly placeDep ROOT gzip-size@6.0.0 OK for: webpack-bundle-analyzer@4.10.2 want: ^6.0.0
1365 silly placeDep ROOT html-escaper@2.0.2 OK for: webpack-bundle-analyzer@4.10.2 want: ^2.0.2
1366 silly placeDep ROOT opener@1.5.2 OK for: webpack-bundle-analyzer@4.10.2 want: ^1.5.2
1367 silly placeDep ROOT sirv@2.0.4 OK for: webpack-bundle-analyzer@4.10.2 want: ^2.0.3
1368 silly placeDep ROOT ws@7.5.13 OK for: webpack-bundle-analyzer@4.10.2 want: ^7.3.1
1369 silly fetch manifest duplexer@^0.1.2
1370 silly packumentCache full:https://registry.npmjs.org/duplexer cache-miss
1371 silly fetch manifest mrmime@^2.0.0
1372 silly packumentCache full:https://registry.npmjs.org/mrmime cache-miss
1373 silly fetch manifest totalist@^3.0.0
1374 silly packumentCache full:https://registry.npmjs.org/totalist cache-miss
1375 silly fetch manifest @polka/url@^1.0.0-next.24
1376 silly packumentCache full:https://registry.npmjs.org/@polka%2furl cache-miss
1377 http fetch GET 200 https://registry.npmjs.org/mrmime 46ms (cache miss)
1378 silly packumentCache full:https://registry.npmjs.org/mrmime set size:undefined disposed:false
1379 http fetch GET 200 https://registry.npmjs.org/duplexer 47ms (cache miss)
1380 silly packumentCache full:https://registry.npmjs.org/duplexer set size:undefined disposed:false
1381 http fetch GET 200 https://registry.npmjs.org/totalist 49ms (cache miss)
1382 silly packumentCache full:https://registry.npmjs.org/totalist set size:undefined disposed:false
1383 http fetch GET 200 https://registry.npmjs.org/@polka%2furl 73ms (cache miss)
1384 silly packumentCache full:https://registry.npmjs.org/@polka%2furl set size:undefined disposed:false
1385 silly placeDep ROOT duplexer@0.1.2 OK for: gzip-size@6.0.0 want: ^0.1.2
1386 silly placeDep ROOT @polka/url@1.0.0-next.29 OK for: sirv@2.0.4 want: ^1.0.0-next.24
1387 silly placeDep ROOT mrmime@2.0.1 OK for: sirv@2.0.4 want: ^2.0.0
1388 silly placeDep ROOT totalist@3.0.1 OK for: sirv@2.0.4 want: ^3.0.0
1389 silly fetch manifest webpack-cli@4.x.x
1390 silly packumentCache full:https://registry.npmjs.org/webpack-cli cache-miss
1391 http cache https://registry.npmjs.org/webpack-cli 6ms (cache hit)
1392 silly packumentCache full:https://registry.npmjs.org/webpack-cli set size:562695 disposed:false
1393 silly fetch manifest webpack@4.x.x || 5.x.x
1394 silly packumentCache full:https://registry.npmjs.org/webpack cache-miss
1395 http cache https://registry.npmjs.org/webpack 11ms (cache hit)
1396 silly packumentCache full:https://registry.npmjs.org/webpack set size:5125589 disposed:false
1397 silly placeDep ROOT @webpack-cli/configtest@1.2.0 OK for: webpack-cli@4.10.0 want: ^1.2.0
1398 silly placeDep ROOT @webpack-cli/info@1.5.0 OK for: webpack-cli@4.10.0 want: ^1.5.0
1399 silly placeDep ROOT @webpack-cli/serve@1.7.0 OK for: webpack-cli@4.10.0 want: ^1.7.0
1400 silly placeDep ROOT colorette@2.0.20 OK for: webpack-cli@4.10.0 want: ^2.0.14
1401 silly placeDep node_modules/webpack-cli commander@7.2.0 OK for: webpack-cli@4.10.0 want: ^7.0.0
1402 silly placeDep ROOT fastest-levenshtein@1.0.16 OK for: webpack-cli@4.10.0 want: ^1.0.12
1403 silly placeDep ROOT import-local@3.2.0 OK for: webpack-cli@4.10.0 want: ^3.0.2
1404 silly placeDep ROOT interpret@2.2.0 OK for: webpack-cli@4.10.0 want: ^2.2.0
1405 silly placeDep ROOT rechoir@0.7.1 OK for: webpack-cli@4.10.0 want: ^0.7.0
1406 silly placeDep ROOT webpack-merge@5.10.0 OK for: webpack-cli@4.10.0 want: ^5.7.3
1407 silly fetch manifest envinfo@^7.7.3
1408 silly packumentCache full:https://registry.npmjs.org/envinfo cache-miss
1409 silly fetch manifest pkg-dir@^4.2.0
1410 silly packumentCache full:https://registry.npmjs.org/pkg-dir cache-miss
1411 silly fetch manifest resolve-cwd@^3.0.0
1412 silly packumentCache full:https://registry.npmjs.org/resolve-cwd cache-miss
1413 silly fetch manifest resolve@^1.9.0
1414 silly packumentCache full:https://registry.npmjs.org/resolve cache-miss
1415 silly fetch manifest flat@^5.0.2
1416 silly packumentCache full:https://registry.npmjs.org/flat cache-miss
1417 silly fetch manifest wildcard@^2.0.0
1418 silly packumentCache full:https://registry.npmjs.org/wildcard cache-miss
1419 silly fetch manifest clone-deep@^4.0.1
1420 silly packumentCache full:https://registry.npmjs.org/clone-deep cache-miss
1421 http fetch GET 200 https://registry.npmjs.org/pkg-dir 35ms (cache miss)
1422 silly packumentCache full:https://registry.npmjs.org/pkg-dir set size:undefined disposed:false
1423 http fetch GET 200 https://registry.npmjs.org/flat 47ms (cache miss)
1424 silly packumentCache full:https://registry.npmjs.org/flat set size:undefined disposed:false
1425 http fetch GET 200 https://registry.npmjs.org/wildcard 49ms (cache miss)
1426 silly packumentCache full:https://registry.npmjs.org/wildcard set size:undefined disposed:false
1427 http fetch GET 200 https://registry.npmjs.org/clone-deep 52ms (cache miss)
1428 silly packumentCache full:https://registry.npmjs.org/clone-deep set size:undefined disposed:false
1429 http fetch GET 200 https://registry.npmjs.org/resolve 53ms (cache miss)
1430 silly packumentCache full:https://registry.npmjs.org/resolve set size:undefined disposed:false
1431 http fetch GET 200 https://registry.npmjs.org/resolve-cwd 57ms (cache miss)
1432 silly packumentCache full:https://registry.npmjs.org/resolve-cwd set size:undefined disposed:false
1433 http fetch GET 200 https://registry.npmjs.org/envinfo 60ms (cache miss)
1434 silly packumentCache full:https://registry.npmjs.org/envinfo set size:undefined disposed:false
1435 silly placeDep ROOT envinfo@7.21.0 OK for: @webpack-cli/info@1.5.0 want: ^7.7.3
1436 silly placeDep ROOT pkg-dir@4.2.0 OK for: import-local@3.2.0 want: ^4.2.0
1437 silly placeDep ROOT resolve-cwd@3.0.0 OK for: import-local@3.2.0 want: ^3.0.0
1438 silly fetch manifest find-up@^4.0.0
1439 silly packumentCache full:https://registry.npmjs.org/find-up cache-miss
1440 silly fetch manifest resolve-from@^5.0.0
1441 silly packumentCache full:https://registry.npmjs.org/resolve-from cache-miss
1442 http cache https://registry.npmjs.org/resolve-from 4ms (cache hit)
1443 silly packumentCache full:https://registry.npmjs.org/resolve-from set size:12911 disposed:false
1444 http fetch GET 200 https://registry.npmjs.org/find-up 36ms (cache miss)
1445 silly packumentCache full:https://registry.npmjs.org/find-up set size:undefined disposed:false
1446 silly placeDep ROOT find-up@4.1.0 OK for: pkg-dir@4.2.0 want: ^4.0.0
1447 silly fetch manifest locate-path@^5.0.0
1448 silly packumentCache full:https://registry.npmjs.org/locate-path cache-miss
1449 silly fetch manifest path-exists@^4.0.0
1450 silly packumentCache full:https://registry.npmjs.org/path-exists cache-miss
1451 http fetch GET 200 https://registry.npmjs.org/path-exists 38ms (cache miss)
1452 silly packumentCache full:https://registry.npmjs.org/path-exists set size:undefined disposed:false
1453 http fetch GET 200 https://registry.npmjs.org/locate-path 43ms (cache miss)
1454 silly packumentCache full:https://registry.npmjs.org/locate-path set size:undefined disposed:false
1455 silly placeDep ROOT locate-path@5.0.0 OK for: find-up@4.1.0 want: ^5.0.0
1456 silly placeDep ROOT path-exists@4.0.0 OK for: find-up@4.1.0 want: ^4.0.0
1457 silly fetch manifest p-locate@^4.1.0
1458 silly packumentCache full:https://registry.npmjs.org/p-locate cache-miss
1459 http fetch GET 200 https://registry.npmjs.org/p-locate 38ms (cache miss)
1460 silly packumentCache full:https://registry.npmjs.org/p-locate set size:undefined disposed:false
1461 silly placeDep ROOT p-locate@4.1.0 OK for: locate-path@5.0.0 want: ^4.1.0
1462 silly fetch manifest p-limit@^2.2.0
1463 silly packumentCache full:https://registry.npmjs.org/p-limit cache-miss
1464 http fetch GET 200 https://registry.npmjs.org/p-limit 45ms (cache miss)
1465 silly packumentCache full:https://registry.npmjs.org/p-limit set size:undefined disposed:false
1466 silly placeDep ROOT p-limit@2.3.0 OK for: p-locate@4.1.0 want: ^2.2.0
1467 silly fetch manifest p-try@^2.0.0
1468 silly packumentCache full:https://registry.npmjs.org/p-try cache-miss
1469 http fetch GET 200 https://registry.npmjs.org/p-try 37ms (cache miss)
1470 silly packumentCache full:https://registry.npmjs.org/p-try set size:undefined disposed:false
1471 silly placeDep ROOT p-try@2.2.0 OK for: p-limit@2.3.0 want: ^2.0.0
1472 silly placeDep ROOT resolve@1.22.12 OK for: rechoir@0.7.1 want: ^1.9.0
1473 silly fetch manifest es-errors@^1.3.0
1474 silly packumentCache full:https://registry.npmjs.org/es-errors cache-miss
1475 silly fetch manifest path-parse@^1.0.7
1476 silly packumentCache full:https://registry.npmjs.org/path-parse cache-miss
1477 silly fetch manifest is-core-module@^2.16.1
1478 silly packumentCache full:https://registry.npmjs.org/is-core-module cache-miss
1479 silly fetch manifest supports-preserve-symlinks-flag@^1.0.0
1480 silly packumentCache full:https://registry.npmjs.org/supports-preserve-symlinks-flag cache-miss
1481 http fetch GET 200 https://registry.npmjs.org/es-errors 34ms (cache miss)
1482 silly packumentCache full:https://registry.npmjs.org/es-errors set size:undefined disposed:false
1483 http fetch GET 200 https://registry.npmjs.org/path-parse 43ms (cache miss)
1484 silly packumentCache full:https://registry.npmjs.org/path-parse set size:undefined disposed:false
1485 http fetch GET 200 https://registry.npmjs.org/is-core-module 44ms (cache miss)
1486 silly packumentCache full:https://registry.npmjs.org/is-core-module set size:undefined disposed:false
1487 http fetch GET 200 https://registry.npmjs.org/supports-preserve-symlinks-flag 49ms (cache miss)
1488 silly packumentCache full:https://registry.npmjs.org/supports-preserve-symlinks-flag set size:undefined disposed:false
1489 silly placeDep ROOT es-errors@1.3.0 OK for: resolve@1.22.12 want: ^1.3.0
1490 silly placeDep ROOT is-core-module@2.16.2 OK for: resolve@1.22.12 want: ^2.16.1
1491 silly placeDep ROOT path-parse@1.0.7 OK for: resolve@1.22.12 want: ^1.0.7
1492 silly placeDep ROOT supports-preserve-symlinks-flag@1.0.0 OK for: resolve@1.22.12 want: ^1.0.0
1493 silly fetch manifest hasown@^2.0.3
1494 silly packumentCache full:https://registry.npmjs.org/hasown cache-miss
1495 http fetch GET 200 https://registry.npmjs.org/hasown 39ms (cache miss)
1496 silly packumentCache full:https://registry.npmjs.org/hasown set size:undefined disposed:false
1497 silly placeDep ROOT hasown@2.0.4 OK for: is-core-module@2.16.2 want: ^2.0.3
1498 silly fetch manifest function-bind@^1.1.2
1499 silly packumentCache full:https://registry.npmjs.org/function-bind cache-miss
1500 http fetch GET 200 https://registry.npmjs.org/function-bind 36ms (cache miss)
1501 silly packumentCache full:https://registry.npmjs.org/function-bind set size:undefined disposed:false
1502 silly placeDep ROOT function-bind@1.1.2 OK for: hasown@2.0.4 want: ^1.1.2
1503 silly placeDep node_modules/resolve-cwd resolve-from@5.0.0 OK for: resolve-cwd@3.0.0 want: ^5.0.0
1504 silly fetch manifest utf-8-validate@>=5.0.2
1505 silly packumentCache full:https://registry.npmjs.org/utf-8-validate cache-miss
1506 http cache https://registry.npmjs.org/utf-8-validate 4ms (cache hit)
1507 silly packumentCache full:https://registry.npmjs.org/utf-8-validate set size:77012 disposed:false
1508 silly fetch manifest webpack@^4.37.0 || ^5.0.0
1509 silly packumentCache full:https://registry.npmjs.org/webpack cache-miss
1510 http cache https://registry.npmjs.org/webpack 12ms (cache hit)
1511 silly packumentCache full:https://registry.npmjs.org/webpack set size:5125589 disposed:false
1512 silly placeDep ROOT @types/bonjour@3.5.13 OK for: webpack-dev-server@4.15.2 want: ^3.5.9
1513 silly placeDep ROOT @types/connect-history-api-fallback@1.5.4 OK for: webpack-dev-server@4.15.2 want: ^1.3.5
1514 silly placeDep ROOT @types/express@4.17.25 OK for: webpack-dev-server@4.15.2 want: ^4.17.13
1515 silly placeDep ROOT @types/serve-index@1.9.4 OK for: webpack-dev-server@4.15.2 want: ^1.9.1
1516 silly placeDep ROOT @types/serve-static@1.15.10 OK for: webpack-dev-server@4.15.2 want: ^1.13.10
1517 silly placeDep ROOT @types/sockjs@0.3.36 OK for: webpack-dev-server@4.15.2 want: ^0.3.33
1518 silly placeDep ROOT @types/ws@8.18.1 OK for: webpack-dev-server@4.15.2 want: ^8.5.5
1519 silly placeDep ROOT ansi-html-community@0.0.8 OK for: webpack-dev-server@4.15.2 want: ^0.0.8
1520 silly placeDep ROOT bonjour-service@1.4.4 OK for: webpack-dev-server@4.15.2 want: ^1.0.11
1521 silly placeDep ROOT compression@1.8.1 OK for: webpack-dev-server@4.15.2 want: ^1.7.4
1522 silly placeDep ROOT connect-history-api-fallback@2.0.0 OK for: webpack-dev-server@4.15.2 want: ^2.0.0
1523 silly placeDep ROOT default-gateway@6.0.3 OK for: webpack-dev-server@4.15.2 want: ^6.0.3
1524 silly placeDep ROOT express@4.22.2 OK for: webpack-dev-server@4.15.2 want: ^4.17.3
1525 silly placeDep ROOT html-entities@2.6.0 OK for: webpack-dev-server@4.15.2 want: ^2.3.2
1526 silly placeDep ROOT http-proxy-middleware@2.0.10 OK for: webpack-dev-server@4.15.2 want: ^2.0.3
1527 silly placeDep ROOT ipaddr.js@2.5.0 OK for: webpack-dev-server@4.15.2 want: ^2.0.1
1528 silly placeDep ROOT launch-editor@2.14.1 OK for: webpack-dev-server@4.15.2 want: ^2.6.0
1529 silly placeDep ROOT open@8.4.2 OK for: webpack-dev-server@4.15.2 want: ^8.0.9
1530 silly placeDep ROOT p-retry@4.6.2 OK for: webpack-dev-server@4.15.2 want: ^4.5.0
1531 silly placeDep node_modules/webpack-dev-server rimraf@3.0.2 OK for: webpack-dev-server@4.15.2 want: ^3.0.2
1532 silly placeDep node_modules/webpack-dev-server schema-utils@4.3.3 OK for: webpack-dev-server@4.15.2 want: ^4.0.0
1533 silly placeDep ROOT selfsigned@2.4.1 OK for: webpack-dev-server@4.15.2 want: ^2.1.1
1534 silly placeDep ROOT serve-index@1.9.2 OK for: webpack-dev-server@4.15.2 want: ^1.9.1
1535 silly placeDep ROOT sockjs@0.3.24 OK for: webpack-dev-server@4.15.2 want: ^0.3.24
1536 silly placeDep ROOT spdy@4.0.2 OK for: webpack-dev-server@4.15.2 want: ^4.0.2
1537 silly placeDep ROOT webpack-dev-middleware@5.3.4 OK for: webpack-dev-server@4.15.2 want: ^5.3.4
1538 silly placeDep node_modules/webpack-dev-server ws@8.21.3 OK for: webpack-dev-server@4.15.2 want: ^8.13.0
1539 silly fetch manifest @types/express-serve-static-core@*
1540 silly packumentCache full:https://registry.npmjs.org/@types%2fexpress-serve-static-core cache-miss
1541 silly fetch manifest @types/qs@*
1542 silly packumentCache full:https://registry.npmjs.org/@types%2fqs cache-miss
1543 silly fetch manifest @types/body-parser@*
1544 silly packumentCache full:https://registry.npmjs.org/@types%2fbody-parser cache-miss
1545 silly fetch manifest @types/serve-static@^1
1546 silly packumentCache full:https://registry.npmjs.org/@types%2fserve-static cache-miss
1547 silly fetch manifest @types/express-serve-static-core@^4.17.33
1548 silly packumentCache full:https://registry.npmjs.org/@types%2fexpress-serve-static-core cache-miss
1549 silly fetch manifest @types/send@<1
1550 silly packumentCache full:https://registry.npmjs.org/@types%2fsend cache-miss
1551 silly fetch manifest @types/http-errors@*
1552 silly packumentCache full:https://registry.npmjs.org/@types%2fhttp-errors cache-miss
1553 silly fetch manifest multicast-dns@^7.2.5
1554 silly packumentCache full:https://registry.npmjs.org/multicast-dns cache-miss
1555 silly fetch manifest vary@~1.1.2
1556 silly packumentCache full:https://registry.npmjs.org/vary cache-miss
1557 silly fetch manifest bytes@3.1.2
1558 silly packumentCache full:https://registry.npmjs.org/bytes cache-miss
1559 silly fetch manifest debug@2.6.9
1560 silly packumentCache full:https://registry.npmjs.org/debug cache-miss
1561 http cache https://registry.npmjs.org/@types%2fserve-static 12ms (cache hit)
1562 silly packumentCache full:https://registry.npmjs.org/@types%2fserve-static set size:70859 disposed:false
1563 silly fetch manifest negotiator@~0.6.4
1564 silly packumentCache full:https://registry.npmjs.org/negotiator cache-miss
1565 http fetch GET 200 https://registry.npmjs.org/vary 41ms (cache miss)
1566 silly packumentCache full:https://registry.npmjs.org/vary set size:undefined disposed:false
1567 silly fetch manifest on-headers@~1.1.0
1568 silly packumentCache full:https://registry.npmjs.org/on-headers cache-miss
1569 http fetch GET 200 https://registry.npmjs.org/@types%2fsend 49ms (cache miss)
1570 silly packumentCache full:https://registry.npmjs.org/@types%2fsend set size:undefined disposed:false
1571 silly fetch manifest safe-buffer@5.2.1
1572 silly packumentCache full:https://registry.npmjs.org/safe-buffer cache-miss
1573 http fetch GET 200 https://registry.npmjs.org/@types%2fhttp-errors 51ms (cache miss)
1574 silly packumentCache full:https://registry.npmjs.org/@types%2fhttp-errors set size:undefined disposed:false
1575 silly fetch manifest compressible@~2.0.18
1576 silly packumentCache full:https://registry.npmjs.org/compressible cache-miss
1577 http fetch GET 200 https://registry.npmjs.org/@types%2fbody-parser 57ms (cache miss)
1578 silly packumentCache full:https://registry.npmjs.org/@types%2fbody-parser set size:undefined disposed:false
1579 silly fetch manifest execa@^5.0.0
1580 silly packumentCache full:https://registry.npmjs.org/execa cache-miss
1581 http fetch GET 200 https://registry.npmjs.org/negotiator 53ms (cache miss)
1582 silly packumentCache full:https://registry.npmjs.org/negotiator set size:undefined disposed:false
1583 silly fetch manifest qs@~6.15.1
1584 silly packumentCache full:https://registry.npmjs.org/qs cache-miss
1585 http fetch GET 200 https://registry.npmjs.org/bytes 66ms (cache miss)
1586 silly packumentCache full:https://registry.npmjs.org/bytes set size:undefined disposed:false
1587 silly fetch manifest depd@2.0.0
1588 silly packumentCache full:https://registry.npmjs.org/depd cache-miss
1589 http cache https://registry.npmjs.org/safe-buffer 20ms (cache hit)
1590 silly packumentCache full:https://registry.npmjs.org/safe-buffer set size:41183 disposed:false
1591 silly fetch manifest etag@~1.8.1
1592 silly packumentCache full:https://registry.npmjs.org/etag cache-miss
1593 http fetch GET 200 https://registry.npmjs.org/@types%2fexpress-serve-static-core 77ms (cache miss)
1594 silly packumentCache full:https://registry.npmjs.org/@types%2fexpress-serve-static-core set size:undefined disposed:false
1595 silly fetch manifest send@~0.19.0
1596 silly packumentCache full:https://registry.npmjs.org/send cache-miss
1597 http fetch GET 200 https://registry.npmjs.org/debug 79ms (cache miss)
1598 silly packumentCache full:https://registry.npmjs.org/debug set size:undefined disposed:false
1599 silly fetch manifest fresh@~0.5.2
1600 silly packumentCache full:https://registry.npmjs.org/fresh cache-miss
1601 http fetch GET 200 https://registry.npmjs.org/@types%2fqs 85ms (cache miss)
1602 silly packumentCache full:https://registry.npmjs.org/@types%2fqs set size:undefined disposed:false
1603 silly fetch manifest cookie@~0.7.1
1604 silly packumentCache full:https://registry.npmjs.org/cookie cache-miss
1605 http fetch GET 200 https://registry.npmjs.org/multicast-dns 87ms (cache miss)
1606 silly packumentCache full:https://registry.npmjs.org/multicast-dns set size:undefined disposed:false
1607 silly fetch manifest accepts@~1.3.8
1608 silly packumentCache full:https://registry.npmjs.org/accepts cache-miss
1609 http fetch GET 200 https://registry.npmjs.org/@types%2fexpress-serve-static-core 94ms (cache miss)
1610 silly packumentCache full:https://registry.npmjs.org/@types%2fexpress-serve-static-core set size:undefined disposed:false
1611 silly fetch manifest methods@~1.1.2
1612 silly packumentCache full:https://registry.npmjs.org/methods cache-miss
1613 http fetch GET 200 https://registry.npmjs.org/on-headers 57ms (cache miss)
1614 silly packumentCache full:https://registry.npmjs.org/on-headers set size:undefined disposed:false
1615 silly fetch manifest type-is@~1.6.18
1616 silly packumentCache full:https://registry.npmjs.org/type-is cache-miss
1617 http fetch GET 200 https://registry.npmjs.org/compressible 50ms (cache miss)
1618 silly packumentCache full:https://registry.npmjs.org/compressible set size:undefined disposed:false
1619 silly fetch manifest parseurl@~1.3.3
1620 silly packumentCache full:https://registry.npmjs.org/parseurl cache-miss
1621 http fetch GET 200 https://registry.npmjs.org/execa 51ms (cache miss)
1622 silly packumentCache full:https://registry.npmjs.org/execa set size:undefined disposed:false
1623 silly fetch manifest statuses@~2.0.1
1624 silly packumentCache full:https://registry.npmjs.org/statuses cache-miss
1625 http fetch GET 200 https://registry.npmjs.org/etag 41ms (cache miss)
1626 silly packumentCache full:https://registry.npmjs.org/etag set size:undefined disposed:false
1627 silly fetch manifest encodeurl@~2.0.0
1628 silly packumentCache full:https://registry.npmjs.org/encodeurl cache-miss
1629 http fetch GET 200 https://registry.npmjs.org/depd 49ms (cache miss)
1630 silly packumentCache full:https://registry.npmjs.org/depd set size:undefined disposed:false
1631 silly fetch manifest proxy-addr@~2.0.7
1632 silly packumentCache full:https://registry.npmjs.org/proxy-addr cache-miss
1633 http fetch GET 200 https://registry.npmjs.org/fresh 38ms (cache miss)
1634 silly packumentCache full:https://registry.npmjs.org/fresh set size:undefined disposed:false
1635 silly fetch manifest body-parser@~1.20.5
1636 silly packumentCache full:https://registry.npmjs.org/body-parser cache-miss
1637 http fetch GET 200 https://registry.npmjs.org/accepts 50ms (cache miss)
1638 silly packumentCache full:https://registry.npmjs.org/accepts set size:undefined disposed:false
1639 silly fetch manifest escape-html@~1.0.3
1640 silly packumentCache full:https://registry.npmjs.org/escape-html cache-miss
1641 http fetch GET 200 https://registry.npmjs.org/type-is 46ms (cache miss)
1642 silly packumentCache full:https://registry.npmjs.org/type-is set size:undefined disposed:false
1643 silly fetch manifest http-errors@~2.0.0
1644 silly packumentCache full:https://registry.npmjs.org/http-errors cache-miss
1645 http fetch GET 200 https://registry.npmjs.org/parseurl 45ms (cache miss)
1646 silly packumentCache full:https://registry.npmjs.org/parseurl set size:undefined disposed:false
1647 silly fetch manifest on-finished@~2.4.1
1648 silly packumentCache full:https://registry.npmjs.org/on-finished cache-miss
1649 http fetch GET 200 https://registry.npmjs.org/methods 57ms (cache miss)
1650 silly packumentCache full:https://registry.npmjs.org/methods set size:undefined disposed:false
1651 silly fetch manifest utils-merge@1.0.1
1652 silly packumentCache full:https://registry.npmjs.org/utils-merge cache-miss
1653 http fetch GET 200 https://registry.npmjs.org/cookie 71ms (cache miss)
1654 silly packumentCache full:https://registry.npmjs.org/cookie set size:undefined disposed:false
1655 silly fetch manifest content-type@~1.0.4
1656 silly packumentCache full:https://registry.npmjs.org/content-type cache-miss
1657 http fetch GET 200 https://registry.npmjs.org/statuses 54ms (cache miss)
1658 silly packumentCache full:https://registry.npmjs.org/statuses set size:undefined disposed:false
1659 silly fetch manifest finalhandler@~1.3.1
1660 silly packumentCache full:https://registry.npmjs.org/finalhandler cache-miss
1661 http fetch GET 200 https://registry.npmjs.org/encodeurl 52ms (cache miss)
1662 silly packumentCache full:https://registry.npmjs.org/encodeurl set size:undefined disposed:false
1663 silly fetch manifest range-parser@~1.2.1
1664 silly packumentCache full:https://registry.npmjs.org/range-parser cache-miss
1665 http fetch GET 200 https://registry.npmjs.org/send 90ms (cache miss)
1666 silly packumentCache full:https://registry.npmjs.org/send set size:undefined disposed:false
1667 silly fetch manifest serve-static@~1.16.2
1668 silly packumentCache full:https://registry.npmjs.org/serve-static cache-miss
1669 http fetch GET 200 https://registry.npmjs.org/proxy-addr 52ms (cache miss)
1670 silly packumentCache full:https://registry.npmjs.org/proxy-addr set size:undefined disposed:false
1671 silly fetch manifest array-flatten@1.1.1
1672 silly packumentCache full:https://registry.npmjs.org/array-flatten cache-miss
1673 http fetch GET 200 https://registry.npmjs.org/qs 109ms (cache miss)
1674 silly packumentCache full:https://registry.npmjs.org/qs set size:undefined disposed:false
1675 silly fetch manifest path-to-regexp@~0.1.12
1676 silly packumentCache full:https://registry.npmjs.org/path-to-regexp cache-miss
1677 http fetch GET 200 https://registry.npmjs.org/body-parser 61ms (cache miss)
1678 silly packumentCache full:https://registry.npmjs.org/body-parser set size:undefined disposed:false
1679 silly fetch manifest setprototypeof@1.2.0
1680 silly packumentCache full:https://registry.npmjs.org/setprototypeof cache-miss
1681 http fetch GET 200 https://registry.npmjs.org/escape-html 54ms (cache miss)
1682 silly packumentCache full:https://registry.npmjs.org/escape-html set size:undefined disposed:false
1683 silly fetch manifest cookie-signature@~1.0.6
1684 silly packumentCache full:https://registry.npmjs.org/cookie-signature cache-miss
1685 http fetch GET 200 https://registry.npmjs.org/on-finished 47ms (cache miss)
1686 silly packumentCache full:https://registry.npmjs.org/on-finished set size:undefined disposed:false
1687 silly fetch manifest merge-descriptors@1.0.3
1688 silly packumentCache full:https://registry.npmjs.org/merge-descriptors cache-miss
1689 http fetch GET 200 https://registry.npmjs.org/http-errors 55ms (cache miss)
1690 silly packumentCache full:https://registry.npmjs.org/http-errors set size:undefined disposed:false
1691 silly fetch manifest content-disposition@~0.5.4
1692 silly packumentCache full:https://registry.npmjs.org/content-disposition cache-miss
1693 http fetch GET 200 https://registry.npmjs.org/content-type 48ms (cache miss)
1694 silly packumentCache full:https://registry.npmjs.org/content-type set size:undefined disposed:false
1695 silly fetch manifest http-proxy@^1.18.1
1696 silly packumentCache full:https://registry.npmjs.org/http-proxy cache-miss
1697 http fetch GET 200 https://registry.npmjs.org/utils-merge 53ms (cache miss)
1698 silly packumentCache full:https://registry.npmjs.org/utils-merge set size:undefined disposed:false
1699 silly fetch manifest is-plain-obj@^3.0.0
1700 silly packumentCache full:https://registry.npmjs.org/is-plain-obj cache-miss
1701 http fetch GET 200 https://registry.npmjs.org/finalhandler 51ms (cache miss)
1702 silly packumentCache full:https://registry.npmjs.org/finalhandler set size:undefined disposed:false
1703 silly fetch manifest @types/http-proxy@^1.17.8
1704 silly packumentCache full:https://registry.npmjs.org/@types%2fhttp-proxy cache-miss
1705 http fetch GET 200 https://registry.npmjs.org/array-flatten 50ms (cache miss)
1706 silly packumentCache full:https://registry.npmjs.org/array-flatten set size:undefined disposed:false
1707 silly fetch manifest shell-quote@^1.8.4
1708 silly packumentCache full:https://registry.npmjs.org/shell-quote cache-miss
1709 http fetch GET 200 https://registry.npmjs.org/range-parser 57ms (cache miss)
1710 silly packumentCache full:https://registry.npmjs.org/range-parser set size:undefined disposed:false
1711 silly fetch manifest is-wsl@^2.2.0
1712 silly packumentCache full:https://registry.npmjs.org/is-wsl cache-miss
1713 http fetch GET 200 https://registry.npmjs.org/setprototypeof 39ms (cache miss)
1714 silly packumentCache full:https://registry.npmjs.org/setprototypeof set size:undefined disposed:false
1715 silly fetch manifest is-docker@^2.1.1
1716 silly packumentCache full:https://registry.npmjs.org/is-docker cache-miss
1717 http fetch GET 200 https://registry.npmjs.org/serve-static 65ms (cache miss)
1718 silly packumentCache full:https://registry.npmjs.org/serve-static set size:undefined disposed:false
1719 silly fetch manifest define-lazy-prop@^2.0.0
1720 silly packumentCache full:https://registry.npmjs.org/define-lazy-prop cache-miss
1721 http fetch GET 200 https://registry.npmjs.org/path-to-regexp 58ms (cache miss)
1722 silly packumentCache full:https://registry.npmjs.org/path-to-regexp set size:undefined disposed:false
1723 silly fetch manifest retry@^0.13.1
1724 silly packumentCache full:https://registry.npmjs.org/retry cache-miss
1725 http fetch GET 200 https://registry.npmjs.org/cookie-signature 48ms (cache miss)
1726 silly packumentCache full:https://registry.npmjs.org/cookie-signature set size:undefined disposed:false
1727 silly fetch manifest @types/retry@0.12.0
1728 silly packumentCache full:https://registry.npmjs.org/@types%2fretry cache-miss
1729 http fetch GET 200 https://registry.npmjs.org/merge-descriptors 50ms (cache miss)
1730 silly packumentCache full:https://registry.npmjs.org/merge-descriptors set size:undefined disposed:false
1731 silly fetch manifest node-forge@^1
1732 silly packumentCache full:https://registry.npmjs.org/node-forge cache-miss
1733 http fetch GET 200 https://registry.npmjs.org/is-plain-obj 44ms (cache miss)
1734 silly packumentCache full:https://registry.npmjs.org/is-plain-obj set size:undefined disposed:false
1735 silly fetch manifest @types/node-forge@^1.3.0
1736 silly packumentCache full:https://registry.npmjs.org/@types%2fnode-forge cache-miss
1737 http fetch GET 200 https://registry.npmjs.org/content-disposition 54ms (cache miss)
1738 silly packumentCache full:https://registry.npmjs.org/content-disposition set size:undefined disposed:false
1739 silly fetch manifest batch@0.6.1
1740 silly packumentCache full:https://registry.npmjs.org/batch cache-miss
1741 http fetch GET 200 https://registry.npmjs.org/is-docker 35ms (cache miss)
1742 silly packumentCache full:https://registry.npmjs.org/is-docker set size:undefined disposed:false
1743 silly fetch manifest http-errors@~1.8.0
1744 silly packumentCache full:https://registry.npmjs.org/http-errors cache-miss
1745 http fetch GET 200 https://registry.npmjs.org/is-wsl 42ms (cache miss)
1746 silly packumentCache full:https://registry.npmjs.org/is-wsl set size:undefined disposed:false
1747 silly fetch manifest mime-types@~2.1.35
1748 silly packumentCache full:https://registry.npmjs.org/mime-types cache-miss
1749 http cache https://registry.npmjs.org/http-errors 6ms (cache hit)
1750 silly packumentCache full:https://registry.npmjs.org/http-errors set size:71987 disposed:false
1751 silly fetch manifest faye-websocket@^0.11.3
1752 silly packumentCache full:https://registry.npmjs.org/faye-websocket cache-miss
1753 http fetch GET 200 https://registry.npmjs.org/http-proxy 68ms (cache miss)
1754 silly packumentCache full:https://registry.npmjs.org/http-proxy set size:undefined disposed:false
1755 silly fetch manifest uuid@^8.3.2
1756 silly packumentCache full:https://registry.npmjs.org/uuid cache-miss
1757 http fetch GET 200 https://registry.npmjs.org/@types%2fhttp-proxy 67ms (cache miss)
1758 silly packumentCache full:https://registry.npmjs.org/@types%2fhttp-proxy set size:undefined disposed:false
1759 silly fetch manifest websocket-driver@^0.7.4
1760 silly packumentCache full:https://registry.npmjs.org/websocket-driver cache-miss
1761 http fetch GET 200 https://registry.npmjs.org/shell-quote 62ms (cache miss)
1762 silly packumentCache full:https://registry.npmjs.org/shell-quote set size:undefined disposed:false
1763 silly fetch manifest debug@^4.1.0
1764 silly packumentCache full:https://registry.npmjs.org/debug cache-miss
1765 http fetch GET 200 https://registry.npmjs.org/define-lazy-prop 52ms (cache miss)
1766 silly packumentCache full:https://registry.npmjs.org/define-lazy-prop set size:undefined disposed:false
1767 silly fetch manifest handle-thing@^2.0.0
1768 silly packumentCache full:https://registry.npmjs.org/handle-thing cache-miss
1769 http cache https://registry.npmjs.org/debug 7ms (cache hit)
1770 silly packumentCache full:https://registry.npmjs.org/debug set size:195840 disposed:false
1771 silly fetch manifest http-deceiver@^1.2.7
1772 silly packumentCache full:https://registry.npmjs.org/http-deceiver cache-miss
1773 http fetch GET 200 https://registry.npmjs.org/retry 62ms (cache miss)
1774 silly packumentCache full:https://registry.npmjs.org/retry set size:undefined disposed:false
1775 silly fetch manifest select-hose@^2.0.0
1776 silly packumentCache full:https://registry.npmjs.org/select-hose cache-miss
1777 http fetch GET 200 https://registry.npmjs.org/batch 46ms (cache miss)
1778 silly packumentCache full:https://registry.npmjs.org/batch set size:undefined disposed:false
1779 silly fetch manifest spdy-transport@^3.0.0
1780 silly packumentCache full:https://registry.npmjs.org/spdy-transport cache-miss
1781 http fetch GET 200 https://registry.npmjs.org/@types%2fretry 66ms (cache miss)
1782 silly packumentCache full:https://registry.npmjs.org/@types%2fretry set size:undefined disposed:false
1783 silly fetch manifest memfs@^3.4.3
1784 silly packumentCache full:https://registry.npmjs.org/memfs cache-miss
1785 http fetch GET 200 https://registry.npmjs.org/node-forge 64ms (cache miss)
1786 silly packumentCache full:https://registry.npmjs.org/node-forge set size:undefined disposed:false
1787 silly fetch manifest mime-types@^2.1.31
1788 silly packumentCache full:https://registry.npmjs.org/mime-types cache-miss
1789 http fetch GET 200 https://registry.npmjs.org/mime-types 53ms (cache miss)
1790 silly packumentCache full:https://registry.npmjs.org/mime-types set size:undefined disposed:false
1791 silly fetch manifest range-parser@^1.2.1
1792 silly packumentCache full:https://registry.npmjs.org/range-parser cache-miss
1793 http fetch GET 200 https://registry.npmjs.org/faye-websocket 53ms (cache miss)
1794 silly packumentCache full:https://registry.npmjs.org/faye-websocket set size:undefined disposed:false
1795 http fetch GET 200 https://registry.npmjs.org/websocket-driver 40ms (cache miss)
1796 silly packumentCache full:https://registry.npmjs.org/websocket-driver set size:undefined disposed:false
1797 http fetch GET 200 https://registry.npmjs.org/@types%2fnode-forge 74ms (cache miss)
1798 silly packumentCache full:https://registry.npmjs.org/@types%2fnode-forge set size:undefined disposed:false
1799 http cache https://registry.npmjs.org/range-parser 7ms (cache hit)
1800 silly packumentCache full:https://registry.npmjs.org/range-parser set size:24852 disposed:false
1801 http fetch GET 200 https://registry.npmjs.org/http-deceiver 94ms (cache miss)
1802 silly packumentCache full:https://registry.npmjs.org/http-deceiver set size:undefined disposed:false
1803 http fetch GET 200 https://registry.npmjs.org/handle-thing 105ms (cache miss)
1804 silly packumentCache full:https://registry.npmjs.org/handle-thing set size:undefined disposed:false
1805 http fetch GET 200 https://registry.npmjs.org/select-hose 93ms (cache miss)
1806 silly packumentCache full:https://registry.npmjs.org/select-hose set size:undefined disposed:false
1807 http fetch GET 200 https://registry.npmjs.org/uuid 120ms (cache miss)
1808 silly packumentCache full:https://registry.npmjs.org/uuid set size:undefined disposed:false
1809 http fetch GET 200 https://registry.npmjs.org/spdy-transport 95ms (cache miss)
1810 silly packumentCache full:https://registry.npmjs.org/spdy-transport set size:undefined disposed:false
1811 http fetch GET 200 https://registry.npmjs.org/mime-types 87ms (cache miss)
1812 silly packumentCache full:https://registry.npmjs.org/mime-types set size:undefined disposed:false
1813 http fetch GET 200 https://registry.npmjs.org/memfs 101ms (cache miss)
1814 silly packumentCache full:https://registry.npmjs.org/memfs set size:undefined disposed:false
1815 silly placeDep ROOT @types/express-serve-static-core@5.1.3 OK for: @types/connect-history-api-fallback@1.5.4 want: *
1816 silly fetch manifest @types/send@*
1817 silly packumentCache full:https://registry.npmjs.org/@types%2fsend cache-miss
1818 silly fetch manifest @types/range-parser@*
1819 silly packumentCache full:https://registry.npmjs.org/@types%2frange-parser cache-miss
1820 http cache https://registry.npmjs.org/@types%2fsend 5ms (cache hit)
1821 silly packumentCache full:https://registry.npmjs.org/@types%2fsend set size:29985 disposed:false
1822 http fetch GET 200 https://registry.npmjs.org/@types%2frange-parser 46ms (cache miss)
1823 silly packumentCache full:https://registry.npmjs.org/@types%2frange-parser set size:undefined disposed:false
1824 silly placeDep ROOT @types/body-parser@1.19.6 OK for: @types/express@4.17.25 want: *
1825 silly placeDep node_modules/@types/express @types/express-serve-static-core@4.19.9 OK for: @types/express@4.17.25 want: ^4.17.33
1826 silly placeDep ROOT @types/qs@6.15.1 OK for: @types/express@4.17.25 want: *
1827 silly fetch manifest @types/connect@*
1828 silly packumentCache full:https://registry.npmjs.org/@types%2fconnect cache-miss
1829 http fetch GET 200 https://registry.npmjs.org/@types%2fconnect 50ms (cache miss)
1830 silly packumentCache full:https://registry.npmjs.org/@types%2fconnect set size:undefined disposed:false
1831 silly placeDep ROOT @types/connect@3.4.38 OK for: @types/body-parser@1.19.6 want: *
1832 silly placeDep ROOT @types/range-parser@1.2.7 OK for: @types/express-serve-static-core@5.1.3 want: *
1833 silly placeDep ROOT @types/send@1.2.1 OK for: @types/express-serve-static-core@5.1.3 want: *
1834 silly placeDep ROOT @types/http-errors@2.0.5 OK for: @types/serve-static@1.15.10 want: *
1835 silly placeDep node_modules/@types/serve-static @types/send@0.17.6 OK for: @types/serve-static@1.15.10 want: <1
1836 silly fetch manifest @types/mime@^1
1837 silly packumentCache full:https://registry.npmjs.org/@types%2fmime cache-miss
1838 http fetch GET 200 https://registry.npmjs.org/@types%2fmime 55ms (cache miss)
1839 silly packumentCache full:https://registry.npmjs.org/@types%2fmime set size:undefined disposed:false
1840 silly placeDep ROOT multicast-dns@7.2.5 OK for: bonjour-service@1.4.4 want: ^7.2.5
1841 silly fetch manifest thunky@^1.0.2
1842 silly packumentCache full:https://registry.npmjs.org/thunky cache-miss
1843 silly fetch manifest dns-packet@^5.2.2
1844 silly packumentCache full:https://registry.npmjs.org/dns-packet cache-miss
1845 http fetch GET 200 https://registry.npmjs.org/thunky 43ms (cache miss)
1846 silly packumentCache full:https://registry.npmjs.org/thunky set size:undefined disposed:false
1847 http fetch GET 200 https://registry.npmjs.org/dns-packet 46ms (cache miss)
1848 silly packumentCache full:https://registry.npmjs.org/dns-packet set size:undefined disposed:false
1849 silly placeDep ROOT bytes@3.1.2 OK for: compression@1.8.1 want: 3.1.2
1850 silly placeDep ROOT compressible@2.0.18 OK for: compression@1.8.1 want: ~2.0.18
1851 silly placeDep ROOT debug@2.6.9 OK for: compression@1.8.1 want: 2.6.9
1852 silly placeDep ROOT negotiator@0.6.4 OK for: compression@1.8.1 want: ~0.6.4
1853 silly placeDep ROOT on-headers@1.1.0 OK for: compression@1.8.1 want: ~1.1.0
1854 silly placeDep node_modules/compression safe-buffer@5.2.1 OK for: compression@1.8.1 want: 5.2.1
1855 silly placeDep ROOT vary@1.1.2 OK for: compression@1.8.1 want: ~1.1.2
1856 silly fetch manifest ms@2.0.0
1857 silly packumentCache full:https://registry.npmjs.org/ms cache-miss
1858 http fetch GET 200 https://registry.npmjs.org/ms 34ms (cache miss)
1859 silly packumentCache full:https://registry.npmjs.org/ms set size:undefined disposed:false
1860 silly placeDep ROOT ms@2.0.0 OK for: debug@2.6.9 want: 2.0.0
1861 silly placeDep ROOT execa@5.1.1 OK for: default-gateway@6.0.3 want: ^5.0.0
1862 silly fetch manifest onetime@^5.1.2
1863 silly packumentCache full:https://registry.npmjs.org/onetime cache-miss
1864 silly fetch manifest is-stream@^2.0.0
1865 silly packumentCache full:https://registry.npmjs.org/is-stream cache-miss
1866 silly fetch manifest get-stream@^6.0.0
1867 silly packumentCache full:https://registry.npmjs.org/get-stream cache-miss
1868 silly fetch manifest signal-exit@^3.0.3
1869 silly packumentCache full:https://registry.npmjs.org/signal-exit cache-miss
1870 silly fetch manifest npm-run-path@^4.0.1
1871 silly packumentCache full:https://registry.npmjs.org/npm-run-path cache-miss
1872 silly fetch manifest human-signals@^2.1.0
1873 silly packumentCache full:https://registry.npmjs.org/human-signals cache-miss
1874 silly fetch manifest strip-final-newline@^2.0.0
1875 silly packumentCache full:https://registry.npmjs.org/strip-final-newline cache-miss
1876 http fetch GET 200 https://registry.npmjs.org/get-stream 49ms (cache miss)
1877 silly packumentCache full:https://registry.npmjs.org/get-stream set size:undefined disposed:false
1878 http fetch GET 200 https://registry.npmjs.org/is-stream 51ms (cache miss)
1879 silly packumentCache full:https://registry.npmjs.org/is-stream set size:undefined disposed:false
1880 http fetch GET 200 https://registry.npmjs.org/human-signals 56ms (cache miss)
1881 silly packumentCache full:https://registry.npmjs.org/human-signals set size:undefined disposed:false
1882 http fetch GET 200 https://registry.npmjs.org/signal-exit 59ms (cache miss)
1883 silly packumentCache full:https://registry.npmjs.org/signal-exit set size:undefined disposed:false
1884 http fetch GET 200 https://registry.npmjs.org/strip-final-newline 60ms (cache miss)
1885 silly packumentCache full:https://registry.npmjs.org/strip-final-newline set size:undefined disposed:false
1886 http fetch GET 200 https://registry.npmjs.org/onetime 62ms (cache miss)
1887 silly packumentCache full:https://registry.npmjs.org/onetime set size:undefined disposed:false
1888 http fetch GET 200 https://registry.npmjs.org/npm-run-path 63ms (cache miss)
1889 silly packumentCache full:https://registry.npmjs.org/npm-run-path set size:undefined disposed:false
1890 silly placeDep ROOT get-stream@6.0.1 OK for: execa@5.1.1 want: ^6.0.0
1891 silly placeDep ROOT human-signals@2.1.0 OK for: execa@5.1.1 want: ^2.1.0
1892 silly placeDep ROOT is-stream@2.0.1 OK for: execa@5.1.1 want: ^2.0.0
1893 silly placeDep ROOT npm-run-path@4.0.1 OK for: execa@5.1.1 want: ^4.0.1
1894 silly placeDep ROOT onetime@5.1.2 OK for: execa@5.1.1 want: ^5.1.2
1895 silly placeDep ROOT signal-exit@3.0.7 OK for: execa@5.1.1 want: ^3.0.3
1896 silly placeDep ROOT strip-final-newline@2.0.0 OK for: execa@5.1.1 want: ^2.0.0
1897 silly fetch manifest mimic-fn@^2.1.0
1898 silly packumentCache full:https://registry.npmjs.org/mimic-fn cache-miss
1899 http fetch GET 200 https://registry.npmjs.org/mimic-fn 49ms (cache miss)
1900 silly packumentCache full:https://registry.npmjs.org/mimic-fn set size:undefined disposed:false
1901 silly placeDep ROOT accepts@1.3.8 OK for: express@4.22.2 want: ~1.3.8
1902 silly placeDep ROOT array-flatten@1.1.1 OK for: express@4.22.2 want: 1.1.1
1903 silly placeDep ROOT body-parser@1.20.6 OK for: express@4.22.2 want: ~1.20.5
1904 silly placeDep ROOT content-disposition@0.5.4 OK for: express@4.22.2 want: ~0.5.4
1905 silly placeDep ROOT content-type@1.0.5 OK for: express@4.22.2 want: ~1.0.4
1906 silly placeDep ROOT cookie@0.7.2 OK for: express@4.22.2 want: ~0.7.1
1907 silly placeDep ROOT cookie-signature@1.0.7 OK for: express@4.22.2 want: ~1.0.6
1908 silly placeDep ROOT depd@2.0.0 OK for: express@4.22.2 want: 2.0.0
1909 silly placeDep ROOT encodeurl@2.0.0 OK for: express@4.22.2 want: ~2.0.0
1910 silly placeDep ROOT escape-html@1.0.3 OK for: express@4.22.2 want: ~1.0.3
1911 silly placeDep ROOT etag@1.8.1 OK for: express@4.22.2 want: ~1.8.1
1912 silly placeDep ROOT finalhandler@1.3.2 OK for: express@4.22.2 want: ~1.3.1
1913 silly placeDep ROOT fresh@0.5.2 OK for: express@4.22.2 want: ~0.5.2
1914 silly placeDep ROOT http-errors@2.0.1 OK for: express@4.22.2 want: ~2.0.0
1915 silly placeDep ROOT merge-descriptors@1.0.3 OK for: express@4.22.2 want: 1.0.3
1916 silly placeDep ROOT methods@1.1.2 OK for: express@4.22.2 want: ~1.1.2
1917 silly placeDep ROOT on-finished@2.4.1 OK for: express@4.22.2 want: ~2.4.1
1918 silly placeDep ROOT parseurl@1.3.3 OK for: express@4.22.2 want: ~1.3.3
1919 silly placeDep ROOT path-to-regexp@0.1.13 OK for: express@4.22.2 want: ~0.1.12
1920 silly placeDep ROOT proxy-addr@2.0.7 OK for: express@4.22.2 want: ~2.0.7
1921 silly placeDep ROOT qs@6.15.3 OK for: express@4.22.2 want: ~6.15.1
1922 silly placeDep ROOT range-parser@1.2.1 OK for: express@4.22.2 want: ~1.2.1
1923 silly placeDep node_modules/express safe-buffer@5.2.1 OK for: express@4.22.2 want: 5.2.1
1924 silly placeDep ROOT send@0.19.2 OK for: express@4.22.2 want: ~0.19.0
1925 silly placeDep ROOT serve-static@1.16.3 OK for: express@4.22.2 want: ~1.16.2
1926 silly placeDep ROOT setprototypeof@1.2.0 OK for: express@4.22.2 want: 1.2.0
1927 silly placeDep ROOT statuses@2.0.2 OK for: express@4.22.2 want: ~2.0.1
1928 silly placeDep ROOT type-is@1.6.18 OK for: express@4.22.2 want: ~1.6.18
1929 silly placeDep ROOT utils-merge@1.0.1 OK for: express@4.22.2 want: 1.0.1
1930 silly fetch manifest mime-types@~2.1.34
1931 silly packumentCache full:https://registry.npmjs.org/mime-types cache-miss
1932 silly fetch manifest negotiator@0.6.3
1933 silly packumentCache full:https://registry.npmjs.org/negotiator cache-miss
1934 silly fetch manifest unpipe@~1.0.0
1935 silly packumentCache full:https://registry.npmjs.org/unpipe cache-miss
1936 silly fetch manifest destroy@~1.2.0
1937 silly packumentCache full:https://registry.npmjs.org/destroy cache-miss
1938 silly fetch manifest raw-body@~2.5.3
1939 silly packumentCache full:https://registry.npmjs.org/raw-body cache-miss
1940 silly fetch manifest iconv-lite@~0.4.24
1941 silly packumentCache full:https://registry.npmjs.org/iconv-lite cache-miss
1942 silly fetch manifest http-errors@~2.0.1
1943 silly packumentCache full:https://registry.npmjs.org/http-errors cache-hit
1944 silly fetch manifest content-type@~1.0.5
1945 silly packumentCache full:https://registry.npmjs.org/content-type cache-miss
1946 silly fetch manifest unpipe@~1.0.0
1947 silly packumentCache full:https://registry.npmjs.org/unpipe cache-miss
1948 silly fetch manifest statuses@~2.0.2
1949 silly packumentCache full:https://registry.npmjs.org/statuses cache-miss
1950 silly fetch manifest setprototypeof@~1.2.0
1951 silly packumentCache full:https://registry.npmjs.org/setprototypeof cache-miss
1952 silly fetch manifest statuses@~2.0.2
1953 silly packumentCache full:https://registry.npmjs.org/statuses cache-miss
1954 http cache https://registry.npmjs.org/mime-types 16ms (cache hit)
1955 silly packumentCache full:https://registry.npmjs.org/mime-types set size:139110 disposed:false
1956 silly fetch manifest toidentifier@~1.0.1
1957 silly packumentCache full:https://registry.npmjs.org/toidentifier cache-miss
1958 http cache https://registry.npmjs.org/negotiator 19ms (cache hit)
1959 silly packumentCache full:https://registry.npmjs.org/negotiator set size:48046 disposed:false
1960 silly fetch manifest ee-first@1.1.1
1961 silly packumentCache full:https://registry.npmjs.org/ee-first cache-miss
1962 http cache https://registry.npmjs.org/content-type 18ms (cache hit)
1963 silly packumentCache full:https://registry.npmjs.org/content-type set size:21479 disposed:false
1964 silly fetch manifest forwarded@0.2.0
1965 silly packumentCache full:https://registry.npmjs.org/forwarded cache-miss
1966 http cache https://registry.npmjs.org/statuses 18ms (cache hit)
1967 silly packumentCache full:https://registry.npmjs.org/statuses set size:37117 disposed:false
1968 silly fetch manifest ipaddr.js@1.9.1
1969 silly packumentCache full:https://registry.npmjs.org/ipaddr.js cache-miss
1970 http cache https://registry.npmjs.org/setprototypeof 20ms (cache hit)
1971 silly packumentCache full:https://registry.npmjs.org/setprototypeof set size:14532 disposed:false
1972 silly fetch manifest side-channel@^1.1.1
1973 silly packumentCache full:https://registry.npmjs.org/side-channel cache-miss
1974 http cache https://registry.npmjs.org/statuses 21ms (cache hit)
1975 silly packumentCache full:https://registry.npmjs.org/statuses set size:37117 disposed:false
1976 silly packumentCache full:https://registry.npmjs.org/statuses dispose
1977 silly fetch manifest es-define-property@^1.0.1
1978 silly packumentCache full:https://registry.npmjs.org/es-define-property cache-miss
1979 http cache https://registry.npmjs.org/ipaddr.js 10ms (cache hit)
1980 silly packumentCache full:https://registry.npmjs.org/ipaddr.js set size:84329 disposed:false
1981 silly fetch manifest ms@2.1.3
1982 silly packumentCache full:https://registry.npmjs.org/ms cache-miss
1983 http cache https://registry.npmjs.org/ms 7ms (cache hit)
1984 silly packumentCache full:https://registry.npmjs.org/ms set size:92208 disposed:false
1985 silly fetch manifest mime@1.6.0
1986 silly packumentCache full:https://registry.npmjs.org/mime cache-miss
1987 http fetch GET 200 https://registry.npmjs.org/unpipe 46ms (cache miss)
1988 silly packumentCache full:https://registry.npmjs.org/unpipe set size:undefined disposed:false
1989 silly fetch manifest destroy@1.2.0
1990 silly packumentCache full:https://registry.npmjs.org/destroy cache-miss
1991 http fetch GET 200 https://registry.npmjs.org/unpipe 56ms (cache miss)
1992 silly packumentCache full:https://registry.npmjs.org/unpipe set size:undefined disposed:false
1993 silly fetch manifest mime-types@~2.1.24
1994 silly packumentCache full:https://registry.npmjs.org/mime-types cache-hit
1995 silly fetch manifest media-typer@0.3.0
1996 silly packumentCache full:https://registry.npmjs.org/media-typer cache-miss
1997 http fetch GET 200 https://registry.npmjs.org/iconv-lite 60ms (cache miss)
1998 silly packumentCache full:https://registry.npmjs.org/iconv-lite set size:undefined disposed:false
1999 http fetch GET 200 https://registry.npmjs.org/destroy 64ms (cache miss)
2000 silly packumentCache full:https://registry.npmjs.org/destroy set size:undefined disposed:false
2001 http fetch GET 200 https://registry.npmjs.org/raw-body 65ms (cache miss)
2002 silly packumentCache full:https://registry.npmjs.org/raw-body set size:undefined disposed:false
2003 http fetch GET 200 https://registry.npmjs.org/ee-first 49ms (cache miss)
2004 silly packumentCache full:https://registry.npmjs.org/ee-first set size:undefined disposed:false
2005 http fetch GET 200 https://registry.npmjs.org/forwarded 49ms (cache miss)
2006 silly packumentCache full:https://registry.npmjs.org/forwarded set size:undefined disposed:false
2007 http fetch GET 200 https://registry.npmjs.org/toidentifier 54ms (cache miss)
2008 silly packumentCache full:https://registry.npmjs.org/toidentifier set size:undefined disposed:false
2009 http fetch GET 200 https://registry.npmjs.org/side-channel 49ms (cache miss)
2010 silly packumentCache full:https://registry.npmjs.org/side-channel set size:undefined disposed:false
2011 http fetch GET 200 https://registry.npmjs.org/es-define-property 49ms (cache miss)
2012 silly packumentCache full:https://registry.npmjs.org/es-define-property set size:undefined disposed:false
2013 http fetch GET 200 https://registry.npmjs.org/destroy 34ms (cache miss)
2014 silly packumentCache full:https://registry.npmjs.org/destroy set size:undefined disposed:false
2015 http fetch GET 200 https://registry.npmjs.org/mime 48ms (cache miss)
2016 silly packumentCache full:https://registry.npmjs.org/mime set size:undefined disposed:false
2017 http fetch GET 200 https://registry.npmjs.org/media-typer 34ms (cache miss)
2018 silly packumentCache full:https://registry.npmjs.org/media-typer set size:undefined disposed:false
2019 silly placeDep ROOT mime-types@2.1.35 OK for: accepts@1.3.8 want: ~2.1.34
2020 silly placeDep node_modules/accepts negotiator@0.6.3 OK for: accepts@1.3.8 want: 0.6.3
2021 silly fetch manifest mime-db@1.52.0
2022 silly packumentCache full:https://registry.npmjs.org/mime-db cache-miss
2023 http cache https://registry.npmjs.org/mime-db 5ms (cache hit)
2024 silly packumentCache full:https://registry.npmjs.org/mime-db set size:164953 disposed:false
2025 silly placeDep ROOT destroy@1.2.0 OK for: body-parser@1.20.6 want: ~1.2.0
2026 silly placeDep ROOT iconv-lite@0.4.24 OK for: body-parser@1.20.6 want: ~0.4.24
2027 silly placeDep ROOT raw-body@2.5.3 OK for: body-parser@1.20.6 want: ~2.5.3
2028 silly placeDep ROOT unpipe@1.0.0 OK for: body-parser@1.20.6 want: ~1.0.0
2029 silly fetch manifest safer-buffer@>= 2.1.2 < 3
2030 silly packumentCache full:https://registry.npmjs.org/safer-buffer cache-miss
2031 http fetch GET 200 https://registry.npmjs.org/safer-buffer 37ms (cache miss)
2032 silly packumentCache full:https://registry.npmjs.org/safer-buffer set size:undefined disposed:false
2033 silly placeDep node_modules/content-disposition safe-buffer@5.2.1 OK for: content-disposition@0.5.4 want: 5.2.1
2034 silly placeDep ROOT toidentifier@1.0.1 OK for: http-errors@2.0.1 want: ~1.0.1
2035 silly placeDep ROOT @types/http-proxy@1.17.17 OK for: http-proxy-middleware@2.0.10 want: ^1.17.8
2036 silly placeDep ROOT http-proxy@1.18.1 OK for: http-proxy-middleware@2.0.10 want: ^1.18.1
2037 silly placeDep ROOT is-plain-obj@3.0.0 OK for: http-proxy-middleware@2.0.10 want: ^3.0.0
2038 silly fetch manifest eventemitter3@^4.0.0
2039 silly packumentCache full:https://registry.npmjs.org/eventemitter3 cache-miss
2040 silly fetch manifest requires-port@^1.0.0
2041 silly packumentCache full:https://registry.npmjs.org/requires-port cache-miss
2042 http fetch GET 200 https://registry.npmjs.org/requires-port 43ms (cache miss)
2043 silly packumentCache full:https://registry.npmjs.org/requires-port set size:undefined disposed:false
2044 http fetch GET 200 https://registry.npmjs.org/eventemitter3 45ms (cache miss)
2045 silly packumentCache full:https://registry.npmjs.org/eventemitter3 set size:undefined disposed:false
2046 silly placeDep ROOT eventemitter3@4.0.7 OK for: http-proxy@1.18.1 want: ^4.0.0
2047 silly placeDep ROOT requires-port@1.0.0 OK for: http-proxy@1.18.1 want: ^1.0.0
2048 silly placeDep ROOT safer-buffer@2.1.2 OK for: iconv-lite@0.4.24 want: >= 2.1.2 < 3
2049 silly placeDep ROOT shell-quote@1.10.0 OK for: launch-editor@2.14.1 want: ^1.8.4
2050 silly placeDep node_modules/mime-types mime-db@1.52.0 OK for: mime-types@2.1.35 want: 1.52.0
2051 silly placeDep ROOT dns-packet@5.6.1 OK for: multicast-dns@7.2.5 want: ^5.2.2
2052 silly placeDep ROOT thunky@1.1.0 OK for: multicast-dns@7.2.5 want: ^1.0.2
2053 silly fetch manifest @leichtgewicht/ip-codec@^2.0.1
2054 silly packumentCache full:https://registry.npmjs.org/@leichtgewicht%2fip-codec cache-miss
2055 http fetch GET 200 https://registry.npmjs.org/@leichtgewicht%2fip-codec 53ms (cache miss)
2056 silly packumentCache full:https://registry.npmjs.org/@leichtgewicht%2fip-codec set size:undefined disposed:false
2057 silly placeDep ROOT @leichtgewicht/ip-codec@2.0.5 OK for: dns-packet@5.6.1 want: ^2.0.1
2058 silly placeDep ROOT ee-first@1.1.1 OK for: on-finished@2.4.1 want: 1.1.1
2059 silly placeDep ROOT mimic-fn@2.1.0 OK for: onetime@5.1.2 want: ^2.1.0
2060 silly placeDep ROOT define-lazy-prop@2.0.0 OK for: open@8.4.2 want: ^2.0.0
2061 silly placeDep ROOT is-docker@2.2.1 OK for: open@8.4.2 want: ^2.1.1
2062 silly placeDep ROOT is-wsl@2.2.0 OK for: open@8.4.2 want: ^2.2.0
2063 silly placeDep ROOT @types/retry@0.12.0 OK for: p-retry@4.6.2 want: 0.12.0
2064 silly placeDep ROOT retry@0.13.1 OK for: p-retry@4.6.2 want: ^0.13.1
2065 silly placeDep ROOT forwarded@0.2.0 OK for: proxy-addr@2.0.7 want: 0.2.0
2066 silly placeDep node_modules/proxy-addr ipaddr.js@1.9.1 OK for: proxy-addr@2.0.7 want: 1.9.1
2067 silly placeDep ROOT es-define-property@1.0.1 OK for: qs@6.15.3 want: ^1.0.1
2068 silly placeDep ROOT side-channel@1.1.1 OK for: qs@6.15.3 want: ^1.1.1
2069 silly fetch manifest object-inspect@^1.13.4
2070 silly packumentCache full:https://registry.npmjs.org/object-inspect cache-miss
2071 silly fetch manifest side-channel-list@^1.0.1
2072 silly packumentCache full:https://registry.npmjs.org/side-channel-list cache-miss
2073 silly fetch manifest side-channel-map@^1.0.1
2074 silly packumentCache full:https://registry.npmjs.org/side-channel-map cache-miss
2075 silly fetch manifest side-channel-weakmap@^1.0.2
2076 silly packumentCache full:https://registry.npmjs.org/side-channel-weakmap cache-miss
2077 http fetch GET 200 https://registry.npmjs.org/side-channel-list 35ms (cache miss)
2078 silly packumentCache full:https://registry.npmjs.org/side-channel-list set size:undefined disposed:false
2079 http fetch GET 200 https://registry.npmjs.org/side-channel-weakmap 41ms (cache miss)
2080 silly packumentCache full:https://registry.npmjs.org/side-channel-weakmap set size:undefined disposed:false
2081 http fetch GET 200 https://registry.npmjs.org/side-channel-map 45ms (cache miss)
2082 silly packumentCache full:https://registry.npmjs.org/side-channel-map set size:undefined disposed:false
2083 http fetch GET 200 https://registry.npmjs.org/object-inspect 47ms (cache miss)
2084 silly packumentCache full:https://registry.npmjs.org/object-inspect set size:undefined disposed:false
2085 silly placeDep ROOT @types/node-forge@1.3.14 OK for: selfsigned@2.4.1 want: ^1.3.0
2086 silly placeDep ROOT node-forge@1.4.0 OK for: selfsigned@2.4.1 want: ^1
2087 silly placeDep ROOT mime@1.6.0 OK for: send@0.19.2 want: 1.6.0
2088 silly placeDep node_modules/send ms@2.1.3 OK for: send@0.19.2 want: 2.1.3
2089 silly placeDep ROOT batch@0.6.1 OK for: serve-index@1.9.2 want: 0.6.1
2090 silly placeDep node_modules/serve-index http-errors@1.8.1 OK for: serve-index@1.9.2 want: ~1.8.0
2091 silly fetch manifest depd@~1.1.2
2092 silly packumentCache full:https://registry.npmjs.org/depd cache-miss
2093 silly fetch manifest statuses@>= 1.5.0 < 2
2094 silly packumentCache full:https://registry.npmjs.org/statuses cache-hit
2095 http cache https://registry.npmjs.org/depd 5ms (cache hit)
2096 silly packumentCache full:https://registry.npmjs.org/depd set size:40182 disposed:false
2097 silly placeDep ROOT object-inspect@1.13.4 OK for: side-channel@1.1.1 want: ^1.13.4
2098 silly placeDep ROOT side-channel-list@1.0.1 OK for: side-channel@1.1.1 want: ^1.0.1
2099 silly placeDep ROOT side-channel-map@1.0.1 OK for: side-channel@1.1.1 want: ^1.0.1
2100 silly placeDep ROOT side-channel-weakmap@1.0.2 OK for: side-channel@1.1.1 want: ^1.0.2
2101 silly fetch manifest call-bound@^1.0.2
2102 silly packumentCache full:https://registry.npmjs.org/call-bound cache-miss
2103 silly fetch manifest get-intrinsic@^1.2.5
2104 silly packumentCache full:https://registry.npmjs.org/get-intrinsic cache-miss
2105 silly fetch manifest call-bound@^1.0.2
2106 silly packumentCache full:https://registry.npmjs.org/call-bound cache-miss
2107 silly fetch manifest get-intrinsic@^1.2.5
2108 silly packumentCache full:https://registry.npmjs.org/get-intrinsic cache-miss
2109 http fetch GET 200 https://registry.npmjs.org/get-intrinsic 38ms (cache miss)
2110 silly packumentCache full:https://registry.npmjs.org/get-intrinsic set size:undefined disposed:false
2111 http fetch GET 200 https://registry.npmjs.org/get-intrinsic 52ms (cache miss)
2112 silly packumentCache full:https://registry.npmjs.org/get-intrinsic set size:undefined disposed:false
2113 http fetch GET 200 https://registry.npmjs.org/call-bound 53ms (cache miss)
2114 silly packumentCache full:https://registry.npmjs.org/call-bound set size:undefined disposed:false
2115 http fetch GET 200 https://registry.npmjs.org/call-bound 54ms (cache miss)
2116 silly packumentCache full:https://registry.npmjs.org/call-bound set size:undefined disposed:false
2117 silly placeDep ROOT call-bound@1.0.4 OK for: side-channel-map@1.0.1 want: ^1.0.2
2118 silly placeDep ROOT get-intrinsic@1.3.0 OK for: side-channel-map@1.0.1 want: ^1.2.5
2119 silly fetch manifest call-bind-apply-helpers@^1.0.2
2120 silly packumentCache full:https://registry.npmjs.org/call-bind-apply-helpers cache-miss
2121 silly fetch manifest get-intrinsic@^1.3.0
2122 silly packumentCache full:https://registry.npmjs.org/get-intrinsic cache-miss
2123 silly fetch manifest gopd@^1.2.0
2124 silly packumentCache full:https://registry.npmjs.org/gopd cache-miss
2125 silly fetch manifest get-proto@^1.0.1
2126 silly packumentCache full:https://registry.npmjs.org/get-proto cache-miss
2127 silly fetch manifest has-symbols@^1.1.0
2128 silly packumentCache full:https://registry.npmjs.org/has-symbols cache-miss
2129 silly fetch manifest es-object-atoms@^1.1.1
2130 silly packumentCache full:https://registry.npmjs.org/es-object-atoms cache-miss
2131 silly fetch manifest math-intrinsics@^1.1.0
2132 silly packumentCache full:https://registry.npmjs.org/math-intrinsics cache-miss
2133 silly fetch manifest call-bind-apply-helpers@^1.0.2
2134 silly packumentCache full:https://registry.npmjs.org/call-bind-apply-helpers cache-miss
2135 http cache https://registry.npmjs.org/get-intrinsic 10ms (cache hit)
2136 silly packumentCache full:https://registry.npmjs.org/get-intrinsic set size:60985 disposed:false
2137 http fetch GET 200 https://registry.npmjs.org/has-symbols 39ms (cache miss)
2138 silly packumentCache full:https://registry.npmjs.org/has-symbols set size:undefined disposed:false
2139 http fetch GET 200 https://registry.npmjs.org/get-proto 40ms (cache miss)
2140 silly packumentCache full:https://registry.npmjs.org/get-proto set size:undefined disposed:false
2141 http fetch GET 200 https://registry.npmjs.org/gopd 41ms (cache miss)
2142 silly packumentCache full:https://registry.npmjs.org/gopd set size:undefined disposed:false
2143 http fetch GET 200 https://registry.npmjs.org/math-intrinsics 42ms (cache miss)
2144 silly packumentCache full:https://registry.npmjs.org/math-intrinsics set size:undefined disposed:false
2145 http fetch GET 200 https://registry.npmjs.org/es-object-atoms 44ms (cache miss)
2146 silly packumentCache full:https://registry.npmjs.org/es-object-atoms set size:undefined disposed:false
2147 http fetch GET 200 https://registry.npmjs.org/call-bind-apply-helpers 49ms (cache miss)
2148 silly packumentCache full:https://registry.npmjs.org/call-bind-apply-helpers set size:undefined disposed:false
2149 http fetch GET 200 https://registry.npmjs.org/call-bind-apply-helpers 59ms (cache miss)
2150 silly packumentCache full:https://registry.npmjs.org/call-bind-apply-helpers set size:undefined disposed:false
2151 silly placeDep ROOT call-bind-apply-helpers@1.0.2 OK for: call-bound@1.0.4 want: ^1.0.2
2152 silly placeDep ROOT es-object-atoms@1.1.2 OK for: get-intrinsic@1.3.0 want: ^1.1.1
2153 silly placeDep ROOT get-proto@1.0.1 OK for: get-intrinsic@1.3.0 want: ^1.0.1
2154 silly placeDep ROOT gopd@1.2.0 OK for: get-intrinsic@1.3.0 want: ^1.2.0
2155 silly placeDep ROOT has-symbols@1.1.0 OK for: get-intrinsic@1.3.0 want: ^1.1.0
2156 silly placeDep ROOT math-intrinsics@1.1.0 OK for: get-intrinsic@1.3.0 want: ^1.1.0
2157 silly fetch manifest dunder-proto@^1.0.1
2158 silly packumentCache full:https://registry.npmjs.org/dunder-proto cache-miss
2159 http fetch GET 200 https://registry.npmjs.org/dunder-proto 41ms (cache miss)
2160 silly packumentCache full:https://registry.npmjs.org/dunder-proto set size:undefined disposed:false
2161 silly placeDep ROOT dunder-proto@1.0.1 OK for: get-proto@1.0.1 want: ^1.0.1
2162 silly placeDep ROOT faye-websocket@0.11.4 OK for: sockjs@0.3.24 want: ^0.11.3
2163 silly placeDep ROOT uuid@8.3.2 OK for: sockjs@0.3.24 want: ^8.3.2
2164 silly placeDep ROOT websocket-driver@0.7.5 OK for: sockjs@0.3.24 want: ^0.7.4
2165 silly fetch manifest websocket-driver@>=0.5.1
2166 silly packumentCache full:https://registry.npmjs.org/websocket-driver cache-miss
2167 silly fetch manifest http-parser-js@>=0.5.1
2168 silly packumentCache full:https://registry.npmjs.org/http-parser-js cache-miss
2169 silly fetch manifest websocket-extensions@>=0.1.1
2170 silly packumentCache full:https://registry.npmjs.org/websocket-extensions cache-miss
2171 http cache https://registry.npmjs.org/websocket-driver 6ms (cache hit)
2172 silly packumentCache full:https://registry.npmjs.org/websocket-driver set size:57610 disposed:false
2173 http fetch GET 200 https://registry.npmjs.org/websocket-extensions 39ms (cache miss)
2174 silly packumentCache full:https://registry.npmjs.org/websocket-extensions set size:undefined disposed:false
2175 http fetch GET 200 https://registry.npmjs.org/http-parser-js 44ms (cache miss)
2176 silly packumentCache full:https://registry.npmjs.org/http-parser-js set size:undefined disposed:false
2177 silly placeDep node_modules/spdy debug@4.4.3 OK for: spdy@4.0.2 want: ^4.1.0
2178 silly placeDep ROOT handle-thing@2.0.1 OK for: spdy@4.0.2 want: ^2.0.0
2179 silly placeDep ROOT http-deceiver@1.2.7 OK for: spdy@4.0.2 want: ^1.2.7
2180 silly placeDep ROOT select-hose@2.0.0 OK for: spdy@4.0.2 want: ^2.0.0
2181 silly placeDep ROOT spdy-transport@3.0.0 OK for: spdy@4.0.2 want: ^3.0.0
2182 silly fetch manifest ms@^2.1.3
2183 silly packumentCache full:https://registry.npmjs.org/ms cache-hit
2184 silly fetch manifest detect-node@^2.0.4
2185 silly packumentCache full:https://registry.npmjs.org/detect-node cache-miss
2186 silly fetch manifest hpack.js@^2.1.6
2187 silly packumentCache full:https://registry.npmjs.org/hpack.js cache-miss
2188 silly fetch manifest obuf@^1.1.2
2189 silly packumentCache full:https://registry.npmjs.org/obuf cache-miss
2190 silly fetch manifest readable-stream@^3.0.6
2191 silly packumentCache full:https://registry.npmjs.org/readable-stream cache-miss
2192 silly fetch manifest wbuf@^1.7.3
2193 silly packumentCache full:https://registry.npmjs.org/wbuf cache-miss
2194 http cache https://registry.npmjs.org/readable-stream 7ms (cache hit)
2195 silly packumentCache full:https://registry.npmjs.org/readable-stream set size:261096 disposed:false
2196 http fetch GET 200 https://registry.npmjs.org/hpack.js 41ms (cache miss)
2197 silly packumentCache full:https://registry.npmjs.org/hpack.js set size:undefined disposed:false
2198 http fetch GET 200 https://registry.npmjs.org/obuf 43ms (cache miss)
2199 silly packumentCache full:https://registry.npmjs.org/obuf set size:undefined disposed:false
2200 http fetch GET 200 https://registry.npmjs.org/detect-node 45ms (cache miss)
2201 silly packumentCache full:https://registry.npmjs.org/detect-node set size:undefined disposed:false
2202 http fetch GET 200 https://registry.npmjs.org/wbuf 47ms (cache miss)
2203 silly packumentCache full:https://registry.npmjs.org/wbuf set size:undefined disposed:false
2204 silly placeDep node_modules/spdy-transport debug@4.4.3 OK for: spdy-transport@3.0.0 want: ^4.1.0
2205 silly placeDep ROOT detect-node@2.1.0 OK for: spdy-transport@3.0.0 want: ^2.0.4
2206 silly placeDep ROOT hpack.js@2.1.6 OK for: spdy-transport@3.0.0 want: ^2.1.6
2207 silly placeDep ROOT obuf@1.1.2 OK for: spdy-transport@3.0.0 want: ^1.1.2
2208 silly placeDep node_modules/spdy-transport readable-stream@3.6.2 OK for: spdy-transport@3.0.0 want: ^3.0.6
2209 silly placeDep ROOT wbuf@1.7.3 OK for: spdy-transport@3.0.0 want: ^1.7.3
2210 silly fetch manifest obuf@^1.0.0
2211 silly packumentCache full:https://registry.npmjs.org/obuf cache-miss
2212 silly fetch manifest wbuf@^1.1.0
2213 silly packumentCache full:https://registry.npmjs.org/wbuf cache-miss
2214 silly fetch manifest minimalistic-assert@^1.0.0
2215 silly packumentCache full:https://registry.npmjs.org/minimalistic-assert cache-miss
2216 http cache https://registry.npmjs.org/wbuf 5ms (cache hit)
2217 silly packumentCache full:https://registry.npmjs.org/wbuf set size:20540 disposed:false
2218 http cache https://registry.npmjs.org/obuf 7ms (cache hit)
2219 silly packumentCache full:https://registry.npmjs.org/obuf set size:14024 disposed:false
2220 http fetch GET 200 https://registry.npmjs.org/minimalistic-assert 40ms (cache miss)
2221 silly packumentCache full:https://registry.npmjs.org/minimalistic-assert set size:undefined disposed:false
2222 silly placeDep ROOT media-typer@0.3.0 OK for: type-is@1.6.18 want: 0.3.0
2223 silly placeDep ROOT minimalistic-assert@1.0.1 OK for: wbuf@1.7.3 want: ^1.0.0
2224 silly placeDep ROOT memfs@3.5.3 OK for: webpack-dev-middleware@5.3.4 want: ^3.4.3
2225 silly placeDep node_modules/webpack-dev-middleware schema-utils@4.3.3 OK for: webpack-dev-middleware@5.3.4 want: ^4.0.0
2226 silly fetch manifest fs-monkey@^1.0.4
2227 silly packumentCache full:https://registry.npmjs.org/fs-monkey cache-miss
2228 http fetch GET 200 https://registry.npmjs.org/fs-monkey 47ms (cache miss)
2229 silly packumentCache full:https://registry.npmjs.org/fs-monkey set size:undefined disposed:false
2230 silly placeDep ROOT fs-monkey@1.1.0 OK for: memfs@3.5.3 want: ^1.0.4
2231 silly placeDep ROOT clone-deep@4.0.1 OK for: webpack-merge@5.10.0 want: ^4.0.1
2232 silly placeDep ROOT flat@5.0.2 OK for: webpack-merge@5.10.0 want: ^5.0.2
2233 silly placeDep ROOT wildcard@2.0.1 OK for: webpack-merge@5.10.0 want: ^2.0.0
2234 silly fetch manifest is-plain-object@^2.0.4
2235 silly packumentCache full:https://registry.npmjs.org/is-plain-object cache-miss
2236 silly fetch manifest kind-of@^6.0.2
2237 silly packumentCache full:https://registry.npmjs.org/kind-of cache-miss
2238 silly fetch manifest shallow-clone@^3.0.0
2239 silly packumentCache full:https://registry.npmjs.org/shallow-clone cache-miss
2240 http fetch GET 200 https://registry.npmjs.org/shallow-clone 48ms (cache miss)
2241 silly packumentCache full:https://registry.npmjs.org/shallow-clone set size:undefined disposed:false
2242 http fetch GET 200 https://registry.npmjs.org/is-plain-object 49ms (cache miss)
2243 silly packumentCache full:https://registry.npmjs.org/is-plain-object set size:undefined disposed:false
2244 http fetch GET 200 https://registry.npmjs.org/kind-of 70ms (cache miss)
2245 silly packumentCache full:https://registry.npmjs.org/kind-of set size:undefined disposed:false
2246 silly placeDep ROOT is-plain-object@2.0.4 OK for: clone-deep@4.0.1 want: ^2.0.4
2247 silly placeDep ROOT kind-of@6.0.3 OK for: clone-deep@4.0.1 want: ^6.0.2
2248 silly placeDep ROOT shallow-clone@3.0.1 OK for: clone-deep@4.0.1 want: ^3.0.0
2249 silly fetch manifest isobject@^3.0.1
2250 silly packumentCache full:https://registry.npmjs.org/isobject cache-miss
2251 http fetch GET 200 https://registry.npmjs.org/isobject 42ms (cache miss)
2252 silly packumentCache full:https://registry.npmjs.org/isobject set size:undefined disposed:false
2253 silly placeDep ROOT isobject@3.0.1 OK for: is-plain-object@2.0.4 want: ^3.0.1
2254 silly placeDep ROOT source-list-map@2.0.1 OK for: webpack-sources@1.4.3 want: ^2.0.0
2255 silly placeDep node_modules/webpack-sources source-map@0.6.1 OK for: webpack-sources@1.4.3 want: ~0.6.1
2256 silly placeDep ROOT http-parser-js@0.5.10 OK for: websocket-driver@0.7.5 want: >=0.5.1
2257 silly placeDep ROOT websocket-extensions@0.1.4 OK for: websocket-driver@0.7.5 want: >=0.1.1
2258 silly placeDep ROOT isexe@2.0.0 OK for: which@2.0.2 want: ^2.0.0
2259 silly placeDep ROOT @types/mime@1.3.5 OK for: @types/send@0.17.6 want: ^1
2260 silly placeDep node_modules/minimizer-webpack-plugin ajv@8.20.0 OK for: schema-utils@4.3.3 want: ^8.9.0
2261 silly placeDep ROOT ajv-formats@2.1.1 OK for: schema-utils@4.3.3 want: ^2.1.1
2262 silly placeDep node_modules/minimizer-webpack-plugin ajv-keywords@5.1.0 OK for: schema-utils@4.3.3 want: ^5.1.0
2263 silly fetch manifest fast-uri@^3.0.1
2264 silly packumentCache full:https://registry.npmjs.org/fast-uri cache-miss
2265 silly fetch manifest json-schema-traverse@^1.0.0
2266 silly packumentCache full:https://registry.npmjs.org/json-schema-traverse cache-miss
2267 silly fetch manifest require-from-string@^2.0.2
2268 silly packumentCache full:https://registry.npmjs.org/require-from-string cache-miss
2269 silly fetch manifest ajv@^8.0.0
2270 silly packumentCache full:https://registry.npmjs.org/ajv cache-miss
2271 http cache https://registry.npmjs.org/json-schema-traverse 6ms (cache hit)
2272 silly packumentCache full:https://registry.npmjs.org/json-schema-traverse set size:23537 disposed:false
2273 http cache https://registry.npmjs.org/ajv 8ms (cache hit)
2274 silly packumentCache full:https://registry.npmjs.org/ajv set size:1142658 disposed:false
2275 http fetch GET 200 https://registry.npmjs.org/require-from-string 42ms (cache miss)
2276 silly packumentCache full:https://registry.npmjs.org/require-from-string set size:undefined disposed:false
2277 http fetch GET 200 https://registry.npmjs.org/fast-uri 47ms (cache miss)
2278 silly packumentCache full:https://registry.npmjs.org/fast-uri set size:undefined disposed:false
2279 silly placeDep node_modules/ajv-formats ajv@8.20.0 OK for: ajv-formats@2.1.1 want: ^8.0.0
2280 silly placeDep ROOT fast-uri@3.1.5 OK for: ajv@8.20.0 want: ^3.0.1
2281 silly placeDep node_modules/ajv-formats json-schema-traverse@1.0.0 OK for: ajv@8.20.0 want: ^1.0.0
2282 silly placeDep ROOT require-from-string@2.0.2 OK for: ajv@8.20.0 want: ^2.0.2
2283 silly placeDep node_modules/minimizer-webpack-plugin json-schema-traverse@1.0.0 OK for: ajv@8.20.0 want: ^1.0.0
2284 silly placeDep node_modules/serve-index depd@1.1.2 OK for: http-errors@1.8.1 want: ~1.1.2
2285 silly placeDep node_modules/serve-index statuses@1.5.0 OK for: http-errors@1.8.1 want: >= 1.5.0 < 2
2286 silly placeDep node_modules/spdy-transport ms@2.1.3 OK for: debug@4.4.3 want: ^2.1.3
2287 silly placeDep node_modules/spdy ms@2.1.3 OK for: debug@4.4.3 want: ^2.1.3
2288 silly placeDep node_modules/webpack-dev-middleware ajv@8.20.0 OK for: schema-utils@4.3.3 want: ^8.9.0
2289 silly placeDep node_modules/webpack-dev-middleware ajv-keywords@5.1.0 OK for: schema-utils@4.3.3 want: ^5.1.0
2290 silly placeDep node_modules/webpack-dev-middleware json-schema-traverse@1.0.0 OK for: ajv@8.20.0 want: ^1.0.0
2291 silly placeDep node_modules/webpack-dev-server ajv@8.20.0 OK for: schema-utils@4.3.3 want: ^8.9.0
2292 silly placeDep node_modules/webpack-dev-server ajv-keywords@5.1.0 OK for: schema-utils@4.3.3 want: ^5.1.0
2293 silly placeDep node_modules/webpack-dev-server json-schema-traverse@1.0.0 OK for: ajv@8.20.0 want: ^1.0.0
2294 silly placeDep node_modules/webpack ajv@8.20.0 OK for: schema-utils@4.3.3 want: ^8.9.0
2295 silly placeDep node_modules/webpack ajv-keywords@5.1.0 OK for: schema-utils@4.3.3 want: ^5.1.0
2296 silly placeDep node_modules/webpack json-schema-traverse@1.0.0 OK for: ajv@8.20.0 want: ^1.0.0
2297 silly reify moves {}
2298 silly audit bulk request {
2298 silly audit   '@tsconfig/svelte': [ '1.0.13' ],
2298 silly audit   '@types/bootstrap': [ '5.2.11' ],
2298 silly audit   '@types/chart.js': [ '2.9.41' ],
2298 silly audit   '@types/lodash': [ '4.17.25' ],
2298 silly audit   '@types/node': [ '14.18.63' ],
2298 silly audit   axios: [ '0.21.4' ],
2298 silly audit   bootstrap: [ '5.3.8' ],
2298 silly audit   '@popperjs/core': [ '2.11.8' ],
2298 silly audit   'chart.js': [ '2.9.4' ],
2298 silly audit   'cross-env': [ '7.0.3' ],
2298 silly audit   'css-loader': [ '5.2.7' ],
2298 silly audit   webpack: [ '5.109.2' ],
2298 silly audit   dayjs: [ '1.11.23' ],
2298 silly audit   glob: [ '7.2.3' ],
2298 silly audit   lodash: [ '4.18.1' ],
2298 silly audit   'mini-css-extract-plugin': [ '1.6.2' ],
2298 silly audit   'purgecss-webpack-plugin': [ '4.1.3' ],
2298 silly audit   svelte: [ '3.59.2' ],
2298 silly audit   'svelte-check': [ '1.6.0' ],
2298 silly audit   'svelte-feather-icons': [ '3.6.0' ],
2298 silly audit   'svelte-loader': [ '3.2.4' ],
2298 silly audit   'svelte-preprocess': [ '4.10.7' ],
2298 silly audit   'svelte-routing': [ '1.11.0' ],
2298 silly audit   'ts-loader': [ '8.4.0' ],
2298 silly audit   typescript: [ '4.9.5' ],
2298 silly audit   tslib: [ '2.8.1' ],
2298 silly audit   'webpack-bundle-analyzer': [ '4.10.2' ],
2298 silly audit   'webpack-cli': [ '4.10.0' ],
2298 silly audit   'webpack-dev-server': [ '4.15.2' ],
2298 silly audit   moment: [ '2.30.1' ],
2298 silly audit   'follow-redirects': [ '1.16.0' ],
2298 silly audit   'chartjs-color': [ '2.4.1' ],
2298 silly audit   'chartjs-color-string': [ '0.6.0' ],
2298 silly audit   'color-convert': [ '1.9.3', '2.0.1' ],
2298 silly audit   'color-name': [ '1.1.4', '1.1.3' ],
2298 silly audit   'cross-spawn': [ '7.0.6' ],
2298 silly audit   'path-key': [ '3.1.1' ],
2298 silly audit   'shebang-command': [ '2.0.0' ],
2298 silly audit   which: [ '2.0.2' ],
2298 silly audit   'icss-utils': [ '5.1.0' ],
2298 silly audit   postcss: [ '8.5.26' ],
2298 silly audit   'loader-utils': [ '2.0.4' ],
2298 silly audit   'postcss-modules-extract-imports': [ '3.1.0' ],
2298 silly audit   'postcss-modules-local-by-default': [ '4.2.0' ],
2298 silly audit   'postcss-modules-scope': [ '3.2.1' ],
2298 silly audit   'postcss-modules-values': [ '4.0.0' ],
2298 silly audit   'postcss-value-parser': [ '4.2.0' ],
2298 silly audit   'schema-utils': [ '3.3.0', '4.3.3' ],
2298 silly audit   semver: [ '7.8.5' ],
2298 silly audit   'fs.realpath': [ '1.0.0' ],
2298 silly audit   inflight: [ '1.0.6' ],
2298 silly audit   inherits: [ '2.0.4' ],
2298 silly audit   minimatch: [ '3.1.5' ],
2298 silly audit   once: [ '1.4.0' ],
2298 silly audit   'path-is-absolute': [ '1.0.1' ],
2298 silly audit   wrappy: [ '1.0.2' ],
2298 silly audit   'big.js': [ '5.2.2' ],
2298 silly audit   'emojis-list': [ '3.0.0' ],
2298 silly audit   json5: [ '2.2.3' ],
2298 silly audit   'webpack-sources': [ '1.4.3', '3.5.1' ],
2298 silly audit   'brace-expansion': [ '1.1.18' ],
2298 silly audit   'balanced-match': [ '1.0.2' ],
2298 silly audit   'concat-map': [ '0.0.1' ],
2298 silly audit   nanoid: [ '3.3.18' ],
2298 silly audit   picocolors: [ '1.1.1' ],
2298 silly audit   'source-map-js': [ '1.2.1' ],
2298 silly audit   'postcss-selector-parser': [ '7.1.5', '6.1.4' ],
2298 silly audit   cssesc: [ '3.0.0' ],
2298 silly audit   'util-deprecate': [ '1.0.2' ],
2298 silly audit   purgecss: [ '4.1.3' ],
2298 silly audit   commander: [ '8.3.0', '2.20.3', '7.2.0' ],
2298 silly audit   '@types/json-schema': [ '7.0.15' ],
2298 silly audit   ajv: [ '6.15.0', '8.20.0' ],
2298 silly audit   'ajv-keywords': [ '3.5.2', '5.1.0' ],
2298 silly audit   'fast-deep-equal': [ '3.1.3' ],
2298 silly audit   'fast-json-stable-stringify': [ '2.1.0' ],
2298 silly audit   'json-schema-traverse': [ '0.4.1', '1.0.0' ],
2298 silly audit   'uri-js': [ '4.4.1' ],
2298 silly audit   'shebang-regex': [ '3.0.0' ],
2298 silly audit   chalk: [ '4.1.2' ],
2298 silly audit   chokidar: [ '3.6.0' ],
2298 silly audit   'import-fresh': [ '3.3.1' ],
2298 silly audit   minimist: [ '1.2.8' ],
2298 silly audit   sade: [ '1.8.1' ],
2298 silly audit   'source-map': [ '0.7.6', '0.6.1' ],
2298 silly audit   'ansi-styles': [ '4.3.0' ],
2298 silly audit   'supports-color': [ '7.2.0', '8.1.1' ],
2298 silly audit   anymatch: [ '3.1.3' ],
2298 silly audit   braces: [ '3.0.3' ],
2298 silly audit   fsevents: [ '2.3.3' ],
2298 silly audit   'glob-parent': [ '5.1.2' ],
2298 silly audit   'is-binary-path': [ '2.1.0' ],
2298 silly audit   'is-glob': [ '4.0.3' ],
2298 silly audit   'normalize-path': [ '3.0.0' ],
2298 silly audit   readdirp: [ '3.6.0' ],
2298 silly audit   picomatch: [ '2.3.2' ],
2298 silly audit   'fill-range': [ '7.1.1' ],
2298 silly audit   'to-regex-range': [ '5.0.1' ],
2298 silly audit   'parent-module': [ '1.0.1' ],
2298 silly audit   'resolve-from': [ '4.0.0', '5.0.0' ],
2298 silly audit   'binary-extensions': [ '2.3.0' ],
2298 silly audit   'is-extglob': [ '2.1.1' ],
2298 silly audit   callsites: [ '3.1.0' ],
2298 silly audit   mri: [ '1.2.0' ],
2298 silly audit   'has-flag': [ '4.0.0' ],
2298 silly audit   'svelte-dev-helper': [ '1.1.9' ],
2298 silly audit   'svelte-hmr': [ '0.14.12' ],
2298 silly audit   '@types/pug': [ '2.0.10' ],
2298 silly audit   '@types/sass': [ '1.43.1' ],
2298 silly audit   'detect-indent': [ '6.1.0' ],
2298 silly audit   'magic-string': [ '0.25.9' ],
2298 silly audit   sorcery: [ '0.10.0' ],
2298 silly audit   'strip-indent': [ '3.0.0' ],
2298 silly audit   'sourcemap-codec': [ '1.4.8' ],
2298 silly audit   'buffer-crc32': [ '0.2.13' ],
2298 silly audit   sander: [ '0.5.1' ],
2298 silly audit   'es6-promise': [ '3.3.1' ],
2298 silly audit   'graceful-fs': [ '4.2.11' ],
2298 silly audit   mkdirp: [ '0.5.6' ],
2298 silly audit   rimraf: [ '2.7.1', '3.0.2' ],
2298 silly audit   'min-indent': [ '1.0.1' ],
2298 silly audit   'is-number': [ '7.0.0' ],
2298 silly audit   'enhanced-resolve': [ '4.5.0', '5.24.5' ],
2298 silly audit   micromatch: [ '4.0.8' ],
2298 silly audit   'memory-fs': [ '0.5.0' ],
2298 silly audit   tapable: [ '1.1.3', '2.3.3' ],
2298 silly audit   errno: [ '0.1.8' ],
2298 silly audit   'readable-stream': [ '2.3.8', '3.6.2' ],
2298 silly audit   prr: [ '1.0.1' ],
2298 silly audit   'core-util-is': [ '1.0.3' ],
2298 silly audit   isarray: [ '1.0.0' ],
2298 silly audit   'process-nextick-args': [ '2.0.1' ],
2298 silly audit   'safe-buffer': [ '5.1.2', '5.2.1' ],
2298 silly audit   string_decoder: [ '1.1.1' ],
2298 silly audit   punycode: [ '2.3.1' ],
2298 silly audit   '@types/estree': [ '1.0.9' ],
2298 silly audit   '@webassemblyjs/ast': [ '1.14.1' ],
2298 silly audit   '@webassemblyjs/wasm-edit': [ '1.14.1' ],
2298 silly audit   '@webassemblyjs/wasm-parser': [ '1.14.1' ],
2298 silly audit   acorn: [ '8.18.0' ],
2298 silly audit   browserslist: [ '4.28.8' ],
2298 silly audit   'chrome-trace-event': [ '1.0.4' ],
2298 silly audit   'es-module-lexer': [ '2.3.2' ],
2298 silly audit   'eslint-scope': [ '5.1.1' ],
2298 silly audit   events: [ '3.3.0' ],
2298 silly audit   'mime-db': [ '1.54.0', '1.52.0' ],
2298 silly audit   'minimizer-webpack-plugin': [ '5.6.1' ],
2298 silly audit   'neo-async': [ '2.6.2' ],
2298 silly audit   watchpack: [ '2.5.2' ],
2298 silly audit   '@webassemblyjs/helper-numbers': [ '1.13.2' ],
2298 silly audit   '@webassemblyjs/helper-wasm-bytecode': [ '1.13.2' ],
2298 silly audit   '@webassemblyjs/floating-point-hex-parser': [ '1.13.2' ],
2298 silly audit   '@webassemblyjs/helper-api-error': [ '1.13.2' ],
2298 silly audit   '@xtuc/long': [ '4.2.2' ],
2298 silly audit   '@webassemblyjs/helper-buffer': [ '1.14.1' ],
2298 silly audit   '@webassemblyjs/helper-wasm-section': [ '1.14.1' ],
2298 silly audit   '@webassemblyjs/wasm-gen': [ '1.14.1' ],
2298 silly audit   '@webassemblyjs/wasm-opt': [ '1.14.1' ],
2298 silly audit   '@webassemblyjs/wast-printer': [ '1.14.1' ],
2298 silly audit   '@webassemblyjs/ieee754': [ '1.13.2' ],
2298 silly audit   '@webassemblyjs/leb128': [ '1.13.2' ],
2298 silly audit   '@webassemblyjs/utf8': [ '1.13.2' ],
2298 silly audit   '@xtuc/ieee754': [ '1.2.0' ],
2298 silly audit   'baseline-browser-mapping': [ '2.11.16' ],
2298 silly audit   'caniuse-lite': [ '1.0.30001809' ],
2298 silly audit   'electron-to-chromium': [ '1.5.411' ],
2298 silly audit   'node-releases': [ '2.0.53' ],
2298 silly audit   'update-browserslist-db': [ '1.3.1' ],
2298 silly audit   esrecurse: [ '4.3.0' ],
2298 silly audit   estraverse: [ '4.3.0', '5.3.0' ],
2298 silly audit   '@jridgewell/trace-mapping': [ '0.3.31' ],
2298 silly audit   'jest-worker': [ '27.5.1' ],
2298 silly audit   terser: [ '5.50.0' ],
2298 silly audit   '@jridgewell/resolve-uri': [ '3.1.2' ],
2298 silly audit   '@jridgewell/sourcemap-codec': [ '1.5.5' ],
2298 silly audit   'merge-stream': [ '2.0.0' ],
2298 silly audit   '@jridgewell/source-map': [ '0.3.11' ],
2298 silly audit   'source-map-support': [ '0.5.21' ],
2298 silly audit   '@jridgewell/gen-mapping': [ '0.3.13' ],
2298 silly audit   'buffer-from': [ '1.1.2' ],
2298 silly audit   escalade: [ '3.2.0' ],
2298 silly audit   '@discoveryjs/json-ext': [ '0.5.7' ],
2298 silly audit   'acorn-walk': [ '8.3.5' ],
2298 silly audit   debounce: [ '1.2.1' ],
2298 silly audit   'escape-string-regexp': [ '4.0.0' ],
2298 silly audit   'gzip-size': [ '6.0.0' ],
2298 silly audit   'html-escaper': [ '2.0.2' ],
2298 silly audit   opener: [ '1.5.2' ],
2298 silly audit   sirv: [ '2.0.4' ],
2298 silly audit   ws: [ '7.5.13', '8.21.3' ],
2298 silly audit   duplexer: [ '0.1.2' ],
2298 silly audit   '@polka/url': [ '1.0.0-next.29' ],
2298 silly audit   mrmime: [ '2.0.1' ],
2298 silly audit   totalist: [ '3.0.1' ],
2298 silly audit   '@webpack-cli/configtest': [ '1.2.0' ],
2298 silly audit   '@webpack-cli/info': [ '1.5.0' ],
2298 silly audit   '@webpack-cli/serve': [ '1.7.0' ],
2298 silly audit   colorette: [ '2.0.20' ],
2298 silly audit   'fastest-levenshtein': [ '1.0.16' ],
2298 silly audit   'import-local': [ '3.2.0' ],
2298 silly audit   interpret: [ '2.2.0' ],
2298 silly audit   rechoir: [ '0.7.1' ],
2298 silly audit   'webpack-merge': [ '5.10.0' ],
2298 silly audit   envinfo: [ '7.21.0' ],
2298 silly audit   'pkg-dir': [ '4.2.0' ],
2298 silly audit   'resolve-cwd': [ '3.0.0' ],
2298 silly audit   'find-up': [ '4.1.0' ],
2298 silly audit   'locate-path': [ '5.0.0' ],
2298 silly audit   'path-exists': [ '4.0.0' ],
2298 silly audit   'p-locate': [ '4.1.0' ],
2298 silly audit   'p-limit': [ '2.3.0' ],
2298 silly audit   'p-try': [ '2.2.0' ],
2298 silly audit   resolve: [ '1.22.12' ],
2298 silly audit   'es-errors': [ '1.3.0' ],
2298 silly audit   'is-core-module': [ '2.16.2' ],
2298 silly audit   'path-parse': [ '1.0.7' ],
2298 silly audit   'supports-preserve-symlinks-flag': [ '1.0.0' ],
2298 silly audit   hasown: [ '2.0.4' ],
2298 silly audit   'function-bind': [ '1.1.2' ],
2298 silly audit   '@types/bonjour': [ '3.5.13' ],
2298 silly audit   '@types/connect-history-api-fallback': [ '1.5.4' ],
2298 silly audit   '@types/express': [ '4.17.25' ],
2298 silly audit   '@types/serve-index': [ '1.9.4' ],
2298 silly audit   '@types/serve-static': [ '1.15.10' ],
2298 silly audit   '@types/sockjs': [ '0.3.36' ],
2298 silly audit   '@types/ws': [ '8.18.1' ],
2298 silly audit   'ansi-html-community': [ '0.0.8' ],
2298 silly audit   'bonjour-service': [ '1.4.4' ],
2298 silly audit   compression: [ '1.8.1' ],
2298 silly audit   'connect-history-api-fallback': [ '2.0.0' ],
2298 silly audit   'default-gateway': [ '6.0.3' ],
2298 silly audit   express: [ '4.22.2' ],
2298 silly audit   'html-entities': [ '2.6.0' ],
2298 silly audit   'http-proxy-middleware': [ '2.0.10' ],
2298 silly audit   'ipaddr.js': [ '2.5.0', '1.9.1' ],
2298 silly audit   'launch-editor': [ '2.14.1' ],
2298 silly audit   open: [ '8.4.2' ],
2298 silly audit   'p-retry': [ '4.6.2' ],
2298 silly audit   selfsigned: [ '2.4.1' ],
2298 silly audit   'serve-index': [ '1.9.2' ],
2298 silly audit   sockjs: [ '0.3.24' ],
2298 silly audit   spdy: [ '4.0.2' ],
2298 silly audit   'webpack-dev-middleware': [ '5.3.4' ],
2298 silly audit   '@types/express-serve-static-core': [ '5.1.3', '4.19.9' ],
2298 silly audit   '@types/body-parser': [ '1.19.6' ],
2298 silly audit   '@types/qs': [ '6.15.1' ],
2298 silly audit   '@types/connect': [ '3.4.38' ],
2298 silly audit   '@types/range-parser': [ '1.2.7' ],
2298 silly audit   '@types/send': [ '1.2.1', '0.17.6' ],
2298 silly audit   '@types/http-errors': [ '2.0.5' ],
2298 silly audit   'multicast-dns': [ '7.2.5' ],
2298 silly audit   bytes: [ '3.1.2' ],
2298 silly audit   compressible: [ '2.0.18' ],
2298 silly audit   debug: [ '2.6.9', '4.4.3' ],
2298 silly audit   negotiator: [ '0.6.4', '0.6.3' ],
2298 silly audit   'on-headers': [ '1.1.0' ],
2298 silly audit   vary: [ '1.1.2' ],
2298 silly audit   ms: [ '2.0.0', '2.1.3' ],
2298 silly audit   execa: [ '5.1.1' ],
2298 silly audit   'get-stream': [ '6.0.1' ],
2298 silly audit   'human-signals': [ '2.1.0' ],
2298 silly audit   'is-stream': [ '2.0.1' ],
2298 silly audit   'npm-run-path': [ '4.0.1' ],
2298 silly audit   onetime: [ '5.1.2' ],
2298 silly audit   'signal-exit': [ '3.0.7' ],
2298 silly audit   'strip-final-newline': [ '2.0.0' ],
2298 silly audit   accepts: [ '1.3.8' ],
2298 silly audit   'array-flatten': [ '1.1.1' ],
2298 silly audit   'body-parser': [ '1.20.6' ],
2298 silly audit   'content-disposition': [ '0.5.4' ],
2298 silly audit   'content-type': [ '1.0.5' ],
2298 silly audit   cookie: [ '0.7.2' ],
2298 silly audit   'cookie-signature': [ '1.0.7' ],
2298 silly audit   depd: [ '2.0.0', '1.1.2' ],
2298 silly audit   encodeurl: [ '2.0.0' ],
2298 silly audit   'escape-html': [ '1.0.3' ],
2298 silly audit   etag: [ '1.8.1' ],
2298 silly audit   finalhandler: [ '1.3.2' ],
2298 silly audit   fresh: [ '0.5.2' ],
2298 silly audit   'http-errors': [ '2.0.1', '1.8.1' ],
2298 silly audit   'merge-descriptors': [ '1.0.3' ],
2298 silly audit   methods: [ '1.1.2' ],
2298 silly audit   'on-finished': [ '2.4.1' ],
2298 silly audit   parseurl: [ '1.3.3' ],
2298 silly audit   'path-to-regexp': [ '0.1.13' ],
2298 silly audit   'proxy-addr': [ '2.0.7' ],
2298 silly audit   qs: [ '6.15.3' ],
2298 silly audit   'range-parser': [ '1.2.1' ],
2298 silly audit   send: [ '0.19.2' ],
2298 silly audit   'serve-static': [ '1.16.3' ],
2298 silly audit   setprototypeof: [ '1.2.0' ],
2298 silly audit   statuses: [ '2.0.2', '1.5.0' ],
2298 silly audit   'type-is': [ '1.6.18' ],
2298 silly audit   'utils-merge': [ '1.0.1' ],
2298 silly audit   'mime-types': [ '2.1.35' ],
2298 silly audit   destroy: [ '1.2.0' ],
2298 silly audit   'iconv-lite': [ '0.4.24' ],
2298 silly audit   'raw-body': [ '2.5.3' ],
2298 silly audit   unpipe: [ '1.0.0' ],
2298 silly audit   toidentifier: [ '1.0.1' ],
2298 silly audit   '@types/http-proxy': [ '1.17.17' ],
2298 silly audit   'http-proxy': [ '1.18.1' ],
2298 silly audit   'is-plain-obj': [ '3.0.0' ],
2298 silly audit   eventemitter3: [ '4.0.7' ],
2298 silly audit   'requires-port': [ '1.0.0' ],
2298 silly audit   'safer-buffer': [ '2.1.2' ],
2298 silly audit   'shell-quote': [ '1.10.0' ],
2298 silly audit   'dns-packet': [ '5.6.1' ],
2298 silly audit   thunky: [ '1.1.0' ],
2298 silly audit   '@leichtgewicht/ip-codec': [ '2.0.5' ],
2298 silly audit   'ee-first': [ '1.1.1' ],
2298 silly audit   'mimic-fn': [ '2.1.0' ],
2298 silly audit   'define-lazy-prop': [ '2.0.0' ],
2298 silly audit   'is-docker': [ '2.2.1' ],
2298 silly audit   'is-wsl': [ '2.2.0' ],
2298 silly audit   '@types/retry': [ '0.12.0' ],
2298 silly audit   retry: [ '0.13.1' ],
2298 silly audit   forwarded: [ '0.2.0' ],
2298 silly audit   'es-define-property': [ '1.0.1' ],
2298 silly audit   'side-channel': [ '1.1.1' ],
2298 silly audit   '@types/node-forge': [ '1.3.14' ],
2298 silly audit   'node-forge': [ '1.4.0' ],
2298 silly audit   mime: [ '1.6.0' ],
2298 silly audit   batch: [ '0.6.1' ],
2298 silly audit   'object-inspect': [ '1.13.4' ],
2298 silly audit   'side-channel-list': [ '1.0.1' ],
2298 silly audit   'side-channel-map': [ '1.0.1' ],
2298 silly audit   'side-channel-weakmap': [ '1.0.2' ],
2298 silly audit   'call-bound': [ '1.0.4' ],
2298 silly audit   'get-intrinsic': [ '1.3.0' ],
2298 silly audit   'call-bind-apply-helpers': [ '1.0.2' ],
2298 silly audit   'es-object-atoms': [ '1.1.2' ],
2298 silly audit   'get-proto': [ '1.0.1' ],
2298 silly audit   gopd: [ '1.2.0' ],
2298 silly audit   'has-symbols': [ '1.1.0' ],
2298 silly audit   'math-intrinsics': [ '1.1.0' ],
2298 silly audit   'dunder-proto': [ '1.0.1' ],
2298 silly audit   'faye-websocket': [ '0.11.4' ],
2298 silly audit   uuid: [ '8.3.2' ],
2298 silly audit   'websocket-driver': [ '0.7.5' ],
2298 silly audit   'handle-thing': [ '2.0.1' ],
2298 silly audit   'http-deceiver': [ '1.2.7' ],
2298 silly audit   'select-hose': [ '2.0.0' ],
2298 silly audit   'spdy-transport': [ '3.0.0' ],
2298 silly audit   'detect-node': [ '2.1.0' ],
2298 silly audit   'hpack.js': [ '2.1.6' ],
2298 silly audit   obuf: [ '1.1.2' ],
2298 silly audit   wbuf: [ '1.7.3' ],
2298 silly audit   'media-typer': [ '0.3.0' ],
2298 silly audit   'minimalistic-assert': [ '1.0.1' ],
2298 silly audit   memfs: [ '3.5.3' ],
2298 silly audit   'fs-monkey': [ '1.1.0' ],
2298 silly audit   'clone-deep': [ '4.0.1' ],
2298 silly audit   flat: [ '5.0.2' ],
2298 silly audit   wildcard: [ '2.0.1' ],
2298 silly audit   'is-plain-object': [ '2.0.4' ],
2298 silly audit   'kind-of': [ '6.0.3' ],
2298 silly audit   'shallow-clone': [ '3.0.1' ],
2298 silly audit   isobject: [ '3.0.1' ],
2298 silly audit   'source-list-map': [ '2.0.1' ],
2298 silly audit   'http-parser-js': [ '0.5.10' ],
2298 silly audit   'websocket-extensions': [ '0.1.4' ],
2298 silly audit   isexe: [ '2.0.0' ],
2298 silly audit   '@types/mime': [ '1.3.5' ],
2298 silly audit   'ajv-formats': [ '2.1.1' ],
2298 silly audit   'fast-uri': [ '3.1.5' ],
2298 silly audit   'require-from-string': [ '2.0.2' ]
2298 silly audit }
2299 http cache require-from-string@https://registry.npmjs.org/require-from-string/-/require-from-string-2.0.2.tgz 0ms (cache hit)
2300 http cache fast-uri@https://registry.npmjs.org/fast-uri/-/fast-uri-3.1.5.tgz 0ms (cache hit)
2301 http cache @types/mime@https://registry.npmjs.org/@types/mime/-/mime-1.3.5.tgz 0ms (cache hit)
2302 http cache ajv-formats@https://registry.npmjs.org/ajv-formats/-/ajv-formats-2.1.1.tgz 0ms (cache hit)
2303 http cache isexe@https://registry.npmjs.org/isexe/-/isexe-2.0.0.tgz 0ms (cache hit)
2304 http cache websocket-extensions@https://registry.npmjs.org/websocket-extensions/-/websocket-extensions-0.1.4.tgz 0ms (cache hit)
2305 http cache http-parser-js@https://registry.npmjs.org/http-parser-js/-/http-parser-js-0.5.10.tgz 0ms (cache hit)
2306 http cache source-list-map@https://registry.npmjs.org/source-list-map/-/source-list-map-2.0.1.tgz 0ms (cache hit)
2307 http cache isobject@https://registry.npmjs.org/isobject/-/isobject-3.0.1.tgz 0ms (cache hit)
2308 http cache is-plain-object@https://registry.npmjs.org/is-plain-object/-/is-plain-object-2.0.4.tgz 0ms (cache hit)
2309 http cache shallow-clone@https://registry.npmjs.org/shallow-clone/-/shallow-clone-3.0.1.tgz 0ms (cache hit)
2310 http cache kind-of@https://registry.npmjs.org/kind-of/-/kind-of-6.0.3.tgz 0ms (cache hit)
2311 http cache wildcard@https://registry.npmjs.org/wildcard/-/wildcard-2.0.1.tgz 0ms (cache hit)
2312 http cache fs-monkey@https://registry.npmjs.org/fs-monkey/-/fs-monkey-1.1.0.tgz 0ms (cache hit)
2313 http cache clone-deep@https://registry.npmjs.org/clone-deep/-/clone-deep-4.0.1.tgz 0ms (cache hit)
2314 http cache flat@https://registry.npmjs.org/flat/-/flat-5.0.2.tgz 0ms (cache hit)
2315 http cache memfs@https://registry.npmjs.org/memfs/-/memfs-3.5.3.tgz 0ms (cache hit)
2316 http cache wbuf@https://registry.npmjs.org/wbuf/-/wbuf-1.7.3.tgz 0ms (cache hit)
2317 http cache minimalistic-assert@https://registry.npmjs.org/minimalistic-assert/-/minimalistic-assert-1.0.1.tgz 0ms (cache hit)
2318 http cache media-typer@https://registry.npmjs.org/media-typer/-/media-typer-0.3.0.tgz 0ms (cache hit)
2319 http cache hpack.js@https://registry.npmjs.org/hpack.js/-/hpack.js-2.1.6.tgz 0ms (cache hit)
2320 http cache detect-node@https://registry.npmjs.org/detect-node/-/detect-node-2.1.0.tgz 0ms (cache hit)
2321 http cache select-hose@https://registry.npmjs.org/select-hose/-/select-hose-2.0.0.tgz 0ms (cache hit)
2322 http cache obuf@https://registry.npmjs.org/obuf/-/obuf-1.1.2.tgz 0ms (cache hit)
2323 http cache spdy-transport@https://registry.npmjs.org/spdy-transport/-/spdy-transport-3.0.0.tgz 0ms (cache hit)
2324 http cache websocket-driver@https://registry.npmjs.org/websocket-driver/-/websocket-driver-0.7.5.tgz 0ms (cache hit)
2325 http cache http-deceiver@https://registry.npmjs.org/http-deceiver/-/http-deceiver-1.2.7.tgz 0ms (cache hit)
2326 http cache handle-thing@https://registry.npmjs.org/handle-thing/-/handle-thing-2.0.1.tgz 0ms (cache hit)
2327 http cache uuid@https://registry.npmjs.org/uuid/-/uuid-8.3.2.tgz 0ms (cache hit)
2328 http cache faye-websocket@https://registry.npmjs.org/faye-websocket/-/faye-websocket-0.11.4.tgz 0ms (cache hit)
2329 http cache gopd@https://registry.npmjs.org/gopd/-/gopd-1.2.0.tgz 0ms (cache hit)
2330 http cache dunder-proto@https://registry.npmjs.org/dunder-proto/-/dunder-proto-1.0.1.tgz 0ms (cache hit)
2331 http cache has-symbols@https://registry.npmjs.org/has-symbols/-/has-symbols-1.1.0.tgz 0ms (cache hit)
2332 http cache math-intrinsics@https://registry.npmjs.org/math-intrinsics/-/math-intrinsics-1.1.0.tgz 0ms (cache hit)
2333 http cache get-proto@https://registry.npmjs.org/get-proto/-/get-proto-1.0.1.tgz 0ms (cache hit)
2334 http cache es-object-atoms@https://registry.npmjs.org/es-object-atoms/-/es-object-atoms-1.1.2.tgz 0ms (cache hit)
2335 http cache get-intrinsic@https://registry.npmjs.org/get-intrinsic/-/get-intrinsic-1.3.0.tgz 0ms (cache hit)
2336 http cache call-bound@https://registry.npmjs.org/call-bound/-/call-bound-1.0.4.tgz 0ms (cache hit)
2337 http cache call-bind-apply-helpers@https://registry.npmjs.org/call-bind-apply-helpers/-/call-bind-apply-helpers-1.0.2.tgz 0ms (cache hit)
2338 http cache side-channel-weakmap@https://registry.npmjs.org/side-channel-weakmap/-/side-channel-weakmap-1.0.2.tgz 0ms (cache hit)
2339 http cache side-channel-list@https://registry.npmjs.org/side-channel-list/-/side-channel-list-1.0.1.tgz 0ms (cache hit)
2340 http cache side-channel-map@https://registry.npmjs.org/side-channel-map/-/side-channel-map-1.0.1.tgz 0ms (cache hit)
2341 http cache batch@https://registry.npmjs.org/batch/-/batch-0.6.1.tgz 0ms (cache hit)
2342 http cache object-inspect@https://registry.npmjs.org/object-inspect/-/object-inspect-1.13.4.tgz 0ms (cache hit)
2343 http cache node-forge@https://registry.npmjs.org/node-forge/-/node-forge-1.4.0.tgz 0ms (cache hit)
2344 http cache side-channel@https://registry.npmjs.org/side-channel/-/side-channel-1.1.1.tgz 0ms (cache hit)
2345 http cache @types/node-forge@https://registry.npmjs.org/@types/node-forge/-/node-forge-1.3.14.tgz 0ms (cache hit)
2346 http cache mime@https://registry.npmjs.org/mime/-/mime-1.6.0.tgz 0ms (cache hit)
2347 http cache es-define-property@https://registry.npmjs.org/es-define-property/-/es-define-property-1.0.1.tgz 0ms (cache hit)
2348 http cache forwarded@https://registry.npmjs.org/forwarded/-/forwarded-0.2.0.tgz 0ms (cache hit)
2349 http cache @types/retry@https://registry.npmjs.org/@types/retry/-/retry-0.12.0.tgz 0ms (cache hit)
2350 http cache is-wsl@https://registry.npmjs.org/is-wsl/-/is-wsl-2.2.0.tgz 0ms (cache hit)
2351 http cache retry@https://registry.npmjs.org/retry/-/retry-0.13.1.tgz 0ms (cache hit)
2352 http cache is-docker@https://registry.npmjs.org/is-docker/-/is-docker-2.2.1.tgz 0ms (cache hit)
2353 http cache @leichtgewicht/ip-codec@https://registry.npmjs.org/@leichtgewicht/ip-codec/-/ip-codec-2.0.5.tgz 0ms (cache hit)
2354 http cache mimic-fn@https://registry.npmjs.org/mimic-fn/-/mimic-fn-2.1.0.tgz 0ms (cache hit)
2355 http cache define-lazy-prop@https://registry.npmjs.org/define-lazy-prop/-/define-lazy-prop-2.0.0.tgz 0ms (cache hit)
2356 http cache ee-first@https://registry.npmjs.org/ee-first/-/ee-first-1.1.1.tgz 0ms (cache hit)
2357 http cache thunky@https://registry.npmjs.org/thunky/-/thunky-1.1.0.tgz 0ms (cache hit)
2358 http cache dns-packet@https://registry.npmjs.org/dns-packet/-/dns-packet-5.6.1.tgz 0ms (cache hit)
2359 http cache shell-quote@https://registry.npmjs.org/shell-quote/-/shell-quote-1.10.0.tgz 0ms (cache hit)
2360 http cache requires-port@https://registry.npmjs.org/requires-port/-/requires-port-1.0.0.tgz 0ms (cache hit)
2361 http cache safer-buffer@https://registry.npmjs.org/safer-buffer/-/safer-buffer-2.1.2.tgz 0ms (cache hit)
2362 http cache @types/http-proxy@https://registry.npmjs.org/@types/http-proxy/-/http-proxy-1.17.17.tgz 0ms (cache hit)
2363 http cache is-plain-obj@https://registry.npmjs.org/is-plain-obj/-/is-plain-obj-3.0.0.tgz 0ms (cache hit)
2364 http cache eventemitter3@https://registry.npmjs.org/eventemitter3/-/eventemitter3-4.0.7.tgz 0ms (cache hit)
2365 http cache http-proxy@https://registry.npmjs.org/http-proxy/-/http-proxy-1.18.1.tgz 0ms (cache hit)
2366 http cache toidentifier@https://registry.npmjs.org/toidentifier/-/toidentifier-1.0.1.tgz 0ms (cache hit)
2367 http cache unpipe@https://registry.npmjs.org/unpipe/-/unpipe-1.0.0.tgz 0ms (cache hit)
2368 http cache raw-body@https://registry.npmjs.org/raw-body/-/raw-body-2.5.3.tgz 0ms (cache hit)
2369 http cache utils-merge@https://registry.npmjs.org/utils-merge/-/utils-merge-1.0.1.tgz 0ms (cache hit)
2370 http cache destroy@https://registry.npmjs.org/destroy/-/destroy-1.2.0.tgz 0ms (cache hit)
2371 http cache iconv-lite@https://registry.npmjs.org/iconv-lite/-/iconv-lite-0.4.24.tgz 0ms (cache hit)
2372 http cache mime-types@https://registry.npmjs.org/mime-types/-/mime-types-2.1.35.tgz 0ms (cache hit)
2373 http cache type-is@https://registry.npmjs.org/type-is/-/type-is-1.6.18.tgz 0ms (cache hit)
2374 http cache statuses@https://registry.npmjs.org/statuses/-/statuses-2.0.2.tgz 0ms (cache hit)
2375 http cache serve-static@https://registry.npmjs.org/serve-static/-/serve-static-1.16.3.tgz 0ms (cache hit)
2376 http cache setprototypeof@https://registry.npmjs.org/setprototypeof/-/setprototypeof-1.2.0.tgz 0ms (cache hit)
2377 http cache qs@https://registry.npmjs.org/qs/-/qs-6.15.3.tgz 0ms (cache hit)
2378 http cache range-parser@https://registry.npmjs.org/range-parser/-/range-parser-1.2.1.tgz 0ms (cache hit)
2379 http cache send@https://registry.npmjs.org/send/-/send-0.19.2.tgz 1ms (cache hit)
2380 http cache proxy-addr@https://registry.npmjs.org/proxy-addr/-/proxy-addr-2.0.7.tgz 0ms (cache hit)
2381 http cache path-to-regexp@https://registry.npmjs.org/path-to-regexp/-/path-to-regexp-0.1.13.tgz 0ms (cache hit)
2382 http cache on-finished@https://registry.npmjs.org/on-finished/-/on-finished-2.4.1.tgz 0ms (cache hit)
2383 http cache merge-descriptors@https://registry.npmjs.org/merge-descriptors/-/merge-descriptors-1.0.3.tgz 0ms (cache hit)
2384 http cache parseurl@https://registry.npmjs.org/parseurl/-/parseurl-1.3.3.tgz 0ms (cache hit)
2385 http cache methods@https://registry.npmjs.org/methods/-/methods-1.1.2.tgz 0ms (cache hit)
2386 http cache http-errors@https://registry.npmjs.org/http-errors/-/http-errors-2.0.1.tgz 0ms (cache hit)
2387 http cache fresh@https://registry.npmjs.org/fresh/-/fresh-0.5.2.tgz 0ms (cache hit)
2388 http cache finalhandler@https://registry.npmjs.org/finalhandler/-/finalhandler-1.3.2.tgz 0ms (cache hit)
2389 http cache escape-html@https://registry.npmjs.org/escape-html/-/escape-html-1.0.3.tgz 0ms (cache hit)
2390 http cache etag@https://registry.npmjs.org/etag/-/etag-1.8.1.tgz 0ms (cache hit)
2391 http cache cookie-signature@https://registry.npmjs.org/cookie-signature/-/cookie-signature-1.0.7.tgz 0ms (cache hit)
2392 http cache encodeurl@https://registry.npmjs.org/encodeurl/-/encodeurl-2.0.0.tgz 0ms (cache hit)
2393 http cache depd@https://registry.npmjs.org/depd/-/depd-2.0.0.tgz 0ms (cache hit)
2394 http cache content-type@https://registry.npmjs.org/content-type/-/content-type-1.0.5.tgz 0ms (cache hit)
2395 http cache cookie@https://registry.npmjs.org/cookie/-/cookie-0.7.2.tgz 0ms (cache hit)
2396 http cache content-disposition@https://registry.npmjs.org/content-disposition/-/content-disposition-0.5.4.tgz 0ms (cache hit)
2397 http cache array-flatten@https://registry.npmjs.org/array-flatten/-/array-flatten-1.1.1.tgz 0ms (cache hit)
2398 http cache body-parser@https://registry.npmjs.org/body-parser/-/body-parser-1.20.6.tgz 0ms (cache hit)
2399 http cache accepts@https://registry.npmjs.org/accepts/-/accepts-1.3.8.tgz 0ms (cache hit)
2400 http cache signal-exit@https://registry.npmjs.org/signal-exit/-/signal-exit-3.0.7.tgz 0ms (cache hit)
2401 http cache strip-final-newline@https://registry.npmjs.org/strip-final-newline/-/strip-final-newline-2.0.0.tgz 0ms (cache hit)
2402 http cache human-signals@https://registry.npmjs.org/human-signals/-/human-signals-2.1.0.tgz 0ms (cache hit)
2403 http cache onetime@https://registry.npmjs.org/onetime/-/onetime-5.1.2.tgz 0ms (cache hit)
2404 http cache npm-run-path@https://registry.npmjs.org/npm-run-path/-/npm-run-path-4.0.1.tgz 0ms (cache hit)
2405 http cache get-stream@https://registry.npmjs.org/get-stream/-/get-stream-6.0.1.tgz 0ms (cache hit)
2406 http cache is-stream@https://registry.npmjs.org/is-stream/-/is-stream-2.0.1.tgz 0ms (cache hit)
2407 http cache execa@https://registry.npmjs.org/execa/-/execa-5.1.1.tgz 0ms (cache hit)
2408 http cache vary@https://registry.npmjs.org/vary/-/vary-1.1.2.tgz 0ms (cache hit)
2409 http cache ms@https://registry.npmjs.org/ms/-/ms-2.0.0.tgz 0ms (cache hit)
2410 http cache on-headers@https://registry.npmjs.org/on-headers/-/on-headers-1.1.0.tgz 0ms (cache hit)
2411 http cache debug@https://registry.npmjs.org/debug/-/debug-2.6.9.tgz 0ms (cache hit)
2412 http cache negotiator@https://registry.npmjs.org/negotiator/-/negotiator-0.6.4.tgz 0ms (cache hit)
2413 http cache compressible@https://registry.npmjs.org/compressible/-/compressible-2.0.18.tgz 0ms (cache hit)
2414 http cache multicast-dns@https://registry.npmjs.org/multicast-dns/-/multicast-dns-7.2.5.tgz 0ms (cache hit)
2415 http cache bytes@https://registry.npmjs.org/bytes/-/bytes-3.1.2.tgz 0ms (cache hit)
2416 http cache @types/http-errors@https://registry.npmjs.org/@types/http-errors/-/http-errors-2.0.5.tgz 0ms (cache hit)
2417 http cache @types/range-parser@https://registry.npmjs.org/@types/range-parser/-/range-parser-1.2.7.tgz 0ms (cache hit)
2418 http cache @types/send@https://registry.npmjs.org/@types/send/-/send-1.2.1.tgz 0ms (cache hit)
2419 http cache @types/connect@https://registry.npmjs.org/@types/connect/-/connect-3.4.38.tgz 0ms (cache hit)
2420 http cache @types/body-parser@https://registry.npmjs.org/@types/body-parser/-/body-parser-1.19.6.tgz 0ms (cache hit)
2421 http cache @types/qs@https://registry.npmjs.org/@types/qs/-/qs-6.15.1.tgz 0ms (cache hit)
2422 http cache @types/express-serve-static-core@https://registry.npmjs.org/@types/express-serve-static-core/-/express-serve-static-core-5.1.3.tgz 0ms (cache hit)
2423 http cache spdy@https://registry.npmjs.org/spdy/-/spdy-4.0.2.tgz 0ms (cache hit)
2424 http cache webpack-dev-middleware@https://registry.npmjs.org/webpack-dev-middleware/-/webpack-dev-middleware-5.3.4.tgz 0ms (cache hit)
2425 http cache sockjs@https://registry.npmjs.org/sockjs/-/sockjs-0.3.24.tgz 0ms (cache hit)
2426 http cache serve-index@https://registry.npmjs.org/serve-index/-/serve-index-1.9.2.tgz 0ms (cache hit)
2427 http cache selfsigned@https://registry.npmjs.org/selfsigned/-/selfsigned-2.4.1.tgz 0ms (cache hit)
2428 http cache ipaddr.js@https://registry.npmjs.org/ipaddr.js/-/ipaddr.js-2.5.0.tgz 0ms (cache hit)
2429 http cache p-retry@https://registry.npmjs.org/p-retry/-/p-retry-4.6.2.tgz 0ms (cache hit)
2430 http cache open@https://registry.npmjs.org/open/-/open-8.4.2.tgz 0ms (cache hit)
2431 http cache launch-editor@https://registry.npmjs.org/launch-editor/-/launch-editor-2.14.1.tgz 0ms (cache hit)
2432 http cache http-proxy-middleware@https://registry.npmjs.org/http-proxy-middleware/-/http-proxy-middleware-2.0.10.tgz 0ms (cache hit)
2433 http cache connect-history-api-fallback@https://registry.npmjs.org/connect-history-api-fallback/-/connect-history-api-fallback-2.0.0.tgz 0ms (cache hit)
2434 http cache html-entities@https://registry.npmjs.org/html-entities/-/html-entities-2.6.0.tgz 0ms (cache hit)
2435 http cache express@https://registry.npmjs.org/express/-/express-4.22.2.tgz 0ms (cache hit)
2436 http cache default-gateway@https://registry.npmjs.org/default-gateway/-/default-gateway-6.0.3.tgz 0ms (cache hit)
2437 http cache compression@https://registry.npmjs.org/compression/-/compression-1.8.1.tgz 0ms (cache hit)
2438 http cache bonjour-service@https://registry.npmjs.org/bonjour-service/-/bonjour-service-1.4.4.tgz 0ms (cache hit)
2439 http cache @types/sockjs@https://registry.npmjs.org/@types/sockjs/-/sockjs-0.3.36.tgz 0ms (cache hit)
2440 http cache ansi-html-community@https://registry.npmjs.org/ansi-html-community/-/ansi-html-community-0.0.8.tgz 0ms (cache hit)
2441 http cache @types/ws@https://registry.npmjs.org/@types/ws/-/ws-8.18.1.tgz 0ms (cache hit)
2442 http cache @types/serve-index@https://registry.npmjs.org/@types/serve-index/-/serve-index-1.9.4.tgz 0ms (cache hit)
2443 http cache @types/serve-static@https://registry.npmjs.org/@types/serve-static/-/serve-static-1.15.10.tgz 0ms (cache hit)
2444 http cache function-bind@https://registry.npmjs.org/function-bind/-/function-bind-1.1.2.tgz 0ms (cache hit)
2445 http cache @types/express@https://registry.npmjs.org/@types/express/-/express-4.17.25.tgz 0ms (cache hit)
2446 http cache @types/connect-history-api-fallback@https://registry.npmjs.org/@types/connect-history-api-fallback/-/connect-history-api-fallback-1.5.4.tgz 0ms (cache hit)
2447 http cache @types/bonjour@https://registry.npmjs.org/@types/bonjour/-/bonjour-3.5.13.tgz 0ms (cache hit)
2448 http cache supports-preserve-symlinks-flag@https://registry.npmjs.org/supports-preserve-symlinks-flag/-/supports-preserve-symlinks-flag-1.0.0.tgz 0ms (cache hit)
2449 http cache hasown@https://registry.npmjs.org/hasown/-/hasown-2.0.4.tgz 0ms (cache hit)
2450 http cache path-parse@https://registry.npmjs.org/path-parse/-/path-parse-1.0.7.tgz 0ms (cache hit)
2451 http cache is-core-module@https://registry.npmjs.org/is-core-module/-/is-core-module-2.16.2.tgz 0ms (cache hit)
2452 http cache es-errors@https://registry.npmjs.org/es-errors/-/es-errors-1.3.0.tgz 0ms (cache hit)
2453 http cache resolve@https://registry.npmjs.org/resolve/-/resolve-1.22.12.tgz 0ms (cache hit)
2454 http cache p-limit@https://registry.npmjs.org/p-limit/-/p-limit-2.3.0.tgz 0ms (cache hit)
2455 http cache p-try@https://registry.npmjs.org/p-try/-/p-try-2.2.0.tgz 0ms (cache hit)
2456 http cache p-locate@https://registry.npmjs.org/p-locate/-/p-locate-4.1.0.tgz 0ms (cache hit)
2457 http cache path-exists@https://registry.npmjs.org/path-exists/-/path-exists-4.0.0.tgz 0ms (cache hit)
2458 http cache locate-path@https://registry.npmjs.org/locate-path/-/locate-path-5.0.0.tgz 0ms (cache hit)
2459 http cache find-up@https://registry.npmjs.org/find-up/-/find-up-4.1.0.tgz 0ms (cache hit)
2460 http cache pkg-dir@https://registry.npmjs.org/pkg-dir/-/pkg-dir-4.2.0.tgz 0ms (cache hit)
2461 http cache resolve-cwd@https://registry.npmjs.org/resolve-cwd/-/resolve-cwd-3.0.0.tgz 0ms (cache hit)
2462 http cache webpack-merge@https://registry.npmjs.org/webpack-merge/-/webpack-merge-5.10.0.tgz 0ms (cache hit)
2463 http cache envinfo@https://registry.npmjs.org/envinfo/-/envinfo-7.21.0.tgz 0ms (cache hit)
2464 http cache rechoir@https://registry.npmjs.org/rechoir/-/rechoir-0.7.1.tgz 0ms (cache hit)
2465 http cache import-local@https://registry.npmjs.org/import-local/-/import-local-3.2.0.tgz 0ms (cache hit)
2466 http cache fastest-levenshtein@https://registry.npmjs.org/fastest-levenshtein/-/fastest-levenshtein-1.0.16.tgz 0ms (cache hit)
2467 http cache interpret@https://registry.npmjs.org/interpret/-/interpret-2.2.0.tgz 0ms (cache hit)
2468 http cache colorette@https://registry.npmjs.org/colorette/-/colorette-2.0.20.tgz 0ms (cache hit)
2469 http cache totalist@https://registry.npmjs.org/totalist/-/totalist-3.0.1.tgz 0ms (cache hit)
2470 http cache @webpack-cli/info@https://registry.npmjs.org/@webpack-cli/info/-/info-1.5.0.tgz 0ms (cache hit)
2471 http cache @webpack-cli/configtest@https://registry.npmjs.org/@webpack-cli/configtest/-/configtest-1.2.0.tgz 0ms (cache hit)
2472 http cache @webpack-cli/serve@https://registry.npmjs.org/@webpack-cli/serve/-/serve-1.7.0.tgz 0ms (cache hit)
2473 http cache mrmime@https://registry.npmjs.org/mrmime/-/mrmime-2.0.1.tgz 0ms (cache hit)
2474 http cache @polka/url@https://registry.npmjs.org/@polka/url/-/url-1.0.0-next.29.tgz 0ms (cache hit)
2475 http cache ws@https://registry.npmjs.org/ws/-/ws-7.5.13.tgz 0ms (cache hit)
2476 http cache duplexer@https://registry.npmjs.org/duplexer/-/duplexer-0.1.2.tgz 0ms (cache hit)
2477 http cache sirv@https://registry.npmjs.org/sirv/-/sirv-2.0.4.tgz 0ms (cache hit)
2478 http cache opener@https://registry.npmjs.org/opener/-/opener-1.5.2.tgz 0ms (cache hit)
2479 http cache html-escaper@https://registry.npmjs.org/html-escaper/-/html-escaper-2.0.2.tgz 0ms (cache hit)
2480 http cache gzip-size@https://registry.npmjs.org/gzip-size/-/gzip-size-6.0.0.tgz 0ms (cache hit)
2481 http cache escape-string-regexp@https://registry.npmjs.org/escape-string-regexp/-/escape-string-regexp-4.0.0.tgz 0ms (cache hit)
2482 http cache debounce@https://registry.npmjs.org/debounce/-/debounce-1.2.1.tgz 0ms (cache hit)
2483 http cache acorn-walk@https://registry.npmjs.org/acorn-walk/-/acorn-walk-8.3.5.tgz 0ms (cache hit)
2484 http cache @discoveryjs/json-ext@https://registry.npmjs.org/@discoveryjs/json-ext/-/json-ext-0.5.7.tgz 0ms (cache hit)
2485 http cache @jridgewell/gen-mapping@https://registry.npmjs.org/@jridgewell/gen-mapping/-/gen-mapping-0.3.13.tgz 0ms (cache hit)
2486 http cache escalade@https://registry.npmjs.org/escalade/-/escalade-3.2.0.tgz 0ms (cache hit)
2487 http cache buffer-from@https://registry.npmjs.org/buffer-from/-/buffer-from-1.1.2.tgz 0ms (cache hit)
2488 http cache @jridgewell/source-map@https://registry.npmjs.org/@jridgewell/source-map/-/source-map-0.3.11.tgz 0ms (cache hit)
2489 http cache source-map-support@https://registry.npmjs.org/source-map-support/-/source-map-support-0.5.21.tgz 0ms (cache hit)
2490 http cache merge-stream@https://registry.npmjs.org/merge-stream/-/merge-stream-2.0.0.tgz 0ms (cache hit)
2491 http cache @jridgewell/resolve-uri@https://registry.npmjs.org/@jridgewell/resolve-uri/-/resolve-uri-3.1.2.tgz 0ms (cache hit)
2492 http cache @jridgewell/sourcemap-codec@https://registry.npmjs.org/@jridgewell/sourcemap-codec/-/sourcemap-codec-1.5.5.tgz 0ms (cache hit)
2493 http cache terser@https://registry.npmjs.org/terser/-/terser-5.50.0.tgz 0ms (cache hit)
2494 http cache @jridgewell/trace-mapping@https://registry.npmjs.org/@jridgewell/trace-mapping/-/trace-mapping-0.3.31.tgz 0ms (cache hit)
2495 http cache jest-worker@https://registry.npmjs.org/jest-worker/-/jest-worker-27.5.1.tgz 0ms (cache hit)
2496 http cache estraverse@https://registry.npmjs.org/estraverse/-/estraverse-4.3.0.tgz 0ms (cache hit)
2497 http cache update-browserslist-db@https://registry.npmjs.org/update-browserslist-db/-/update-browserslist-db-1.3.1.tgz 0ms (cache hit)
2498 http cache esrecurse@https://registry.npmjs.org/esrecurse/-/esrecurse-4.3.0.tgz 0ms (cache hit)
2499 http cache node-releases@https://registry.npmjs.org/node-releases/-/node-releases-2.0.53.tgz 0ms (cache hit)
2500 http cache electron-to-chromium@https://registry.npmjs.org/electron-to-chromium/-/electron-to-chromium-1.5.411.tgz 0ms (cache hit)
2501 http cache caniuse-lite@https://registry.npmjs.org/caniuse-lite/-/caniuse-lite-1.0.30001809.tgz 0ms (cache hit)
2502 http cache baseline-browser-mapping@https://registry.npmjs.org/baseline-browser-mapping/-/baseline-browser-mapping-2.11.16.tgz 0ms (cache hit)
2503 http cache @xtuc/ieee754@https://registry.npmjs.org/@xtuc/ieee754/-/ieee754-1.2.0.tgz 0ms (cache hit)
2504 http cache @webassemblyjs/utf8@https://registry.npmjs.org/@webassemblyjs/utf8/-/utf8-1.13.2.tgz 0ms (cache hit)
2505 http cache @webassemblyjs/leb128@https://registry.npmjs.org/@webassemblyjs/leb128/-/leb128-1.13.2.tgz 0ms (cache hit)
2506 http cache @webassemblyjs/ieee754@https://registry.npmjs.org/@webassemblyjs/ieee754/-/ieee754-1.13.2.tgz 0ms (cache hit)
2507 http cache @webassemblyjs/wasm-opt@https://registry.npmjs.org/@webassemblyjs/wasm-opt/-/wasm-opt-1.14.1.tgz 0ms (cache hit)
2508 http cache @webassemblyjs/helper-wasm-section@https://registry.npmjs.org/@webassemblyjs/helper-wasm-section/-/helper-wasm-section-1.14.1.tgz 0ms (cache hit)
2509 http cache @webassemblyjs/wast-printer@https://registry.npmjs.org/@webassemblyjs/wast-printer/-/wast-printer-1.14.1.tgz 0ms (cache hit)
2510 http cache @xtuc/long@https://registry.npmjs.org/@xtuc/long/-/long-4.2.2.tgz 0ms (cache hit)
2511 http cache @webassemblyjs/helper-buffer@https://registry.npmjs.org/@webassemblyjs/helper-buffer/-/helper-buffer-1.14.1.tgz 0ms (cache hit)
2512 http cache @webassemblyjs/wasm-gen@https://registry.npmjs.org/@webassemblyjs/wasm-gen/-/wasm-gen-1.14.1.tgz 0ms (cache hit)
2513 http cache @webassemblyjs/helper-numbers@https://registry.npmjs.org/@webassemblyjs/helper-numbers/-/helper-numbers-1.13.2.tgz 0ms (cache hit)
2514 http cache @webassemblyjs/helper-wasm-bytecode@https://registry.npmjs.org/@webassemblyjs/helper-wasm-bytecode/-/helper-wasm-bytecode-1.13.2.tgz 0ms (cache hit)
2515 http cache @webassemblyjs/floating-point-hex-parser@https://registry.npmjs.org/@webassemblyjs/floating-point-hex-parser/-/floating-point-hex-parser-1.13.2.tgz 0ms (cache hit)
2516 http cache @webassemblyjs/helper-api-error@https://registry.npmjs.org/@webassemblyjs/helper-api-error/-/helper-api-error-1.13.2.tgz 0ms (cache hit)
2517 http cache watchpack@https://registry.npmjs.org/watchpack/-/watchpack-2.5.2.tgz 0ms (cache hit)
2518 http cache mime-db@https://registry.npmjs.org/mime-db/-/mime-db-1.54.0.tgz 0ms (cache hit)
2519 http cache minimizer-webpack-plugin@https://registry.npmjs.org/minimizer-webpack-plugin/-/minimizer-webpack-plugin-5.6.1.tgz 0ms (cache hit)
2520 http cache neo-async@https://registry.npmjs.org/neo-async/-/neo-async-2.6.2.tgz 0ms (cache hit)
2521 http cache events@https://registry.npmjs.org/events/-/events-3.3.0.tgz 0ms (cache hit)
2522 http cache eslint-scope@https://registry.npmjs.org/eslint-scope/-/eslint-scope-5.1.1.tgz 0ms (cache hit)
2523 http cache es-module-lexer@https://registry.npmjs.org/es-module-lexer/-/es-module-lexer-2.3.2.tgz 0ms (cache hit)
2524 http cache chrome-trace-event@https://registry.npmjs.org/chrome-trace-event/-/chrome-trace-event-1.0.4.tgz 0ms (cache hit)
2525 http cache browserslist@https://registry.npmjs.org/browserslist/-/browserslist-4.28.8.tgz 0ms (cache hit)
2526 http cache acorn@https://registry.npmjs.org/acorn/-/acorn-8.18.0.tgz 0ms (cache hit)
2527 http cache @webassemblyjs/wasm-parser@https://registry.npmjs.org/@webassemblyjs/wasm-parser/-/wasm-parser-1.14.1.tgz 0ms (cache hit)
2528 http cache @types/estree@https://registry.npmjs.org/@types/estree/-/estree-1.0.9.tgz 0ms (cache hit)
2529 http cache @webassemblyjs/wasm-edit@https://registry.npmjs.org/@webassemblyjs/wasm-edit/-/wasm-edit-1.14.1.tgz 0ms (cache hit)
2530 http cache punycode@https://registry.npmjs.org/punycode/-/punycode-2.3.1.tgz 0ms (cache hit)
2531 http cache @webassemblyjs/ast@https://registry.npmjs.org/@webassemblyjs/ast/-/ast-1.14.1.tgz 0ms (cache hit)
2532 http cache string_decoder@https://registry.npmjs.org/string_decoder/-/string_decoder-1.1.1.tgz 0ms (cache hit)
2533 http cache safe-buffer@https://registry.npmjs.org/safe-buffer/-/safe-buffer-5.1.2.tgz 0ms (cache hit)
2534 http cache process-nextick-args@https://registry.npmjs.org/process-nextick-args/-/process-nextick-args-2.0.1.tgz 0ms (cache hit)
2535 http cache isarray@https://registry.npmjs.org/isarray/-/isarray-1.0.0.tgz 0ms (cache hit)
2536 http cache core-util-is@https://registry.npmjs.org/core-util-is/-/core-util-is-1.0.3.tgz 0ms (cache hit)
2537 http cache prr@https://registry.npmjs.org/prr/-/prr-1.0.1.tgz 0ms (cache hit)
2538 http cache readable-stream@https://registry.npmjs.org/readable-stream/-/readable-stream-2.3.8.tgz 0ms (cache hit)
2539 http cache errno@https://registry.npmjs.org/errno/-/errno-0.1.8.tgz 0ms (cache hit)
2540 http cache micromatch@https://registry.npmjs.org/micromatch/-/micromatch-4.0.8.tgz 0ms (cache hit)
2541 http cache tapable@https://registry.npmjs.org/tapable/-/tapable-1.1.3.tgz 0ms (cache hit)
2542 http cache memory-fs@https://registry.npmjs.org/memory-fs/-/memory-fs-0.5.0.tgz 0ms (cache hit)
2543 http cache is-number@https://registry.npmjs.org/is-number/-/is-number-7.0.0.tgz 0ms (cache hit)
2544 http cache enhanced-resolve@https://registry.npmjs.org/enhanced-resolve/-/enhanced-resolve-4.5.0.tgz 0ms (cache hit)
2545 http cache mkdirp@https://registry.npmjs.org/mkdirp/-/mkdirp-0.5.6.tgz 0ms (cache hit)
2546 http cache min-indent@https://registry.npmjs.org/min-indent/-/min-indent-1.0.1.tgz 0ms (cache hit)
2547 http cache rimraf@https://registry.npmjs.org/rimraf/-/rimraf-2.7.1.tgz 0ms (cache hit)
2548 http cache graceful-fs@https://registry.npmjs.org/graceful-fs/-/graceful-fs-4.2.11.tgz 0ms (cache hit)
2549 http cache es6-promise@https://registry.npmjs.org/es6-promise/-/es6-promise-3.3.1.tgz 0ms (cache hit)
2550 http cache sander@https://registry.npmjs.org/sander/-/sander-0.5.1.tgz 0ms (cache hit)
2551 http cache strip-indent@https://registry.npmjs.org/strip-indent/-/strip-indent-3.0.0.tgz 0ms (cache hit)
2552 http cache buffer-crc32@https://registry.npmjs.org/buffer-crc32/-/buffer-crc32-0.2.13.tgz 0ms (cache hit)
2553 http cache sourcemap-codec@https://registry.npmjs.org/sourcemap-codec/-/sourcemap-codec-1.4.8.tgz 0ms (cache hit)
2554 http cache magic-string@https://registry.npmjs.org/magic-string/-/magic-string-0.25.9.tgz 0ms (cache hit)
2555 http cache sorcery@https://registry.npmjs.org/sorcery/-/sorcery-0.10.0.tgz 0ms (cache hit)
2556 http cache @types/pug@https://registry.npmjs.org/@types/pug/-/pug-2.0.10.tgz 0ms (cache hit)
2557 http cache detect-indent@https://registry.npmjs.org/detect-indent/-/detect-indent-6.1.0.tgz 0ms (cache hit)
2558 http cache @types/sass@https://registry.npmjs.org/@types/sass/-/sass-1.43.1.tgz 0ms (cache hit)
2559 http cache svelte-hmr@https://registry.npmjs.org/svelte-hmr/-/svelte-hmr-0.14.12.tgz 0ms (cache hit)
2560 http cache has-flag@https://registry.npmjs.org/has-flag/-/has-flag-4.0.0.tgz 0ms (cache hit)
2561 http cache svelte-dev-helper@https://registry.npmjs.org/svelte-dev-helper/-/svelte-dev-helper-1.1.9.tgz 0ms (cache hit)
2562 http cache mri@https://registry.npmjs.org/mri/-/mri-1.2.0.tgz 0ms (cache hit)
2563 http cache callsites@https://registry.npmjs.org/callsites/-/callsites-3.1.0.tgz 0ms (cache hit)
2564 http cache is-extglob@https://registry.npmjs.org/is-extglob/-/is-extglob-2.1.1.tgz 0ms (cache hit)
2565 http cache resolve-from@https://registry.npmjs.org/resolve-from/-/resolve-from-4.0.0.tgz 0ms (cache hit)
2566 http cache binary-extensions@https://registry.npmjs.org/binary-extensions/-/binary-extensions-2.3.0.tgz 0ms (cache hit)
2567 http cache parent-module@https://registry.npmjs.org/parent-module/-/parent-module-1.0.1.tgz 0ms (cache hit)
2568 http cache to-regex-range@https://registry.npmjs.org/to-regex-range/-/to-regex-range-5.0.1.tgz 0ms (cache hit)
2569 http cache fill-range@https://registry.npmjs.org/fill-range/-/fill-range-7.1.1.tgz 0ms (cache hit)
2570 http cache picomatch@https://registry.npmjs.org/picomatch/-/picomatch-2.3.2.tgz 0ms (cache hit)
2571 http cache readdirp@https://registry.npmjs.org/readdirp/-/readdirp-3.6.0.tgz 0ms (cache hit)
2572 http cache normalize-path@https://registry.npmjs.org/normalize-path/-/normalize-path-3.0.0.tgz 0ms (cache hit)
2573 http cache is-glob@https://registry.npmjs.org/is-glob/-/is-glob-4.0.3.tgz 0ms (cache hit)
2574 http cache glob-parent@https://registry.npmjs.org/glob-parent/-/glob-parent-5.1.2.tgz 0ms (cache hit)
2575 http cache is-binary-path@https://registry.npmjs.org/is-binary-path/-/is-binary-path-2.1.0.tgz 0ms (cache hit)
2576 http cache braces@https://registry.npmjs.org/braces/-/braces-3.0.3.tgz 0ms (cache hit)
2577 http cache anymatch@https://registry.npmjs.org/anymatch/-/anymatch-3.1.3.tgz 0ms (cache hit)
2578 http cache supports-color@https://registry.npmjs.org/supports-color/-/supports-color-7.2.0.tgz 0ms (cache hit)
2579 http cache ansi-styles@https://registry.npmjs.org/ansi-styles/-/ansi-styles-4.3.0.tgz 0ms (cache hit)
2580 http cache source-map@https://registry.npmjs.org/source-map/-/source-map-0.7.6.tgz 0ms (cache hit)
2581 http cache minimist@https://registry.npmjs.org/minimist/-/minimist-1.2.8.tgz 0ms (cache hit)
2582 http cache sade@https://registry.npmjs.org/sade/-/sade-1.8.1.tgz 0ms (cache hit)
2583 http cache chokidar@https://registry.npmjs.org/chokidar/-/chokidar-3.6.0.tgz 0ms (cache hit)
2584 http cache import-fresh@https://registry.npmjs.org/import-fresh/-/import-fresh-3.3.1.tgz 0ms (cache hit)
2585 http cache chalk@https://registry.npmjs.org/chalk/-/chalk-4.1.2.tgz 0ms (cache hit)
2586 http cache shebang-regex@https://registry.npmjs.org/shebang-regex/-/shebang-regex-3.0.0.tgz 0ms (cache hit)
2587 http cache uri-js@https://registry.npmjs.org/uri-js/-/uri-js-4.4.1.tgz 0ms (cache hit)
2588 http cache fast-json-stable-stringify@https://registry.npmjs.org/fast-json-stable-stringify/-/fast-json-stable-stringify-2.1.0.tgz 0ms (cache hit)
2589 http cache fast-deep-equal@https://registry.npmjs.org/fast-deep-equal/-/fast-deep-equal-3.1.3.tgz 0ms (cache hit)
2590 http cache json-schema-traverse@https://registry.npmjs.org/json-schema-traverse/-/json-schema-traverse-0.4.1.tgz 0ms (cache hit)
2591 http cache ajv-keywords@https://registry.npmjs.org/ajv-keywords/-/ajv-keywords-3.5.2.tgz 0ms (cache hit)
2592 http cache @types/json-schema@https://registry.npmjs.org/@types/json-schema/-/json-schema-7.0.15.tgz 0ms (cache hit)
2593 http cache ajv@https://registry.npmjs.org/ajv/-/ajv-6.15.0.tgz 0ms (cache hit)
2594 http cache commander@https://registry.npmjs.org/commander/-/commander-8.3.0.tgz 0ms (cache hit)
2595 http cache purgecss@https://registry.npmjs.org/purgecss/-/purgecss-4.1.3.tgz 0ms (cache hit)
2596 http cache util-deprecate@https://registry.npmjs.org/util-deprecate/-/util-deprecate-1.0.2.tgz 0ms (cache hit)
2597 http cache cssesc@https://registry.npmjs.org/cssesc/-/cssesc-3.0.0.tgz 0ms (cache hit)
2598 http cache source-map-js@https://registry.npmjs.org/source-map-js/-/source-map-js-1.2.1.tgz 0ms (cache hit)
2599 http cache postcss-selector-parser@https://registry.npmjs.org/postcss-selector-parser/-/postcss-selector-parser-7.1.5.tgz 0ms (cache hit)
2600 http cache picocolors@https://registry.npmjs.org/picocolors/-/picocolors-1.1.1.tgz 0ms (cache hit)
2601 http cache concat-map@https://registry.npmjs.org/concat-map/-/concat-map-0.0.1.tgz 0ms (cache hit)
2602 http cache nanoid@https://registry.npmjs.org/nanoid/-/nanoid-3.3.18.tgz 0ms (cache hit)
2603 http cache balanced-match@https://registry.npmjs.org/balanced-match/-/balanced-match-1.0.2.tgz 0ms (cache hit)
2604 http cache webpack-sources@https://registry.npmjs.org/webpack-sources/-/webpack-sources-1.4.3.tgz 0ms (cache hit)
2605 http cache json5@https://registry.npmjs.org/json5/-/json5-2.2.3.tgz 0ms (cache hit)
2606 http cache brace-expansion@https://registry.npmjs.org/brace-expansion/-/brace-expansion-1.1.18.tgz 0ms (cache hit)
2607 http cache emojis-list@https://registry.npmjs.org/emojis-list/-/emojis-list-3.0.0.tgz 0ms (cache hit)
2608 http cache big.js@https://registry.npmjs.org/big.js/-/big.js-5.2.2.tgz 0ms (cache hit)
2609 http cache minimatch@https://registry.npmjs.org/minimatch/-/minimatch-3.1.5.tgz 0ms (cache hit)
2610 http cache wrappy@https://registry.npmjs.org/wrappy/-/wrappy-1.0.2.tgz 0ms (cache hit)
2611 http cache once@https://registry.npmjs.org/once/-/once-1.4.0.tgz 0ms (cache hit)
2612 http cache path-is-absolute@https://registry.npmjs.org/path-is-absolute/-/path-is-absolute-1.0.1.tgz 0ms (cache hit)
2613 http cache inherits@https://registry.npmjs.org/inherits/-/inherits-2.0.4.tgz 0ms (cache hit)
2614 http cache inflight@https://registry.npmjs.org/inflight/-/inflight-1.0.6.tgz 0ms (cache hit)
2615 http cache semver@https://registry.npmjs.org/semver/-/semver-7.8.5.tgz 0ms (cache hit)
2616 http cache fs.realpath@https://registry.npmjs.org/fs.realpath/-/fs.realpath-1.0.0.tgz 0ms (cache hit)
2617 http cache schema-utils@https://registry.npmjs.org/schema-utils/-/schema-utils-3.3.0.tgz 0ms (cache hit)
2618 http cache postcss-value-parser@https://registry.npmjs.org/postcss-value-parser/-/postcss-value-parser-4.2.0.tgz 0ms (cache hit)
2619 http cache postcss-modules-scope@https://registry.npmjs.org/postcss-modules-scope/-/postcss-modules-scope-3.2.1.tgz 0ms (cache hit)
2620 http cache postcss-modules-local-by-default@https://registry.npmjs.org/postcss-modules-local-by-default/-/postcss-modules-local-by-default-4.2.0.tgz 0ms (cache hit)
2621 http cache postcss-modules-values@https://registry.npmjs.org/postcss-modules-values/-/postcss-modules-values-4.0.0.tgz 0ms (cache hit)
2622 http cache postcss-modules-extract-imports@https://registry.npmjs.org/postcss-modules-extract-imports/-/postcss-modules-extract-imports-3.1.0.tgz 0ms (cache hit)
2623 http cache postcss@https://registry.npmjs.org/postcss/-/postcss-8.5.26.tgz 0ms (cache hit)
2624 http cache loader-utils@https://registry.npmjs.org/loader-utils/-/loader-utils-2.0.4.tgz 0ms (cache hit)
2625 http cache shebang-command@https://registry.npmjs.org/shebang-command/-/shebang-command-2.0.0.tgz 0ms (cache hit)
2626 http cache which@https://registry.npmjs.org/which/-/which-2.0.2.tgz 0ms (cache hit)
2627 http cache path-key@https://registry.npmjs.org/path-key/-/path-key-3.1.1.tgz 0ms (cache hit)
2628 http cache icss-utils@https://registry.npmjs.org/icss-utils/-/icss-utils-5.1.0.tgz 0ms (cache hit)
2629 http cache cross-spawn@https://registry.npmjs.org/cross-spawn/-/cross-spawn-7.0.6.tgz 0ms (cache hit)
2630 http cache color-convert@https://registry.npmjs.org/color-convert/-/color-convert-1.9.3.tgz 0ms (cache hit)
2631 http cache color-name@https://registry.npmjs.org/color-name/-/color-name-1.1.4.tgz 0ms (cache hit)
2632 http cache chartjs-color-string@https://registry.npmjs.org/chartjs-color-string/-/chartjs-color-string-0.6.0.tgz 0ms (cache hit)
2633 http cache chartjs-color@https://registry.npmjs.org/chartjs-color/-/chartjs-color-2.4.1.tgz 0ms (cache hit)
2634 http cache moment@https://registry.npmjs.org/moment/-/moment-2.30.1.tgz 0ms (cache hit)
2635 http cache follow-redirects@https://registry.npmjs.org/follow-redirects/-/follow-redirects-1.16.0.tgz 0ms (cache hit)
2636 http cache webpack-dev-server@https://registry.npmjs.org/webpack-dev-server/-/webpack-dev-server-4.15.2.tgz 0ms (cache hit)
2637 http cache webpack-cli@https://registry.npmjs.org/webpack-cli/-/webpack-cli-4.10.0.tgz 0ms (cache hit)
2638 http cache webpack-bundle-analyzer@https://registry.npmjs.org/webpack-bundle-analyzer/-/webpack-bundle-analyzer-4.10.2.tgz 0ms (cache hit)
2639 http cache tslib@https://registry.npmjs.org/tslib/-/tslib-2.8.1.tgz 0ms (cache hit)
2640 http cache typescript@https://registry.npmjs.org/typescript/-/typescript-4.9.5.tgz 0ms (cache hit)
2641 http cache svelte-preprocess@https://registry.npmjs.org/svelte-preprocess/-/svelte-preprocess-4.10.7.tgz 0ms (cache hit)
2642 http cache ts-loader@https://registry.npmjs.org/ts-loader/-/ts-loader-8.4.0.tgz 0ms (cache hit)
2643 http cache svelte-routing@https://registry.npmjs.org/svelte-routing/-/svelte-routing-1.11.0.tgz 0ms (cache hit)
2644 http cache svelte-loader@https://registry.npmjs.org/svelte-loader/-/svelte-loader-3.2.4.tgz 0ms (cache hit)
2645 http cache svelte-check@https://registry.npmjs.org/svelte-check/-/svelte-check-1.6.0.tgz 0ms (cache hit)
2646 http cache svelte-feather-icons@https://registry.npmjs.org/svelte-feather-icons/-/svelte-feather-icons-3.6.0.tgz 0ms (cache hit)
2647 http cache svelte@https://registry.npmjs.org/svelte/-/svelte-3.59.2.tgz 0ms (cache hit)
2648 http cache purgecss-webpack-plugin@https://registry.npmjs.org/purgecss-webpack-plugin/-/purgecss-webpack-plugin-4.1.3.tgz 0ms (cache hit)
2649 http cache mini-css-extract-plugin@https://registry.npmjs.org/mini-css-extract-plugin/-/mini-css-extract-plugin-1.6.2.tgz 0ms (cache hit)
2650 http cache glob@https://registry.npmjs.org/glob/-/glob-7.2.3.tgz 0ms (cache hit)
2651 http cache dayjs@https://registry.npmjs.org/dayjs/-/dayjs-1.11.23.tgz 0ms (cache hit)
2652 http cache webpack@https://registry.npmjs.org/webpack/-/webpack-5.109.2.tgz 0ms (cache hit)
2653 http cache lodash@https://registry.npmjs.org/lodash/-/lodash-4.18.1.tgz 0ms (cache hit)
2654 http cache css-loader@https://registry.npmjs.org/css-loader/-/css-loader-5.2.7.tgz 0ms (cache hit)
2655 http cache chart.js@https://registry.npmjs.org/chart.js/-/chart.js-2.9.4.tgz 0ms (cache hit)
2656 http cache cross-env@https://registry.npmjs.org/cross-env/-/cross-env-7.0.3.tgz 0ms (cache hit)
2657 http cache bootstrap@https://registry.npmjs.org/bootstrap/-/bootstrap-5.3.8.tgz 0ms (cache hit)
2658 http cache @types/node@https://registry.npmjs.org/@types/node/-/node-14.18.63.tgz 0ms (cache hit)
2659 http cache @popperjs/core@https://registry.npmjs.org/@popperjs/core/-/core-2.11.8.tgz 0ms (cache hit)
2660 http cache @types/lodash@https://registry.npmjs.org/@types/lodash/-/lodash-4.17.25.tgz 0ms (cache hit)
2661 http cache @types/chart.js@https://registry.npmjs.org/@types/chart.js/-/chart.js-2.9.41.tgz 0ms (cache hit)
2662 http cache axios@https://registry.npmjs.org/axios/-/axios-0.21.4.tgz 0ms (cache hit)
2663 http cache @tsconfig/svelte@https://registry.npmjs.org/@tsconfig/svelte/-/svelte-1.0.13.tgz 0ms (cache hit)
2664 http cache json-schema-traverse@https://registry.npmjs.org/json-schema-traverse/-/json-schema-traverse-1.0.0.tgz 0ms (cache hit)
2665 http cache @types/bootstrap@https://registry.npmjs.org/@types/bootstrap/-/bootstrap-5.2.11.tgz 0ms (cache hit)
2666 http cache ajv@https://registry.npmjs.org/ajv/-/ajv-8.20.0.tgz 0ms (cache hit)
2667 http cache ms@https://registry.npmjs.org/ms/-/ms-2.1.3.tgz 0ms (cache hit)
2668 http cache readable-stream@https://registry.npmjs.org/readable-stream/-/readable-stream-3.6.2.tgz 0ms (cache hit)
2669 http cache ms@https://registry.npmjs.org/ms/-/ms-2.1.3.tgz 0ms (cache hit)
2670 http cache debug@https://registry.npmjs.org/debug/-/debug-4.4.3.tgz 0ms (cache hit)
2671 http cache mime-db@https://registry.npmjs.org/mime-db/-/mime-db-1.52.0.tgz 0ms (cache hit)
2672 http cache negotiator@https://registry.npmjs.org/negotiator/-/negotiator-0.6.3.tgz 0ms (cache hit)
2673 http cache ipaddr.js@https://registry.npmjs.org/ipaddr.js/-/ipaddr.js-1.9.1.tgz 0ms (cache hit)
2674 http cache safe-buffer@https://registry.npmjs.org/safe-buffer/-/safe-buffer-5.2.1.tgz 0ms (cache hit)
2675 http cache json-schema-traverse@https://registry.npmjs.org/json-schema-traverse/-/json-schema-traverse-1.0.0.tgz 0ms (cache hit)
2676 http cache ajv-keywords@https://registry.npmjs.org/ajv-keywords/-/ajv-keywords-5.1.0.tgz 0ms (cache hit)
2677 http cache ms@https://registry.npmjs.org/ms/-/ms-2.1.3.tgz 0ms (cache hit)
2678 http cache schema-utils@https://registry.npmjs.org/schema-utils/-/schema-utils-4.3.3.tgz 0ms (cache hit)
2679 http cache debug@https://registry.npmjs.org/debug/-/debug-4.4.3.tgz 0ms (cache hit)
2680 http cache ajv@https://registry.npmjs.org/ajv/-/ajv-8.20.0.tgz 0ms (cache hit)
2681 http cache depd@https://registry.npmjs.org/depd/-/depd-1.1.2.tgz 0ms (cache hit)
2682 http cache statuses@https://registry.npmjs.org/statuses/-/statuses-1.5.0.tgz 0ms (cache hit)
2683 http cache http-errors@https://registry.npmjs.org/http-errors/-/http-errors-1.8.1.tgz 0ms (cache hit)
2684 http cache safe-buffer@https://registry.npmjs.org/safe-buffer/-/safe-buffer-5.2.1.tgz 0ms (cache hit)
2685 http cache @types/send@https://registry.npmjs.org/@types/send/-/send-0.17.6.tgz 0ms (cache hit)
2686 http cache safe-buffer@https://registry.npmjs.org/safe-buffer/-/safe-buffer-5.2.1.tgz 0ms (cache hit)
2687 http cache @types/express-serve-static-core@https://registry.npmjs.org/@types/express-serve-static-core/-/express-serve-static-core-4.19.9.tgz 0ms (cache hit)
2688 http cache supports-color@https://registry.npmjs.org/supports-color/-/supports-color-8.1.1.tgz 0ms (cache hit)
2689 http cache source-map@https://registry.npmjs.org/source-map/-/source-map-0.6.1.tgz 0ms (cache hit)
2690 http cache resolve-from@https://registry.npmjs.org/resolve-from/-/resolve-from-5.0.0.tgz 0ms (cache hit)
2691 http cache commander@https://registry.npmjs.org/commander/-/commander-2.20.3.tgz 0ms (cache hit)
2692 http cache estraverse@https://registry.npmjs.org/estraverse/-/estraverse-5.3.0.tgz 0ms (cache hit)
2693 http cache ajv-keywords@https://registry.npmjs.org/ajv-keywords/-/ajv-keywords-5.1.0.tgz 0ms (cache hit)
2694 http cache ajv@https://registry.npmjs.org/ajv/-/ajv-8.20.0.tgz 0ms (cache hit)
2695 http cache json-schema-traverse@https://registry.npmjs.org/json-schema-traverse/-/json-schema-traverse-1.0.0.tgz 0ms (cache hit)
2696 http cache schema-utils@https://registry.npmjs.org/schema-utils/-/schema-utils-4.3.3.tgz 1ms (cache hit)
2697 http cache postcss-selector-parser@https://registry.npmjs.org/postcss-selector-parser/-/postcss-selector-parser-6.1.4.tgz 0ms (cache hit)
2698 http cache color-convert@https://registry.npmjs.org/color-convert/-/color-convert-2.0.1.tgz 0ms (cache hit)
2699 http cache color-name@https://registry.npmjs.org/color-name/-/color-name-1.1.3.tgz 0ms (cache hit)
2700 http cache source-map@https://registry.npmjs.org/source-map/-/source-map-0.6.1.tgz 0ms (cache hit)
2701 http cache json-schema-traverse@https://registry.npmjs.org/json-schema-traverse/-/json-schema-traverse-1.0.0.tgz 0ms (cache hit)
2702 http cache ajv-keywords@https://registry.npmjs.org/ajv-keywords/-/ajv-keywords-5.1.0.tgz 0ms (cache hit)
2703 http cache ajv@https://registry.npmjs.org/ajv/-/ajv-8.20.0.tgz 0ms (cache hit)
2704 http cache schema-utils@https://registry.npmjs.org/schema-utils/-/schema-utils-4.3.3.tgz 0ms (cache hit)
2705 http cache ws@https://registry.npmjs.org/ws/-/ws-8.21.3.tgz 0ms (cache hit)
2706 http cache commander@https://registry.npmjs.org/commander/-/commander-7.2.0.tgz 0ms (cache hit)
2707 http cache commander@https://registry.npmjs.org/commander/-/commander-7.2.0.tgz 0ms (cache hit)
2708 http cache rimraf@https://registry.npmjs.org/rimraf/-/rimraf-3.0.2.tgz 0ms (cache hit)
2709 http cache webpack-sources@https://registry.npmjs.org/webpack-sources/-/webpack-sources-3.5.1.tgz 0ms (cache hit)
2710 http cache ajv-keywords@https://registry.npmjs.org/ajv-keywords/-/ajv-keywords-5.1.0.tgz 0ms (cache hit)
2711 http cache json-schema-traverse@https://registry.npmjs.org/json-schema-traverse/-/json-schema-traverse-1.0.0.tgz 0ms (cache hit)
2712 http cache ajv@https://registry.npmjs.org/ajv/-/ajv-8.20.0.tgz 0ms (cache hit)
2713 http cache webpack-sources@https://registry.npmjs.org/webpack-sources/-/webpack-sources-3.5.1.tgz 0ms (cache hit)
2714 silly tarball no local data for fast-uri@https://registry.npmjs.org/fast-uri/-/fast-uri-3.1.5.tgz. Extracting by manifest.
2715 silly tarball no local data for require-from-string@https://registry.npmjs.org/require-from-string/-/require-from-string-2.0.2.tgz. Extracting by manifest.
2716 silly tarball no local data for @types/mime@https://registry.npmjs.org/@types/mime/-/mime-1.3.5.tgz. Extracting by manifest.
2717 silly tarball no local data for ajv-formats@https://registry.npmjs.org/ajv-formats/-/ajv-formats-2.1.1.tgz. Extracting by manifest.
2718 silly tarball no local data for websocket-extensions@https://registry.npmjs.org/websocket-extensions/-/websocket-extensions-0.1.4.tgz. Extracting by manifest.
2719 silly tarball no local data for isexe@https://registry.npmjs.org/isexe/-/isexe-2.0.0.tgz. Extracting by manifest.
2720 http cache tapable@https://registry.npmjs.org/tapable/-/tapable-2.3.3.tgz 0ms (cache hit)
2721 silly tarball no local data for http-parser-js@https://registry.npmjs.org/http-parser-js/-/http-parser-js-0.5.10.tgz. Extracting by manifest.
2722 http cache schema-utils@https://registry.npmjs.org/schema-utils/-/schema-utils-4.3.3.tgz 0ms (cache hit)
2723 silly tarball no local data for isobject@https://registry.npmjs.org/isobject/-/isobject-3.0.1.tgz. Extracting by manifest.
2724 http cache enhanced-resolve@https://registry.npmjs.org/enhanced-resolve/-/enhanced-resolve-5.24.5.tgz 0ms (cache hit)
2725 silly tarball no local data for source-list-map@https://registry.npmjs.org/source-list-map/-/source-list-map-2.0.1.tgz. Extracting by manifest.
2726 silly tarball no local data for is-plain-object@https://registry.npmjs.org/is-plain-object/-/is-plain-object-2.0.4.tgz. Extracting by manifest.
2727 silly tarball no local data for shallow-clone@https://registry.npmjs.org/shallow-clone/-/shallow-clone-3.0.1.tgz. Extracting by manifest.
2728 silly tarball no local data for kind-of@https://registry.npmjs.org/kind-of/-/kind-of-6.0.3.tgz. Extracting by manifest.
2729 silly tarball no local data for wildcard@https://registry.npmjs.org/wildcard/-/wildcard-2.0.1.tgz. Extracting by manifest.
2730 silly tarball no local data for fs-monkey@https://registry.npmjs.org/fs-monkey/-/fs-monkey-1.1.0.tgz. Extracting by manifest.
2731 silly tarball no local data for clone-deep@https://registry.npmjs.org/clone-deep/-/clone-deep-4.0.1.tgz. Extracting by manifest.
2732 silly tarball no local data for flat@https://registry.npmjs.org/flat/-/flat-5.0.2.tgz. Extracting by manifest.
2733 silly tarball no local data for memfs@https://registry.npmjs.org/memfs/-/memfs-3.5.3.tgz. Extracting by manifest.
2734 silly tarball no local data for wbuf@https://registry.npmjs.org/wbuf/-/wbuf-1.7.3.tgz. Extracting by manifest.
2735 silly tarball no local data for minimalistic-assert@https://registry.npmjs.org/minimalistic-assert/-/minimalistic-assert-1.0.1.tgz. Extracting by manifest.
2736 silly tarball no local data for media-typer@https://registry.npmjs.org/media-typer/-/media-typer-0.3.0.tgz. Extracting by manifest.
2737 silly tarball no local data for hpack.js@https://registry.npmjs.org/hpack.js/-/hpack.js-2.1.6.tgz. Extracting by manifest.
2738 silly tarball no local data for detect-node@https://registry.npmjs.org/detect-node/-/detect-node-2.1.0.tgz. Extracting by manifest.
2739 silly tarball no local data for select-hose@https://registry.npmjs.org/select-hose/-/select-hose-2.0.0.tgz. Extracting by manifest.
2740 silly tarball no local data for obuf@https://registry.npmjs.org/obuf/-/obuf-1.1.2.tgz. Extracting by manifest.
2741 silly tarball no local data for spdy-transport@https://registry.npmjs.org/spdy-transport/-/spdy-transport-3.0.0.tgz. Extracting by manifest.
2742 silly tarball no local data for websocket-driver@https://registry.npmjs.org/websocket-driver/-/websocket-driver-0.7.5.tgz. Extracting by manifest.
2743 silly tarball no local data for http-deceiver@https://registry.npmjs.org/http-deceiver/-/http-deceiver-1.2.7.tgz. Extracting by manifest.
2744 silly tarball no local data for handle-thing@https://registry.npmjs.org/handle-thing/-/handle-thing-2.0.1.tgz. Extracting by manifest.
2745 silly tarball no local data for faye-websocket@https://registry.npmjs.org/faye-websocket/-/faye-websocket-0.11.4.tgz. Extracting by manifest.
2746 silly tarball no local data for gopd@https://registry.npmjs.org/gopd/-/gopd-1.2.0.tgz. Extracting by manifest.
2747 silly tarball no local data for dunder-proto@https://registry.npmjs.org/dunder-proto/-/dunder-proto-1.0.1.tgz. Extracting by manifest.
2748 silly tarball no local data for has-symbols@https://registry.npmjs.org/has-symbols/-/has-symbols-1.1.0.tgz. Extracting by manifest.
2749 silly tarball no local data for math-intrinsics@https://registry.npmjs.org/math-intrinsics/-/math-intrinsics-1.1.0.tgz. Extracting by manifest.
2750 silly tarball no local data for get-proto@https://registry.npmjs.org/get-proto/-/get-proto-1.0.1.tgz. Extracting by manifest.
2751 silly tarball no local data for es-object-atoms@https://registry.npmjs.org/es-object-atoms/-/es-object-atoms-1.1.2.tgz. Extracting by manifest.
2752 silly tarball no local data for get-intrinsic@https://registry.npmjs.org/get-intrinsic/-/get-intrinsic-1.3.0.tgz. Extracting by manifest.
2753 silly tarball no local data for call-bound@https://registry.npmjs.org/call-bound/-/call-bound-1.0.4.tgz. Extracting by manifest.
2754 silly tarball no local data for call-bind-apply-helpers@https://registry.npmjs.org/call-bind-apply-helpers/-/call-bind-apply-helpers-1.0.2.tgz. Extracting by manifest.
2755 silly tarball no local data for side-channel-weakmap@https://registry.npmjs.org/side-channel-weakmap/-/side-channel-weakmap-1.0.2.tgz. Extracting by manifest.
2756 silly tarball no local data for side-channel-list@https://registry.npmjs.org/side-channel-list/-/side-channel-list-1.0.1.tgz. Extracting by manifest.
2757 silly tarball no local data for side-channel-map@https://registry.npmjs.org/side-channel-map/-/side-channel-map-1.0.1.tgz. Extracting by manifest.
2758 silly tarball no local data for batch@https://registry.npmjs.org/batch/-/batch-0.6.1.tgz. Extracting by manifest.
2759 silly tarball no local data for object-inspect@https://registry.npmjs.org/object-inspect/-/object-inspect-1.13.4.tgz. Extracting by manifest.
2760 silly tarball no local data for node-forge@https://registry.npmjs.org/node-forge/-/node-forge-1.4.0.tgz. Extracting by manifest.
2761 silly tarball no local data for side-channel@https://registry.npmjs.org/side-channel/-/side-channel-1.1.1.tgz. Extracting by manifest.
2762 silly tarball no local data for @types/node-forge@https://registry.npmjs.org/@types/node-forge/-/node-forge-1.3.14.tgz. Extracting by manifest.
2763 silly tarball no local data for es-define-property@https://registry.npmjs.org/es-define-property/-/es-define-property-1.0.1.tgz. Extracting by manifest.
2764 silly tarball no local data for forwarded@https://registry.npmjs.org/forwarded/-/forwarded-0.2.0.tgz. Extracting by manifest.
2765 silly tarball no local data for @types/retry@https://registry.npmjs.org/@types/retry/-/retry-0.12.0.tgz. Extracting by manifest.
2766 silly tarball no local data for is-wsl@https://registry.npmjs.org/is-wsl/-/is-wsl-2.2.0.tgz. Extracting by manifest.
2767 silly tarball no local data for retry@https://registry.npmjs.org/retry/-/retry-0.13.1.tgz. Extracting by manifest.
2768 silly tarball no local data for is-docker@https://registry.npmjs.org/is-docker/-/is-docker-2.2.1.tgz. Extracting by manifest.
2769 silly tarball no local data for @leichtgewicht/ip-codec@https://registry.npmjs.org/@leichtgewicht/ip-codec/-/ip-codec-2.0.5.tgz. Extracting by manifest.
2770 silly tarball no local data for mimic-fn@https://registry.npmjs.org/mimic-fn/-/mimic-fn-2.1.0.tgz. Extracting by manifest.
2771 silly tarball no local data for define-lazy-prop@https://registry.npmjs.org/define-lazy-prop/-/define-lazy-prop-2.0.0.tgz. Extracting by manifest.
2772 silly tarball no local data for ee-first@https://registry.npmjs.org/ee-first/-/ee-first-1.1.1.tgz. Extracting by manifest.
2773 silly tarball no local data for thunky@https://registry.npmjs.org/thunky/-/thunky-1.1.0.tgz. Extracting by manifest.
2774 silly tarball no local data for dns-packet@https://registry.npmjs.org/dns-packet/-/dns-packet-5.6.1.tgz. Extracting by manifest.
2775 silly tarball no local data for shell-quote@https://registry.npmjs.org/shell-quote/-/shell-quote-1.10.0.tgz. Extracting by manifest.
2776 silly tarball no local data for requires-port@https://registry.npmjs.org/requires-port/-/requires-port-1.0.0.tgz. Extracting by manifest.
2777 silly tarball no local data for @types/http-proxy@https://registry.npmjs.org/@types/http-proxy/-/http-proxy-1.17.17.tgz. Extracting by manifest.
2778 silly tarball no local data for is-plain-obj@https://registry.npmjs.org/is-plain-obj/-/is-plain-obj-3.0.0.tgz. Extracting by manifest.
2779 silly tarball no local data for eventemitter3@https://registry.npmjs.org/eventemitter3/-/eventemitter3-4.0.7.tgz. Extracting by manifest.
2780 silly tarball no local data for http-proxy@https://registry.npmjs.org/http-proxy/-/http-proxy-1.18.1.tgz. Extracting by manifest.
2781 silly tarball no local data for toidentifier@https://registry.npmjs.org/toidentifier/-/toidentifier-1.0.1.tgz. Extracting by manifest.
2782 silly tarball no local data for unpipe@https://registry.npmjs.org/unpipe/-/unpipe-1.0.0.tgz. Extracting by manifest.
2783 silly tarball no local data for raw-body@https://registry.npmjs.org/raw-body/-/raw-body-2.5.3.tgz. Extracting by manifest.
2784 silly tarball no local data for utils-merge@https://registry.npmjs.org/utils-merge/-/utils-merge-1.0.1.tgz. Extracting by manifest.
2785 silly tarball no local data for destroy@https://registry.npmjs.org/destroy/-/destroy-1.2.0.tgz. Extracting by manifest.
2786 silly tarball no local data for mime-types@https://registry.npmjs.org/mime-types/-/mime-types-2.1.35.tgz. Extracting by manifest.
2787 silly tarball no local data for statuses@https://registry.npmjs.org/statuses/-/statuses-2.0.2.tgz. Extracting by manifest.
2788 silly tarball no local data for serve-static@https://registry.npmjs.org/serve-static/-/serve-static-1.16.3.tgz. Extracting by manifest.
2789 silly tarball no local data for setprototypeof@https://registry.npmjs.org/setprototypeof/-/setprototypeof-1.2.0.tgz. Extracting by manifest.
2790 silly tarball no local data for qs@https://registry.npmjs.org/qs/-/qs-6.15.3.tgz. Extracting by manifest.
2791 silly tarball no local data for send@https://registry.npmjs.org/send/-/send-0.19.2.tgz. Extracting by manifest.
2792 silly tarball no local data for proxy-addr@https://registry.npmjs.org/proxy-addr/-/proxy-addr-2.0.7.tgz. Extracting by manifest.
2793 silly tarball no local data for path-to-regexp@https://registry.npmjs.org/path-to-regexp/-/path-to-regexp-0.1.13.tgz. Extracting by manifest.
2794 silly tarball no local data for on-finished@https://registry.npmjs.org/on-finished/-/on-finished-2.4.1.tgz. Extracting by manifest.
2795 silly tarball no local data for merge-descriptors@https://registry.npmjs.org/merge-descriptors/-/merge-descriptors-1.0.3.tgz. Extracting by manifest.
2796 silly tarball no local data for methods@https://registry.npmjs.org/methods/-/methods-1.1.2.tgz. Extracting by manifest.
2797 silly tarball no local data for http-errors@https://registry.npmjs.org/http-errors/-/http-errors-2.0.1.tgz. Extracting by manifest.
2798 silly tarball no local data for fresh@https://registry.npmjs.org/fresh/-/fresh-0.5.2.tgz. Extracting by manifest.
2799 silly tarball no local data for finalhandler@https://registry.npmjs.org/finalhandler/-/finalhandler-1.3.2.tgz. Extracting by manifest.
2800 silly tarball no local data for escape-html@https://registry.npmjs.org/escape-html/-/escape-html-1.0.3.tgz. Extracting by manifest.
2801 silly tarball no local data for etag@https://registry.npmjs.org/etag/-/etag-1.8.1.tgz. Extracting by manifest.
2802 silly tarball no local data for cookie-signature@https://registry.npmjs.org/cookie-signature/-/cookie-signature-1.0.7.tgz. Extracting by manifest.
2803 silly tarball no local data for encodeurl@https://registry.npmjs.org/encodeurl/-/encodeurl-2.0.0.tgz. Extracting by manifest.
2804 silly tarball no local data for content-type@https://registry.npmjs.org/content-type/-/content-type-1.0.5.tgz. Extracting by manifest.
2805 silly tarball no local data for cookie@https://registry.npmjs.org/cookie/-/cookie-0.7.2.tgz. Extracting by manifest.
2806 silly tarball no local data for content-disposition@https://registry.npmjs.org/content-disposition/-/content-disposition-0.5.4.tgz. Extracting by manifest.
2807 silly tarball no local data for array-flatten@https://registry.npmjs.org/array-flatten/-/array-flatten-1.1.1.tgz. Extracting by manifest.
2808 silly tarball no local data for body-parser@https://registry.npmjs.org/body-parser/-/body-parser-1.20.6.tgz. Extracting by manifest.
2809 silly tarball no local data for accepts@https://registry.npmjs.org/accepts/-/accepts-1.3.8.tgz. Extracting by manifest.
2810 silly tarball no local data for signal-exit@https://registry.npmjs.org/signal-exit/-/signal-exit-3.0.7.tgz. Extracting by manifest.
2811 silly tarball no local data for strip-final-newline@https://registry.npmjs.org/strip-final-newline/-/strip-final-newline-2.0.0.tgz. Extracting by manifest.
2812 silly tarball no local data for human-signals@https://registry.npmjs.org/human-signals/-/human-signals-2.1.0.tgz. Extracting by manifest.
2813 silly tarball no local data for onetime@https://registry.npmjs.org/onetime/-/onetime-5.1.2.tgz. Extracting by manifest.
2814 silly tarball no local data for npm-run-path@https://registry.npmjs.org/npm-run-path/-/npm-run-path-4.0.1.tgz. Extracting by manifest.
2815 silly tarball no local data for get-stream@https://registry.npmjs.org/get-stream/-/get-stream-6.0.1.tgz. Extracting by manifest.
2816 silly tarball no local data for is-stream@https://registry.npmjs.org/is-stream/-/is-stream-2.0.1.tgz. Extracting by manifest.
2817 silly tarball no local data for execa@https://registry.npmjs.org/execa/-/execa-5.1.1.tgz. Extracting by manifest.
2818 silly tarball no local data for vary@https://registry.npmjs.org/vary/-/vary-1.1.2.tgz. Extracting by manifest.
2819 silly tarball no local data for ms@https://registry.npmjs.org/ms/-/ms-2.0.0.tgz. Extracting by manifest.
2820 silly tarball no local data for on-headers@https://registry.npmjs.org/on-headers/-/on-headers-1.1.0.tgz. Extracting by manifest.
2821 silly tarball no local data for negotiator@https://registry.npmjs.org/negotiator/-/negotiator-0.6.4.tgz. Extracting by manifest.
2822 silly tarball no local data for multicast-dns@https://registry.npmjs.org/multicast-dns/-/multicast-dns-7.2.5.tgz. Extracting by manifest.
2823 silly tarball no local data for bytes@https://registry.npmjs.org/bytes/-/bytes-3.1.2.tgz. Extracting by manifest.
2824 silly tarball no local data for @types/http-errors@https://registry.npmjs.org/@types/http-errors/-/http-errors-2.0.5.tgz. Extracting by manifest.
2825 silly tarball no local data for @types/range-parser@https://registry.npmjs.org/@types/range-parser/-/range-parser-1.2.7.tgz. Extracting by manifest.
2826 silly tarball no local data for @types/send@https://registry.npmjs.org/@types/send/-/send-1.2.1.tgz. Extracting by manifest.
2827 silly tarball no local data for @types/connect@https://registry.npmjs.org/@types/connect/-/connect-3.4.38.tgz. Extracting by manifest.
2828 silly tarball no local data for @types/body-parser@https://registry.npmjs.org/@types/body-parser/-/body-parser-1.19.6.tgz. Extracting by manifest.
2829 silly tarball no local data for @types/qs@https://registry.npmjs.org/@types/qs/-/qs-6.15.1.tgz. Extracting by manifest.
2830 silly tarball no local data for @types/express-serve-static-core@https://registry.npmjs.org/@types/express-serve-static-core/-/express-serve-static-core-5.1.3.tgz. Extracting by manifest.
2831 silly tarball no local data for spdy@https://registry.npmjs.org/spdy/-/spdy-4.0.2.tgz. Extracting by manifest.
2832 silly tarball no local data for webpack-dev-middleware@https://registry.npmjs.org/webpack-dev-middleware/-/webpack-dev-middleware-5.3.4.tgz. Extracting by manifest.
2833 silly tarball no local data for sockjs@https://registry.npmjs.org/sockjs/-/sockjs-0.3.24.tgz. Extracting by manifest.
2834 silly tarball no local data for serve-index@https://registry.npmjs.org/serve-index/-/serve-index-1.9.2.tgz. Extracting by manifest.
2835 silly tarball no local data for selfsigned@https://registry.npmjs.org/selfsigned/-/selfsigned-2.4.1.tgz. Extracting by manifest.
2836 silly tarball no local data for ipaddr.js@https://registry.npmjs.org/ipaddr.js/-/ipaddr.js-2.5.0.tgz. Extracting by manifest.
2837 silly tarball no local data for p-retry@https://registry.npmjs.org/p-retry/-/p-retry-4.6.2.tgz. Extracting by manifest.
2838 silly tarball no local data for open@https://registry.npmjs.org/open/-/open-8.4.2.tgz. Extracting by manifest.
2839 silly tarball no local data for launch-editor@https://registry.npmjs.org/launch-editor/-/launch-editor-2.14.1.tgz. Extracting by manifest.
2840 silly tarball no local data for http-proxy-middleware@https://registry.npmjs.org/http-proxy-middleware/-/http-proxy-middleware-2.0.10.tgz. Extracting by manifest.
2841 silly tarball no local data for connect-history-api-fallback@https://registry.npmjs.org/connect-history-api-fallback/-/connect-history-api-fallback-2.0.0.tgz. Extracting by manifest.
2842 silly tarball no local data for html-entities@https://registry.npmjs.org/html-entities/-/html-entities-2.6.0.tgz. Extracting by manifest.
2843 silly tarball no local data for express@https://registry.npmjs.org/express/-/express-4.22.2.tgz. Extracting by manifest.
2844 silly tarball no local data for default-gateway@https://registry.npmjs.org/default-gateway/-/default-gateway-6.0.3.tgz. Extracting by manifest.
2845 silly tarball no local data for compression@https://registry.npmjs.org/compression/-/compression-1.8.1.tgz. Extracting by manifest.
2846 silly tarball no local data for bonjour-service@https://registry.npmjs.org/bonjour-service/-/bonjour-service-1.4.4.tgz. Extracting by manifest.
2847 silly tarball no local data for @types/sockjs@https://registry.npmjs.org/@types/sockjs/-/sockjs-0.3.36.tgz. Extracting by manifest.
2848 silly tarball no local data for ansi-html-community@https://registry.npmjs.org/ansi-html-community/-/ansi-html-community-0.0.8.tgz. Extracting by manifest.
2849 silly tarball no local data for @types/ws@https://registry.npmjs.org/@types/ws/-/ws-8.18.1.tgz. Extracting by manifest.
2850 silly tarball no local data for @types/serve-index@https://registry.npmjs.org/@types/serve-index/-/serve-index-1.9.4.tgz. Extracting by manifest.
2851 silly tarball no local data for @types/serve-static@https://registry.npmjs.org/@types/serve-static/-/serve-static-1.15.10.tgz. Extracting by manifest.
2852 silly tarball no local data for function-bind@https://registry.npmjs.org/function-bind/-/function-bind-1.1.2.tgz. Extracting by manifest.
2853 silly tarball no local data for @types/express@https://registry.npmjs.org/@types/express/-/express-4.17.25.tgz. Extracting by manifest.
2854 silly tarball no local data for @types/connect-history-api-fallback@https://registry.npmjs.org/@types/connect-history-api-fallback/-/connect-history-api-fallback-1.5.4.tgz. Extracting by manifest.
2855 silly tarball no local data for @types/bonjour@https://registry.npmjs.org/@types/bonjour/-/bonjour-3.5.13.tgz. Extracting by manifest.
2856 silly tarball no local data for supports-preserve-symlinks-flag@https://registry.npmjs.org/supports-preserve-symlinks-flag/-/supports-preserve-symlinks-flag-1.0.0.tgz. Extracting by manifest.
2857 silly tarball no local data for hasown@https://registry.npmjs.org/hasown/-/hasown-2.0.4.tgz. Extracting by manifest.
2858 silly tarball no local data for is-core-module@https://registry.npmjs.org/is-core-module/-/is-core-module-2.16.2.tgz. Extracting by manifest.
2859 silly tarball no local data for es-errors@https://registry.npmjs.org/es-errors/-/es-errors-1.3.0.tgz. Extracting by manifest.
2860 silly tarball no local data for resolve@https://registry.npmjs.org/resolve/-/resolve-1.22.12.tgz. Extracting by manifest.
2861 silly tarball no local data for p-limit@https://registry.npmjs.org/p-limit/-/p-limit-2.3.0.tgz. Extracting by manifest.
2862 silly tarball no local data for p-try@https://registry.npmjs.org/p-try/-/p-try-2.2.0.tgz. Extracting by manifest.
2863 silly tarball no local data for p-locate@https://registry.npmjs.org/p-locate/-/p-locate-4.1.0.tgz. Extracting by manifest.
2864 silly tarball no local data for path-exists@https://registry.npmjs.org/path-exists/-/path-exists-4.0.0.tgz. Extracting by manifest.
2865 silly tarball no local data for locate-path@https://registry.npmjs.org/locate-path/-/locate-path-5.0.0.tgz. Extracting by manifest.
2866 silly tarball no local data for find-up@https://registry.npmjs.org/find-up/-/find-up-4.1.0.tgz. Extracting by manifest.
2867 silly tarball no local data for pkg-dir@https://registry.npmjs.org/pkg-dir/-/pkg-dir-4.2.0.tgz. Extracting by manifest.
2868 silly tarball no local data for resolve-cwd@https://registry.npmjs.org/resolve-cwd/-/resolve-cwd-3.0.0.tgz. Extracting by manifest.
2869 silly tarball no local data for webpack-merge@https://registry.npmjs.org/webpack-merge/-/webpack-merge-5.10.0.tgz. Extracting by manifest.
2870 silly tarball no local data for envinfo@https://registry.npmjs.org/envinfo/-/envinfo-7.21.0.tgz. Extracting by manifest.
2871 silly tarball no local data for rechoir@https://registry.npmjs.org/rechoir/-/rechoir-0.7.1.tgz. Extracting by manifest.
2872 silly tarball no local data for import-local@https://registry.npmjs.org/import-local/-/import-local-3.2.0.tgz. Extracting by manifest.
2873 silly tarball no local data for fastest-levenshtein@https://registry.npmjs.org/fastest-levenshtein/-/fastest-levenshtein-1.0.16.tgz. Extracting by manifest.
2874 silly tarball no local data for colorette@https://registry.npmjs.org/colorette/-/colorette-2.0.20.tgz. Extracting by manifest.
2875 silly tarball no local data for totalist@https://registry.npmjs.org/totalist/-/totalist-3.0.1.tgz. Extracting by manifest.
2876 silly tarball no local data for @webpack-cli/info@https://registry.npmjs.org/@webpack-cli/info/-/info-1.5.0.tgz. Extracting by manifest.
2877 silly tarball no local data for @webpack-cli/configtest@https://registry.npmjs.org/@webpack-cli/configtest/-/configtest-1.2.0.tgz. Extracting by manifest.
2878 silly tarball no local data for @webpack-cli/serve@https://registry.npmjs.org/@webpack-cli/serve/-/serve-1.7.0.tgz. Extracting by manifest.
2879 silly tarball no local data for mrmime@https://registry.npmjs.org/mrmime/-/mrmime-2.0.1.tgz. Extracting by manifest.
2880 silly tarball no local data for @polka/url@https://registry.npmjs.org/@polka/url/-/url-1.0.0-next.29.tgz. Extracting by manifest.
2881 silly tarball no local data for ws@https://registry.npmjs.org/ws/-/ws-7.5.13.tgz. Extracting by manifest.
2882 silly tarball no local data for duplexer@https://registry.npmjs.org/duplexer/-/duplexer-0.1.2.tgz. Extracting by manifest.
2883 silly tarball no local data for sirv@https://registry.npmjs.org/sirv/-/sirv-2.0.4.tgz. Extracting by manifest.
2884 silly tarball no local data for opener@https://registry.npmjs.org/opener/-/opener-1.5.2.tgz. Extracting by manifest.
2885 silly tarball no local data for html-escaper@https://registry.npmjs.org/html-escaper/-/html-escaper-2.0.2.tgz. Extracting by manifest.
2886 silly tarball no local data for gzip-size@https://registry.npmjs.org/gzip-size/-/gzip-size-6.0.0.tgz. Extracting by manifest.
2887 silly tarball no local data for escape-string-regexp@https://registry.npmjs.org/escape-string-regexp/-/escape-string-regexp-4.0.0.tgz. Extracting by manifest.
2888 silly tarball no local data for debounce@https://registry.npmjs.org/debounce/-/debounce-1.2.1.tgz. Extracting by manifest.
2889 silly tarball no local data for acorn-walk@https://registry.npmjs.org/acorn-walk/-/acorn-walk-8.3.5.tgz. Extracting by manifest.
2890 silly tarball no local data for @discoveryjs/json-ext@https://registry.npmjs.org/@discoveryjs/json-ext/-/json-ext-0.5.7.tgz. Extracting by manifest.
2891 silly tarball no local data for @jridgewell/gen-mapping@https://registry.npmjs.org/@jridgewell/gen-mapping/-/gen-mapping-0.3.13.tgz. Extracting by manifest.
2892 silly tarball no local data for escalade@https://registry.npmjs.org/escalade/-/escalade-3.2.0.tgz. Extracting by manifest.
2893 silly tarball no local data for buffer-from@https://registry.npmjs.org/buffer-from/-/buffer-from-1.1.2.tgz. Extracting by manifest.
2894 silly tarball no local data for @jridgewell/source-map@https://registry.npmjs.org/@jridgewell/source-map/-/source-map-0.3.11.tgz. Extracting by manifest.
2895 silly tarball no local data for source-map-support@https://registry.npmjs.org/source-map-support/-/source-map-support-0.5.21.tgz. Extracting by manifest.
2896 silly tarball no local data for merge-stream@https://registry.npmjs.org/merge-stream/-/merge-stream-2.0.0.tgz. Extracting by manifest.
2897 silly tarball no local data for @jridgewell/resolve-uri@https://registry.npmjs.org/@jridgewell/resolve-uri/-/resolve-uri-3.1.2.tgz. Extracting by manifest.
2898 silly tarball no local data for @jridgewell/sourcemap-codec@https://registry.npmjs.org/@jridgewell/sourcemap-codec/-/sourcemap-codec-1.5.5.tgz. Extracting by manifest.
2899 silly tarball no local data for terser@https://registry.npmjs.org/terser/-/terser-5.50.0.tgz. Extracting by manifest.
2900 silly tarball no local data for @jridgewell/trace-mapping@https://registry.npmjs.org/@jridgewell/trace-mapping/-/trace-mapping-0.3.31.tgz. Extracting by manifest.
2901 silly tarball no local data for jest-worker@https://registry.npmjs.org/jest-worker/-/jest-worker-27.5.1.tgz. Extracting by manifest.
2902 silly tarball no local data for estraverse@https://registry.npmjs.org/estraverse/-/estraverse-4.3.0.tgz. Extracting by manifest.
2903 silly tarball no local data for update-browserslist-db@https://registry.npmjs.org/update-browserslist-db/-/update-browserslist-db-1.3.1.tgz. Extracting by manifest.
2904 silly tarball no local data for esrecurse@https://registry.npmjs.org/esrecurse/-/esrecurse-4.3.0.tgz. Extracting by manifest.
2905 silly tarball no local data for node-releases@https://registry.npmjs.org/node-releases/-/node-releases-2.0.53.tgz. Extracting by manifest.
2906 silly tarball no local data for electron-to-chromium@https://registry.npmjs.org/electron-to-chromium/-/electron-to-chromium-1.5.411.tgz. Extracting by manifest.
2907 silly tarball no local data for caniuse-lite@https://registry.npmjs.org/caniuse-lite/-/caniuse-lite-1.0.30001809.tgz. Extracting by manifest.
2908 silly tarball no local data for baseline-browser-mapping@https://registry.npmjs.org/baseline-browser-mapping/-/baseline-browser-mapping-2.11.16.tgz. Extracting by manifest.
2909 silly tarball no local data for @xtuc/ieee754@https://registry.npmjs.org/@xtuc/ieee754/-/ieee754-1.2.0.tgz. Extracting by manifest.
2910 silly tarball no local data for @webassemblyjs/utf8@https://registry.npmjs.org/@webassemblyjs/utf8/-/utf8-1.13.2.tgz. Extracting by manifest.
2911 silly tarball no local data for @webassemblyjs/leb128@https://registry.npmjs.org/@webassemblyjs/leb128/-/leb128-1.13.2.tgz. Extracting by manifest.
2912 silly tarball no local data for @webassemblyjs/ieee754@https://registry.npmjs.org/@webassemblyjs/ieee754/-/ieee754-1.13.2.tgz. Extracting by manifest.
2913 silly tarball no local data for @webassemblyjs/wasm-opt@https://registry.npmjs.org/@webassemblyjs/wasm-opt/-/wasm-opt-1.14.1.tgz. Extracting by manifest.
2914 silly tarball no local data for @webassemblyjs/helper-wasm-section@https://registry.npmjs.org/@webassemblyjs/helper-wasm-section/-/helper-wasm-section-1.14.1.tgz. Extracting by manifest.
2915 silly tarball no local data for @webassemblyjs/wast-printer@https://registry.npmjs.org/@webassemblyjs/wast-printer/-/wast-printer-1.14.1.tgz. Extracting by manifest.
2916 silly tarball no local data for @xtuc/long@https://registry.npmjs.org/@xtuc/long/-/long-4.2.2.tgz. Extracting by manifest.
2917 silly tarball no local data for @webassemblyjs/helper-buffer@https://registry.npmjs.org/@webassemblyjs/helper-buffer/-/helper-buffer-1.14.1.tgz. Extracting by manifest.
2918 silly tarball no local data for @webassemblyjs/wasm-gen@https://registry.npmjs.org/@webassemblyjs/wasm-gen/-/wasm-gen-1.14.1.tgz. Extracting by manifest.
2919 silly tarball no local data for @webassemblyjs/helper-numbers@https://registry.npmjs.org/@webassemblyjs/helper-numbers/-/helper-numbers-1.13.2.tgz. Extracting by manifest.
2920 silly tarball no local data for @webassemblyjs/helper-wasm-bytecode@https://registry.npmjs.org/@webassemblyjs/helper-wasm-bytecode/-/helper-wasm-bytecode-1.13.2.tgz. Extracting by manifest.
2921 silly tarball no local data for @webassemblyjs/floating-point-hex-parser@https://registry.npmjs.org/@webassemblyjs/floating-point-hex-parser/-/floating-point-hex-parser-1.13.2.tgz. Extracting by manifest.
2922 silly tarball no local data for @webassemblyjs/helper-api-error@https://registry.npmjs.org/@webassemblyjs/helper-api-error/-/helper-api-error-1.13.2.tgz. Extracting by manifest.
2923 silly tarball no local data for watchpack@https://registry.npmjs.org/watchpack/-/watchpack-2.5.2.tgz. Extracting by manifest.
2924 silly tarball no local data for mime-db@https://registry.npmjs.org/mime-db/-/mime-db-1.54.0.tgz. Extracting by manifest.
2925 silly tarball no local data for minimizer-webpack-plugin@https://registry.npmjs.org/minimizer-webpack-plugin/-/minimizer-webpack-plugin-5.6.1.tgz. Extracting by manifest.
2926 silly tarball no local data for neo-async@https://registry.npmjs.org/neo-async/-/neo-async-2.6.2.tgz. Extracting by manifest.
2927 silly tarball no local data for events@https://registry.npmjs.org/events/-/events-3.3.0.tgz. Extracting by manifest.
2928 silly tarball no local data for eslint-scope@https://registry.npmjs.org/eslint-scope/-/eslint-scope-5.1.1.tgz. Extracting by manifest.
2929 silly tarball no local data for es-module-lexer@https://registry.npmjs.org/es-module-lexer/-/es-module-lexer-2.3.2.tgz. Extracting by manifest.
2930 silly tarball no local data for chrome-trace-event@https://registry.npmjs.org/chrome-trace-event/-/chrome-trace-event-1.0.4.tgz. Extracting by manifest.
2931 silly tarball no local data for browserslist@https://registry.npmjs.org/browserslist/-/browserslist-4.28.8.tgz. Extracting by manifest.
2932 silly tarball no local data for acorn@https://registry.npmjs.org/acorn/-/acorn-8.18.0.tgz. Extracting by manifest.
2933 silly tarball no local data for @webassemblyjs/wasm-parser@https://registry.npmjs.org/@webassemblyjs/wasm-parser/-/wasm-parser-1.14.1.tgz. Extracting by manifest.
2934 silly tarball no local data for @types/estree@https://registry.npmjs.org/@types/estree/-/estree-1.0.9.tgz. Extracting by manifest.
2935 silly tarball no local data for @webassemblyjs/wasm-edit@https://registry.npmjs.org/@webassemblyjs/wasm-edit/-/wasm-edit-1.14.1.tgz. Extracting by manifest.
2936 silly tarball no local data for punycode@https://registry.npmjs.org/punycode/-/punycode-2.3.1.tgz. Extracting by manifest.
2937 silly tarball no local data for @webassemblyjs/ast@https://registry.npmjs.org/@webassemblyjs/ast/-/ast-1.14.1.tgz. Extracting by manifest.
2938 silly tarball no local data for isarray@https://registry.npmjs.org/isarray/-/isarray-1.0.0.tgz. Extracting by manifest.
2939 silly tarball no local data for core-util-is@https://registry.npmjs.org/core-util-is/-/core-util-is-1.0.3.tgz. Extracting by manifest.
2940 silly tarball no local data for prr@https://registry.npmjs.org/prr/-/prr-1.0.1.tgz. Extracting by manifest.
2941 silly tarball no local data for readable-stream@https://registry.npmjs.org/readable-stream/-/readable-stream-2.3.8.tgz. Extracting by manifest.
2942 silly tarball no local data for errno@https://registry.npmjs.org/errno/-/errno-0.1.8.tgz. Extracting by manifest.
2943 silly tarball no local data for micromatch@https://registry.npmjs.org/micromatch/-/micromatch-4.0.8.tgz. Extracting by manifest.
2944 silly tarball no local data for tapable@https://registry.npmjs.org/tapable/-/tapable-1.1.3.tgz. Extracting by manifest.
2945 silly tarball no local data for memory-fs@https://registry.npmjs.org/memory-fs/-/memory-fs-0.5.0.tgz. Extracting by manifest.
2946 silly tarball no local data for enhanced-resolve@https://registry.npmjs.org/enhanced-resolve/-/enhanced-resolve-4.5.0.tgz. Extracting by manifest.
2947 silly tarball no local data for mkdirp@https://registry.npmjs.org/mkdirp/-/mkdirp-0.5.6.tgz. Extracting by manifest.
2948 silly tarball no local data for min-indent@https://registry.npmjs.org/min-indent/-/min-indent-1.0.1.tgz. Extracting by manifest.
2949 silly tarball no local data for rimraf@https://registry.npmjs.org/rimraf/-/rimraf-2.7.1.tgz. Extracting by manifest.
2950 silly tarball no local data for graceful-fs@https://registry.npmjs.org/graceful-fs/-/graceful-fs-4.2.11.tgz. Extracting by manifest.
2951 silly tarball no local data for es6-promise@https://registry.npmjs.org/es6-promise/-/es6-promise-3.3.1.tgz. Extracting by manifest.
2952 silly tarball no local data for sander@https://registry.npmjs.org/sander/-/sander-0.5.1.tgz. Extracting by manifest.
2953 silly tarball no local data for strip-indent@https://registry.npmjs.org/strip-indent/-/strip-indent-3.0.0.tgz. Extracting by manifest.
2954 silly tarball no local data for buffer-crc32@https://registry.npmjs.org/buffer-crc32/-/buffer-crc32-0.2.13.tgz. Extracting by manifest.
2955 silly tarball no local data for sourcemap-codec@https://registry.npmjs.org/sourcemap-codec/-/sourcemap-codec-1.4.8.tgz. Extracting by manifest.
2956 silly tarball no local data for magic-string@https://registry.npmjs.org/magic-string/-/magic-string-0.25.9.tgz. Extracting by manifest.
2957 silly tarball no local data for sorcery@https://registry.npmjs.org/sorcery/-/sorcery-0.10.0.tgz. Extracting by manifest.
2958 silly tarball no local data for @types/pug@https://registry.npmjs.org/@types/pug/-/pug-2.0.10.tgz. Extracting by manifest.
2959 silly tarball no local data for detect-indent@https://registry.npmjs.org/detect-indent/-/detect-indent-6.1.0.tgz. Extracting by manifest.
2960 silly tarball no local data for @types/sass@https://registry.npmjs.org/@types/sass/-/sass-1.43.1.tgz. Extracting by manifest.
2961 silly tarball no local data for svelte-hmr@https://registry.npmjs.org/svelte-hmr/-/svelte-hmr-0.14.12.tgz. Extracting by manifest.
2962 silly tarball no local data for svelte-dev-helper@https://registry.npmjs.org/svelte-dev-helper/-/svelte-dev-helper-1.1.9.tgz. Extracting by manifest.
2963 silly tarball no local data for mri@https://registry.npmjs.org/mri/-/mri-1.2.0.tgz. Extracting by manifest.
2964 silly tarball no local data for callsites@https://registry.npmjs.org/callsites/-/callsites-3.1.0.tgz. Extracting by manifest.
2965 silly tarball no local data for is-extglob@https://registry.npmjs.org/is-extglob/-/is-extglob-2.1.1.tgz. Extracting by manifest.
2966 silly tarball no local data for resolve-from@https://registry.npmjs.org/resolve-from/-/resolve-from-4.0.0.tgz. Extracting by manifest.
2967 silly tarball no local data for binary-extensions@https://registry.npmjs.org/binary-extensions/-/binary-extensions-2.3.0.tgz. Extracting by manifest.
2968 silly tarball no local data for parent-module@https://registry.npmjs.org/parent-module/-/parent-module-1.0.1.tgz. Extracting by manifest.
2969 silly tarball no local data for fill-range@https://registry.npmjs.org/fill-range/-/fill-range-7.1.1.tgz. Extracting by manifest.
2970 silly tarball no local data for picomatch@https://registry.npmjs.org/picomatch/-/picomatch-2.3.2.tgz. Extracting by manifest.
2971 silly tarball no local data for readdirp@https://registry.npmjs.org/readdirp/-/readdirp-3.6.0.tgz. Extracting by manifest.
2972 silly tarball no local data for normalize-path@https://registry.npmjs.org/normalize-path/-/normalize-path-3.0.0.tgz. Extracting by manifest.
2973 silly tarball no local data for is-glob@https://registry.npmjs.org/is-glob/-/is-glob-4.0.3.tgz. Extracting by manifest.
2974 silly tarball no local data for is-binary-path@https://registry.npmjs.org/is-binary-path/-/is-binary-path-2.1.0.tgz. Extracting by manifest.
2975 silly tarball no local data for braces@https://registry.npmjs.org/braces/-/braces-3.0.3.tgz. Extracting by manifest.
2976 silly tarball no local data for anymatch@https://registry.npmjs.org/anymatch/-/anymatch-3.1.3.tgz. Extracting by manifest.
2977 silly tarball no local data for source-map@https://registry.npmjs.org/source-map/-/source-map-0.7.6.tgz. Extracting by manifest.
2978 silly tarball no local data for minimist@https://registry.npmjs.org/minimist/-/minimist-1.2.8.tgz. Extracting by manifest.
2979 silly tarball no local data for sade@https://registry.npmjs.org/sade/-/sade-1.8.1.tgz. Extracting by manifest.
2980 silly tarball no local data for chokidar@https://registry.npmjs.org/chokidar/-/chokidar-3.6.0.tgz. Extracting by manifest.
2981 silly tarball no local data for import-fresh@https://registry.npmjs.org/import-fresh/-/import-fresh-3.3.1.tgz. Extracting by manifest.
2982 silly tarball no local data for chalk@https://registry.npmjs.org/chalk/-/chalk-4.1.2.tgz. Extracting by manifest.
2983 silly tarball no local data for shebang-regex@https://registry.npmjs.org/shebang-regex/-/shebang-regex-3.0.0.tgz. Extracting by manifest.
2984 silly tarball no local data for uri-js@https://registry.npmjs.org/uri-js/-/uri-js-4.4.1.tgz. Extracting by manifest.
2985 silly tarball no local data for fast-json-stable-stringify@https://registry.npmjs.org/fast-json-stable-stringify/-/fast-json-stable-stringify-2.1.0.tgz. Extracting by manifest.
2986 silly tarball no local data for fast-deep-equal@https://registry.npmjs.org/fast-deep-equal/-/fast-deep-equal-3.1.3.tgz. Extracting by manifest.
2987 silly tarball no local data for json-schema-traverse@https://registry.npmjs.org/json-schema-traverse/-/json-schema-traverse-0.4.1.tgz. Extracting by manifest.
2988 silly tarball no local data for ajv-keywords@https://registry.npmjs.org/ajv-keywords/-/ajv-keywords-3.5.2.tgz. Extracting by manifest.
2989 silly tarball no local data for @types/json-schema@https://registry.npmjs.org/@types/json-schema/-/json-schema-7.0.15.tgz. Extracting by manifest.
2990 silly tarball no local data for ajv@https://registry.npmjs.org/ajv/-/ajv-6.15.0.tgz. Extracting by manifest.
2991 silly tarball no local data for commander@https://registry.npmjs.org/commander/-/commander-8.3.0.tgz. Extracting by manifest.
2992 silly tarball no local data for purgecss@https://registry.npmjs.org/purgecss/-/purgecss-4.1.3.tgz. Extracting by manifest.
2993 silly tarball no local data for util-deprecate@https://registry.npmjs.org/util-deprecate/-/util-deprecate-1.0.2.tgz. Extracting by manifest.
2994 silly tarball no local data for cssesc@https://registry.npmjs.org/cssesc/-/cssesc-3.0.0.tgz. Extracting by manifest.
2995 silly tarball no local data for source-map-js@https://registry.npmjs.org/source-map-js/-/source-map-js-1.2.1.tgz. Extracting by manifest.
2996 silly tarball no local data for postcss-selector-parser@https://registry.npmjs.org/postcss-selector-parser/-/postcss-selector-parser-7.1.5.tgz. Extracting by manifest.
2997 silly tarball no local data for picocolors@https://registry.npmjs.org/picocolors/-/picocolors-1.1.1.tgz. Extracting by manifest.
2998 silly tarball no local data for concat-map@https://registry.npmjs.org/concat-map/-/concat-map-0.0.1.tgz. Extracting by manifest.
2999 silly tarball no local data for nanoid@https://registry.npmjs.org/nanoid/-/nanoid-3.3.18.tgz. Extracting by manifest.
3000 silly tarball no local data for balanced-match@https://registry.npmjs.org/balanced-match/-/balanced-match-1.0.2.tgz. Extracting by manifest.
3001 silly tarball no local data for webpack-sources@https://registry.npmjs.org/webpack-sources/-/webpack-sources-1.4.3.tgz. Extracting by manifest.
3002 silly tarball no local data for json5@https://registry.npmjs.org/json5/-/json5-2.2.3.tgz. Extracting by manifest.
3003 silly tarball no local data for brace-expansion@https://registry.npmjs.org/brace-expansion/-/brace-expansion-1.1.18.tgz. Extracting by manifest.
3004 silly tarball no local data for emojis-list@https://registry.npmjs.org/emojis-list/-/emojis-list-3.0.0.tgz. Extracting by manifest.
3005 silly tarball no local data for big.js@https://registry.npmjs.org/big.js/-/big.js-5.2.2.tgz. Extracting by manifest.
3006 silly tarball no local data for minimatch@https://registry.npmjs.org/minimatch/-/minimatch-3.1.5.tgz. Extracting by manifest.
3007 silly tarball no local data for wrappy@https://registry.npmjs.org/wrappy/-/wrappy-1.0.2.tgz. Extracting by manifest.
3008 silly tarball no local data for once@https://registry.npmjs.org/once/-/once-1.4.0.tgz. Extracting by manifest.
3009 silly tarball no local data for path-is-absolute@https://registry.npmjs.org/path-is-absolute/-/path-is-absolute-1.0.1.tgz. Extracting by manifest.
3010 silly tarball no local data for inflight@https://registry.npmjs.org/inflight/-/inflight-1.0.6.tgz. Extracting by manifest.
3011 silly tarball no local data for semver@https://registry.npmjs.org/semver/-/semver-7.8.5.tgz. Extracting by manifest.
3012 silly tarball no local data for fs.realpath@https://registry.npmjs.org/fs.realpath/-/fs.realpath-1.0.0.tgz. Extracting by manifest.
3013 silly tarball no local data for schema-utils@https://registry.npmjs.org/schema-utils/-/schema-utils-3.3.0.tgz. Extracting by manifest.
3014 silly tarball no local data for postcss-value-parser@https://registry.npmjs.org/postcss-value-parser/-/postcss-value-parser-4.2.0.tgz. Extracting by manifest.
3015 silly tarball no local data for postcss-modules-scope@https://registry.npmjs.org/postcss-modules-scope/-/postcss-modules-scope-3.2.1.tgz. Extracting by manifest.
3016 silly tarball no local data for postcss-modules-local-by-default@https://registry.npmjs.org/postcss-modules-local-by-default/-/postcss-modules-local-by-default-4.2.0.tgz. Extracting by manifest.
3017 silly tarball no local data for postcss-modules-values@https://registry.npmjs.org/postcss-modules-values/-/postcss-modules-values-4.0.0.tgz. Extracting by manifest.
3018 silly tarball no local data for postcss-modules-extract-imports@https://registry.npmjs.org/postcss-modules-extract-imports/-/postcss-modules-extract-imports-3.1.0.tgz. Extracting by manifest.
3019 silly tarball no local data for postcss@https://registry.npmjs.org/postcss/-/postcss-8.5.26.tgz. Extracting by manifest.
3020 silly tarball no local data for loader-utils@https://registry.npmjs.org/loader-utils/-/loader-utils-2.0.4.tgz. Extracting by manifest.
3021 silly tarball no local data for shebang-command@https://registry.npmjs.org/shebang-command/-/shebang-command-2.0.0.tgz. Extracting by manifest.
3022 silly tarball no local data for which@https://registry.npmjs.org/which/-/which-2.0.2.tgz. Extracting by manifest.
3023 silly tarball no local data for path-key@https://registry.npmjs.org/path-key/-/path-key-3.1.1.tgz. Extracting by manifest.
3024 silly tarball no local data for icss-utils@https://registry.npmjs.org/icss-utils/-/icss-utils-5.1.0.tgz. Extracting by manifest.
3025 silly tarball no local data for cross-spawn@https://registry.npmjs.org/cross-spawn/-/cross-spawn-7.0.6.tgz. Extracting by manifest.
3026 silly tarball no local data for chartjs-color-string@https://registry.npmjs.org/chartjs-color-string/-/chartjs-color-string-0.6.0.tgz. Extracting by manifest.
3027 silly tarball no local data for chartjs-color@https://registry.npmjs.org/chartjs-color/-/chartjs-color-2.4.1.tgz. Extracting by manifest.
3028 silly tarball no local data for moment@https://registry.npmjs.org/moment/-/moment-2.30.1.tgz. Extracting by manifest.
3029 silly tarball no local data for follow-redirects@https://registry.npmjs.org/follow-redirects/-/follow-redirects-1.16.0.tgz. Extracting by manifest.
3030 silly tarball no local data for webpack-dev-server@https://registry.npmjs.org/webpack-dev-server/-/webpack-dev-server-4.15.2.tgz. Extracting by manifest.
3031 silly tarball no local data for webpack-cli@https://registry.npmjs.org/webpack-cli/-/webpack-cli-4.10.0.tgz. Extracting by manifest.
3032 silly tarball no local data for webpack-bundle-analyzer@https://registry.npmjs.org/webpack-bundle-analyzer/-/webpack-bundle-analyzer-4.10.2.tgz. Extracting by manifest.
3033 silly tarball no local data for tslib@https://registry.npmjs.org/tslib/-/tslib-2.8.1.tgz. Extracting by manifest.
3034 silly tarball no local data for typescript@https://registry.npmjs.org/typescript/-/typescript-4.9.5.tgz. Extracting by manifest.
3035 silly tarball no local data for svelte-preprocess@https://registry.npmjs.org/svelte-preprocess/-/svelte-preprocess-4.10.7.tgz. Extracting by manifest.
3036 silly tarball no local data for ts-loader@https://registry.npmjs.org/ts-loader/-/ts-loader-8.4.0.tgz. Extracting by manifest.
3037 silly tarball no local data for svelte-routing@https://registry.npmjs.org/svelte-routing/-/svelte-routing-1.11.0.tgz. Extracting by manifest.
3038 silly tarball no local data for svelte-loader@https://registry.npmjs.org/svelte-loader/-/svelte-loader-3.2.4.tgz. Extracting by manifest.
3039 silly tarball no local data for svelte-check@https://registry.npmjs.org/svelte-check/-/svelte-check-1.6.0.tgz. Extracting by manifest.
3040 silly tarball no local data for svelte-feather-icons@https://registry.npmjs.org/svelte-feather-icons/-/svelte-feather-icons-3.6.0.tgz. Extracting by manifest.
3041 silly tarball no local data for svelte@https://registry.npmjs.org/svelte/-/svelte-3.59.2.tgz. Extracting by manifest.
3042 silly tarball no local data for purgecss-webpack-plugin@https://registry.npmjs.org/purgecss-webpack-plugin/-/purgecss-webpack-plugin-4.1.3.tgz. Extracting by manifest.
3043 silly tarball no local data for mini-css-extract-plugin@https://registry.npmjs.org/mini-css-extract-plugin/-/mini-css-extract-plugin-1.6.2.tgz. Extracting by manifest.
3044 silly tarball no local data for glob@https://registry.npmjs.org/glob/-/glob-7.2.3.tgz. Extracting by manifest.
3045 silly tarball no local data for dayjs@https://registry.npmjs.org/dayjs/-/dayjs-1.11.23.tgz. Extracting by manifest.
3046 silly tarball no local data for webpack@https://registry.npmjs.org/webpack/-/webpack-5.109.2.tgz. Extracting by manifest.
3047 silly tarball no local data for lodash@https://registry.npmjs.org/lodash/-/lodash-4.18.1.tgz. Extracting by manifest.
3048 silly tarball no local data for css-loader@https://registry.npmjs.org/css-loader/-/css-loader-5.2.7.tgz. Extracting by manifest.
3049 silly tarball no local data for chart.js@https://registry.npmjs.org/chart.js/-/chart.js-2.9.4.tgz. Extracting by manifest.
3050 silly tarball no local data for cross-env@https://registry.npmjs.org/cross-env/-/cross-env-7.0.3.tgz. Extracting by manifest.
3051 silly tarball no local data for bootstrap@https://registry.npmjs.org/bootstrap/-/bootstrap-5.3.8.tgz. Extracting by manifest.
3052 silly tarball no local data for @types/node@https://registry.npmjs.org/@types/node/-/node-14.18.63.tgz. Extracting by manifest.
3053 silly tarball no local data for @popperjs/core@https://registry.npmjs.org/@popperjs/core/-/core-2.11.8.tgz. Extracting by manifest.
3054 silly tarball no local data for @types/lodash@https://registry.npmjs.org/@types/lodash/-/lodash-4.17.25.tgz. Extracting by manifest.
3055 silly tarball no local data for @types/chart.js@https://registry.npmjs.org/@types/chart.js/-/chart.js-2.9.41.tgz. Extracting by manifest.
3056 silly tarball no local data for @tsconfig/svelte@https://registry.npmjs.org/@tsconfig/svelte/-/svelte-1.0.13.tgz. Extracting by manifest.
3057 silly tarball no local data for json-schema-traverse@https://registry.npmjs.org/json-schema-traverse/-/json-schema-traverse-1.0.0.tgz. Extracting by manifest.
3058 silly tarball no local data for @types/bootstrap@https://registry.npmjs.org/@types/bootstrap/-/bootstrap-5.2.11.tgz. Extracting by manifest.
3059 silly tarball no local data for ajv@https://registry.npmjs.org/ajv/-/ajv-8.20.0.tgz. Extracting by manifest.
3060 silly tarball no local data for ms@https://registry.npmjs.org/ms/-/ms-2.1.3.tgz. Extracting by manifest.
3061 silly tarball no local data for readable-stream@https://registry.npmjs.org/readable-stream/-/readable-stream-3.6.2.tgz. Extracting by manifest.
3062 silly tarball no local data for ms@https://registry.npmjs.org/ms/-/ms-2.1.3.tgz. Extracting by manifest.
3063 silly tarball no local data for debug@https://registry.npmjs.org/debug/-/debug-4.4.3.tgz. Extracting by manifest.
3064 silly tarball no local data for mime-db@https://registry.npmjs.org/mime-db/-/mime-db-1.52.0.tgz. Extracting by manifest.
3065 silly tarball no local data for negotiator@https://registry.npmjs.org/negotiator/-/negotiator-0.6.3.tgz. Extracting by manifest.
3066 silly tarball no local data for safe-buffer@https://registry.npmjs.org/safe-buffer/-/safe-buffer-5.2.1.tgz. Extracting by manifest.
3067 silly tarball no local data for json-schema-traverse@https://registry.npmjs.org/json-schema-traverse/-/json-schema-traverse-1.0.0.tgz. Extracting by manifest.
3068 silly tarball no local data for ajv-keywords@https://registry.npmjs.org/ajv-keywords/-/ajv-keywords-5.1.0.tgz. Extracting by manifest.
3069 silly tarball no local data for ms@https://registry.npmjs.org/ms/-/ms-2.1.3.tgz. Extracting by manifest.
3070 silly tarball no local data for schema-utils@https://registry.npmjs.org/schema-utils/-/schema-utils-4.3.3.tgz. Extracting by manifest.
3071 silly tarball no local data for debug@https://registry.npmjs.org/debug/-/debug-4.4.3.tgz. Extracting by manifest.
3072 silly tarball no local data for ajv@https://registry.npmjs.org/ajv/-/ajv-8.20.0.tgz. Extracting by manifest.
3073 silly tarball no local data for depd@https://registry.npmjs.org/depd/-/depd-1.1.2.tgz. Extracting by manifest.
3074 silly tarball no local data for statuses@https://registry.npmjs.org/statuses/-/statuses-1.5.0.tgz. Extracting by manifest.
3075 silly tarball no local data for http-errors@https://registry.npmjs.org/http-errors/-/http-errors-1.8.1.tgz. Extracting by manifest.
3076 silly tarball no local data for safe-buffer@https://registry.npmjs.org/safe-buffer/-/safe-buffer-5.2.1.tgz. Extracting by manifest.
3077 silly tarball no local data for @types/send@https://registry.npmjs.org/@types/send/-/send-0.17.6.tgz. Extracting by manifest.
3078 silly tarball no local data for safe-buffer@https://registry.npmjs.org/safe-buffer/-/safe-buffer-5.2.1.tgz. Extracting by manifest.
3079 silly tarball no local data for @types/express-serve-static-core@https://registry.npmjs.org/@types/express-serve-static-core/-/express-serve-static-core-4.19.9.tgz. Extracting by manifest.
3080 silly tarball no local data for supports-color@https://registry.npmjs.org/supports-color/-/supports-color-8.1.1.tgz. Extracting by manifest.
3081 silly tarball no local data for source-map@https://registry.npmjs.org/source-map/-/source-map-0.6.1.tgz. Extracting by manifest.
3082 silly tarball no local data for estraverse@https://registry.npmjs.org/estraverse/-/estraverse-5.3.0.tgz. Extracting by manifest.
3083 silly tarball no local data for ajv-keywords@https://registry.npmjs.org/ajv-keywords/-/ajv-keywords-5.1.0.tgz. Extracting by manifest.
3084 silly tarball no local data for ajv@https://registry.npmjs.org/ajv/-/ajv-8.20.0.tgz. Extracting by manifest.
3085 silly tarball no local data for json-schema-traverse@https://registry.npmjs.org/json-schema-traverse/-/json-schema-traverse-1.0.0.tgz. Extracting by manifest.
3086 silly tarball no local data for schema-utils@https://registry.npmjs.org/schema-utils/-/schema-utils-4.3.3.tgz. Extracting by manifest.
3087 silly tarball no local data for postcss-selector-parser@https://registry.npmjs.org/postcss-selector-parser/-/postcss-selector-parser-6.1.4.tgz. Extracting by manifest.
3088 silly tarball no local data for color-name@https://registry.npmjs.org/color-name/-/color-name-1.1.3.tgz. Extracting by manifest.
3089 silly tarball no local data for source-map@https://registry.npmjs.org/source-map/-/source-map-0.6.1.tgz. Extracting by manifest.
3090 silly tarball no local data for json-schema-traverse@https://registry.npmjs.org/json-schema-traverse/-/json-schema-traverse-1.0.0.tgz. Extracting by manifest.
3091 silly tarball no local data for ajv-keywords@https://registry.npmjs.org/ajv-keywords/-/ajv-keywords-5.1.0.tgz. Extracting by manifest.
3092 silly tarball no local data for ajv@https://registry.npmjs.org/ajv/-/ajv-8.20.0.tgz. Extracting by manifest.
3093 silly tarball no local data for schema-utils@https://registry.npmjs.org/schema-utils/-/schema-utils-4.3.3.tgz. Extracting by manifest.
3094 silly tarball no local data for ws@https://registry.npmjs.org/ws/-/ws-8.21.3.tgz. Extracting by manifest.
3095 silly tarball no local data for webpack-sources@https://registry.npmjs.org/webpack-sources/-/webpack-sources-3.5.1.tgz. Extracting by manifest.
3096 silly tarball no local data for ajv-keywords@https://registry.npmjs.org/ajv-keywords/-/ajv-keywords-5.1.0.tgz. Extracting by manifest.
3097 silly tarball no local data for json-schema-traverse@https://registry.npmjs.org/json-schema-traverse/-/json-schema-traverse-1.0.0.tgz. Extracting by manifest.
3098 silly tarball no local data for ajv@https://registry.npmjs.org/ajv/-/ajv-8.20.0.tgz. Extracting by manifest.
3099 silly tarball no local data for webpack-sources@https://registry.npmjs.org/webpack-sources/-/webpack-sources-3.5.1.tgz. Extracting by manifest.
3100 silly tarball no local data for tapable@https://registry.npmjs.org/tapable/-/tapable-2.3.3.tgz. Extracting by manifest.
3101 silly tarball no local data for schema-utils@https://registry.npmjs.org/schema-utils/-/schema-utils-4.3.3.tgz. Extracting by manifest.
3102 silly tarball no local data for enhanced-resolve@https://registry.npmjs.org/enhanced-resolve/-/enhanced-resolve-5.24.5.tgz. Extracting by manifest.
3103 http fetch POST 200 https://registry.npmjs.org/-/npm/v1/security/advisories/bulk 573ms
3104 silly audit report {
3104 silly audit report   axios: [
3104 silly audit report     {
3104 silly audit report       id: 1111034,
3104 silly audit report       url: 'https://github.com/advisories/GHSA-jr5f-v2jv-69x6',
3104 silly audit report       title: 'axios Requests Vulnerable To Possible SSRF and Credential Leakage via Absolute URL',
3104 silly audit report       severity: 'high',
3104 silly audit report       vulnerable_versions: '<0.30.0',
3104 silly audit report       cwe: [Array],
3104 silly audit report       cvss: [Object]
3104 silly audit report     },
3104 silly audit report     {
3104 silly audit report       id: 1119403,
3104 silly audit report       url: 'https://github.com/advisories/GHSA-fvcv-3m26-pcqx',
3104 silly audit report       title: 'Axios has Unrestricted Cloud Metadata Exfiltration via Header Injection Chain',
3104 silly audit report       severity: 'moderate',
3104 silly audit report       vulnerable_versions: '<0.31.0',
3104 silly audit report       cwe: [Array],
3104 silly audit report       cvss: [Object]
3104 silly audit report     },
3104 silly audit report     {
3104 silly audit report       id: 1120124,
3104 silly audit report       url: 'https://github.com/advisories/GHSA-62hf-57xw-28j9',
3104 silly audit report       title: 'Axios: unbounded recursion in toFormData causes DoS via deeply nested request data',
3104 silly audit report       severity: 'moderate',
3104 silly audit report       vulnerable_versions: '<=0.31.0',
3104 silly audit report       cwe: [Array],
3104 silly audit report       cvss: [Object]
3104 silly audit report     },
3104 silly audit report     {
3104 silly audit report       id: 1120546,
3104 silly audit report       url: 'https://github.com/advisories/GHSA-hfxv-24rg-xrqf',
3104 silly audit report       title: 'Axios: Regular Expression Denial of Service (ReDoS) via Cookie Name Injection',
3104 silly audit report       severity: 'high',
3104 silly audit report       vulnerable_versions: '<=0.31.1',
3104 silly audit report       cwe: [Array],
3104 silly audit report       cvss: [Object]
3104 silly audit report     },
3104 silly audit report     {
3104 silly audit report       id: 1120644,
3104 silly audit report       url: 'https://github.com/advisories/GHSA-p92q-9vqr-4j8v',
3104 silly audit report       title: 'Axios: Proxy-Authorization Credential Leak to Origin Server Across HTTP-to-HTTPS Redirect in Axios Node.js HTTP Adapter',
3104 silly audit report       severity: 'high',
3104 silly audit report       vulnerable_versions: '<=0.31.1',
3104 silly audit report       cwe: [Array],
3104 silly audit report       cvss: [Object]
3104 silly audit report     },
3104 silly audit report     {
3104 silly audit report       id: 1120646,
3104 silly audit report       url: 'https://github.com/advisories/GHSA-j5f8-grm9-p9fc',
3104 silly audit report       title: 'Axios: Proxy-Authorization header leaks to redirect target when proxy is re-evaluated to direct connection',
3104 silly audit report       severity: 'high',
3104 silly audit report       vulnerable_versions: '<=0.31.1',
3104 silly audit report       cwe: [Array],
3104 silly audit report       cvss: [Object]
3104 silly audit report     },
3104 silly audit report     {
3104 silly audit report       id: 1120648,
3104 silly audit report       url: 'https://github.com/advisories/GHSA-3g43-6gmg-66jw',
3104 silly audit report       title: 'axios Vulnerable to Credential Theft and Response Hijacking via Prototype Pollution Gadget in Config Merge',
3104 silly audit report       severity: 'high',
3104 silly audit report       vulnerable_versions: '>=0.19.0 <0.31.1',
3104 silly audit report       cwe: [Array],
3104 silly audit report       cvss: [Object]
3104 silly audit report     },
3104 silly audit report     {
3104 silly audit report       id: 1120651,
3104 silly audit report       url: 'https://github.com/advisories/GHSA-898c-q2cr-xwhg',
3104 silly audit report       title: 'axios has DoS & Header Injection via Prototype Pollution Read-Side Gadgets in axios merge functions',
3104 silly audit report       severity: 'moderate',
3104 silly audit report       vulnerable_versions: '<=0.31.1',
3104 silly audit report       cwe: [Array],
3104 silly audit report       cvss: [Object]
3104 silly audit report     },
3104 silly audit report     {
3104 silly audit report       id: 1116672,
3104 silly audit report       url: 'https://github.com/advisories/GHSA-3p68-rc4w-qgx5',
3104 silly audit report       title: 'Axios has a NO_PROXY Hostname Normalization Bypass that Leads to SSRF',
3104 silly audit report       severity: 'moderate',
3104 silly audit report       vulnerable_versions: '<0.31.0',
3104 silly audit report       cwe: [Array],
3104 silly audit report       cvss: [Object]
3104 silly audit report     },
3104 silly audit report     {
3104 silly audit report       id: 1117573,
3104 silly audit report       url: 'https://github.com/advisories/GHSA-w9j2-pvgh-6h63',
3104 silly audit report       title: 'Axios: Authentication Bypass via Prototype Pollution Gadget in `validateStatus` Merge Strategy',
3104 silly audit report       severity: 'moderate',
3104 silly audit report       vulnerable_versions: '<=0.31.0',
3104 silly audit report       cwe: [Array],
3104 silly audit report       cvss: [Object]
3104 silly audit report     },
3104 silly audit report     {
3104 silly audit report       id: 1117575,
3104 silly audit report       url: 'https://github.com/advisories/GHSA-pmwg-cvhr-8vh7',
3104 silly audit report       title: 'Axios: Incomplete Fix for CVE-2025-62718 — NO_PROXY Protection Bypassed via RFC 1122 Loopback Subnet (127.0.0.0/8) in Axios 1.15.0',
3104 silly audit report       severity: 'high',
3104 silly audit report       vulnerable_versions: '<=0.31.0',
3104 silly audit report       cwe: [Array],
3104 silly audit report       cvss: [Object]
3104 silly audit report     },
3104 silly audit report     {
3104 silly audit report       id: 1117579,
3104 silly audit report       url: 'https://github.com/advisories/GHSA-xhjh-pmcv-23jw',
3104 silly audit report       title: 'Axios: Null Byte Injection via Reverse-Encoding in AxiosURLSearchParams',
3104 silly audit report       severity: 'low',
3104 silly audit report       vulnerable_versions: '<=0.31.0',
3104 silly audit report       cwe: [Array],
3104 silly audit report       cvss: [Object]
3104 silly audit report     },
3104 silly audit report     {
3104 silly audit report       id: 1117582,
3104 silly audit report       url: 'https://github.com/advisories/GHSA-m7pr-hjqh-92cm',
3104 silly audit report       title: 'Axios: no_proxy bypass via IP alias allows SSRF',
3104 silly audit report       severity: 'moderate',
3104 silly audit report       vulnerable_versions: '<=0.31.0',
3104 silly audit report       cwe: [Array],
3104 silly audit report       cvss: [Object]
3104 silly audit report     },
3104 silly audit report     {
3104 silly audit report       id: 1117586,
3104 silly audit report       url: 'https://github.com/advisories/GHSA-5c9x-8gcm-mpgx',
3104 silly audit report       title: "Axios' HTTP adapter-streamed uploads bypass maxBodyLength when maxRedirects: 0",
3104 silly audit report       severity: 'moderate',
3104 silly audit report       vulnerable_versions: '<=0.31.0',
3104 silly audit report       cwe: [Array],
3104 silly audit report       cvss: [Object]
3104 silly audit report     },
3104 silly audit report     {
3104 silly audit report       id: 1117588,
3104 silly audit report       url: 'https://github.com/advisories/GHSA-vf2m-468p-8v99',
3104 silly audit report       title: 'Axios: HTTP adapter streamed responses bypass maxContentLength',
3104 silly audit report       severity: 'moderate',
3104 silly audit report       vulnerable_versions: '<=0.31.0',
3104 silly audit report       cwe: [Array],
3104 silly audit report       cvss: [Object]
3104 silly audit report     },
3104 silly audit report     {
3104 silly audit report       id: 1117590,
3104 silly audit report       url: 'https://github.com/advisories/GHSA-pf86-5x62-jrwf',
3104 silly audit report       title: 'Axios: Prototype Pollution Gadgets - Response Tampering, Data Exfiltration, and Request Hijacking',
3104 silly audit report       severity: 'high',
3104 silly audit report       vulnerable_versions: '<=0.31.0',
3104 silly audit report       cwe: [Array],
3104 silly audit report       cvss: [Object]
3104 silly audit report     },
3104 silly audit report     {
3104 silly audit report       id: 1117592,
3104 silly audit report       url: 'https://github.com/advisories/GHSA-6chq-wfr3-2hj9',
3104 silly audit report       title: 'Axios: Header Injection via Prototype Pollution',
3104 silly audit report       severity: 'high',
3104 silly audit report       vulnerable_versions: '<=0.31.0',
3104 silly audit report       cwe: [Array],
3104 silly audit report       cvss: [Object]
3104 silly audit report     },
3104 silly audit report     {
3104 silly audit report       id: 1117594,
3104 silly audit report       url: 'https://github.com/advisories/GHSA-xx6v-rp6x-q39c',
3104 silly audit report       title: 'Axios: XSRF Token Cross-Origin Leakage via Prototype Pollution Gadget in `withXSRFToken` Boolean Coercion',
3104 silly audit report       severity: 'moderate',
3104 silly audit report       vulnerable_versions: '<=0.31.0',
3104 silly audit report       cwe: [Array],
3104 silly audit report       cvss: [Object]
3104 silly audit report     },
3104 silly audit report     {
3104 silly audit report       id: 1117857,
3104 silly audit report       url: 'https://github.com/advisories/GHSA-43fc-jf86-j433',
3104 silly audit report       title: 'Axios is Vulnerable to Denial of Service via __proto__ Key in mergeConfig',
3104 silly audit report       severity: 'high',
3104 silly audit report       vulnerable_versions: '<=0.30.2',
3104 silly audit report       cwe: [Array],
3104 silly audit report       cvss: [Object]
3104 silly audit report     },
3104 silly audit report     {
3104 silly audit report       id: 1123825,
3104 silly audit report       url: 'https://github.com/advisories/GHSA-pjwm-pj3p-43mv',
3104 silly audit report       title: "axios's shouldBypassProxy does not recognize IPv4-mapped IPv6 addresses, allowing NO_PROXY bypass (incomplete fix for CVE-2025-62718)",
3104 silly audit report       severity: 'high',
3104 silly audit report       vulnerable_versions: '<=0.31.1',
3104 silly audit report       cwe: [Array],
3104 silly audit report       cvss: [Object]
3104 silly audit report     },
3104 silly audit report     {
3104 silly audit report       id: 1123958,
3104 silly audit report       url: 'https://github.com/advisories/GHSA-mmx7-hfxf-jppx',
3104 silly audit report       title: 'Axios: Prototype pollution gadgets can alter axios request construction',
3104 silly audit report       severity: 'moderate',
3104 silly audit report       vulnerable_versions: '<0.33.0',
3104 silly audit report       cwe: [Array],
3104 silly audit report       cvss: [Object]
3104 silly audit report     },
3104 silly audit report     {
3104 silly audit report       id: 1123972,
3104 silly audit report       url: 'https://github.com/advisories/GHSA-7q8q-rj6j-mhjq',
3104 silly audit report       title: 'Axios: Nested axios option objects can consume polluted prototype values',
3104 silly audit report       severity: 'moderate',
3104 silly audit report       vulnerable_versions: '>=0.8.0 <0.33.0',
3104 silly audit report       cwe: [Array],
3104 silly audit report       cvss: [Object]
3104 silly audit report     },
3104 silly audit report     {
3104 silly audit report       id: 1097679,
3104 silly audit report       url: 'https://github.com/advisories/GHSA-wf5p-g6vw-rhxx',
3104 silly audit report       title: 'Axios Cross-Site Request Forgery Vulnerability',
3104 silly audit report       severity: 'moderate',
3104 silly audit report       vulnerable_versions: '>=0.8.1 <0.28.0',
3104 silly audit report       cwe: [Array],
3104 silly audit report       cvss: [Object]
3104 silly audit report     }
3104 silly audit report   ],
3104 silly audit report   svelte: [
3104 silly audit report     {
3104 silly audit report       id: 1113416,
3104 silly audit report       url: 'https://github.com/advisories/GHSA-crpf-4hrx-3jrp',
3104 silly audit report       title: 'Svelte SSR attribute spreading includes inherited properties from prototype chain',
3104 silly audit report       severity: 'moderate',
3104 silly audit report       vulnerable_versions: '<=5.51.4',
3104 silly audit report       cwe: [Array],
3104 silly audit report       cvss: [Object]
3104 silly audit report     },
3104 silly audit report     {
3104 silly audit report       id: 1113418,
3104 silly audit report       url: 'https://github.com/advisories/GHSA-m56q-vw4c-c2cp',
3104 silly audit report       title: 'Svelte SSR does not validate dynamic element tag names in `<svelte:element>`',
3104 silly audit report       severity: 'moderate',
3104 silly audit report       vulnerable_versions: '<=5.51.4',
3104 silly audit report       cwe: [Array],
3104 silly audit report       cvss: [Object]
3104 silly audit report     },
3104 silly audit report     {
3104 silly audit report       id: 1113419,
3104 silly audit report       url: 'https://github.com/advisories/GHSA-f7gr-6p89-r883',
3104 silly audit report       title: 'Svelte affected by cross-site scripting via spread attributes in Svelte SSR',
3104 silly audit report       severity: 'moderate',
3104 silly audit report       vulnerable_versions: '<=5.51.4',
3104 silly audit report       cwe: [Array],
3104 silly audit report       cvss: [Object]
3104 silly audit report     },
3104 silly audit report     {
3104 silly audit report       id: 1120446,
3104 silly audit report       url: 'https://github.com/advisories/GHSA-rcqx-6q8c-2c42',
3104 silly audit report       title: 'Svelte Vulnerable to XSS via DOM Clobbering of Internal Framework State',
3104 silly audit report       severity: 'moderate',
3104 silly audit report       vulnerable_versions: '<=5.55.6',
3104 silly audit report       cwe: [Array],
3104 silly audit report       cvss: [Object]
3104 silly audit report     },
3104 silly audit report     {
3104 silly audit report       id: 1120449,
3104 silly audit report       url: 'https://github.com/advisories/GHSA-pr6f-5x2q-rwfp',
3104 silly audit report       title: 'Svelte SSR vulnerable to cross-site scripting via spread attributes',
3104 silly audit report       severity: 'moderate',
3104 silly audit report       vulnerable_versions: '<=5.55.6',
3104 silly audit report       cwe: [Array],
3104 silly audit report       cvss: [Object]
3104 silly audit report     },
3104 silly audit report     {
3104 silly audit report       id: 1114402,
3104 silly audit report       url: 'https://github.com/advisories/GHSA-phwv-c562-gvmh',
3104 silly audit report       title: 'Svelte vulnerable to XSS during SSR with contenteditable `bind:innerText` and `bind:textContent`',
3104 silly audit report       severity: 'moderate',
3104 silly audit report       vulnerable_versions: '<=5.53.4',
3104 silly audit report       cwe: [Array],
3104 silly audit report       cvss: [Object]
3104 silly audit report     },
3104 silly audit report     {
3104 silly audit report       id: 1098725,
3104 silly audit report       url: 'https://github.com/advisories/GHSA-8266-84wp-wv5c',
3104 silly audit report       title: 'Svelte has a potential mXSS vulnerability due to improper HTML escaping',
3104 silly audit report       severity: 'moderate',
3104 silly audit report       vulnerable_versions: '<4.2.19',
3104 silly audit report       cwe: [Array],
3104 silly audit report       cvss: [Object]
3104 silly audit report     }
3104 silly audit report   ],
3104 silly audit report   'webpack-dev-server': [
3104 silly audit report     {
3104 silly audit report       id: 1108429,
3104 silly audit report       url: 'https://github.com/advisories/GHSA-9jgg-88mc-972h',
3104 silly audit report       title: "webpack-dev-server users' source code may be stolen when they access a malicious web site with non-Chromium based browser",
3104 silly audit report       severity: 'moderate',
3104 silly audit report       vulnerable_versions: '<=5.2.0',
3104 silly audit report       cwe: [Array],
3104 silly audit report       cvss: [Object]
3104 silly audit report     },
3104 silly audit report     {
3104 silly audit report       id: 1108430,
3104 silly audit report       url: 'https://github.com/advisories/GHSA-4v9v-hfq4-rm2v',
3104 silly audit report       title: "webpack-dev-server users' source code may be stolen when they access a malicious web site",
3104 silly audit report       severity: 'moderate',
3104 silly audit report       vulnerable_versions: '<=5.2.0',
3104 silly audit report       cwe: [Array],
3104 silly audit report       cvss: [Object]
3104 silly audit report     },
3104 silly audit report     {
3104 silly audit report       id: 1119074,
3104 silly audit report       url: 'https://github.com/advisories/GHSA-79cf-xcqc-c78w',
3104 silly audit report       title: 'webpack-dev-server vulnerable to cross-origin source code exposure on non-HTTPS origins',
3104 silly audit report       severity: 'moderate',
3104 silly audit report       vulnerable_versions: '<=5.2.3',
3104 silly audit report       cwe: [Array],
3104 silly audit report       cvss: [Object]
3104 silly audit report     },
3104 silly audit report     {
3104 silly audit report       id: 1121087,
3104 silly audit report       url: 'https://github.com/advisories/GHSA-mx8g-39q3-5c79',
3104 silly audit report       title: 'webpack-dev-server vulnerable to HMR WebSocket interception via permissive user proxies',
3104 silly audit report       severity: 'moderate',
3104 silly audit report       vulnerable_versions: '<5.2.5',
3104 silly audit report       cwe: [Array],
3104 silly audit report       cvss: [Object]
3104 silly audit report     },
3104 silly audit report     {
3104 silly audit report       id: 1123965,
3104 silly audit report       url: 'https://github.com/advisories/GHSA-f5vj-f2hx-8m93',
3104 silly audit report       title: 'webpack-dev-server vulnerable to cross-site request forgery via internal developer endpoints',
3104 silly audit report       severity: 'moderate',
3104 silly audit report       vulnerable_versions: '<=5.2.5',
3104 silly audit report       cwe: [Array],
3104 silly audit report       cvss: [Object]
3104 silly audit report     },
3104 silly audit report     {
3104 silly audit report       id: 1123966,
3104 silly audit report       url: 'https://github.com/advisories/GHSA-m28w-2pqf-7qgj',
3104 silly audit report       title: 'webpack-dev-server vulnerable to denial of service via a malformed Host or Origin header',
3104 silly audit report       severity: 'moderate',
3104 silly audit report       vulnerable_versions: '<=5.2.5',
3104 silly audit report       cwe: [Array],
3104 silly audit report       cvss: [Object]
3104 silly audit report     }
3104 silly audit report   ],
3104 silly audit report   uuid: [
3104 silly audit report     {
3104 silly audit report       id: 1119441,
3104 silly audit report       url: 'https://github.com/advisories/GHSA-w5hq-g745-h8pq',
3104 silly audit report       title: 'uuid: Missing buffer bounds check in v3/v5/v6 when buf is provided',
3104 silly audit report       severity: 'moderate',
3104 silly audit report       vulnerable_versions: '<11.1.1',
3104 silly audit report       cwe: [Array],
3104 silly audit report       cvss: [Object]
3104 silly audit report     }
3104 silly audit report   ]
3104 silly audit report }
3105 silly packumentCache corgi:https://registry.npmjs.org/axios cache-miss
3106 silly packumentCache corgi:https://registry.npmjs.org/svelte cache-miss
3107 silly packumentCache corgi:https://registry.npmjs.org/webpack-dev-server cache-miss
3108 silly packumentCache corgi:https://registry.npmjs.org/uuid cache-miss
3109 http fetch GET 200 https://registry.npmjs.org/require-from-string/-/require-from-string-2.0.2.tgz 576ms (cache miss)
3110 http fetch GET 200 https://registry.npmjs.org/is-plain-object/-/is-plain-object-2.0.4.tgz 570ms (cache miss)
3111 http fetch GET 200 https://registry.npmjs.org/isexe/-/isexe-2.0.0.tgz 574ms (cache miss)
3112 http fetch GET 200 https://registry.npmjs.org/isobject/-/isobject-3.0.1.tgz 574ms (cache miss)
3113 http fetch GET 200 https://registry.npmjs.org/@types/mime/-/mime-1.3.5.tgz 579ms (cache miss)
3114 http fetch GET 200 https://registry.npmjs.org/clone-deep/-/clone-deep-4.0.1.tgz 589ms (cache miss)
3115 http fetch GET 200 https://registry.npmjs.org/flat/-/flat-5.0.2.tgz 612ms (cache miss)
3116 http fetch GET 200 https://registry.npmjs.org/minimalistic-assert/-/minimalistic-assert-1.0.1.tgz 611ms (cache miss)
3117 http fetch GET 200 https://registry.npmjs.org/obuf/-/obuf-1.1.2.tgz 609ms (cache miss)
3118 http fetch GET 200 https://registry.npmjs.org/detect-node/-/detect-node-2.1.0.tgz 611ms (cache miss)
3119 http fetch GET 200 https://registry.npmjs.org/select-hose/-/select-hose-2.0.0.tgz 611ms (cache miss)
3120 http fetch GET 200 https://registry.npmjs.org/http-deceiver/-/http-deceiver-1.2.7.tgz 621ms (cache miss)
3121 http fetch GET 200 https://registry.npmjs.org/handle-thing/-/handle-thing-2.0.1.tgz 647ms (cache miss)
3122 http fetch GET 200 https://registry.npmjs.org/http-parser-js/-/http-parser-js-0.5.10.tgz 661ms (cache miss)
3123 http fetch GET 200 https://registry.npmjs.org/dunder-proto/-/dunder-proto-1.0.1.tgz 658ms (cache miss)
3124 http fetch GET 200 https://registry.npmjs.org/get-proto/-/get-proto-1.0.1.tgz 668ms (cache miss)
3125 http fetch GET 200 https://registry.npmjs.org/has-symbols/-/has-symbols-1.1.0.tgz 668ms (cache miss)
3126 http fetch GET 200 https://registry.npmjs.org/gopd/-/gopd-1.2.0.tgz 684ms (cache miss)
3127 http fetch GET 200 https://registry.npmjs.org/es-object-atoms/-/es-object-atoms-1.1.2.tgz 682ms (cache miss)
3128 http fetch GET 200 https://registry.npmjs.org/wbuf/-/wbuf-1.7.3.tgz 698ms (cache miss)
3129 http fetch GET 200 https://registry.npmjs.org/call-bound/-/call-bound-1.0.4.tgz 689ms (cache miss)
3130 http fetch GET 200 https://registry.npmjs.org/side-channel-list/-/side-channel-list-1.0.1.tgz 698ms (cache miss)
3131 http fetch GET 200 https://registry.npmjs.org/call-bind-apply-helpers/-/call-bind-apply-helpers-1.0.2.tgz 699ms (cache miss)
3132 warn deprecated rimraf@3.0.2: Rimraf versions prior to v4 are no longer supported
3133 http fetch GET 200 https://registry.npmjs.org/shallow-clone/-/shallow-clone-3.0.1.tgz 730ms (cache miss)
3134 http fetch GET 200 https://registry.npmjs.org/batch/-/batch-0.6.1.tgz 714ms (cache miss)
3135 http fetch GET 200 https://registry.npmjs.org/side-channel-weakmap/-/side-channel-weakmap-1.0.2.tgz 717ms (cache miss)
3136 http fetch GET 200 https://registry.npmjs.org/side-channel-map/-/side-channel-map-1.0.1.tgz 726ms (cache miss)
3137 http fetch GET 200 https://registry.npmjs.org/@types/node-forge/-/node-forge-1.3.14.tgz 732ms (cache miss)
3138 http fetch GET 200 https://registry.npmjs.org/is-wsl/-/is-wsl-2.2.0.tgz 731ms (cache miss)
3139 http fetch GET 200 https://registry.npmjs.org/mimic-fn/-/mimic-fn-2.1.0.tgz 739ms (cache miss)
3140 http fetch GET 200 https://registry.npmjs.org/retry/-/retry-0.13.1.tgz 740ms (cache miss)
3141 http fetch GET 200 https://registry.npmjs.org/thunky/-/thunky-1.1.0.tgz 739ms (cache miss)
3142 http fetch GET 200 https://registry.npmjs.org/define-lazy-prop/-/define-lazy-prop-2.0.0.tgz 742ms (cache miss)
3143 http fetch GET 200 https://registry.npmjs.org/shell-quote/-/shell-quote-1.10.0.tgz 755ms (cache miss)
3144 http fetch GET 200 https://registry.npmjs.org/is-plain-obj/-/is-plain-obj-3.0.0.tgz 754ms (cache miss)
3145 http fetch GET 200 https://registry.npmjs.org/requires-port/-/requires-port-1.0.0.tgz 756ms (cache miss)
3146 http fetch GET 200 https://registry.npmjs.org/forwarded/-/forwarded-0.2.0.tgz 771ms (cache miss)
3147 http fetch GET 200 https://registry.npmjs.org/@leichtgewicht/ip-codec/-/ip-codec-2.0.5.tgz 772ms (cache miss)
3148 http fetch GET 200 https://registry.npmjs.org/eventemitter3/-/eventemitter3-4.0.7.tgz 769ms (cache miss)
3149 http fetch GET 200 https://registry.npmjs.org/toidentifier/-/toidentifier-1.0.1.tgz 769ms (cache miss)
3150 http fetch GET 200 https://registry.npmjs.org/@types/retry/-/retry-0.12.0.tgz 790ms (cache miss)
3151 http fetch GET 200 https://registry.npmjs.org/raw-body/-/raw-body-2.5.3.tgz 781ms (cache miss)
3152 http fetch GET 200 https://registry.npmjs.org/mime-types/-/mime-types-2.1.35.tgz 780ms (cache miss)
3153 http fetch GET 200 https://registry.npmjs.org/statuses/-/statuses-2.0.2.tgz 792ms (cache miss)
3154 http fetch GET 200 https://registry.npmjs.org/path-to-regexp/-/path-to-regexp-0.1.13.tgz 818ms (cache miss)
3155 http fetch GET 200 https://registry.npmjs.org/http-errors/-/http-errors-2.0.1.tgz 817ms (cache miss)
3156 http fetch GET 200 https://registry.npmjs.org/cookie-signature/-/cookie-signature-1.0.7.tgz 829ms (cache miss)
3157 http fetch GET 200 https://registry.npmjs.org/finalhandler/-/finalhandler-1.3.2.tgz 832ms (cache miss)
3158 http fetch GET 200 https://registry.npmjs.org/encodeurl/-/encodeurl-2.0.0.tgz 829ms (cache miss)
3159 http fetch GET 200 https://registry.npmjs.org/destroy/-/destroy-1.2.0.tgz 840ms (cache miss)
3160 http fetch GET 200 https://registry.npmjs.org/@types/http-proxy/-/http-proxy-1.17.17.tgz 844ms (cache miss)
3161 http fetch GET 200 https://registry.npmjs.org/is-docker/-/is-docker-2.2.1.tgz 863ms (cache miss)
3162 http fetch GET 200 https://registry.npmjs.org/on-finished/-/on-finished-2.4.1.tgz 852ms (cache miss)
3163 http fetch GET 200 https://registry.npmjs.org/cookie/-/cookie-0.7.2.tgz 846ms (cache miss)
3164 http fetch GET 200 https://registry.npmjs.org/body-parser/-/body-parser-1.20.6.tgz 846ms (cache miss)
3165 http fetch GET 200 https://registry.npmjs.org/content-type/-/content-type-1.0.5.tgz 848ms (cache miss)
3166 http fetch GET 200 https://registry.npmjs.org/merge-descriptors/-/merge-descriptors-1.0.3.tgz 891ms (cache miss)
3167 http fetch GET 200 https://registry.npmjs.org/get-stream/-/get-stream-6.0.1.tgz 882ms (cache miss)
3168 http fetch GET 200 https://registry.npmjs.org/human-signals/-/human-signals-2.1.0.tgz 883ms (cache miss)
3169 http fetch GET 200 https://registry.npmjs.org/strip-final-newline/-/strip-final-newline-2.0.0.tgz 884ms (cache miss)
3170 http fetch GET 200 https://registry.npmjs.org/onetime/-/onetime-5.1.2.tgz 884ms (cache miss)
3171 http fetch GET 200 https://registry.npmjs.org/is-stream/-/is-stream-2.0.1.tgz 883ms (cache miss)
3172 http fetch GET 200 https://registry.npmjs.org/execa/-/execa-5.1.1.tgz 884ms (cache miss)
3173 http fetch GET 200 https://registry.npmjs.org/serve-static/-/serve-static-1.16.3.tgz 899ms (cache miss)
3174 http fetch GET 200 https://registry.npmjs.org/negotiator/-/negotiator-0.6.4.tgz 897ms (cache miss)
3175 http fetch GET 200 https://registry.npmjs.org/on-headers/-/on-headers-1.1.0.tgz 898ms (cache miss)
3176 http fetch GET 200 https://registry.npmjs.org/npm-run-path/-/npm-run-path-4.0.1.tgz 901ms (cache miss)
3177 http fetch GET 200 https://registry.npmjs.org/bytes/-/bytes-3.1.2.tgz 897ms (cache miss)
3178 http fetch GET 200 https://registry.npmjs.org/kind-of/-/kind-of-6.0.3.tgz 966ms (cache miss)
3179 http fetch GET 200 https://registry.npmjs.org/setprototypeof/-/setprototypeof-1.2.0.tgz 938ms (cache miss)
3180 http fetch GET 200 https://registry.npmjs.org/@types/http-errors/-/http-errors-2.0.5.tgz 934ms (cache miss)
3181 http fetch GET 200 https://registry.npmjs.org/proxy-addr/-/proxy-addr-2.0.7.tgz 952ms (cache miss)
3182 http fetch GET 200 https://registry.npmjs.org/signal-exit/-/signal-exit-3.0.7.tgz 942ms (cache miss)
3183 http fetch GET 200 https://registry.npmjs.org/@types/body-parser/-/body-parser-1.19.6.tgz 947ms (cache miss)
3184 http fetch GET 200 https://registry.npmjs.org/content-disposition/-/content-disposition-0.5.4.tgz 967ms (cache miss)
3185 http fetch GET 200 https://registry.npmjs.org/accepts/-/accepts-1.3.8.tgz 966ms (cache miss)
3186 http fetch GET 200 https://registry.npmjs.org/@types/qs/-/qs-6.15.1.tgz 957ms (cache miss)
3187 http fetch GET 200 https://registry.npmjs.org/@types/express-serve-static-core/-/express-serve-static-core-5.1.3.tgz 957ms (cache miss)
3188 http fetch GET 200 https://registry.npmjs.org/p-retry/-/p-retry-4.6.2.tgz 954ms (cache miss)
3189 http fetch GET 200 https://registry.npmjs.org/send/-/send-0.19.2.tgz 985ms (cache miss)
3190 http fetch GET 200 https://registry.npmjs.org/@types/range-parser/-/range-parser-1.2.7.tgz 969ms (cache miss)
3191 http fetch GET 200 https://registry.npmjs.org/get-intrinsic/-/get-intrinsic-1.3.0.tgz 1013ms (cache miss)
3192 http fetch GET 200 https://registry.npmjs.org/@types/send/-/send-1.2.1.tgz 977ms (cache miss)
3193 http fetch GET 200 https://registry.npmjs.org/connect-history-api-fallback/-/connect-history-api-fallback-2.0.0.tgz 969ms (cache miss)
3194 http fetch GET 200 https://registry.npmjs.org/default-gateway/-/default-gateway-6.0.3.tgz 978ms (cache miss)
3195 http fetch GET 200 https://registry.npmjs.org/@types/connect/-/connect-3.4.38.tgz 988ms (cache miss)
3196 http fetch GET 200 https://registry.npmjs.org/ansi-html-community/-/ansi-html-community-0.0.8.tgz 989ms (cache miss)
3197 http fetch GET 200 https://registry.npmjs.org/@types/serve-index/-/serve-index-1.9.4.tgz 989ms (cache miss)
3198 http fetch GET 200 https://registry.npmjs.org/@types/serve-static/-/serve-static-1.15.10.tgz 999ms (cache miss)
3199 http fetch GET 200 https://registry.npmjs.org/@types/sockjs/-/sockjs-0.3.36.tgz 1002ms (cache miss)
3200 http fetch GET 200 https://registry.npmjs.org/@types/bonjour/-/bonjour-3.5.13.tgz 1013ms (cache miss)
3201 http fetch GET 200 https://registry.npmjs.org/hasown/-/hasown-2.0.4.tgz 1013ms (cache miss)
3202 http fetch GET 200 https://registry.npmjs.org/supports-preserve-symlinks-flag/-/supports-preserve-symlinks-flag-1.0.0.tgz 1014ms (cache miss)
3203 http fetch GET 200 https://registry.npmjs.org/@types/express/-/express-4.17.25.tgz 1016ms (cache miss)
3204 http fetch GET 200 https://registry.npmjs.org/es-errors/-/es-errors-1.3.0.tgz 1014ms (cache miss)
3205 http fetch GET 200 https://registry.npmjs.org/@types/connect-history-api-fallback/-/connect-history-api-fallback-1.5.4.tgz 1018ms (cache miss)
3206 http fetch GET 200 https://registry.npmjs.org/is-core-module/-/is-core-module-2.16.2.tgz 1025ms (cache miss)
3207 http fetch GET 200 https://registry.npmjs.org/p-locate/-/p-locate-4.1.0.tgz 1024ms (cache miss)
3208 http fetch GET 200 https://registry.npmjs.org/p-limit/-/p-limit-2.3.0.tgz 1024ms (cache miss)
3209 http fetch GET 200 https://registry.npmjs.org/locate-path/-/locate-path-5.0.0.tgz 1036ms (cache miss)
3210 http fetch GET 200 https://registry.npmjs.org/@types/ws/-/ws-8.18.1.tgz 1055ms (cache miss)
3211 http fetch GET 200 https://registry.npmjs.org/path-exists/-/path-exists-4.0.0.tgz 1050ms (cache miss)
3212 http fetch GET 200 https://registry.npmjs.org/pkg-dir/-/pkg-dir-4.2.0.tgz 1049ms (cache miss)
3213 http fetch GET 200 https://registry.npmjs.org/p-try/-/p-try-2.2.0.tgz 1052ms (cache miss)
3214 http fetch GET 200 https://registry.npmjs.org/fastest-levenshtein/-/fastest-levenshtein-1.0.16.tgz 1046ms (cache miss)
3215 http fetch GET 200 https://registry.npmjs.org/ipaddr.js/-/ipaddr.js-2.5.0.tgz 1073ms (cache miss)
3216 http fetch GET 200 https://registry.npmjs.org/import-local/-/import-local-3.2.0.tgz 1056ms (cache miss)
3217 http fetch GET 200 https://registry.npmjs.org/resolve-cwd/-/resolve-cwd-3.0.0.tgz 1058ms (cache miss)
3218 http fetch GET 200 https://registry.npmjs.org/rechoir/-/rechoir-0.7.1.tgz 1056ms (cache miss)
3219 http fetch GET 200 https://registry.npmjs.org/totalist/-/totalist-3.0.1.tgz 1055ms (cache miss)
3220 http fetch GET 200 https://registry.npmjs.org/es-define-property/-/es-define-property-1.0.1.tgz 1124ms (cache miss)
3221 http fetch GET 200 https://registry.npmjs.org/colorette/-/colorette-2.0.20.tgz 1070ms (cache miss)
3222 http fetch GET 200 https://registry.npmjs.org/@webpack-cli/info/-/info-1.5.0.tgz 1069ms (cache miss)
3223 http fetch GET 200 https://registry.npmjs.org/mrmime/-/mrmime-2.0.1.tgz 1076ms (cache miss)
3224 http fetch GET 200 https://registry.npmjs.org/@webpack-cli/configtest/-/configtest-1.2.0.tgz 1078ms (cache miss)
3225 http fetch GET 200 https://registry.npmjs.org/sirv/-/sirv-2.0.4.tgz 1083ms (cache miss)
3226 http fetch GET 200 https://registry.npmjs.org/@webpack-cli/serve/-/serve-1.7.0.tgz 1086ms (cache miss)
3227 http fetch GET 200 https://registry.npmjs.org/opener/-/opener-1.5.2.tgz 1085ms (cache miss)
3228 http fetch GET 200 https://registry.npmjs.org/html-escaper/-/html-escaper-2.0.2.tgz 1084ms (cache miss)
3229 http fetch GET 200 https://registry.npmjs.org/@polka/url/-/url-1.0.0-next.29.tgz 1087ms (cache miss)
3230 http fetch GET 200 https://registry.npmjs.org/escape-string-regexp/-/escape-string-regexp-4.0.0.tgz 1090ms (cache miss)
3231 http fetch GET 200 https://registry.npmjs.org/selfsigned/-/selfsigned-2.4.1.tgz 1119ms (cache miss)
3232 http fetch GET 200 https://registry.npmjs.org/find-up/-/find-up-4.1.0.tgz 1104ms (cache miss)
3233 http fetch GET 200 https://registry.npmjs.org/duplexer/-/duplexer-0.1.2.tgz 1096ms (cache miss)
3234 http fetch GET 200 https://registry.npmjs.org/gzip-size/-/gzip-size-6.0.0.tgz 1095ms (cache miss)
3235 http fetch GET 200 https://registry.npmjs.org/acorn-walk/-/acorn-walk-8.3.5.tgz 1111ms (cache miss)
3236 http fetch GET 200 https://registry.npmjs.org/debounce/-/debounce-1.2.1.tgz 1119ms (cache miss)
3237 http fetch GET 200 https://registry.npmjs.org/side-channel/-/side-channel-1.1.1.tgz 1193ms (cache miss)
3238 http fetch GET 200 https://registry.npmjs.org/multicast-dns/-/multicast-dns-7.2.5.tgz 1164ms (cache miss)
3239 http fetch GET 200 https://registry.npmjs.org/merge-stream/-/merge-stream-2.0.0.tgz 1127ms (cache miss)
3240 http fetch GET 200 https://registry.npmjs.org/buffer-from/-/buffer-from-1.1.2.tgz 1151ms (cache miss)
3241 http fetch GET 200 https://registry.npmjs.org/source-list-map/-/source-list-map-2.0.1.tgz 1248ms (cache miss)
3242 http fetch GET 200 https://registry.npmjs.org/@jridgewell/source-map/-/source-map-0.3.11.tgz 1163ms (cache miss)
3243 http fetch GET 200 https://registry.npmjs.org/update-browserslist-db/-/update-browserslist-db-1.3.1.tgz 1174ms (cache miss)
3244 http fetch GET 200 https://registry.npmjs.org/fs-monkey/-/fs-monkey-1.1.0.tgz 1277ms (cache miss)
3245 http fetch GET 200 https://registry.npmjs.org/dns-packet/-/dns-packet-5.6.1.tgz 1255ms (cache miss)
3246 http fetch GET 200 https://registry.npmjs.org/node-releases/-/node-releases-2.0.53.tgz 1189ms (cache miss)
3247 http fetch GET 200 https://registry.npmjs.org/esrecurse/-/esrecurse-4.3.0.tgz 1201ms (cache miss)
3248 http fetch GET 200 https://registry.npmjs.org/compression/-/compression-1.8.1.tgz 1260ms (cache miss)
3249 http fetch GET 200 https://registry.npmjs.org/@webassemblyjs/leb128/-/leb128-1.13.2.tgz 1222ms (cache miss)
3250 http fetch GET 200 https://registry.npmjs.org/@webassemblyjs/utf8/-/utf8-1.13.2.tgz 1222ms (cache miss)
3251 http fetch GET 200 https://registry.npmjs.org/@webassemblyjs/ieee754/-/ieee754-1.13.2.tgz 1223ms (cache miss)
3252 http fetch GET 200 https://registry.npmjs.org/@xtuc/ieee754/-/ieee754-1.2.0.tgz 1236ms (cache miss)
3253 http fetch GET 200 https://registry.npmjs.org/open/-/open-8.4.2.tgz 1293ms (cache miss)
3254 http fetch GET 200 https://registry.npmjs.org/envinfo/-/envinfo-7.21.0.tgz 1292ms (cache miss)
3255 http fetch GET 200 https://registry.npmjs.org/@webassemblyjs/wast-printer/-/wast-printer-1.14.1.tgz 1264ms (cache miss)
3256 http fetch GET 200 https://registry.npmjs.org/wildcard/-/wildcard-2.0.1.tgz 1386ms (cache miss)
3257 http fetch GET 200 https://registry.npmjs.org/@webassemblyjs/floating-point-hex-parser/-/floating-point-hex-parser-1.13.2.tgz 1283ms (cache miss)
3258 http fetch GET 200 https://registry.npmjs.org/@webassemblyjs/helper-wasm-bytecode/-/helper-wasm-bytecode-1.13.2.tgz 1284ms (cache miss)
3259 http fetch GET 200 https://registry.npmjs.org/@webassemblyjs/wasm-gen/-/wasm-gen-1.14.1.tgz 1285ms (cache miss)
3260 http fetch GET 200 https://registry.npmjs.org/@webassemblyjs/helper-buffer/-/helper-buffer-1.14.1.tgz 1286ms (cache miss)
3261 http fetch GET 200 https://registry.npmjs.org/@webassemblyjs/helper-numbers/-/helper-numbers-1.13.2.tgz 1301ms (cache miss)
3262 http fetch GET 200 https://registry.npmjs.org/websocket-extensions/-/websocket-extensions-0.1.4.tgz 1424ms (cache miss)
3263 http fetch GET 200 https://registry.npmjs.org/faye-websocket/-/faye-websocket-0.11.4.tgz 1426ms (cache miss)
3264 http fetch GET 200 https://registry.npmjs.org/@types/estree/-/estree-1.0.9.tgz 1358ms (cache miss)
3265 http fetch GET 200 https://registry.npmjs.org/chrome-trace-event/-/chrome-trace-event-1.0.4.tgz 1371ms (cache miss)
3266 http fetch GET 200 https://registry.npmjs.org/ajv-formats/-/ajv-formats-2.1.1.tgz 1490ms (cache miss)
3267 http fetch GET 200 https://registry.npmjs.org/@webassemblyjs/wasm-edit/-/wasm-edit-1.14.1.tgz 1386ms (cache miss)
3268 http fetch GET 200 https://registry.npmjs.org/core-util-is/-/core-util-is-1.0.3.tgz 1384ms (cache miss)
3269 http fetch GET 200 https://registry.npmjs.org/source-map-support/-/source-map-support-0.5.21.tgz 1416ms (cache miss)
3270 http fetch GET 200 https://registry.npmjs.org/@webassemblyjs/helper-api-error/-/helper-api-error-1.13.2.tgz 1407ms (cache miss)
3271 http fetch GET 200 https://registry.npmjs.org/prr/-/prr-1.0.1.tgz 1397ms (cache miss)
3272 http fetch GET 200 https://registry.npmjs.org/estraverse/-/estraverse-4.3.0.tgz 1427ms (cache miss)
3273 http fetch GET 200 https://registry.npmjs.org/memory-fs/-/memory-fs-0.5.0.tgz 1526ms (cache miss)
3274 http fetch GET 200 https://registry.npmjs.org/micromatch/-/micromatch-4.0.8.tgz 1527ms (cache miss)
3275 http fetch GET 200 https://registry.npmjs.org/errno/-/errno-0.1.8.tgz 1536ms (cache miss)
3276 http fetch GET 200 https://registry.npmjs.org/mkdirp/-/mkdirp-0.5.6.tgz 1534ms (cache miss)
3277 http fetch GET 200 https://registry.npmjs.org/min-indent/-/min-indent-1.0.1.tgz 1554ms (cache miss)
3278 http fetch GET 200 https://registry.npmjs.org/rimraf/-/rimraf-2.7.1.tgz 1554ms (cache miss)
3279 http fetch GET 200 https://registry.npmjs.org/graceful-fs/-/graceful-fs-4.2.11.tgz 1554ms (cache miss)
3280 http fetch GET 200 https://registry.npmjs.org/punycode/-/punycode-2.3.1.tgz 1578ms (cache miss)
3281 http fetch GET 200 https://registry.npmjs.org/launch-editor/-/launch-editor-2.14.1.tgz 1637ms (cache miss)
3282 http fetch GET 200 https://registry.npmjs.org/detect-indent/-/detect-indent-6.1.0.tgz 1577ms (cache miss)
3283 http fetch GET 200 https://registry.npmjs.org/@types/pug/-/pug-2.0.10.tgz 1577ms (cache miss)
3284 http fetch GET 200 https://registry.npmjs.org/sourcemap-codec/-/sourcemap-codec-1.4.8.tgz 1580ms (cache miss)
3285 http fetch GET 200 https://registry.npmjs.org/strip-indent/-/strip-indent-3.0.0.tgz 1592ms (cache miss)
3286 http fetch GET 200 https://registry.npmjs.org/@types/sass/-/sass-1.43.1.tgz 1590ms (cache miss)
3287 http fetch GET 200 https://registry.npmjs.org/mri/-/mri-1.2.0.tgz 1590ms (cache miss)
3288 http fetch GET 200 https://registry.npmjs.org/@webassemblyjs/wasm-opt/-/wasm-opt-1.14.1.tgz 1623ms (cache miss)
3289 http fetch GET 200 https://registry.npmjs.org/resolve-from/-/resolve-from-4.0.0.tgz 1601ms (cache miss)
3290 http fetch GET 200 https://registry.npmjs.org/svelte-dev-helper/-/svelte-dev-helper-1.1.9.tgz 1604ms (cache miss)
3291 http fetch GET 200 https://registry.npmjs.org/parent-module/-/parent-module-1.0.1.tgz 1602ms (cache miss)
3292 http fetch GET 200 https://registry.npmjs.org/callsites/-/callsites-3.1.0.tgz 1604ms (cache miss)
3293 http fetch GET 200 https://registry.npmjs.org/fill-range/-/fill-range-7.1.1.tgz 1611ms (cache miss)
3294 http fetch GET 200 https://registry.npmjs.org/normalize-path/-/normalize-path-3.0.0.tgz 1627ms (cache miss)
3295 http fetch GET 200 https://registry.npmjs.org/anymatch/-/anymatch-3.1.3.tgz 1627ms (cache miss)
3296 http fetch GET 200 https://registry.npmjs.org/binary-extensions/-/binary-extensions-2.3.0.tgz 1631ms (cache miss)
3297 warn deprecated rimraf@2.7.1: Rimraf versions prior to v4 are no longer supported
3298 http fetch GET 200 https://registry.npmjs.org/is-binary-path/-/is-binary-path-2.1.0.tgz 1642ms (cache miss)
3299 http fetch GET 200 https://registry.npmjs.org/readdirp/-/readdirp-3.6.0.tgz 1646ms (cache miss)
3300 http fetch GET 200 https://registry.npmjs.org/is-glob/-/is-glob-4.0.3.tgz 1646ms (cache miss)
3301 http fetch GET 200 https://registry.npmjs.org/shebang-regex/-/shebang-regex-3.0.0.tgz 1655ms (cache miss)
3302 http fetch GET 200 https://registry.npmjs.org/import-fresh/-/import-fresh-3.3.1.tgz 1657ms (cache miss)
3303 http fetch GET 200 https://registry.npmjs.org/function-bind/-/function-bind-1.1.2.tgz 1736ms (cache miss)
3304 http fetch GET 200 https://registry.npmjs.org/@jridgewell/resolve-uri/-/resolve-uri-3.1.2.tgz 1713ms (cache miss)
3305 http fetch GET 200 https://registry.npmjs.org/mime-db/-/mime-db-1.54.0.tgz 1712ms (cache miss)
3306 http fetch GET 200 https://registry.npmjs.org/fast-json-stable-stringify/-/fast-json-stable-stringify-2.1.0.tgz 1684ms (cache miss)
3307 http fetch GET 200 https://registry.npmjs.org/@types/json-schema/-/json-schema-7.0.15.tgz 1697ms (cache miss)
3308 http fetch GET 200 https://registry.npmjs.org/nanoid/-/nanoid-3.3.18.tgz 1706ms (cache miss)
3309 http fetch GET 200 https://registry.npmjs.org/fast-deep-equal/-/fast-deep-equal-3.1.3.tgz 1714ms (cache miss)
3310 http fetch GET 200 https://registry.npmjs.org/balanced-match/-/balanced-match-1.0.2.tgz 1710ms (cache miss)
3311 http fetch GET 200 https://registry.npmjs.org/webpack-sources/-/webpack-sources-1.4.3.tgz 1710ms (cache miss)
3312 http fetch GET 200 https://registry.npmjs.org/cssesc/-/cssesc-3.0.0.tgz 1714ms (cache miss)
3313 http fetch GET 200 https://registry.npmjs.org/picocolors/-/picocolors-1.1.1.tgz 1712ms (cache miss)
3314 http fetch GET 200 https://registry.npmjs.org/brace-expansion/-/brace-expansion-1.1.18.tgz 1711ms (cache miss)
3315 http fetch GET 200 https://registry.npmjs.org/minimatch/-/minimatch-3.1.5.tgz 1711ms (cache miss)
3316 http fetch GET 200 https://registry.npmjs.org/postcss-value-parser/-/postcss-value-parser-4.2.0.tgz 1707ms (cache miss)
3317 http fetch GET 200 https://registry.npmjs.org/postcss-modules-local-by-default/-/postcss-modules-local-by-default-4.2.0.tgz 1707ms (cache miss)
3318 http fetch GET 200 https://registry.npmjs.org/postcss-modules-scope/-/postcss-modules-scope-3.2.1.tgz 1708ms (cache miss)
3319 http fetch GET 200 https://registry.npmjs.org/postcss-modules-values/-/postcss-modules-values-4.0.0.tgz 1708ms (cache miss)
3320 http fetch GET 200 https://registry.npmjs.org/shebang-command/-/shebang-command-2.0.0.tgz 1705ms (cache miss)
3321 http fetch GET 200 https://registry.npmjs.org/postcss-modules-extract-imports/-/postcss-modules-extract-imports-3.1.0.tgz 1707ms (cache miss)
3322 http fetch GET 200 https://registry.npmjs.org/path-key/-/path-key-3.1.1.tgz 1705ms (cache miss)
3323 http fetch GET 200 https://registry.npmjs.org/chartjs-color-string/-/chartjs-color-string-0.6.0.tgz 1704ms (cache miss)
3324 http fetch GET 200 https://registry.npmjs.org/icss-utils/-/icss-utils-5.1.0.tgz 1706ms (cache miss)
3325 http fetch GET 200 https://registry.npmjs.org/cross-spawn/-/cross-spawn-7.0.6.tgz 1705ms (cache miss)
3326 http fetch GET 200 https://registry.npmjs.org/chartjs-color/-/chartjs-color-2.4.1.tgz 1705ms (cache miss)
3327 http fetch GET 200 https://registry.npmjs.org/which/-/which-2.0.2.tgz 1708ms (cache miss)
3328 http fetch GET 200 https://registry.npmjs.org/follow-redirects/-/follow-redirects-1.16.0.tgz 1705ms (cache miss)
3329 http fetch GET 200 https://registry.npmjs.org/svelte-loader/-/svelte-loader-3.2.4.tgz 1702ms (cache miss)
3330 http fetch GET 200 https://registry.npmjs.org/escalade/-/escalade-3.2.0.tgz 1839ms (cache miss)
3331 http fetch GET 200 https://registry.npmjs.org/sade/-/sade-1.8.1.tgz 1811ms (cache miss)
3332 http fetch GET 200 https://registry.npmjs.org/emojis-list/-/emojis-list-3.0.0.tgz 1805ms (cache miss)
3333 http fetch GET 200 https://registry.npmjs.org/@xtuc/long/-/long-4.2.2.tgz 1871ms (cache miss)
3334 http fetch GET 200 https://registry.npmjs.org/glob/-/glob-7.2.3.tgz 1812ms (cache miss)
3335 http fetch GET 200 https://registry.npmjs.org/baseline-browser-mapping/-/baseline-browser-mapping-2.11.16.tgz 1894ms (cache miss)
3336 http fetch GET 200 https://registry.npmjs.org/@webassemblyjs/helper-wasm-section/-/helper-wasm-section-1.14.1.tgz 1892ms (cache miss)
3337 http fetch GET 200 https://registry.npmjs.org/chalk/-/chalk-4.1.2.tgz 1864ms (cache miss)
3338 http fetch GET 200 https://registry.npmjs.org/browserslist/-/browserslist-4.28.8.tgz 1897ms (cache miss)
3339 http fetch GET 200 https://registry.npmjs.org/big.js/-/big.js-5.2.2.tgz 1862ms (cache miss)
3340 http fetch GET 200 https://registry.npmjs.org/spdy/-/spdy-4.0.2.tgz 1961ms (cache miss)
3341 http fetch GET 200 https://registry.npmjs.org/electron-to-chromium/-/electron-to-chromium-1.5.411.tgz 1934ms (cache miss)
3342 http fetch GET 200 https://registry.npmjs.org/cross-env/-/cross-env-7.0.3.tgz 1877ms (cache miss)
3343 http fetch GET 200 https://registry.npmjs.org/chokidar/-/chokidar-3.6.0.tgz 1916ms (cache miss)
3344 http fetch GET 200 https://registry.npmjs.org/@webassemblyjs/wasm-parser/-/wasm-parser-1.14.1.tgz 1944ms (cache miss)
3345 http fetch GET 200 https://registry.npmjs.org/json-schema-traverse/-/json-schema-traverse-0.4.1.tgz 1923ms (cache miss)
3346 http fetch GET 200 https://registry.npmjs.org/sockjs/-/sockjs-0.3.24.tgz 2010ms (cache miss)
3347 warn deprecated glob@7.2.3: Old versions of glob are not supported, and contain widely publicized security vulnerabilities, which have been fixed in the current version. Please update. Support for old versions may be purchased (at exorbitant rates) by contacting i@izs.me
3348 warn deprecated sourcemap-codec@1.4.8: Please use @jridgewell/sourcemap-codec instead
3349 http fetch GET 200 https://registry.npmjs.org/http-proxy/-/http-proxy-1.18.1.tgz 2042ms (cache miss)
3350 http fetch GET 200 https://registry.npmjs.org/picomatch/-/picomatch-2.3.2.tgz 1953ms (cache miss)
3351 http fetch GET 200 https://registry.npmjs.org/purgecss-webpack-plugin/-/purgecss-webpack-plugin-4.1.3.tgz 1926ms (cache miss)
3352 http fetch GET 200 https://registry.npmjs.org/@types/chart.js/-/chart.js-2.9.41.tgz 1924ms (cache miss)
3353 http fetch GET 200 https://registry.npmjs.org/eslint-scope/-/eslint-scope-5.1.1.tgz 2012ms (cache miss)
3354 http fetch GET 200 https://registry.npmjs.org/purgecss/-/purgecss-4.1.3.tgz 1984ms (cache miss)
3355 http fetch GET 200 https://registry.npmjs.org/minimizer-webpack-plugin/-/minimizer-webpack-plugin-5.6.1.tgz 2027ms (cache miss)
3356 http fetch GET 200 https://registry.npmjs.org/es-module-lexer/-/es-module-lexer-2.3.2.tgz 2035ms (cache miss)
3357 http fetch GET 200 https://registry.npmjs.org/@tsconfig/svelte/-/svelte-1.0.13.tgz 1972ms (cache miss)
3358 http fetch GET 200 https://registry.npmjs.org/braces/-/braces-3.0.3.tgz 2040ms (cache miss)
3359 http fetch GET 200 https://registry.npmjs.org/hpack.js/-/hpack.js-2.1.6.tgz 2173ms (cache miss)
3360 http fetch GET 200 https://registry.npmjs.org/ws/-/ws-7.5.13.tgz 2101ms (cache miss)
3361 http fetch GET 200 https://registry.npmjs.org/@discoveryjs/json-ext/-/json-ext-0.5.7.tgz 2104ms (cache miss)
3362 http fetch GET 200 https://registry.npmjs.org/qs/-/qs-6.15.3.tgz 2164ms (cache miss)
3363 http fetch GET 200 https://registry.npmjs.org/magic-string/-/magic-string-0.25.9.tgz 2080ms (cache miss)
3364 http fetch GET 200 https://registry.npmjs.org/tslib/-/tslib-2.8.1.tgz 2044ms (cache miss)
3365 http fetch GET 200 https://registry.npmjs.org/ms/-/ms-2.1.3.tgz 2044ms (cache miss)
3366 http fetch GET 200 https://registry.npmjs.org/acorn/-/acorn-8.18.0.tgz 2113ms (cache miss)
3367 http fetch GET 200 https://registry.npmjs.org/websocket-driver/-/websocket-driver-0.7.5.tgz 2236ms (cache miss)
3368 http fetch GET 200 https://registry.npmjs.org/commander/-/commander-8.3.0.tgz 2103ms (cache miss)
3369 http fetch GET 200 https://registry.npmjs.org/mini-css-extract-plugin/-/mini-css-extract-plugin-1.6.2.tgz 2094ms (cache miss)
3370 http fetch GET 200 https://registry.npmjs.org/ms/-/ms-2.1.3.tgz 2126ms (cache miss)
3371 http fetch GET 200 https://registry.npmjs.org/express/-/express-4.22.2.tgz 2248ms (cache miss)
3372 http fetch GET 200 https://registry.npmjs.org/webpack-merge/-/webpack-merge-5.10.0.tgz 2241ms (cache miss)
3373 http fetch GET 200 https://registry.npmjs.org/math-intrinsics/-/math-intrinsics-1.1.0.tgz 2306ms (cache miss)
3374 http fetch GET 200 https://registry.npmjs.org/svelte-hmr/-/svelte-hmr-0.14.12.tgz 2193ms (cache miss)
3375 http fetch GET 200 https://registry.npmjs.org/debug/-/debug-4.4.3.tgz 2143ms (cache miss)
3376 http fetch GET 200 https://registry.npmjs.org/watchpack/-/watchpack-2.5.2.tgz 2217ms (cache miss)
3377 http fetch GET 200 https://registry.npmjs.org/tapable/-/tapable-1.1.3.tgz 2226ms (cache miss)
3378 http fetch GET 200 https://registry.npmjs.org/negotiator/-/negotiator-0.6.3.tgz 2190ms (cache miss)
3379 http fetch GET 200 https://registry.npmjs.org/webpack-cli/-/webpack-cli-4.10.0.tgz 2213ms (cache miss)
3380 http fetch GET 200 https://registry.npmjs.org/safe-buffer/-/safe-buffer-5.2.1.tgz 2196ms (cache miss)
3381 http fetch GET 200 https://registry.npmjs.org/webpack-dev-middleware/-/webpack-dev-middleware-5.3.4.tgz 2323ms (cache miss)
3382 http fetch GET 200 https://registry.npmjs.org/json-schema-traverse/-/json-schema-traverse-1.0.0.tgz 2199ms (cache miss)
3383 http fetch GET 200 https://registry.npmjs.org/loader-utils/-/loader-utils-2.0.4.tgz 2229ms (cache miss)
3384 http fetch GET 200 https://registry.npmjs.org/source-map-js/-/source-map-js-1.2.1.tgz 2280ms (cache miss)
3385 http fetch GET 200 https://registry.npmjs.org/source-map/-/source-map-0.7.6.tgz 2299ms (cache miss)
3386 http fetch GET 200 https://registry.npmjs.org/ms/-/ms-2.1.3.tgz 2258ms (cache miss)
3387 http fetch GET 200 https://registry.npmjs.org/json-schema-traverse/-/json-schema-traverse-1.0.0.tgz 2294ms (cache miss)
3388 http fetch GET 200 https://registry.npmjs.org/mime-db/-/mime-db-1.52.0.tgz 2321ms (cache miss)
3389 http fetch GET 200 https://registry.npmjs.org/schema-utils/-/schema-utils-3.3.0.tgz 2357ms (cache miss)
3390 http fetch GET 200 https://registry.npmjs.org/readable-stream/-/readable-stream-2.3.8.tgz 2394ms (cache miss)
3391 http fetch GET 200 https://registry.npmjs.org/fast-uri/-/fast-uri-3.1.5.tgz 2521ms (cache miss)
3392 http fetch GET 200 https://registry.npmjs.org/object-inspect/-/object-inspect-1.13.4.tgz 2501ms (cache miss)
3393 http fetch GET 200 https://registry.npmjs.org/css-loader/-/css-loader-5.2.7.tgz 2357ms (cache miss)
3394 http fetch GET 200 https://registry.npmjs.org/http-errors/-/http-errors-1.8.1.tgz 2349ms (cache miss)
3395 http fetch GET 200 https://registry.npmjs.org/safe-buffer/-/safe-buffer-5.2.1.tgz 2348ms (cache miss)
3396 http fetch GET 200 https://registry.npmjs.org/@types/express-serve-static-core/-/express-serve-static-core-4.19.9.tgz 2352ms (cache miss)
3397 http fetch GET 200 https://registry.npmjs.org/minimist/-/minimist-1.2.8.tgz 2404ms (cache miss)
3398 http fetch GET 200 https://registry.npmjs.org/@jridgewell/sourcemap-codec/-/sourcemap-codec-1.5.5.tgz 2454ms (cache miss)
3399 http fetch GET 200 https://registry.npmjs.org/json5/-/json5-2.2.3.tgz 2396ms (cache miss)
3400 http fetch GET 200 https://registry.npmjs.org/memfs/-/memfs-3.5.3.tgz 2549ms (cache miss)
3401 http fetch GET 200 https://registry.npmjs.org/supports-color/-/supports-color-8.1.1.tgz 2378ms (cache miss)
3402 http fetch GET 200 https://registry.npmjs.org/sorcery/-/sorcery-0.10.0.tgz 2444ms (cache miss)
3403 http fetch GET 200 https://registry.npmjs.org/svelte-routing/-/svelte-routing-1.11.0.tgz 2415ms (cache miss)
3404 http fetch GET 200 https://registry.npmjs.org/safe-buffer/-/safe-buffer-5.2.1.tgz 2407ms (cache miss)
3405 http fetch GET 200 https://registry.npmjs.org/@types/send/-/send-0.17.6.tgz 2411ms (cache miss)
3406 http fetch GET 200 https://registry.npmjs.org/debug/-/debug-4.4.3.tgz 2423ms (cache miss)
3407 http fetch GET 200 https://registry.npmjs.org/es6-promise/-/es6-promise-3.3.1.tgz 2526ms (cache miss)
3408 http fetch GET 200 https://registry.npmjs.org/json-schema-traverse/-/json-schema-traverse-1.0.0.tgz 2473ms (cache miss)
3409 http fetch GET 200 https://registry.npmjs.org/estraverse/-/estraverse-5.3.0.tgz 2514ms (cache miss)
3410 http fetch GET 200 https://registry.npmjs.org/http-proxy-middleware/-/http-proxy-middleware-2.0.10.tgz 2646ms (cache miss)
3411 http fetch GET 200 https://registry.npmjs.org/json-schema-traverse/-/json-schema-traverse-1.0.0.tgz 2525ms (cache miss)
3412 http fetch GET 200 https://registry.npmjs.org/jest-worker/-/jest-worker-27.5.1.tgz 2659ms (cache miss)
3413 http fetch GET 200 https://registry.npmjs.org/@jridgewell/gen-mapping/-/gen-mapping-0.3.13.tgz 2714ms (cache miss)
3414 http fetch GET 200 https://registry.npmjs.org/events/-/events-3.3.0.tgz 2693ms (cache miss)
3415 http fetch GET 200 https://registry.npmjs.org/html-entities/-/html-entities-2.6.0.tgz 2744ms (cache miss)
3416 http fetch GET 200 https://registry.npmjs.org/json-schema-traverse/-/json-schema-traverse-1.0.0.tgz 2664ms (cache miss)
3417 http fetch GET 200 https://registry.npmjs.org/sander/-/sander-0.5.1.tgz 2750ms (cache miss)
3418 http fetch GET 200 https://registry.npmjs.org/@types/bootstrap/-/bootstrap-5.2.11.tgz 2719ms (cache miss)
3419 http fetch GET 200 https://registry.npmjs.org/spdy-transport/-/spdy-transport-3.0.0.tgz 2986ms (cache miss)
3420 http fetch GET 200 https://registry.npmjs.org/chart.js/-/chart.js-2.9.4.tgz 2853ms (cache miss)
3421 http fetch GET 200 https://registry.npmjs.org/ee-first/-/ee-first-1.1.1.tgz 3044ms (cache miss)
3422 http fetch GET 200 https://registry.npmjs.org/media-typer/-/media-typer-0.3.0.tgz 3072ms (cache miss)
3423 http fetch GET 200 https://registry.npmjs.org/fresh/-/fresh-0.5.2.tgz 3053ms (cache miss)
3424 http fetch GET 200 https://registry.npmjs.org/utils-merge/-/utils-merge-1.0.1.tgz 3060ms (cache miss)
3425 http fetch GET 200 https://registry.npmjs.org/unpipe/-/unpipe-1.0.0.tgz 3067ms (cache miss)
3426 http fetch GET 200 https://registry.npmjs.org/escape-html/-/escape-html-1.0.3.tgz 3062ms (cache miss)
3427 http fetch GET 200 https://registry.npmjs.org/etag/-/etag-1.8.1.tgz 3061ms (cache miss)
3428 http fetch GET 200 https://registry.npmjs.org/methods/-/methods-1.1.2.tgz 3068ms (cache miss)
3429 http fetch GET 200 https://registry.npmjs.org/ms/-/ms-2.0.0.tgz 3057ms (cache miss)
3430 http fetch GET 200 https://registry.npmjs.org/vary/-/vary-1.1.2.tgz 3059ms (cache miss)
3431 http fetch GET 200 https://registry.npmjs.org/array-flatten/-/array-flatten-1.1.1.tgz 3064ms (cache miss)
3432 http fetch GET 200 https://registry.npmjs.org/buffer-crc32/-/buffer-crc32-0.2.13.tgz 2981ms (cache miss)
3433 http fetch GET 200 https://registry.npmjs.org/axios 2721ms (cache revalidated)
3434 silly packumentCache corgi:https://registry.npmjs.org/axios set size:299759 disposed:false
3435 http fetch GET 200 https://registry.npmjs.org/util-deprecate/-/util-deprecate-1.0.2.tgz 2978ms (cache miss)
3436 http fetch GET 200 https://registry.npmjs.org/is-extglob/-/is-extglob-2.1.1.tgz 2995ms (cache miss)
3437 http fetch GET 200 https://registry.npmjs.org/isarray/-/isarray-1.0.0.tgz 3010ms (cache miss)
3438 http fetch GET 200 https://registry.npmjs.org/ajv-keywords/-/ajv-keywords-3.5.2.tgz 2998ms (cache miss)
3439 http fetch GET 200 https://registry.npmjs.org/concat-map/-/concat-map-0.0.1.tgz 2995ms (cache miss)
3440 http fetch GET 200 https://registry.npmjs.org/wrappy/-/wrappy-1.0.2.tgz 2992ms (cache miss)
3441 http fetch GET 200 https://registry.npmjs.org/path-is-absolute/-/path-is-absolute-1.0.1.tgz 2997ms (cache miss)
3442 http fetch GET 200 https://registry.npmjs.org/once/-/once-1.4.0.tgz 3010ms (cache miss)
3443 http fetch GET 200 https://registry.npmjs.org/color-name/-/color-name-1.1.3.tgz 2974ms (cache miss)
3444 http fetch GET 200 https://registry.npmjs.org/inflight/-/inflight-1.0.6.tgz 3013ms (cache miss)
3445 http fetch GET 200 https://registry.npmjs.org/uuid 2773ms (cache revalidated)
3446 silly packumentCache corgi:https://registry.npmjs.org/uuid set size:84321 disposed:false
3447 http fetch GET 200 https://registry.npmjs.org/fs.realpath/-/fs.realpath-1.0.0.tgz 3015ms (cache miss)
3448 http fetch GET 200 https://registry.npmjs.org/statuses/-/statuses-1.5.0.tgz 2985ms (cache miss)
3449 warn deprecated inflight@1.0.6: This module is not supported, and leaks memory. Do not use it. Check out lru-cache if you want a good and tested way to coalesce async requests by a key value, which is much more comprehensive and powerful.
3450 http fetch GET 200 https://registry.npmjs.org/readable-stream/-/readable-stream-3.6.2.tgz 3073ms (cache miss)
3451 http fetch GET 200 https://registry.npmjs.org/@webassemblyjs/ast/-/ast-1.14.1.tgz 3146ms (cache miss)
3452 http fetch GET 200 https://registry.npmjs.org/depd/-/depd-1.1.2.tgz 3105ms (cache miss)
3453 http fetch GET 200 https://registry.npmjs.org/webpack-dev-server 2899ms (cache miss)
3454 silly packumentCache corgi:https://registry.npmjs.org/webpack-dev-server set size:undefined disposed:false
3455 http fetch GET 200 https://registry.npmjs.org/webpack-bundle-analyzer/-/webpack-bundle-analyzer-4.10.2.tgz 3171ms (cache miss)
3456 http fetch GET 200 https://registry.npmjs.org/schema-utils/-/schema-utils-4.3.3.tgz 3155ms (cache miss)
3457 http fetch GET 200 https://registry.npmjs.org/enhanced-resolve/-/enhanced-resolve-4.5.0.tgz 3243ms (cache miss)
3458 http fetch GET 200 https://registry.npmjs.org/ws/-/ws-8.21.3.tgz 3178ms (cache miss)
3459 http fetch GET 200 https://registry.npmjs.org/schema-utils/-/schema-utils-4.3.3.tgz 3216ms (cache miss)
3460 http fetch GET 200 https://registry.npmjs.org/tapable/-/tapable-2.3.3.tgz 3214ms (cache miss)
3461 http fetch GET 200 https://registry.npmjs.org/postcss-selector-parser/-/postcss-selector-parser-7.1.5.tgz 3272ms (cache miss)
3462 http fetch GET 200 https://registry.npmjs.org/source-map/-/source-map-0.6.1.tgz 3255ms (cache miss)
3463 http fetch GET 200 https://registry.npmjs.org/@jridgewell/trace-mapping/-/trace-mapping-0.3.31.tgz 3359ms (cache miss)
3464 http fetch GET 200 https://registry.npmjs.org/svelte-check/-/svelte-check-1.6.0.tgz 3288ms (cache miss)
3465 http fetch GET 200 https://registry.npmjs.org/schema-utils/-/schema-utils-4.3.3.tgz 3264ms (cache miss)
3466 http fetch GET 200 https://registry.npmjs.org/source-map/-/source-map-0.6.1.tgz 3293ms (cache miss)
3467 http fetch GET 200 https://registry.npmjs.org/bonjour-service/-/bonjour-service-1.4.4.tgz 3423ms (cache miss)
3468 http fetch GET 200 https://registry.npmjs.org/semver/-/semver-7.8.5.tgz 3339ms (cache miss)
3469 http fetch GET 200 https://registry.npmjs.org/schema-utils/-/schema-utils-4.3.3.tgz 3294ms (cache miss)
3470 http fetch GET 200 https://registry.npmjs.org/webpack-dev-server/-/webpack-dev-server-4.15.2.tgz 3341ms (cache miss)
3471 http fetch GET 200 https://registry.npmjs.org/ts-loader/-/ts-loader-8.4.0.tgz 3345ms (cache miss)
3472 http fetch GET 200 https://registry.npmjs.org/svelte 3131ms (cache miss)
3473 silly packumentCache corgi:https://registry.npmjs.org/svelte set size:undefined disposed:false
3474 http fetch GET 200 https://registry.npmjs.org/postcss/-/postcss-8.5.26.tgz 3574ms (cache miss)
3475 silly packumentCache corgi:https://registry.npmjs.org/svelte-check cache-miss
3476 silly packumentCache corgi:https://registry.npmjs.org/svelte-feather-icons cache-miss
3477 silly packumentCache corgi:https://registry.npmjs.org/svelte-loader cache-miss
3478 silly packumentCache corgi:https://registry.npmjs.org/svelte-preprocess cache-miss
3479 silly packumentCache corgi:https://registry.npmjs.org/svelte-hmr cache-miss
3480 http fetch GET 200 https://registry.npmjs.org/webpack-sources/-/webpack-sources-3.5.1.tgz 3588ms (cache miss)
3481 http fetch GET 200 https://registry.npmjs.org/webpack-sources/-/webpack-sources-3.5.1.tgz 3589ms (cache miss)
3482 warn deprecated uuid@8.3.2: uuid@10 and below is no longer supported.  For ESM codebases, update to uuid@latest.  For CommonJS codebases, use uuid@11 (but be aware this version will likely be deprecated in 2028).
3483 http fetch GET 200 https://registry.npmjs.org/terser/-/terser-5.50.0.tgz 3759ms (cache miss)
3484 http fetch GET 200 https://registry.npmjs.org/node-forge/-/node-forge-1.4.0.tgz 3830ms (cache miss)
3485 http fetch GET 200 https://registry.npmjs.org/postcss-selector-parser/-/postcss-selector-parser-6.1.4.tgz 3665ms (cache miss)
3486 http fetch GET 200 https://registry.npmjs.org/uri-js/-/uri-js-4.4.1.tgz 3735ms (cache miss)
3487 http fetch GET 200 https://registry.npmjs.org/svelte-preprocess 154ms (cache miss)
3488 silly packumentCache corgi:https://registry.npmjs.org/svelte-preprocess set size:undefined disposed:false
3489 http fetch GET 200 https://registry.npmjs.org/svelte-loader 265ms (cache miss)
3490 silly packumentCache corgi:https://registry.npmjs.org/svelte-loader set size:undefined disposed:false
3491 http fetch GET 200 https://registry.npmjs.org/svelte-feather-icons 341ms (cache miss)
3492 silly packumentCache corgi:https://registry.npmjs.org/svelte-feather-icons set size:undefined disposed:false
3493 http fetch GET 200 https://registry.npmjs.org/svelte-hmr 345ms (cache miss)
3494 silly packumentCache corgi:https://registry.npmjs.org/svelte-hmr set size:undefined disposed:false
3495 http fetch GET 200 https://registry.npmjs.org/svelte-check 386ms (cache miss)
3496 silly packumentCache corgi:https://registry.npmjs.org/svelte-check set size:undefined disposed:false
3497 http fetch GET 200 https://registry.npmjs.org/neo-async/-/neo-async-2.6.2.tgz 4088ms (cache miss)
3498 http fetch GET 200 https://registry.npmjs.org/svelte-preprocess/-/svelte-preprocess-4.10.7.tgz 4037ms (cache miss)
3499 silly packumentCache corgi:https://registry.npmjs.org/sockjs cache-miss
3500 http fetch GET 200 https://registry.npmjs.org/enhanced-resolve/-/enhanced-resolve-5.24.5.tgz 4064ms (cache miss)
3501 http fetch GET 200 https://registry.npmjs.org/sockjs 79ms (cache miss)
3502 silly packumentCache corgi:https://registry.npmjs.org/sockjs set size:undefined disposed:false
3503 http fetch GET 200 https://registry.npmjs.org/@types/node/-/node-14.18.63.tgz 4140ms (cache miss)
3504 http fetch GET 200 https://registry.npmjs.org/serve-index/-/serve-index-1.9.2.tgz 4373ms (cache miss)
3505 http fetch GET 200 https://registry.npmjs.org/ajv/-/ajv-6.15.0.tgz 4330ms (cache miss)
3506 http fetch GET 200 https://registry.npmjs.org/resolve/-/resolve-1.22.12.tgz 4429ms (cache miss)
3507 http fetch GET 200 https://registry.npmjs.org/ajv-keywords/-/ajv-keywords-5.1.0.tgz 5056ms (cache miss)
3508 http fetch GET 200 https://registry.npmjs.org/ajv-keywords/-/ajv-keywords-5.1.0.tgz 5068ms (cache miss)
3509 http fetch GET 200 https://registry.npmjs.org/ajv-keywords/-/ajv-keywords-5.1.0.tgz 5071ms (cache miss)
3510 http fetch GET 200 https://registry.npmjs.org/ajv-keywords/-/ajv-keywords-5.1.0.tgz 5075ms (cache miss)
3511 http fetch GET 200 https://registry.npmjs.org/svelte-feather-icons/-/svelte-feather-icons-3.6.0.tgz 5851ms (cache miss)
3512 http fetch GET 200 https://registry.npmjs.org/@popperjs/core/-/core-2.11.8.tgz 5859ms (cache miss)
3513 http fetch GET 200 https://registry.npmjs.org/bootstrap/-/bootstrap-5.3.8.tgz 5885ms (cache miss)
3514 http fetch GET 200 https://registry.npmjs.org/dayjs/-/dayjs-1.11.23.tgz 6380ms (cache miss)
3515 http fetch GET 200 https://registry.npmjs.org/svelte/-/svelte-3.59.2.tgz 6492ms (cache miss)
3516 http fetch GET 200 https://registry.npmjs.org/@types/lodash/-/lodash-4.17.25.tgz 6600ms (cache miss)
3517 http fetch GET 200 https://registry.npmjs.org/ajv/-/ajv-8.20.0.tgz 6910ms (cache miss)
3518 http fetch GET 200 https://registry.npmjs.org/ajv/-/ajv-8.20.0.tgz 6935ms (cache miss)
3519 http fetch GET 200 https://registry.npmjs.org/moment/-/moment-2.30.1.tgz 6962ms (cache miss)
3520 http fetch GET 200 https://registry.npmjs.org/ajv/-/ajv-8.20.0.tgz 6939ms (cache miss)
3521 http fetch GET 200 https://registry.npmjs.org/ajv/-/ajv-8.20.0.tgz 6937ms (cache miss)
3522 http fetch GET 200 https://registry.npmjs.org/ajv/-/ajv-8.20.0.tgz 6941ms (cache miss)
3523 http fetch GET 200 https://registry.npmjs.org/typescript/-/typescript-4.9.5.tgz 6990ms (cache miss)
3524 http fetch GET 200 https://registry.npmjs.org/lodash/-/lodash-4.18.1.tgz 7091ms (cache miss)
3525 http fetch GET 200 https://registry.npmjs.org/caniuse-lite/-/caniuse-lite-1.0.30001809.tgz 7425ms (cache miss)
3526 http fetch GET 200 https://registry.npmjs.org/webpack/-/webpack-5.109.2.tgz 7379ms (cache miss)
3527 info run svelte-preprocess@4.10.7 postinstall node_modules/svelte-preprocess echo "[svelte-preprocess] Don't forget to install the preprocessors packages that will be used: node-sass/sass, stylus, less, postcss & postcss-load-config, coffeescript, pug, etc..."
3528 info run svelte-preprocess@4.10.7 postinstall { code: 0, signal: null }
3529 silly ADD node_modules/require-from-string
3530 silly ADD node_modules/fast-uri
3531 silly ADD node_modules/ajv-formats
3532 silly ADD node_modules/ajv-formats/node_modules/json-schema-traverse
3533 silly ADD node_modules/ajv-formats/node_modules/ajv
3534 silly ADD node_modules/@types/mime
3535 silly ADD node_modules/isexe
3536 silly ADD node_modules/websocket-extensions
3537 silly ADD node_modules/http-parser-js
3538 silly ADD node_modules/source-list-map
3539 silly ADD node_modules/isobject
3540 silly ADD node_modules/shallow-clone
3541 silly ADD node_modules/kind-of
3542 silly ADD node_modules/is-plain-object
3543 silly ADD node_modules/wildcard
3544 silly ADD node_modules/flat
3545 silly ADD node_modules/clone-deep
3546 silly ADD node_modules/fs-monkey
3547 silly ADD node_modules/memfs
3548 silly ADD node_modules/minimalistic-assert
3549 silly ADD node_modules/media-typer
3550 silly ADD node_modules/wbuf
3551 silly ADD node_modules/obuf
3552 silly ADD node_modules/hpack.js
3553 silly ADD node_modules/detect-node
3554 silly ADD node_modules/spdy-transport
3555 silly ADD node_modules/spdy-transport/node_modules/ms
3556 silly ADD node_modules/spdy-transport/node_modules/readable-stream
3557 silly ADD node_modules/spdy-transport/node_modules/debug
3558 silly ADD node_modules/select-hose
3559 silly ADD node_modules/http-deceiver
3560 silly ADD node_modules/handle-thing
3561 silly ADD node_modules/websocket-driver
3562 silly ADD node_modules/uuid
3563 silly ADD node_modules/faye-websocket
3564 silly ADD node_modules/dunder-proto
3565 silly ADD node_modules/math-intrinsics
3566 silly ADD node_modules/has-symbols
3567 silly ADD node_modules/gopd
3568 silly ADD node_modules/get-proto
3569 silly ADD node_modules/es-object-atoms
3570 silly ADD node_modules/call-bind-apply-helpers
3571 silly ADD node_modules/get-intrinsic
3572 silly ADD node_modules/call-bound
3573 silly ADD node_modules/side-channel-weakmap
3574 silly ADD node_modules/side-channel-map
3575 silly ADD node_modules/side-channel-list
3576 silly ADD node_modules/object-inspect
3577 silly ADD node_modules/batch
3578 silly ADD node_modules/mime
3579 silly ADD node_modules/node-forge
3580 silly ADD node_modules/@types/node-forge
3581 silly ADD node_modules/side-channel
3582 silly ADD node_modules/es-define-property
3583 silly ADD node_modules/forwarded
3584 silly ADD node_modules/retry
3585 silly ADD node_modules/@types/retry
3586 silly ADD node_modules/is-wsl
3587 silly ADD node_modules/is-docker
3588 silly ADD node_modules/define-lazy-prop
3589 silly ADD node_modules/mimic-fn
3590 silly ADD node_modules/ee-first
3591 silly ADD node_modules/@leichtgewicht/ip-codec
3592 silly ADD node_modules/thunky
3593 silly ADD node_modules/dns-packet
3594 silly ADD node_modules/shell-quote
3595 silly ADD node_modules/safer-buffer
3596 silly ADD node_modules/requires-port
3597 silly ADD node_modules/eventemitter3
3598 silly ADD node_modules/is-plain-obj
3599 silly ADD node_modules/http-proxy
3600 silly ADD node_modules/@types/http-proxy
3601 silly ADD node_modules/toidentifier
3602 silly ADD node_modules/unpipe
3603 silly ADD node_modules/raw-body
3604 silly ADD node_modules/iconv-lite
3605 silly ADD node_modules/destroy
3606 silly ADD node_modules/mime-types
3607 silly ADD node_modules/mime-types/node_modules/mime-db
3608 silly ADD node_modules/utils-merge
3609 silly ADD node_modules/type-is
3610 silly ADD node_modules/statuses
3611 silly ADD node_modules/setprototypeof
3612 silly ADD node_modules/serve-static
3613 silly ADD node_modules/send
3614 silly ADD node_modules/send/node_modules/ms
3615 silly ADD node_modules/range-parser
3616 silly ADD node_modules/qs
3617 silly ADD node_modules/proxy-addr
3618 silly ADD node_modules/proxy-addr/node_modules/ipaddr.js
3619 silly ADD node_modules/path-to-regexp
3620 silly ADD node_modules/parseurl
3621 silly ADD node_modules/on-finished
3622 silly ADD node_modules/methods
3623 silly ADD node_modules/merge-descriptors
3624 silly ADD node_modules/http-errors
3625 silly ADD node_modules/fresh
3626 silly ADD node_modules/finalhandler
3627 silly ADD node_modules/etag
3628 silly ADD node_modules/escape-html
3629 silly ADD node_modules/encodeurl
3630 silly ADD node_modules/depd
3631 silly ADD node_modules/cookie-signature
3632 silly ADD node_modules/cookie
3633 silly ADD node_modules/content-type
3634 silly ADD node_modules/content-disposition
3635 silly ADD node_modules/content-disposition/node_modules/safe-buffer
3636 silly ADD node_modules/body-parser
3637 silly ADD node_modules/array-flatten
3638 silly ADD node_modules/accepts
3639 silly ADD node_modules/accepts/node_modules/negotiator
3640 silly ADD node_modules/strip-final-newline
3641 silly ADD node_modules/signal-exit
3642 silly ADD node_modules/onetime
3643 silly ADD node_modules/npm-run-path
3644 silly ADD node_modules/is-stream
3645 silly ADD node_modules/human-signals
3646 silly ADD node_modules/get-stream
3647 silly ADD node_modules/execa
3648 silly ADD node_modules/ms
3649 silly ADD node_modules/vary
3650 silly ADD node_modules/on-headers
3651 silly ADD node_modules/negotiator
3652 silly ADD node_modules/debug
3653 silly ADD node_modules/compressible
3654 silly ADD node_modules/bytes
3655 silly ADD node_modules/multicast-dns
3656 silly ADD node_modules/@types/http-errors
3657 silly ADD node_modules/@types/send
3658 silly ADD node_modules/@types/range-parser
3659 silly ADD node_modules/@types/connect
3660 silly ADD node_modules/@types/qs
3661 silly ADD node_modules/@types/body-parser
3662 silly ADD node_modules/@types/express-serve-static-core
3663 silly ADD node_modules/webpack-dev-middleware
3664 silly ADD node_modules/webpack-dev-middleware/node_modules/json-schema-traverse
3665 silly ADD node_modules/webpack-dev-middleware/node_modules/ajv-keywords
3666 silly ADD node_modules/webpack-dev-middleware/node_modules/ajv
3667 silly ADD node_modules/webpack-dev-middleware/node_modules/schema-utils
3668 silly ADD node_modules/spdy
3669 silly ADD node_modules/spdy/node_modules/ms
3670 silly ADD node_modules/spdy/node_modules/debug
3671 silly ADD node_modules/sockjs
3672 silly ADD node_modules/serve-index
3673 silly ADD node_modules/serve-index/node_modules/statuses
3674 silly ADD node_modules/serve-index/node_modules/depd
3675 silly ADD node_modules/serve-index/node_modules/http-errors
3676 silly ADD node_modules/selfsigned
3677 silly ADD node_modules/p-retry
3678 silly ADD node_modules/open
3679 silly ADD node_modules/launch-editor
3680 silly ADD node_modules/ipaddr.js
3681 silly ADD node_modules/http-proxy-middleware
3682 silly ADD node_modules/html-entities
3683 silly ADD node_modules/express
3684 silly ADD node_modules/express/node_modules/safe-buffer
3685 silly ADD node_modules/default-gateway
3686 silly ADD node_modules/connect-history-api-fallback
3687 silly ADD node_modules/compression
3688 silly ADD node_modules/compression/node_modules/safe-buffer
3689 silly ADD node_modules/bonjour-service
3690 silly ADD node_modules/ansi-html-community
3691 silly ADD node_modules/@types/ws
3692 silly ADD node_modules/@types/sockjs
3693 silly ADD node_modules/@types/serve-static
3694 silly ADD node_modules/@types/serve-static/node_modules/@types/send
3695 silly ADD node_modules/@types/serve-index
3696 silly ADD node_modules/@types/express
3697 silly ADD node_modules/@types/express/node_modules/@types/express-serve-static-core
3698 silly ADD node_modules/@types/connect-history-api-fallback
3699 silly ADD node_modules/@types/bonjour
3700 silly ADD node_modules/function-bind
3701 silly ADD node_modules/hasown
3702 silly ADD node_modules/supports-preserve-symlinks-flag
3703 silly ADD node_modules/path-parse
3704 silly ADD node_modules/is-core-module
3705 silly ADD node_modules/es-errors
3706 silly ADD node_modules/resolve
3707 silly ADD node_modules/p-try
3708 silly ADD node_modules/p-limit
3709 silly ADD node_modules/p-locate
3710 silly ADD node_modules/path-exists
3711 silly ADD node_modules/locate-path
3712 silly ADD node_modules/find-up
3713 silly ADD node_modules/resolve-cwd
3714 silly ADD node_modules/resolve-cwd/node_modules/resolve-from
3715 silly ADD node_modules/pkg-dir
3716 silly ADD node_modules/envinfo
3717 silly ADD node_modules/webpack-merge
3718 silly ADD node_modules/rechoir
3719 silly ADD node_modules/interpret
3720 silly ADD node_modules/import-local
3721 silly ADD node_modules/fastest-levenshtein
3722 silly ADD node_modules/colorette
3723 silly ADD node_modules/@webpack-cli/serve
3724 silly ADD node_modules/@webpack-cli/info
3725 silly ADD node_modules/@webpack-cli/configtest
3726 silly ADD node_modules/totalist
3727 silly ADD node_modules/mrmime
3728 silly ADD node_modules/@polka/url
3729 silly ADD node_modules/duplexer
3730 silly ADD node_modules/ws
3731 silly ADD node_modules/sirv
3732 silly ADD node_modules/opener
3733 silly ADD node_modules/html-escaper
3734 silly ADD node_modules/gzip-size
3735 silly ADD node_modules/escape-string-regexp
3736 silly ADD node_modules/debounce
3737 silly ADD node_modules/acorn-walk
3738 silly ADD node_modules/@discoveryjs/json-ext
3739 silly ADD node_modules/escalade
3740 silly ADD node_modules/buffer-from
3741 silly ADD node_modules/@jridgewell/gen-mapping
3742 silly ADD node_modules/source-map-support
3743 silly ADD node_modules/source-map-support/node_modules/source-map
3744 silly ADD node_modules/@jridgewell/source-map
3745 silly ADD node_modules/merge-stream
3746 silly ADD node_modules/@jridgewell/sourcemap-codec
3747 silly ADD node_modules/@jridgewell/resolve-uri
3748 silly ADD node_modules/terser
3749 silly ADD node_modules/terser/node_modules/commander
3750 silly ADD node_modules/jest-worker
3751 silly ADD node_modules/jest-worker/node_modules/supports-color
3752 silly ADD node_modules/@jridgewell/trace-mapping
3753 silly ADD node_modules/estraverse
3754 silly ADD node_modules/esrecurse
3755 silly ADD node_modules/esrecurse/node_modules/estraverse
3756 silly ADD node_modules/update-browserslist-db
3757 silly ADD node_modules/node-releases
3758 silly ADD node_modules/electron-to-chromium
3759 silly ADD node_modules/caniuse-lite
3760 silly ADD node_modules/baseline-browser-mapping
3761 silly ADD node_modules/@xtuc/ieee754
3762 silly ADD node_modules/@webassemblyjs/utf8
3763 silly ADD node_modules/@webassemblyjs/leb128
3764 silly ADD node_modules/@webassemblyjs/ieee754
3765 silly ADD node_modules/@webassemblyjs/wast-printer
3766 silly ADD node_modules/@webassemblyjs/wasm-opt
3767 silly ADD node_modules/@webassemblyjs/wasm-gen
3768 silly ADD node_modules/@webassemblyjs/helper-wasm-section
3769 silly ADD node_modules/@webassemblyjs/helper-buffer
3770 silly ADD node_modules/@xtuc/long
3771 silly ADD node_modules/@webassemblyjs/helper-api-error
3772 silly ADD node_modules/@webassemblyjs/floating-point-hex-parser
3773 silly ADD node_modules/@webassemblyjs/helper-wasm-bytecode
3774 silly ADD node_modules/@webassemblyjs/helper-numbers
3775 silly ADD node_modules/watchpack
3776 silly ADD node_modules/neo-async
3777 silly ADD node_modules/minimizer-webpack-plugin
3778 silly ADD node_modules/minimizer-webpack-plugin/node_modules/json-schema-traverse
3779 silly ADD node_modules/minimizer-webpack-plugin/node_modules/ajv-keywords
3780 silly ADD node_modules/minimizer-webpack-plugin/node_modules/ajv
3781 silly ADD node_modules/minimizer-webpack-plugin/node_modules/schema-utils
3782 silly ADD node_modules/mime-db
3783 silly ADD node_modules/events
3784 silly ADD node_modules/eslint-scope
3785 silly ADD node_modules/es-module-lexer
3786 silly ADD node_modules/chrome-trace-event
3787 silly ADD node_modules/browserslist
3788 silly ADD node_modules/acorn
3789 silly ADD node_modules/@webassemblyjs/wasm-parser
3790 silly ADD node_modules/@webassemblyjs/wasm-edit
3791 silly ADD node_modules/@webassemblyjs/ast
3792 silly ADD node_modules/@types/estree
3793 silly ADD node_modules/punycode
3794 silly ADD node_modules/string_decoder
3795 silly ADD node_modules/safe-buffer
3796 silly ADD node_modules/process-nextick-args
3797 silly ADD node_modules/isarray
3798 silly ADD node_modules/core-util-is
3799 silly ADD node_modules/prr
3800 silly ADD node_modules/readable-stream
3801 silly ADD node_modules/errno
3802 silly ADD node_modules/tapable
3803 silly ADD node_modules/memory-fs
3804 silly ADD node_modules/micromatch
3805 silly ADD node_modules/enhanced-resolve
3806 silly ADD node_modules/is-number
3807 silly ADD node_modules/min-indent
3808 silly ADD node_modules/rimraf
3809 silly ADD node_modules/mkdirp
3810 silly ADD node_modules/graceful-fs
3811 silly ADD node_modules/es6-promise
3812 silly ADD node_modules/sander
3813 silly ADD node_modules/buffer-crc32
3814 silly ADD node_modules/sourcemap-codec
3815 silly ADD node_modules/strip-indent
3816 silly ADD node_modules/sorcery
3817 silly ADD node_modules/magic-string
3818 silly ADD node_modules/detect-indent
3819 silly ADD node_modules/@types/sass
3820 silly ADD node_modules/@types/pug
3821 silly ADD node_modules/svelte-hmr
3822 silly ADD node_modules/svelte-dev-helper
3823 silly ADD node_modules/has-flag
3824 silly ADD node_modules/mri
3825 silly ADD node_modules/callsites
3826 silly ADD node_modules/is-extglob
3827 silly ADD node_modules/binary-extensions
3828 silly ADD node_modules/resolve-from
3829 silly ADD node_modules/parent-module
3830 silly ADD node_modules/to-regex-range
3831 silly ADD node_modules/fill-range
3832 silly ADD node_modules/picomatch
3833 silly ADD node_modules/readdirp
3834 silly ADD node_modules/normalize-path
3835 silly ADD node_modules/is-glob
3836 silly ADD node_modules/is-binary-path
3837 silly ADD node_modules/glob-parent
3838 silly ADD node_modules/braces
3839 silly ADD node_modules/anymatch
3840 silly ADD node_modules/supports-color
3841 silly ADD node_modules/ansi-styles
3842 silly ADD node_modules/ansi-styles/node_modules/color-convert
3843 silly ADD node_modules/source-map
3844 silly ADD node_modules/sade
3845 silly ADD node_modules/minimist
3846 silly ADD node_modules/import-fresh
3847 silly ADD node_modules/chokidar
3848 silly ADD node_modules/chalk
3849 silly ADD node_modules/shebang-regex
3850 silly ADD node_modules/uri-js
3851 silly ADD node_modules/json-schema-traverse
3852 silly ADD node_modules/fast-json-stable-stringify
3853 silly ADD node_modules/fast-deep-equal
3854 silly ADD node_modules/ajv-keywords
3855 silly ADD node_modules/ajv
3856 silly ADD node_modules/@types/json-schema
3857 silly ADD node_modules/commander
3858 silly ADD node_modules/purgecss
3859 silly ADD node_modules/purgecss/node_modules/postcss-selector-parser
3860 silly ADD node_modules/util-deprecate
3861 silly ADD node_modules/cssesc
3862 silly ADD node_modules/postcss-selector-parser
3863 silly ADD node_modules/source-map-js
3864 silly ADD node_modules/picocolors
3865 silly ADD node_modules/nanoid
3866 silly ADD node_modules/concat-map
3867 silly ADD node_modules/balanced-match
3868 silly ADD node_modules/brace-expansion
3869 silly ADD node_modules/webpack-sources
3870 silly ADD node_modules/webpack-sources/node_modules/source-map
3871 silly ADD node_modules/json5
3872 silly ADD node_modules/emojis-list
3873 silly ADD node_modules/big.js
3874 silly ADD node_modules/wrappy
3875 silly ADD node_modules/path-is-absolute
3876 silly ADD node_modules/once
3877 silly ADD node_modules/minimatch
3878 silly ADD node_modules/inherits
3879 silly ADD node_modules/inflight
3880 silly ADD node_modules/fs.realpath
3881 silly ADD node_modules/semver
3882 silly ADD node_modules/schema-utils
3883 silly ADD node_modules/postcss-value-parser
3884 silly ADD node_modules/postcss-modules-values
3885 silly ADD node_modules/postcss-modules-scope
3886 silly ADD node_modules/postcss-modules-local-by-default
3887 silly ADD node_modules/postcss-modules-extract-imports
3888 silly ADD node_modules/loader-utils
3889 silly ADD node_modules/postcss
3890 silly ADD node_modules/icss-utils
3891 silly ADD node_modules/which
3892 silly ADD node_modules/shebang-command
3893 silly ADD node_modules/path-key
3894 silly ADD node_modules/cross-spawn
3895 silly ADD node_modules/color-name
3896 silly ADD node_modules/color-convert
3897 silly ADD node_modules/color-convert/node_modules/color-name
3898 silly ADD node_modules/chartjs-color-string
3899 silly ADD node_modules/chartjs-color
3900 silly ADD node_modules/follow-redirects
3901 silly ADD node_modules/moment
3902 silly ADD node_modules/webpack-dev-server
3903 silly ADD node_modules/webpack-dev-server/node_modules/json-schema-traverse
3904 silly ADD node_modules/webpack-dev-server/node_modules/ajv-keywords
3905 silly ADD node_modules/webpack-dev-server/node_modules/ajv
3906 silly ADD node_modules/webpack-dev-server/node_modules/ws
3907 silly ADD node_modules/webpack-dev-server/node_modules/schema-utils
3908 silly ADD node_modules/webpack-dev-server/node_modules/rimraf
3909 silly ADD node_modules/webpack-cli
3910 silly ADD node_modules/webpack-cli/node_modules/commander
3911 silly ADD node_modules/webpack-bundle-analyzer
3912 silly ADD node_modules/webpack-bundle-analyzer/node_modules/commander
3913 silly ADD node_modules/tslib
3914 silly ADD node_modules/typescript
3915 silly ADD node_modules/ts-loader
3916 silly ADD node_modules/svelte-routing
3917 silly ADD node_modules/svelte-preprocess
3918 silly ADD node_modules/svelte-loader
3919 silly ADD node_modules/svelte-feather-icons
3920 silly ADD node_modules/svelte-check
3921 silly ADD node_modules/svelte
3922 silly ADD node_modules/purgecss-webpack-plugin
3923 silly ADD node_modules/purgecss-webpack-plugin/node_modules/webpack-sources
3924 silly ADD node_modules/mini-css-extract-plugin
3925 silly ADD node_modules/lodash
3926 silly ADD node_modules/glob
3927 silly ADD node_modules/dayjs
3928 silly ADD node_modules/webpack
3929 silly ADD node_modules/webpack/node_modules/json-schema-traverse
3930 silly ADD node_modules/webpack/node_modules/ajv-keywords
3931 silly ADD node_modules/webpack/node_modules/ajv
3932 silly ADD node_modules/webpack/node_modules/webpack-sources
3933 silly ADD node_modules/webpack/node_modules/tapable
3934 silly ADD node_modules/webpack/node_modules/schema-utils
3935 silly ADD node_modules/webpack/node_modules/enhanced-resolve
3936 silly ADD node_modules/css-loader
3937 silly ADD node_modules/cross-env
3938 silly ADD node_modules/chart.js
3939 silly ADD node_modules/@popperjs/core
3940 silly ADD node_modules/bootstrap
3941 silly ADD node_modules/axios
3942 silly ADD node_modules/@types/node
3943 silly ADD node_modules/@types/lodash
3944 silly ADD node_modules/@types/chart.js
3945 silly ADD node_modules/@types/bootstrap
3946 silly ADD node_modules/@tsconfig/svelte
3947 verbose cwd C:\Users\joshc\Downloads\economy-simulator\services\admin
3948 verbose os Windows_NT 10.0.26200
3949 verbose node v24.14.0
3950 verbose npm  v11.9.0
3951 verbose exit 0
3952 info ok
