0 verbose cli C:\Program Files\nodejs\node.exe C:\Program Files\nodejs\node_modules\npm\bin\npm-cli.js
1 info using npm@11.9.0
2 info using node@v24.14.0
3 silly config load:file:C:\Program Files\nodejs\node_modules\npm\npmrc
4 silly config load:file:C:\Users\joshc\Downloads\economy-simulator\services\2016-roblox-main\.npmrc
5 silly config load:file:C:\Users\joshc\.npmrc
6 silly config load:file:C:\Users\joshc\AppData\Roaming\npm\etc\npmrc
7 verbose title npm ci
8 verbose argv "ci" "--cache" "C:\\Users\\joshc\\Downloads\\economy-simulator\\.npm-cache" "--foreground-scripts"
9 verbose logfile logs-max:10 dir:C:\Users\joshc\Downloads\economy-simulator\.npm-cache\_logs\2026-08-20T16_42_24_553Z-
10 verbose logfile C:\Users\joshc\Downloads\economy-simulator\.npm-cache\_logs\2026-08-20T16_42_24_553Z-debug-0.log
11 silly logfile done cleaning log files
12 silly packumentCache heap:4496293888 maxSize:1124073472 maxEntrySize:562036736
13 silly idealTree buildDeps
14 silly reify moves {}
15 silly audit bulk request {
15 silly audit   '@babel/cli': [ '7.16.8' ],
15 silly audit   commander: [ '4.1.1', '2.20.3' ],
15 silly audit   'make-dir': [ '2.1.0', '3.1.0' ],
15 silly audit   pify: [ '4.0.1', '3.0.0' ],
15 silly audit   semver: [ '5.7.1', '7.3.5', '7.0.0', '6.3.0' ],
15 silly audit   slash: [ '2.0.0', '3.0.0' ],
15 silly audit   'source-map': [ '0.5.7', '0.6.1', '0.7.3' ],
15 silly audit   '@babel/code-frame': [ '7.12.11', '7.16.7' ],
15 silly audit   '@babel/compat-data': [ '7.16.8' ],
15 silly audit   '@babel/core': [ '7.16.12' ],
15 silly audit   '@babel/helper-validator-identifier': [ '7.16.7', '7.14.9' ],
15 silly audit   '@babel/highlight': [ '7.16.10', '7.14.5' ],
15 silly audit   '@babel/types': [ '7.16.8', '7.15.0' ],
15 silly audit   debug: [ '4.3.3', '4.3.2', '2.6.9', '3.2.7' ],
15 silly audit   json5: [ '2.2.0' ],
15 silly audit   ms: [ '2.1.2', '2.1.3', '2.0.0' ],
15 silly audit   '@babel/generator': [ '7.16.8' ],
15 silly audit   '@babel/helper-annotate-as-pure': [ '7.16.7' ],
15 silly audit   '@babel/helper-builder-binary-assignment-operator-visitor': [ '7.16.7' ],
15 silly audit   '@babel/helper-compilation-targets': [ '7.16.7' ],
15 silly audit   '@babel/helper-create-class-features-plugin': [ '7.16.10' ],
15 silly audit   '@babel/helper-create-regexp-features-plugin': [ '7.16.7' ],
15 silly audit   '@babel/helper-define-polyfill-provider': [ '0.3.1' ],
15 silly audit   '@babel/helper-environment-visitor': [ '7.16.7' ],
15 silly audit   '@babel/helper-explode-assignable-expression': [ '7.16.7' ],
15 silly audit   '@babel/helper-function-name': [ '7.16.7' ],
15 silly audit   '@babel/helper-get-function-arity': [ '7.16.7' ],
15 silly audit   '@babel/helper-hoist-variables': [ '7.16.7' ],
15 silly audit   '@babel/helper-member-expression-to-functions': [ '7.16.7' ],
15 silly audit   '@babel/helper-module-imports': [ '7.16.7' ],
15 silly audit   '@babel/helper-module-transforms': [ '7.16.7' ],
15 silly audit   '@babel/helper-optimise-call-expression': [ '7.16.7' ],
15 silly audit   '@babel/helper-plugin-utils': [ '7.16.5', '7.16.7' ],
15 silly audit   '@babel/helper-remap-async-to-generator': [ '7.16.8' ],
15 silly audit   '@babel/helper-replace-supers': [ '7.16.7' ],
15 silly audit   '@babel/helper-simple-access': [ '7.16.7' ],
15 silly audit   '@babel/helper-skip-transparent-expression-wrappers': [ '7.16.0' ],
15 silly audit   '@babel/helper-split-export-declaration': [ '7.16.7' ],
15 silly audit   '@babel/helper-validator-option': [ '7.16.7' ],
15 silly audit   '@babel/helper-wrap-function': [ '7.16.8' ],
15 silly audit   '@babel/helpers': [ '7.16.7' ],
15 silly audit   '@babel/parser': [ '7.16.12' ],
15 silly audit   '@babel/plugin-bugfix-safari-id-destructuring-collision-in-function-expression': [ '7.16.7' ],
15 silly audit   '@babel/plugin-bugfix-v8-spread-parameters-in-optional-chaining': [ '7.16.7' ],
15 silly audit   '@babel/plugin-proposal-async-generator-functions': [ '7.16.8' ],
15 silly audit   '@babel/plugin-proposal-class-properties': [ '7.16.7' ],
15 silly audit   '@babel/plugin-proposal-class-static-block': [ '7.16.7' ],
15 silly audit   '@babel/plugin-proposal-dynamic-import': [ '7.16.7' ],
15 silly audit   '@babel/plugin-proposal-export-namespace-from': [ '7.16.7' ],
15 silly audit   '@babel/plugin-proposal-json-strings': [ '7.16.7' ],
15 silly audit   '@babel/plugin-proposal-logical-assignment-operators': [ '7.16.7' ],
15 silly audit   '@babel/plugin-proposal-nullish-coalescing-operator': [ '7.16.7' ],
15 silly audit   '@babel/plugin-proposal-numeric-separator': [ '7.16.7' ],
15 silly audit   '@babel/plugin-proposal-object-rest-spread': [ '7.16.7' ],
15 silly audit   '@babel/plugin-proposal-optional-catch-binding': [ '7.16.7' ],
15 silly audit   '@babel/plugin-proposal-optional-chaining': [ '7.16.7' ],
15 silly audit   '@babel/plugin-proposal-private-methods': [ '7.16.11' ],
15 silly audit   '@babel/plugin-proposal-private-property-in-object': [ '7.16.7' ],
15 silly audit   '@babel/plugin-proposal-unicode-property-regex': [ '7.16.7' ],
15 silly audit   '@babel/plugin-syntax-async-generators': [ '7.8.4' ],
15 silly audit   '@babel/plugin-syntax-bigint': [ '7.8.3' ],
15 silly audit   '@babel/plugin-syntax-class-properties': [ '7.12.13' ],
15 silly audit   '@babel/plugin-syntax-class-static-block': [ '7.14.5' ],
15 silly audit   '@babel/plugin-syntax-dynamic-import': [ '7.8.3' ],
15 silly audit   '@babel/plugin-syntax-export-namespace-from': [ '7.8.3' ],
15 silly audit   '@babel/plugin-syntax-import-meta': [ '7.10.4' ],
15 silly audit   '@babel/plugin-syntax-json-strings': [ '7.8.3' ],
15 silly audit   '@babel/plugin-syntax-logical-assignment-operators': [ '7.10.4' ],
15 silly audit   '@babel/plugin-syntax-nullish-coalescing-operator': [ '7.8.3' ],
15 silly audit   '@babel/plugin-syntax-numeric-separator': [ '7.10.4' ],
15 silly audit   '@babel/plugin-syntax-object-rest-spread': [ '7.8.3' ],
15 silly audit   '@babel/plugin-syntax-optional-catch-binding': [ '7.8.3' ],
15 silly audit   '@babel/plugin-syntax-optional-chaining': [ '7.8.3' ],
15 silly audit   '@babel/plugin-syntax-private-property-in-object': [ '7.14.5' ],
15 silly audit   '@babel/plugin-syntax-top-level-await': [ '7.14.5' ],
15 silly audit   '@babel/plugin-syntax-typescript': [ '7.16.7' ],
15 silly audit   '@babel/plugin-transform-arrow-functions': [ '7.16.7' ],
15 silly audit   '@babel/plugin-transform-async-to-generator': [ '7.16.8' ],
15 silly audit   '@babel/plugin-transform-block-scoped-functions': [ '7.16.7' ],
15 silly audit   '@babel/plugin-transform-block-scoping': [ '7.16.7' ],
15 silly audit   '@babel/plugin-transform-classes': [ '7.16.7' ],
15 silly audit   globals: [ '11.12.0', '13.10.0' ],
15 silly audit   '@babel/plugin-transform-computed-properties': [ '7.16.7' ],
15 silly audit   '@babel/plugin-transform-destructuring': [ '7.16.7' ],
15 silly audit   '@babel/plugin-transform-dotall-regex': [ '7.16.7' ],
15 silly audit   '@babel/plugin-transform-duplicate-keys': [ '7.16.7' ],
15 silly audit   '@babel/plugin-transform-exponentiation-operator': [ '7.16.7' ],
15 silly audit   '@babel/plugin-transform-for-of': [ '7.16.7' ],
15 silly audit   '@babel/plugin-transform-function-name': [ '7.16.7' ],
15 silly audit   '@babel/plugin-transform-literals': [ '7.16.7' ],
15 silly audit   '@babel/plugin-transform-member-expression-literals': [ '7.16.7' ],
15 silly audit   '@babel/plugin-transform-modules-amd': [ '7.16.7' ],
15 silly audit   '@babel/plugin-transform-modules-commonjs': [ '7.16.8' ],
15 silly audit   '@babel/plugin-transform-modules-systemjs': [ '7.16.7' ],
15 silly audit   '@babel/plugin-transform-modules-umd': [ '7.16.7' ],
15 silly audit   '@babel/plugin-transform-named-capturing-groups-regex': [ '7.16.8' ],
15 silly audit   '@babel/plugin-transform-new-target': [ '7.16.7' ],
15 silly audit   '@babel/plugin-transform-object-super': [ '7.16.7' ],
15 silly audit   '@babel/plugin-transform-parameters': [ '7.16.7' ],
15 silly audit   '@babel/plugin-transform-property-literals': [ '7.16.7' ],
15 silly audit   '@babel/plugin-transform-regenerator': [ '7.16.7' ],
15 silly audit   '@babel/plugin-transform-reserved-words': [ '7.16.7' ],
15 silly audit   '@babel/plugin-transform-shorthand-properties': [ '7.16.7' ],
15 silly audit   '@babel/plugin-transform-spread': [ '7.16.7' ],
15 silly audit   '@babel/plugin-transform-sticky-regex': [ '7.16.7' ],
15 silly audit   '@babel/plugin-transform-template-literals': [ '7.16.7' ],
15 silly audit   '@babel/plugin-transform-typeof-symbol': [ '7.16.7' ],
15 silly audit   '@babel/plugin-transform-unicode-escapes': [ '7.16.7' ],
15 silly audit   '@babel/plugin-transform-unicode-regex': [ '7.16.7' ],
15 silly audit   '@babel/preset-env': [ '7.16.11' ],
15 silly audit   '@babel/preset-modules': [ '0.1.5' ],
15 silly audit   '@babel/register': [ '7.16.9' ],
15 silly audit   'find-cache-dir': [ '2.1.0' ],
15 silly audit   'find-up': [ '3.0.0', '2.1.0', '4.1.0' ],
15 silly audit   'locate-path': [ '3.0.0', '2.0.0', '5.0.0' ],
15 silly audit   'p-limit': [ '2.3.0', '1.3.0' ],
15 silly audit   'p-locate': [ '3.0.0', '2.0.0', '4.1.0' ],
15 silly audit   'path-exists': [ '3.0.0', '4.0.0' ],
15 silly audit   'pkg-dir': [ '3.0.0', '2.0.0', '4.2.0' ],
15 silly audit   '@babel/runtime': [ '7.12.5' ],
15 silly audit   '@babel/runtime-corejs3': [ '7.14.9' ],
15 silly audit   '@babel/template': [ '7.16.7' ],
15 silly audit   '@babel/traverse': [ '7.16.10' ],
15 silly audit   '@bcoe/v8-coverage': [ '0.2.3' ],
15 silly audit   '@emotion/is-prop-valid': [ '0.7.3' ],
15 silly audit   '@emotion/memoize': [ '0.7.1' ],
15 silly audit   '@eslint/eslintrc': [ '0.4.3' ],
15 silly audit   '@humanwhocodes/config-array': [ '0.5.0' ],
15 silly audit   '@humanwhocodes/object-schema': [ '1.2.0' ],
15 silly audit   '@istanbuljs/load-nyc-config': [ '1.1.0' ],
15 silly audit   camelcase: [ '5.3.1', '6.3.0' ],
15 silly audit   'resolve-from': [ '5.0.0', '4.0.0' ],
15 silly audit   '@istanbuljs/schema': [ '0.1.3' ],
15 silly audit   '@jest/console': [ '27.4.6' ],
15 silly audit   'ansi-styles': [ '4.3.0', '3.2.1', '5.2.0' ],
15 silly audit   chalk: [ '4.1.2', '2.4.2' ],
15 silly audit   'color-convert': [ '2.0.1', '1.9.3' ],
15 silly audit   'color-name': [ '1.1.4', '1.1.3' ],
15 silly audit   'has-flag': [ '4.0.0', '3.0.0' ],
15 silly audit   'supports-color': [ '7.2.0', '8.1.1', '5.5.0' ],
15 silly audit   '@jest/core': [ '27.4.7' ],
15 silly audit   '@jest/environment': [ '27.4.6' ],
15 silly audit   '@jest/fake-timers': [ '27.4.6' ],
15 silly audit   '@jest/globals': [ '27.4.6' ],
15 silly audit   '@jest/reporters': [ '27.4.6' ],
15 silly audit   '@jest/source-map': [ '27.4.0' ],
15 silly audit   '@jest/test-result': [ '27.4.6' ],
15 silly audit   '@jest/test-sequencer': [ '27.4.6' ],
15 silly audit   '@jest/transform': [ '27.4.6' ],
15 silly audit   '@jest/types': [ '27.4.2' ],
15 silly audit   '@jridgewell/gen-mapping': [ '0.3.2' ],
15 silly audit   '@jridgewell/resolve-uri': [ '3.1.0' ],
15 silly audit   '@jridgewell/set-array': [ '1.1.2' ],
15 silly audit   '@jridgewell/source-map': [ '0.3.2' ],
15 silly audit   '@jridgewell/sourcemap-codec': [ '1.4.14' ],
15 silly audit   '@jridgewell/trace-mapping': [ '0.3.15' ],
15 silly audit   '@microsoft/signalr': [ '6.0.9' ],
15 silly audit   '@next/env': [ '12.1.0' ],
15 silly audit   '@next/eslint-plugin-next': [ '11.0.1' ],
15 silly audit   '@next/swc-android-arm64': [ '12.1.0' ],
15 silly audit   '@next/swc-darwin-arm64': [ '12.1.0' ],
15 silly audit   '@next/swc-darwin-x64': [ '12.1.0' ],
15 silly audit   '@next/swc-linux-arm-gnueabihf': [ '12.1.0' ],
15 silly audit   '@next/swc-linux-arm64-gnu': [ '12.1.0' ],
15 silly audit   '@next/swc-linux-arm64-musl': [ '12.1.0' ],
15 silly audit   '@next/swc-linux-x64-gnu': [ '12.1.0' ],
15 silly audit   '@next/swc-linux-x64-musl': [ '12.1.0' ],
15 silly audit   '@next/swc-win32-arm64-msvc': [ '12.1.0' ],
15 silly audit   '@next/swc-win32-ia32-msvc': [ '12.1.0' ],
15 silly audit   '@next/swc-win32-x64-msvc': [ '12.1.0' ],
15 silly audit   '@nicolo-ribaudo/chokidar-2': [ '2.1.8-no-fsevents.3' ],
15 silly audit   '@nodelib/fs.scandir': [ '2.1.5' ],
15 silly audit   '@nodelib/fs.stat': [ '2.0.5' ],
15 silly audit   '@nodelib/fs.walk': [ '1.2.8' ],
15 silly audit   '@popperjs/core': [ '2.11.6' ],
15 silly audit   '@rushstack/eslint-patch': [ '1.0.6' ],
15 silly audit   '@sinonjs/commons': [ '1.8.3' ],
15 silly audit   '@sinonjs/fake-timers': [ '8.1.0' ],
15 silly audit   '@tootallnate/once': [ '1.1.2' ],
15 silly audit   '@types/babel__core': [ '7.1.18' ],
15 silly audit   '@types/babel__generator': [ '7.6.4' ],
15 silly audit   '@types/babel__template': [ '7.4.1' ],
15 silly audit   '@types/babel__traverse': [ '7.14.2' ],
15 silly audit   '@types/eslint': [ '8.4.6' ],
15 silly audit   '@types/eslint-scope': [ '3.7.4' ],
15 silly audit   '@types/estree': [ '0.0.51' ],
15 silly audit   '@types/graceful-fs': [ '4.1.5' ],
15 silly audit   '@types/istanbul-lib-coverage': [ '2.0.4' ],
15 silly audit   '@types/istanbul-lib-report': [ '3.0.0' ],
15 silly audit   '@types/istanbul-reports': [ '3.0.1' ],
15 silly audit   '@types/jest': [ '27.4.0' ],
15 silly audit   '@types/json-schema': [ '7.0.11' ],
15 silly audit   '@types/node': [ '17.0.5' ],
15 silly audit   '@types/prettier': [ '2.4.3' ],
15 silly audit   '@types/stack-utils': [ '2.0.1' ],
15 silly audit   '@types/yargs': [ '16.0.4' ],
15 silly audit   '@types/yargs-parser': [ '20.2.1' ],
15 silly audit   '@typescript-eslint/parser': [ '4.29.0' ],
15 silly audit   '@typescript-eslint/scope-manager': [ '4.29.0' ],
15 silly audit   '@typescript-eslint/types': [ '4.29.0' ],
15 silly audit   '@typescript-eslint/typescript-estree': [ '4.29.0' ],
15 silly audit   '@typescript-eslint/visitor-keys': [ '4.29.0' ],
15 silly audit   '@webassemblyjs/ast': [ '1.11.1' ],
15 silly audit   '@webassemblyjs/floating-point-hex-parser': [ '1.11.1' ],
15 silly audit   '@webassemblyjs/helper-api-error': [ '1.11.1' ],
15 silly audit   '@webassemblyjs/helper-buffer': [ '1.11.1' ],
15 silly audit   '@webassemblyjs/helper-numbers': [ '1.11.1' ],
15 silly audit   '@webassemblyjs/helper-wasm-bytecode': [ '1.11.1' ],
15 silly audit   '@webassemblyjs/helper-wasm-section': [ '1.11.1' ],
15 silly audit   '@webassemblyjs/ieee754': [ '1.11.1' ],
15 silly audit   '@webassemblyjs/leb128': [ '1.11.1' ],
15 silly audit   '@webassemblyjs/utf8': [ '1.11.1' ],
15 silly audit   '@webassemblyjs/wasm-edit': [ '1.11.1' ],
15 silly audit   '@webassemblyjs/wasm-gen': [ '1.11.1' ],
15 silly audit   '@webassemblyjs/wasm-opt': [ '1.11.1' ],
15 silly audit   '@webassemblyjs/wasm-parser': [ '1.11.1' ],
15 silly audit   '@webassemblyjs/wast-printer': [ '1.11.1' ],
15 silly audit   '@wojtekmaj/enzyme-adapter-react-17': [ '0.6.6' ],
15 silly audit   'react-test-renderer': [ '17.0.2' ],
15 silly audit   '@wojtekmaj/enzyme-adapter-utils': [ '0.1.2' ],
15 silly audit   '@xtuc/ieee754': [ '1.2.0' ],
15 silly audit   '@xtuc/long': [ '4.2.2' ],
15 silly audit   abab: [ '2.0.5' ],
15 silly audit   'abort-controller': [ '3.0.0' ],
15 silly audit   acorn: [ '7.4.1', '8.7.0', '8.8.0' ],
15 silly audit   'acorn-globals': [ '6.0.0' ],
15 silly audit   'acorn-jsx': [ '5.3.2' ],
15 silly audit   'acorn-walk': [ '7.2.0' ],
15 silly audit   'agent-base': [ '6.0.2' ],
15 silly audit   ajv: [ '6.12.6', '8.6.2' ],
15 silly audit   'ajv-keywords': [ '3.5.2' ],
15 silly audit   'ansi-colors': [ '4.1.1' ],
15 silly audit   'ansi-escapes': [ '4.3.2' ],
15 silly audit   'type-fest': [ '0.21.3', '0.20.2' ],
15 silly audit   'ansi-regex': [ '5.0.1' ],
15 silly audit   anymatch: [ '3.1.2' ],
15 silly audit   argparse: [ '1.0.10' ],
15 silly audit   'aria-query': [ '4.2.2' ],
15 silly audit   'array-includes': [ '3.1.3' ],
15 silly audit   'array-union': [ '2.1.0' ],
15 silly audit   'array.prototype.filter': [ '1.0.1' ],
15 silly audit   'es-abstract': [ '1.19.1', '1.18.5' ],
15 silly audit   'array.prototype.flat': [ '1.2.4' ],
15 silly audit   'array.prototype.flatmap': [ '1.2.4' ],
15 silly audit   'assertion-error': [ '1.1.0' ],
15 silly audit   'ast-types-flow': [ '0.0.7' ],
15 silly audit   'astral-regex': [ '2.0.0' ],
15 silly audit   asynckit: [ '0.4.0' ],
15 silly audit   'axe-core': [ '4.3.2' ],
15 silly audit   axios: [ '0.21.4' ],
15 silly audit   'axobject-query': [ '2.2.0' ],
15 silly audit   babel: [ '6.23.0' ],
15 silly audit   'babel-helper-builder-react-jsx': [ '6.26.0' ],
15 silly audit   'babel-jest': [ '27.4.6' ],
15 silly audit   'babel-plugin-dynamic-import-node': [ '2.3.3' ],
15 silly audit   'babel-plugin-istanbul': [ '6.1.1' ],
15 silly audit   'babel-plugin-jest-hoist': [ '27.4.0' ],
15 silly audit   'babel-plugin-polyfill-corejs2': [ '0.3.1' ],
15 silly audit   'babel-plugin-polyfill-corejs3': [ '0.5.1' ],
15 silly audit   'babel-plugin-polyfill-regenerator': [ '0.3.1' ],
15 silly audit   'babel-plugin-syntax-flow': [ '6.18.0' ],
15 silly audit   'babel-plugin-syntax-jsx': [ '6.18.0' ],
15 silly audit   'babel-plugin-transform-flow-strip-types': [ '6.22.0' ],
15 silly audit   'babel-plugin-transform-react-display-name': [ '6.25.0' ],
15 silly audit   'babel-plugin-transform-react-jsx': [ '6.24.1' ],
15 silly audit   'babel-plugin-transform-react-jsx-self': [ '6.22.0' ],
15 silly audit   'babel-plugin-transform-react-jsx-source': [ '6.22.0' ],
15 silly audit   'babel-polyfill': [ '6.26.0' ],
15 silly audit   'regenerator-runtime': [ '0.10.5', '0.11.1', '0.13.9' ],
15 silly audit   'babel-preset-current-node-syntax': [ '1.0.1' ],
15 silly audit   'babel-preset-flow': [ '6.23.0' ],
15 silly audit   'babel-preset-jest': [ '27.4.0' ],
15 silly audit   'babel-preset-react': [ '6.24.1' ],
15 silly audit   'babel-runtime': [ '6.26.0' ],
15 silly audit   'babel-types': [ '6.26.0' ],
15 silly audit   'to-fast-properties': [ '1.0.3', '2.0.0' ],
15 silly audit   'balanced-match': [ '1.0.2' ],
15 silly audit   'binary-extensions': [ '2.2.0' ],
15 silly audit   boolbase: [ '1.0.0' ],
15 silly audit   bootstrap: [ '5.1.0' ],
15 silly audit   'brace-expansion': [ '1.1.11' ],
15 silly audit   braces: [ '3.0.2' ],
15 silly audit   'browser-process-hrtime': [ '1.0.0' ],
15 silly audit   browserslist: [ '4.21.3' ],
15 silly audit   bser: [ '2.1.1' ],
15 silly audit   'buffer-equal-constant-time': [ '1.0.1' ],
15 silly audit   'buffer-from': [ '1.1.2' ],
15 silly audit   'call-bind': [ '1.0.2' ],
15 silly audit   callsites: [ '3.1.0' ],
15 silly audit   'caniuse-lite': [ '1.0.30001378' ],
15 silly audit   chai: [ '4.3.6' ],
15 silly audit   'char-regex': [ '1.0.2' ],
15 silly audit   'check-error': [ '1.0.2' ],
15 silly audit   cheerio: [ '1.0.0-rc.10' ],
15 silly audit   'cheerio-select': [ '1.5.0' ],
15 silly audit   tslib: [ '2.3.1', '1.14.1' ],
15 silly audit   chokidar: [ '3.5.1' ],
15 silly audit   'chrome-trace-event': [ '1.0.3' ],
15 silly audit   'ci-info': [ '3.3.0' ],
15 silly audit   'cjs-module-lexer': [ '1.2.2' ],
15 silly audit   cliui: [ '7.0.4' ],
15 silly audit   'clone-deep': [ '4.0.1' ],
15 silly audit   co: [ '4.6.0' ],
15 silly audit   'collect-v8-coverage': [ '1.0.1' ],
15 silly audit   'combined-stream': [ '1.0.8' ],
15 silly audit   commondir: [ '1.0.1' ],
15 silly audit   'concat-map': [ '0.0.1' ],
15 silly audit   'convert-source-map': [ '1.7.0' ],
15 silly audit   'safe-buffer': [ '5.1.2', '5.2.1' ],
15 silly audit   'core-js': [ '2.6.12' ],
15 silly audit   'core-js-compat': [ '3.20.3' ],
15 silly audit   'core-js-pure': [ '3.16.0' ],
15 silly audit   'cross-env': [ '7.0.3' ],
15 silly audit   'cross-spawn': [ '7.0.3' ],
15 silly audit   'css-jss': [ '10.7.1' ],
15 silly audit   'css-select': [ '4.2.1' ],
15 silly audit   'css-vendor': [ '2.0.8' ],
15 silly audit   'css-what': [ '5.1.0' ],
15 silly audit   cssom: [ '0.4.4', '0.3.8' ],
15 silly audit   cssstyle: [ '2.3.0' ],
15 silly audit   csstype: [ '3.0.8' ],
15 silly audit   'damerau-levenshtein': [ '1.0.7' ],
15 silly audit   'data-urls': [ '2.0.0' ],
15 silly audit   tr46: [ '2.1.0', '0.0.3' ],
15 silly audit   'webidl-conversions': [ '6.1.0', '5.0.0', '3.0.1' ],
15 silly audit   'whatwg-url': [ '8.7.0', '5.0.0' ],
15 silly audit   dayjs: [ '1.10.6' ],
15 silly audit   'decimal.js': [ '10.3.1' ],
15 silly audit   dedent: [ '0.7.0' ],
15 silly audit   'deep-eql': [ '3.0.1' ],
15 silly audit   'deep-is': [ '0.1.3' ],
15 silly audit   deepmerge: [ '4.2.2' ],
15 silly audit   'define-properties': [ '1.1.3' ],
15 silly audit   'delayed-stream': [ '1.0.0' ],
15 silly audit   'detect-newline': [ '3.1.0' ],
15 silly audit   'diff-sequences': [ '27.4.0' ],
15 silly audit   'dir-glob': [ '3.0.1' ],
15 silly audit   'discontinuous-range': [ '1.0.0' ],
15 silly audit   doctrine: [ '3.0.0', '2.1.0' ],
15 silly audit   'dom-serializer': [ '1.3.2' ],
15 silly audit   domelementtype: [ '2.2.0' ],
15 silly audit   domexception: [ '2.0.1' ],
15 silly audit   domhandler: [ '4.3.0' ],
15 silly audit   domutils: [ '2.8.0' ],
15 silly audit   'ecdsa-sig-formatter': [ '1.0.11' ],
15 silly audit   'electron-to-chromium': [ '1.4.225' ],
15 silly audit   emittery: [ '0.8.1' ],
15 silly audit   'emoji-regex': [ '8.0.0', '9.2.2' ],
15 silly audit   'enhanced-resolve': [ '5.10.0' ],
15 silly audit   enquirer: [ '2.3.6' ],
15 silly audit   entities: [ '2.2.0' ],
15 silly audit   enzyme: [ '3.11.0' ],
15 silly audit   'enzyme-shallow-equal': [ '1.0.4' ],
15 silly audit   'error-ex': [ '1.3.2' ],
15 silly audit   'es-array-method-boxes-properly': [ '1.0.0' ],
15 silly audit   'es-module-lexer': [ '0.9.3' ],
15 silly audit   'es-to-primitive': [ '1.2.1' ],
15 silly audit   escalade: [ '3.1.1' ],
15 silly audit   'escape-string-regexp': [ '1.0.5', '4.0.0', '2.0.0' ],
15 silly audit   escodegen: [ '2.0.0' ],
15 silly audit   estraverse: [ '5.3.0', '5.2.0', '4.3.0' ],
15 silly audit   levn: [ '0.3.0', '0.4.1' ],
15 silly audit   optionator: [ '0.8.3', '0.9.1' ],
15 silly audit   'prelude-ls': [ '1.1.2', '1.2.1' ],
15 silly audit   'type-check': [ '0.3.2', '0.4.0' ],
15 silly audit   eslint: [ '7.32.0' ],
15 silly audit   'eslint-config-next': [ '11.0.1' ],
15 silly audit   'eslint-import-resolver-node': [ '0.3.4' ],
15 silly audit   'eslint-import-resolver-typescript': [ '2.4.0' ],
15 silly audit   'eslint-module-utils': [ '2.6.1' ],
15 silly audit   'p-try': [ '1.0.0', '2.2.0' ],
15 silly audit   'eslint-plugin-import': [ '2.23.4' ],
15 silly audit   'eslint-plugin-jsx-a11y': [ '6.4.1' ],
15 silly audit   'eslint-plugin-react': [ '7.24.0' ],
15 silly audit   'eslint-plugin-react-hooks': [ '4.2.0' ],
15 silly audit   resolve: [ '2.0.0-next.3', '1.20.0' ],
15 silly audit   'eslint-scope': [ '5.1.1' ],
15 silly audit   'eslint-utils': [ '2.1.0' ],
15 silly audit   'eslint-visitor-keys': [ '1.3.0', '2.1.0' ],
15 silly audit   espree: [ '7.3.1' ],
15 silly audit   esprima: [ '4.0.1' ],
15 silly audit   esquery: [ '1.4.0' ],
15 silly audit   esrecurse: [ '4.3.0' ],
15 silly audit   esutils: [ '2.0.3' ],
15 silly audit   'event-target-shim': [ '5.0.1' ],
15 silly audit   events: [ '3.3.0' ],
15 silly audit   eventsource: [ '1.1.2' ],
15 silly audit   execa: [ '5.1.1' ],
15 silly audit   exit: [ '0.1.2' ],
15 silly audit   expect: [ '27.4.6' ],
15 silly audit   'expose-loader': [ '3.0.0' ],
15 silly audit   'fast-deep-equal': [ '3.1.3' ],
15 silly audit   'fast-glob': [ '3.2.7' ],
15 silly audit   'fast-json-stable-stringify': [ '2.1.0' ],
15 silly audit   'fast-levenshtein': [ '2.0.6' ],
15 silly audit   fastq: [ '1.11.1' ],
15 silly audit   'fb-watchman': [ '2.0.1' ],
15 silly audit   'fetch-blob': [ '3.1.4' ],
15 silly audit   'fetch-cookie': [ '0.11.0' ],
15 silly audit   'file-entry-cache': [ '6.0.1' ],
15 silly audit   'fill-range': [ '7.0.1' ],
15 silly audit   'flat-cache': [ '3.0.4' ],
15 silly audit   flatted: [ '3.2.2' ],
15 silly audit   'follow-redirects': [ '1.14.9' ],
15 silly audit   'form-data': [ '3.0.1' ],
15 silly audit   'formdata-polyfill': [ '4.0.10' ],
15 silly audit   'fs-readdir-recursive': [ '1.1.0' ],
15 silly audit   'fs.realpath': [ '1.0.0' ],
15 silly audit   fsevents: [ '2.3.2' ],
15 silly audit   'function-bind': [ '1.1.1' ],
15 silly audit   'function.prototype.name': [ '1.1.5' ],
15 silly audit   'functional-red-black-tree': [ '1.0.1' ],
15 silly audit   'functions-have-names': [ '1.2.2' ],
15 silly audit   gensync: [ '1.0.0-beta.2' ],
15 silly audit   'get-caller-file': [ '2.0.5' ],
15 silly audit   'get-func-name': [ '2.0.0' ],
15 silly audit   'get-intrinsic': [ '1.1.1' ],
15 silly audit   'get-package-type': [ '0.1.0' ],
15 silly audit   'get-stream': [ '6.0.1' ],
15 silly audit   'get-symbol-description': [ '1.0.0' ],
15 silly audit   glob: [ '7.1.7' ],
15 silly audit   'glob-parent': [ '5.1.2' ],
15 silly audit   'glob-to-regexp': [ '0.4.1' ],
15 silly audit   globby: [ '11.0.4' ],
15 silly audit   ignore: [ '5.1.8', '4.0.6' ],
15 silly audit   'graceful-fs': [ '4.2.10' ],
15 silly audit   has: [ '1.0.3' ],
15 silly audit   'has-bigints': [ '1.0.1' ],
15 silly audit   'has-symbols': [ '1.0.2' ],
15 silly audit   'has-tostringtag': [ '1.0.0' ],
15 silly audit   'hoist-non-react-statics': [ '3.3.2' ],
15 silly audit   'react-is': [ '16.13.1', '17.0.2' ],
15 silly audit   'hosted-git-info': [ '2.8.9' ],
15 silly audit   'html-element-map': [ '1.3.1' ],
15 silly audit   'html-encoding-sniffer': [ '2.0.1' ],
15 silly audit   'html-escaper': [ '2.0.2' ],
15 silly audit   htmlparser2: [ '6.1.0' ],
15 silly audit   'http-proxy-agent': [ '4.0.1' ],
15 silly audit   'https-proxy-agent': [ '5.0.0' ],
15 silly audit   'human-signals': [ '2.1.0' ],
15 silly audit   'hyphenate-style-name': [ '1.0.4' ],
15 silly audit   'import-fresh': [ '3.3.0' ],
15 silly audit   'import-local': [ '3.1.0' ],
15 silly audit   imurmurhash: [ '0.1.4' ],
15 silly audit   inflight: [ '1.0.6' ],
15 silly audit   inherits: [ '2.0.4' ],
15 silly audit   'internal-slot': [ '1.0.3' ],
15 silly audit   'ip-regex': [ '5.0.0' ],
15 silly audit   'is-arrayish': [ '0.2.1' ],
15 silly audit   'is-bigint': [ '1.0.3' ],
15 silly audit   'is-binary-path': [ '2.1.0' ],
15 silly audit   'is-boolean-object': [ '1.1.2' ],
15 silly audit   'is-callable': [ '1.2.4' ],
15 silly audit   'is-core-module': [ '2.5.0' ],
15 silly audit   'is-date-object': [ '1.0.5' ],
15 silly audit   'is-extglob': [ '2.1.1' ],
15 silly audit   'is-fullwidth-code-point': [ '3.0.0' ],
15 silly audit   'is-generator-fn': [ '2.1.0' ],
15 silly audit   'is-glob': [ '4.0.1' ],
15 silly audit   'is-in-browser': [ '1.1.3' ],
15 silly audit   'is-ip': [ '4.0.0' ],
15 silly audit   'is-negative-zero': [ '2.0.1' ],
15 silly audit   'is-number': [ '7.0.0' ],
15 silly audit   'is-number-object': [ '1.0.6' ],
15 silly audit   'is-plain-object': [ '2.0.4' ],
15 silly audit   'is-potential-custom-element-name': [ '1.0.1' ],
15 silly audit   'is-regex': [ '1.1.4' ],
15 silly audit   'is-shared-array-buffer': [ '1.0.1' ],
15 silly audit   'is-stream': [ '2.0.1' ],
15 silly audit   'is-string': [ '1.0.7' ],
15 silly audit   'is-subset': [ '0.1.1' ],
15 silly audit   'is-symbol': [ '1.0.4' ],
15 silly audit   'is-typedarray': [ '1.0.0' ],
15 silly audit   'is-weakref': [ '1.0.2' ],
15 silly audit   isexe: [ '2.0.0' ],
15 silly audit   isobject: [ '3.0.1' ],
15 silly audit   'istanbul-lib-coverage': [ '3.2.0' ],
15 silly audit   'istanbul-lib-instrument': [ '5.1.0' ],
15 silly audit   'istanbul-lib-report': [ '3.0.0' ],
15 silly audit   'istanbul-lib-source-maps': [ '4.0.1' ],
15 silly audit   'istanbul-reports': [ '3.1.3' ],
15 silly audit   jest: [ '27.4.7' ],
15 silly audit   'jest-changed-files': [ '27.4.2' ],
15 silly audit   'jest-circus': [ '27.4.6' ],
15 silly audit   'jest-config': [ '27.4.7' ],
15 silly audit   'jest-diff': [ '27.4.6' ],
15 silly audit   'jest-docblock': [ '27.4.0' ],
15 silly audit   'jest-each': [ '27.4.6' ],
15 silly audit   'jest-environment-jsdom': [ '27.4.6' ],
15 silly audit   'jest-environment-node': [ '27.4.6' ],
15 silly audit   'jest-get-type': [ '27.4.0' ],
15 silly audit   'jest-haste-map': [ '27.4.6' ],
15 silly audit   'jest-jasmine2': [ '27.4.6' ],
15 silly audit   'jest-leak-detector': [ '27.4.6' ],
15 silly audit   'jest-matcher-utils': [ '27.4.6' ],
15 silly audit   'jest-message-util': [ '27.4.6' ],
15 silly audit   'jest-mock': [ '27.4.6' ],
15 silly audit   'jest-pnp-resolver': [ '1.2.2' ],
15 silly audit   'jest-regex-util': [ '27.4.0' ],
15 silly audit   'jest-resolve': [ '27.4.6' ],
15 silly audit   'jest-resolve-dependencies': [ '27.4.6' ],
15 silly audit   'jest-runner': [ '27.4.6' ],
15 silly audit   'jest-runtime': [ '27.4.6' ],
15 silly audit   'strip-bom': [ '4.0.0', '3.0.0' ],
15 silly audit   'jest-serializer': [ '27.4.0' ],
15 silly audit   'jest-snapshot': [ '27.4.6' ],
15 silly audit   'jest-util': [ '27.4.2' ],
15 silly audit   'jest-validate': [ '27.4.6' ],
15 silly audit   'jest-watcher': [ '27.4.6' ],
15 silly audit   'jest-worker': [ '27.5.1' ],
15 silly audit   'jest-cli': [ '27.4.7' ],
15 silly audit   'js-tokens': [ '4.0.0' ],
15 silly audit   'js-yaml': [ '3.14.1' ],
15 silly audit   jsdom: [ '16.7.0' ],
15 silly audit   jsesc: [ '2.5.2', '0.5.0' ],
15 silly audit   'json-parse-better-errors': [ '1.0.2' ],
15 silly audit   'json-parse-even-better-errors': [ '2.3.1' ],
15 silly audit   'json-schema-traverse': [ '0.4.1', '1.0.0' ],
15 silly audit   'json-stable-stringify-without-jsonify': [ '1.0.1' ],
15 silly audit   jsonwebtoken: [ '8.5.1' ],
15 silly audit   jss: [ '10.7.1' ],
15 silly audit   'jss-plugin-camel-case': [ '10.7.1' ],
15 silly audit   'jss-plugin-compose': [ '10.7.1' ],
15 silly audit   'jss-plugin-default-unit': [ '10.7.1' ],
15 silly audit   'jss-plugin-expand': [ '10.7.1' ],
15 silly audit   'jss-plugin-extend': [ '10.7.1' ],
15 silly audit   'jss-plugin-global': [ '10.7.1' ],
15 silly audit   'jss-plugin-nested': [ '10.7.1' ],
15 silly audit   'jss-plugin-props-sort': [ '10.7.1' ],
15 silly audit   'jss-plugin-rule-value-function': [ '10.7.1' ],
15 silly audit   'jss-plugin-rule-value-observable': [ '10.7.1' ],
15 silly audit   'jss-plugin-template': [ '10.7.1' ],
15 silly audit   'jss-plugin-vendor-prefixer': [ '10.7.1' ],
15 silly audit   'jss-preset-default': [ '10.7.1' ],
15 silly audit   'jsx-ast-utils': [ '3.2.0' ],
15 silly audit   jwa: [ '1.4.1' ],
15 silly audit   jws: [ '3.2.2' ],
15 silly audit   'kind-of': [ '6.0.3' ],
15 silly audit   kleur: [ '3.0.3' ],
15 silly audit   'language-subtag-registry': [ '0.3.21' ],
15 silly audit   'language-tags': [ '1.0.5' ],
15 silly audit   leven: [ '3.1.0' ],
15 silly audit   'load-json-file': [ '4.0.0' ],
15 silly audit   'loader-runner': [ '4.3.0' ],
15 silly audit   lodash: [ '4.17.21' ],
15 silly audit   'lodash.clonedeep': [ '4.5.0' ],
15 silly audit   'lodash.debounce': [ '4.0.8' ],
15 silly audit   'lodash.escape': [ '4.0.1' ],
15 silly audit   'lodash.flattendeep': [ '4.4.0' ],
15 silly audit   'lodash.includes': [ '4.3.0' ],
15 silly audit   'lodash.isboolean': [ '3.0.3' ],
15 silly audit   'lodash.isequal': [ '4.5.0' ],
15 silly audit   'lodash.isinteger': [ '4.0.4' ],
15 silly audit   'lodash.isnumber': [ '3.0.3' ],
15 silly audit   'lodash.isplainobject': [ '4.0.6' ],
15 silly audit   'lodash.isstring': [ '4.0.1' ],
15 silly audit   'lodash.merge': [ '4.6.2' ],
15 silly audit   'lodash.once': [ '4.1.1' ],
15 silly audit   'lodash.truncate': [ '4.4.2' ],
15 silly audit   'loose-envify': [ '1.4.0' ],
15 silly audit   loupe: [ '2.3.1' ],
15 silly audit   'lru-cache': [ '6.0.0' ],
15 silly audit   makeerror: [ '1.0.12' ],
15 silly audit   'merge-stream': [ '2.0.0' ],
15 silly audit   merge2: [ '1.4.1' ],
15 silly audit   micromatch: [ '4.0.4' ],
15 silly audit   'mime-db': [ '1.51.0' ],
15 silly audit   'mime-types': [ '2.1.34' ],
15 silly audit   'mimic-fn': [ '2.1.0' ],
15 silly audit   minimatch: [ '3.0.4' ],
15 silly audit   minimist: [ '1.2.6' ],
15 silly audit   moo: [ '0.5.1' ],
15 silly audit   nanoid: [ '3.3.1' ],
15 silly audit   'natural-compare': [ '1.4.0' ],
15 silly audit   nearley: [ '2.20.1' ],
15 silly audit   'neo-async': [ '2.6.2' ],
15 silly audit   next: [ '12.1.0' ],
15 silly audit   'nextjs-progressbar': [ '0.0.14' ],
15 silly audit   'node-domexception': [ '1.0.0' ],
15 silly audit   'node-fetch': [ '2.6.7', '3.2.0' ],
15 silly audit   'node-int64': [ '0.4.0' ],
15 silly audit   'node-releases': [ '2.0.6' ],
15 silly audit   'normalize-package-data': [ '2.5.0' ],
15 silly audit   'normalize-path': [ '3.0.0' ],
15 silly audit   'npm-run-path': [ '4.0.1' ],
15 silly audit   nprogress: [ '0.2.0' ],
15 silly audit   'nth-check': [ '2.0.1' ],
15 silly audit   nwsapi: [ '2.2.0' ],
15 silly audit   'object-assign': [ '4.1.1' ],
15 silly audit   'object-inspect': [ '1.11.0' ],
15 silly audit   'object-is': [ '1.1.5' ],
15 silly audit   'object-keys': [ '1.1.1' ],
15 silly audit   'object.assign': [ '4.1.2' ],
15 silly audit   'object.entries': [ '1.1.4' ],
15 silly audit   'object.fromentries': [ '2.0.4' ],
15 silly audit   'object.values': [ '1.1.4' ],
15 silly audit   once: [ '1.4.0' ],
15 silly audit   onetime: [ '5.1.2' ],
15 silly audit   'parent-module': [ '1.0.1' ],
15 silly audit   'parse-domain': [ '7.0.0' ],
15 silly audit   'data-uri-to-buffer': [ '4.0.0' ],
15 silly audit   'parse-json': [ '4.0.0' ],
15 silly audit   parse5: [ '6.0.1' ],
15 silly audit   'parse5-htmlparser2-tree-adapter': [ '6.0.1' ],
15 silly audit   'path-is-absolute': [ '1.0.1' ],
15 silly audit   'path-key': [ '3.1.1' ],
15 silly audit   'path-parse': [ '1.0.7' ],
15 silly audit   'path-type': [ '4.0.0', '3.0.0' ],
15 silly audit   pathval: [ '1.1.1' ],
15 silly audit   'performance-now': [ '2.1.0' ],
15 silly audit   picocolors: [ '1.0.0' ],
15 silly audit   picomatch: [ '2.3.0' ],
15 silly audit   pirates: [ '4.0.5' ],
15 silly audit   'pkg-up': [ '2.0.0' ],
15 silly audit   postcss: [ '8.4.5' ],
15 silly audit   'pretty-format': [ '27.4.6' ],
15 silly audit   progress: [ '2.0.3' ],
15 silly audit   prompts: [ '2.4.2' ],
15 silly audit   'prop-types': [ '15.7.2' ],
15 silly audit   psl: [ '1.8.0' ],
15 silly audit   punycode: [ '2.1.1' ],
15 silly audit   'queue-microtask': [ '1.2.3' ],
15 silly audit   raf: [ '3.4.1' ],
15 silly audit   'railroad-diagrams': [ '1.0.0' ],
15 silly audit   randexp: [ '0.4.6' ],
15 silly audit   randombytes: [ '2.1.0' ],
15 silly audit   react: [ '17.0.2' ],
15 silly audit   'react-display-name': [ '0.2.5' ],
15 silly audit   'react-dom': [ '17.0.2' ],
15 silly audit   'react-jss': [ '10.7.1' ],
15 silly audit   'react-shallow-renderer': [ '16.14.1' ],
15 silly audit   'read-pkg': [ '3.0.0' ],
15 silly audit   'read-pkg-up': [ '3.0.0' ],
15 silly audit   readdirp: [ '3.5.0' ],
15 silly audit   regenerate: [ '1.4.2' ],
15 silly audit   'regenerate-unicode-properties': [ '9.0.0' ],
15 silly audit   'regenerator-transform': [ '0.14.5' ],
15 silly audit   'regexp.prototype.flags': [ '1.3.1' ],
15 silly audit   regexpp: [ '3.2.0' ],
15 silly audit   'regexpu-core': [ '4.8.0' ],
15 silly audit   regjsgen: [ '0.5.2' ],
15 silly audit   regjsparser: [ '0.7.0' ],
15 silly audit   'require-directory': [ '2.1.1' ],
15 silly audit   'require-from-string': [ '2.0.2' ],
15 silly audit   'resolve-cwd': [ '3.0.0' ],
15 silly audit   'resolve.exports': [ '1.1.0' ],
15 silly audit   ret: [ '0.1.15' ],
15 silly audit   reusify: [ '1.0.4' ],
15 silly audit   rimraf: [ '3.0.2' ],
15 silly audit   'rst-selector-parser': [ '2.2.3' ],
15 silly audit   'run-parallel': [ '1.2.0' ],
15 silly audit   'safer-buffer': [ '2.1.2' ],
15 silly audit   saxes: [ '5.0.1' ],
15 silly audit   scheduler: [ '0.20.2' ],
15 silly audit   'schema-utils': [ '3.1.1' ],
15 silly audit   'serialize-javascript': [ '6.0.0' ],
15 silly audit   'shallow-clone': [ '3.0.1' ],
15 silly audit   'shallow-equal': [ '1.2.1' ],
15 silly audit   'shebang-command': [ '2.0.0' ],
15 silly audit   'shebang-regex': [ '3.0.0' ],
15 silly audit   'side-channel': [ '1.0.4' ],
15 silly audit   'signal-exit': [ '3.0.6' ],
15 silly audit   sisteransi: [ '1.0.5' ],
15 silly audit   'slice-ansi': [ '4.0.0' ],
15 silly audit   'source-map-js': [ '1.0.2' ],
15 silly audit   'source-map-support': [ '0.5.21' ],
15 silly audit   'spdx-correct': [ '3.1.1' ],
15 silly audit   'spdx-exceptions': [ '2.3.0' ],
15 silly audit   'spdx-expression-parse': [ '3.0.1' ],
15 silly audit   'spdx-license-ids': [ '3.0.9' ],
15 silly audit   'sprintf-js': [ '1.0.3' ],
15 silly audit   'stack-utils': [ '2.0.5' ],
15 silly audit   'string-length': [ '4.0.2' ],
15 silly audit   'string-width': [ '4.2.2' ],
15 silly audit   'string.prototype.matchall': [ '4.0.5' ],
15 silly audit   'string.prototype.trim': [ '1.2.5' ],
15 silly audit   'string.prototype.trimend': [ '1.0.4' ],
15 silly audit   'string.prototype.trimstart': [ '1.0.4' ],
15 silly audit   'strip-ansi': [ '6.0.0' ],
15 silly audit   'strip-final-newline': [ '2.0.0' ],
15 silly audit   'strip-json-comments': [ '3.1.1' ],
15 silly audit   'styled-jsx': [ '5.0.0' ],
15 silly audit   'supports-hyperlinks': [ '2.2.0' ],
15 silly audit   'symbol-observable': [ '1.2.0' ],
15 silly audit   'symbol-tree': [ '3.2.4' ],
15 silly audit   table: [ '6.7.1' ],
15 silly audit   tapable: [ '2.2.1' ],
15 silly audit   'terminal-link': [ '2.1.1' ],
15 silly audit   terser: [ '5.14.2' ],
15 silly audit   'terser-webpack-plugin': [ '5.3.5' ],
15 silly audit   'test-exclude': [ '6.0.0' ],
15 silly audit   'text-table': [ '0.2.0' ],
15 silly audit   theming: [ '3.3.0' ],
15 silly audit   throat: [ '6.0.1' ],
15 silly audit   'tiny-warning': [ '1.0.3' ],
15 silly audit   tmpl: [ '1.0.5' ],
15 silly audit   'to-regex-range': [ '5.0.1' ],
15 silly audit   'tough-cookie': [ '4.0.0' ],
15 silly audit   'tsconfig-paths': [ '3.10.1' ],
15 silly audit   tsutils: [ '3.21.0' ],
15 silly audit   'type-detect': [ '4.0.8' ],
15 silly audit   'typedarray-to-buffer': [ '3.1.5' ],
15 silly audit   typescript: [ '4.7.4' ],
15 silly audit   'unbox-primitive': [ '1.0.1' ],
15 silly audit   'unicode-canonical-property-names-ecmascript': [ '2.0.0' ],
15 silly audit   'unicode-match-property-ecmascript': [ '2.0.0' ],
15 silly audit   'unicode-match-property-value-ecmascript': [ '2.0.0' ],
15 silly audit   'unicode-property-aliases-ecmascript': [ '2.0.0' ],
15 silly audit   universalify: [ '0.1.2' ],
15 silly audit   'unstated-next': [ '1.1.0' ],
15 silly audit   'update-browserslist-db': [ '1.0.5' ],
15 silly audit   'uri-js': [ '4.4.1' ],
15 silly audit   'use-subscription': [ '1.5.1' ],
15 silly audit   'v8-compile-cache': [ '2.3.0' ],
15 silly audit   'v8-to-istanbul': [ '8.1.1' ],
15 silly audit   'validate-npm-package-license': [ '3.0.4' ],
15 silly audit   'w3c-hr-time': [ '1.0.2' ],
15 silly audit   'w3c-xmlserializer': [ '2.0.0' ],
15 silly audit   walker: [ '1.0.8' ],
15 silly audit   watchpack: [ '2.4.0' ],
15 silly audit   'web-streams-polyfill': [ '3.2.0' ],
15 silly audit   webpack: [ '5.74.0' ],
15 silly audit   'webpack-sources': [ '3.2.3' ],
15 silly audit   'acorn-import-assertions': [ '1.8.0' ],
15 silly audit   'whatwg-encoding': [ '1.0.5' ],
15 silly audit   'iconv-lite': [ '0.4.24' ],
15 silly audit   'whatwg-mimetype': [ '2.3.0' ],
15 silly audit   which: [ '2.0.2' ],
15 silly audit   'which-boxed-primitive': [ '1.0.2' ],
15 silly audit   'word-wrap': [ '1.2.3' ],
15 silly audit   'wrap-ansi': [ '7.0.0' ],
15 silly audit   wrappy: [ '1.0.2' ],
15 silly audit   'write-file-atomic': [ '3.0.3' ],
15 silly audit   ws: [ '7.5.6' ],
15 silly audit   'xml-name-validator': [ '3.0.0' ],
15 silly audit   xmlchars: [ '2.2.0' ],
15 silly audit   y18n: [ '5.0.8' ],
15 silly audit   yallist: [ '4.0.0' ],
15 silly audit   yargs: [ '16.2.0' ],
15 silly audit   'yargs-parser': [ '20.2.4' ]
15 silly audit }
16 http cache yargs-parser@https://registry.npmjs.org/yargs-parser/-/yargs-parser-20.2.4.tgz 1ms (cache hit)
17 http cache yargs@https://registry.npmjs.org/yargs/-/yargs-16.2.0.tgz 0ms (cache hit)
18 http cache yallist@https://registry.npmjs.org/yallist/-/yallist-4.0.0.tgz 0ms (cache hit)
19 http cache y18n@https://registry.npmjs.org/y18n/-/y18n-5.0.8.tgz 0ms (cache hit)
20 http cache xml-name-validator@https://registry.npmjs.org/xml-name-validator/-/xml-name-validator-3.0.0.tgz 0ms (cache hit)
21 http cache ws@https://registry.npmjs.org/ws/-/ws-7.5.6.tgz 0ms (cache hit)
22 http cache write-file-atomic@https://registry.npmjs.org/write-file-atomic/-/write-file-atomic-3.0.3.tgz 0ms (cache hit)
23 http cache wrappy@https://registry.npmjs.org/wrappy/-/wrappy-1.0.2.tgz 0ms (cache hit)
24 http cache wrap-ansi@https://registry.npmjs.org/wrap-ansi/-/wrap-ansi-7.0.0.tgz 0ms (cache hit)
25 http cache word-wrap@https://registry.npmjs.org/word-wrap/-/word-wrap-1.2.3.tgz 0ms (cache hit)
26 http cache which@https://registry.npmjs.org/which/-/which-2.0.2.tgz 0ms (cache hit)
27 http cache whatwg-url@https://registry.npmjs.org/whatwg-url/-/whatwg-url-5.0.0.tgz 0ms (cache hit)
28 http cache whatwg-mimetype@https://registry.npmjs.org/whatwg-mimetype/-/whatwg-mimetype-2.3.0.tgz 0ms (cache hit)
29 http cache webpack@https://registry.npmjs.org/webpack/-/webpack-5.74.0.tgz 0ms (cache hit)
30 http cache which-boxed-primitive@https://registry.npmjs.org/which-boxed-primitive/-/which-boxed-primitive-1.0.2.tgz 0ms (cache hit)
31 http cache webidl-conversions@https://registry.npmjs.org/webidl-conversions/-/webidl-conversions-3.0.1.tgz 0ms (cache hit)
32 http cache xmlchars@https://registry.npmjs.org/xmlchars/-/xmlchars-2.2.0.tgz 0ms (cache hit)
33 http cache web-streams-polyfill@https://registry.npmjs.org/web-streams-polyfill/-/web-streams-polyfill-3.2.0.tgz 0ms (cache hit)
34 http cache whatwg-encoding@https://registry.npmjs.org/whatwg-encoding/-/whatwg-encoding-1.0.5.tgz 0ms (cache hit)
35 http cache watchpack@https://registry.npmjs.org/watchpack/-/watchpack-2.4.0.tgz 0ms (cache hit)
36 http cache walker@https://registry.npmjs.org/walker/-/walker-1.0.8.tgz 0ms (cache hit)
37 http cache w3c-xmlserializer@https://registry.npmjs.org/w3c-xmlserializer/-/w3c-xmlserializer-2.0.0.tgz 0ms (cache hit)
38 http cache w3c-hr-time@https://registry.npmjs.org/w3c-hr-time/-/w3c-hr-time-1.0.2.tgz 0ms (cache hit)
39 http cache validate-npm-package-license@https://registry.npmjs.org/validate-npm-package-license/-/validate-npm-package-license-3.0.4.tgz 0ms (cache hit)
40 http cache use-subscription@https://registry.npmjs.org/use-subscription/-/use-subscription-1.5.1.tgz 0ms (cache hit)
41 http cache v8-compile-cache@https://registry.npmjs.org/v8-compile-cache/-/v8-compile-cache-2.3.0.tgz 0ms (cache hit)
42 http cache v8-to-istanbul@https://registry.npmjs.org/v8-to-istanbul/-/v8-to-istanbul-8.1.1.tgz 0ms (cache hit)
43 http cache uri-js@https://registry.npmjs.org/uri-js/-/uri-js-4.4.1.tgz 0ms (cache hit)
44 http cache update-browserslist-db@https://registry.npmjs.org/update-browserslist-db/-/update-browserslist-db-1.0.5.tgz 0ms (cache hit)
45 http cache unstated-next@https://registry.npmjs.org/unstated-next/-/unstated-next-1.1.0.tgz 0ms (cache hit)
46 http cache universalify@https://registry.npmjs.org/universalify/-/universalify-0.1.2.tgz 0ms (cache hit)
47 http cache unicode-property-aliases-ecmascript@https://registry.npmjs.org/unicode-property-aliases-ecmascript/-/unicode-property-aliases-ecmascript-2.0.0.tgz 0ms (cache hit)
48 http cache webpack-sources@https://registry.npmjs.org/webpack-sources/-/webpack-sources-3.2.3.tgz 0ms (cache hit)
49 http cache unicode-match-property-value-ecmascript@https://registry.npmjs.org/unicode-match-property-value-ecmascript/-/unicode-match-property-value-ecmascript-2.0.0.tgz 0ms (cache hit)
50 http cache unicode-match-property-ecmascript@https://registry.npmjs.org/unicode-match-property-ecmascript/-/unicode-match-property-ecmascript-2.0.0.tgz 0ms (cache hit)
51 http cache unicode-canonical-property-names-ecmascript@https://registry.npmjs.org/unicode-canonical-property-names-ecmascript/-/unicode-canonical-property-names-ecmascript-2.0.0.tgz 0ms (cache hit)
52 http cache type-detect@https://registry.npmjs.org/type-detect/-/type-detect-4.0.8.tgz 0ms (cache hit)
53 http cache unbox-primitive@https://registry.npmjs.org/unbox-primitive/-/unbox-primitive-1.0.1.tgz 0ms (cache hit)
54 http cache typescript@https://registry.npmjs.org/typescript/-/typescript-4.7.4.tgz 0ms (cache hit)
55 http cache tsutils@https://registry.npmjs.org/tsutils/-/tsutils-3.21.0.tgz 0ms (cache hit)
56 http cache typedarray-to-buffer@https://registry.npmjs.org/typedarray-to-buffer/-/typedarray-to-buffer-3.1.5.tgz 0ms (cache hit)
57 http cache type-check@https://registry.npmjs.org/type-check/-/type-check-0.4.0.tgz 0ms (cache hit)
58 http cache tslib@https://registry.npmjs.org/tslib/-/tslib-1.14.1.tgz 0ms (cache hit)
59 http cache tr46@https://registry.npmjs.org/tr46/-/tr46-0.0.3.tgz 0ms (cache hit)
60 http cache tsconfig-paths@https://registry.npmjs.org/tsconfig-paths/-/tsconfig-paths-3.10.1.tgz 0ms (cache hit)
61 http cache tough-cookie@https://registry.npmjs.org/tough-cookie/-/tough-cookie-4.0.0.tgz 0ms (cache hit)
62 http cache to-fast-properties@https://registry.npmjs.org/to-fast-properties/-/to-fast-properties-2.0.0.tgz 0ms (cache hit)
63 http cache to-regex-range@https://registry.npmjs.org/to-regex-range/-/to-regex-range-5.0.1.tgz 0ms (cache hit)
64 http cache tmpl@https://registry.npmjs.org/tmpl/-/tmpl-1.0.5.tgz 0ms (cache hit)
65 http cache tiny-warning@https://registry.npmjs.org/tiny-warning/-/tiny-warning-1.0.3.tgz 0ms (cache hit)
66 http cache theming@https://registry.npmjs.org/theming/-/theming-3.3.0.tgz 0ms (cache hit)
67 http cache throat@https://registry.npmjs.org/throat/-/throat-6.0.1.tgz 0ms (cache hit)
68 http cache text-table@https://registry.npmjs.org/text-table/-/text-table-0.2.0.tgz 0ms (cache hit)
69 http cache test-exclude@https://registry.npmjs.org/test-exclude/-/test-exclude-6.0.0.tgz 0ms (cache hit)
70 http cache terser-webpack-plugin@https://registry.npmjs.org/terser-webpack-plugin/-/terser-webpack-plugin-5.3.5.tgz 0ms (cache hit)
71 http cache terminal-link@https://registry.npmjs.org/terminal-link/-/terminal-link-2.1.1.tgz 0ms (cache hit)
72 http cache terser@https://registry.npmjs.org/terser/-/terser-5.14.2.tgz 0ms (cache hit)
73 http cache tapable@https://registry.npmjs.org/tapable/-/tapable-2.2.1.tgz 0ms (cache hit)
74 http cache table@https://registry.npmjs.org/table/-/table-6.7.1.tgz 0ms (cache hit)
75 http cache supports-hyperlinks@https://registry.npmjs.org/supports-hyperlinks/-/supports-hyperlinks-2.2.0.tgz 0ms (cache hit)
76 http cache symbol-observable@https://registry.npmjs.org/symbol-observable/-/symbol-observable-1.2.0.tgz 0ms (cache hit)
77 http cache supports-color@https://registry.npmjs.org/supports-color/-/supports-color-5.5.0.tgz 0ms (cache hit)
78 http cache symbol-tree@https://registry.npmjs.org/symbol-tree/-/symbol-tree-3.2.4.tgz 0ms (cache hit)
79 http cache styled-jsx@https://registry.npmjs.org/styled-jsx/-/styled-jsx-5.0.0.tgz 0ms (cache hit)
80 http cache strip-json-comments@https://registry.npmjs.org/strip-json-comments/-/strip-json-comments-3.1.1.tgz 0ms (cache hit)
81 http cache strip-final-newline@https://registry.npmjs.org/strip-final-newline/-/strip-final-newline-2.0.0.tgz 0ms (cache hit)
82 http cache strip-bom@https://registry.npmjs.org/strip-bom/-/strip-bom-3.0.0.tgz 0ms (cache hit)
83 http cache strip-ansi@https://registry.npmjs.org/strip-ansi/-/strip-ansi-6.0.0.tgz 0ms (cache hit)
84 http cache string.prototype.trimstart@https://registry.npmjs.org/string.prototype.trimstart/-/string.prototype.trimstart-1.0.4.tgz 0ms (cache hit)
85 http cache string.prototype.trimend@https://registry.npmjs.org/string.prototype.trimend/-/string.prototype.trimend-1.0.4.tgz 0ms (cache hit)
86 http cache string-width@https://registry.npmjs.org/string-width/-/string-width-4.2.2.tgz 0ms (cache hit)
87 http cache string.prototype.matchall@https://registry.npmjs.org/string.prototype.matchall/-/string.prototype.matchall-4.0.5.tgz 0ms (cache hit)
88 http cache string.prototype.trim@https://registry.npmjs.org/string.prototype.trim/-/string.prototype.trim-1.2.5.tgz 0ms (cache hit)
89 http cache string-length@https://registry.npmjs.org/string-length/-/string-length-4.0.2.tgz 0ms (cache hit)
90 http cache stack-utils@https://registry.npmjs.org/stack-utils/-/stack-utils-2.0.5.tgz 0ms (cache hit)
91 http cache sprintf-js@https://registry.npmjs.org/sprintf-js/-/sprintf-js-1.0.3.tgz 0ms (cache hit)
92 http cache spdx-license-ids@https://registry.npmjs.org/spdx-license-ids/-/spdx-license-ids-3.0.9.tgz 0ms (cache hit)
93 http cache spdx-expression-parse@https://registry.npmjs.org/spdx-expression-parse/-/spdx-expression-parse-3.0.1.tgz 0ms (cache hit)
94 http cache spdx-exceptions@https://registry.npmjs.org/spdx-exceptions/-/spdx-exceptions-2.3.0.tgz 0ms (cache hit)
95 http cache spdx-correct@https://registry.npmjs.org/spdx-correct/-/spdx-correct-3.1.1.tgz 0ms (cache hit)
96 http cache source-map-support@https://registry.npmjs.org/source-map-support/-/source-map-support-0.5.21.tgz 0ms (cache hit)
97 http cache source-map-js@https://registry.npmjs.org/source-map-js/-/source-map-js-1.0.2.tgz 0ms (cache hit)
98 http cache slice-ansi@https://registry.npmjs.org/slice-ansi/-/slice-ansi-4.0.0.tgz 0ms (cache hit)
99 http cache slash@https://registry.npmjs.org/slash/-/slash-3.0.0.tgz 0ms (cache hit)
100 http cache signal-exit@https://registry.npmjs.org/signal-exit/-/signal-exit-3.0.6.tgz 0ms (cache hit)
101 http cache sisteransi@https://registry.npmjs.org/sisteransi/-/sisteransi-1.0.5.tgz 0ms (cache hit)
102 http cache side-channel@https://registry.npmjs.org/side-channel/-/side-channel-1.0.4.tgz 0ms (cache hit)
103 http cache shebang-regex@https://registry.npmjs.org/shebang-regex/-/shebang-regex-3.0.0.tgz 0ms (cache hit)
104 http cache shallow-equal@https://registry.npmjs.org/shallow-equal/-/shallow-equal-1.2.1.tgz 0ms (cache hit)
105 http cache shallow-clone@https://registry.npmjs.org/shallow-clone/-/shallow-clone-3.0.1.tgz 0ms (cache hit)
106 http cache semver@https://registry.npmjs.org/semver/-/semver-6.3.0.tgz 0ms (cache hit)
107 http cache serialize-javascript@https://registry.npmjs.org/serialize-javascript/-/serialize-javascript-6.0.0.tgz 0ms (cache hit)
108 http cache scheduler@https://registry.npmjs.org/scheduler/-/scheduler-0.20.2.tgz 0ms (cache hit)
109 http cache shebang-command@https://registry.npmjs.org/shebang-command/-/shebang-command-2.0.0.tgz 0ms (cache hit)
110 http cache schema-utils@https://registry.npmjs.org/schema-utils/-/schema-utils-3.1.1.tgz 0ms (cache hit)
111 http cache safer-buffer@https://registry.npmjs.org/safer-buffer/-/safer-buffer-2.1.2.tgz 0ms (cache hit)
112 http cache saxes@https://registry.npmjs.org/saxes/-/saxes-5.0.1.tgz 0ms (cache hit)
113 http cache safe-buffer@https://registry.npmjs.org/safe-buffer/-/safe-buffer-5.2.1.tgz 0ms (cache hit)
114 http cache run-parallel@https://registry.npmjs.org/run-parallel/-/run-parallel-1.2.0.tgz 0ms (cache hit)
115 http cache rst-selector-parser@https://registry.npmjs.org/rst-selector-parser/-/rst-selector-parser-2.2.3.tgz 0ms (cache hit)
116 http cache ret@https://registry.npmjs.org/ret/-/ret-0.1.15.tgz 0ms (cache hit)
117 http cache resolve.exports@https://registry.npmjs.org/resolve.exports/-/resolve.exports-1.1.0.tgz 0ms (cache hit)
118 http cache rimraf@https://registry.npmjs.org/rimraf/-/rimraf-3.0.2.tgz 0ms (cache hit)
119 http cache resolve-from@https://registry.npmjs.org/resolve-from/-/resolve-from-4.0.0.tgz 0ms (cache hit)
120 http cache resolve@https://registry.npmjs.org/resolve/-/resolve-1.20.0.tgz 0ms (cache hit)
121 http cache resolve-cwd@https://registry.npmjs.org/resolve-cwd/-/resolve-cwd-3.0.0.tgz 0ms (cache hit)
122 http cache reusify@https://registry.npmjs.org/reusify/-/reusify-1.0.4.tgz 0ms (cache hit)
123 http cache require-directory@https://registry.npmjs.org/require-directory/-/require-directory-2.1.1.tgz 0ms (cache hit)
124 http cache regjsparser@https://registry.npmjs.org/regjsparser/-/regjsparser-0.7.0.tgz 0ms (cache hit)
125 http cache regexpu-core@https://registry.npmjs.org/regexpu-core/-/regexpu-core-4.8.0.tgz 0ms (cache hit)
126 http cache regexpp@https://registry.npmjs.org/regexpp/-/regexpp-3.2.0.tgz 0ms (cache hit)
127 http cache regjsgen@https://registry.npmjs.org/regjsgen/-/regjsgen-0.5.2.tgz 0ms (cache hit)
128 http cache regenerator-transform@https://registry.npmjs.org/regenerator-transform/-/regenerator-transform-0.14.5.tgz 0ms (cache hit)
129 http cache regexp.prototype.flags@https://registry.npmjs.org/regexp.prototype.flags/-/regexp.prototype.flags-1.3.1.tgz 0ms (cache hit)
130 http cache require-from-string@https://registry.npmjs.org/require-from-string/-/require-from-string-2.0.2.tgz 0ms (cache hit)
131 http cache regenerator-runtime@https://registry.npmjs.org/regenerator-runtime/-/regenerator-runtime-0.13.9.tgz 0ms (cache hit)
132 http cache regenerate@https://registry.npmjs.org/regenerate/-/regenerate-1.4.2.tgz 0ms (cache hit)
133 http cache regenerate-unicode-properties@https://registry.npmjs.org/regenerate-unicode-properties/-/regenerate-unicode-properties-9.0.0.tgz 0ms (cache hit)
134 http cache read-pkg-up@https://registry.npmjs.org/read-pkg-up/-/read-pkg-up-3.0.0.tgz 1ms (cache hit)
135 http cache readdirp@https://registry.npmjs.org/readdirp/-/readdirp-3.5.0.tgz 0ms (cache hit)
136 http cache read-pkg@https://registry.npmjs.org/read-pkg/-/read-pkg-3.0.0.tgz 0ms (cache hit)
137 http cache react-shallow-renderer@https://registry.npmjs.org/react-shallow-renderer/-/react-shallow-renderer-16.14.1.tgz 0ms (cache hit)
138 http cache react-jss@https://registry.npmjs.org/react-jss/-/react-jss-10.7.1.tgz 0ms (cache hit)
139 http cache react-is@https://registry.npmjs.org/react-is/-/react-is-17.0.2.tgz 0ms (cache hit)
140 http cache react-display-name@https://registry.npmjs.org/react-display-name/-/react-display-name-0.2.5.tgz 0ms (cache hit)
141 http cache react-dom@https://registry.npmjs.org/react-dom/-/react-dom-17.0.2.tgz 0ms (cache hit)
142 http cache react@https://registry.npmjs.org/react/-/react-17.0.2.tgz 0ms (cache hit)
143 http cache railroad-diagrams@https://registry.npmjs.org/railroad-diagrams/-/railroad-diagrams-1.0.0.tgz 0ms (cache hit)
144 http cache randombytes@https://registry.npmjs.org/randombytes/-/randombytes-2.1.0.tgz 0ms (cache hit)
145 http cache randexp@https://registry.npmjs.org/randexp/-/randexp-0.4.6.tgz 0ms (cache hit)
146 http cache raf@https://registry.npmjs.org/raf/-/raf-3.4.1.tgz 0ms (cache hit)
147 http cache queue-microtask@https://registry.npmjs.org/queue-microtask/-/queue-microtask-1.2.3.tgz 0ms (cache hit)
148 http cache psl@https://registry.npmjs.org/psl/-/psl-1.8.0.tgz 0ms (cache hit)
149 http cache punycode@https://registry.npmjs.org/punycode/-/punycode-2.1.1.tgz 0ms (cache hit)
150 http cache prompts@https://registry.npmjs.org/prompts/-/prompts-2.4.2.tgz 0ms (cache hit)
151 http cache prop-types@https://registry.npmjs.org/prop-types/-/prop-types-15.7.2.tgz 0ms (cache hit)
152 http cache progress@https://registry.npmjs.org/progress/-/progress-2.0.3.tgz 0ms (cache hit)
153 http cache postcss@https://registry.npmjs.org/postcss/-/postcss-8.4.5.tgz 0ms (cache hit)
154 http cache prelude-ls@https://registry.npmjs.org/prelude-ls/-/prelude-ls-1.2.1.tgz 0ms (cache hit)
155 http cache pkg-dir@https://registry.npmjs.org/pkg-dir/-/pkg-dir-4.2.0.tgz 0ms (cache hit)
156 http cache pretty-format@https://registry.npmjs.org/pretty-format/-/pretty-format-27.4.6.tgz 0ms (cache hit)
157 http cache pkg-up@https://registry.npmjs.org/pkg-up/-/pkg-up-2.0.0.tgz 0ms (cache hit)
158 http cache pify@https://registry.npmjs.org/pify/-/pify-3.0.0.tgz 0ms (cache hit)
159 http cache picomatch@https://registry.npmjs.org/picomatch/-/picomatch-2.3.0.tgz 0ms (cache hit)
160 http cache picocolors@https://registry.npmjs.org/picocolors/-/picocolors-1.0.0.tgz 0ms (cache hit)
161 http cache pirates@https://registry.npmjs.org/pirates/-/pirates-4.0.5.tgz 0ms (cache hit)
162 http cache performance-now@https://registry.npmjs.org/performance-now/-/performance-now-2.1.0.tgz 0ms (cache hit)
163 http cache path-type@https://registry.npmjs.org/path-type/-/path-type-4.0.0.tgz 0ms (cache hit)
164 http cache path-key@https://registry.npmjs.org/path-key/-/path-key-3.1.1.tgz 0ms (cache hit)
165 http cache path-is-absolute@https://registry.npmjs.org/path-is-absolute/-/path-is-absolute-1.0.1.tgz 0ms (cache hit)
166 http cache parse5-htmlparser2-tree-adapter@https://registry.npmjs.org/parse5-htmlparser2-tree-adapter/-/parse5-htmlparser2-tree-adapter-6.0.1.tgz 0ms (cache hit)
167 http cache path-parse@https://registry.npmjs.org/path-parse/-/path-parse-1.0.7.tgz 0ms (cache hit)
168 http cache path-exists@https://registry.npmjs.org/path-exists/-/path-exists-4.0.0.tgz 0ms (cache hit)
169 http cache parse5@https://registry.npmjs.org/parse5/-/parse5-6.0.1.tgz 0ms (cache hit)
170 http cache parse-json@https://registry.npmjs.org/parse-json/-/parse-json-4.0.0.tgz 0ms (cache hit)
171 http cache parse-domain@https://registry.npmjs.org/parse-domain/-/parse-domain-7.0.0.tgz 0ms (cache hit)
172 http cache parent-module@https://registry.npmjs.org/parent-module/-/parent-module-1.0.1.tgz 0ms (cache hit)
173 http cache p-try@https://registry.npmjs.org/p-try/-/p-try-2.2.0.tgz 0ms (cache hit)
174 http cache optionator@https://registry.npmjs.org/optionator/-/optionator-0.9.1.tgz 0ms (cache hit)
175 http cache p-locate@https://registry.npmjs.org/p-locate/-/p-locate-4.1.0.tgz 0ms (cache hit)
176 http cache onetime@https://registry.npmjs.org/onetime/-/onetime-5.1.2.tgz 0ms (cache hit)
177 http cache once@https://registry.npmjs.org/once/-/once-1.4.0.tgz 0ms (cache hit)
178 http cache object.fromentries@https://registry.npmjs.org/object.fromentries/-/object.fromentries-2.0.4.tgz 0ms (cache hit)
179 http cache object.entries@https://registry.npmjs.org/object.entries/-/object.entries-1.1.4.tgz 0ms (cache hit)
180 http cache object.assign@https://registry.npmjs.org/object.assign/-/object.assign-4.1.2.tgz 0ms (cache hit)
181 http cache object-keys@https://registry.npmjs.org/object-keys/-/object-keys-1.1.1.tgz 0ms (cache hit)
182 http cache object-is@https://registry.npmjs.org/object-is/-/object-is-1.1.5.tgz 0ms (cache hit)
183 http cache object-assign@https://registry.npmjs.org/object-assign/-/object-assign-4.1.1.tgz 0ms (cache hit)
184 http cache object-inspect@https://registry.npmjs.org/object-inspect/-/object-inspect-1.11.0.tgz 0ms (cache hit)
185 http cache nwsapi@https://registry.npmjs.org/nwsapi/-/nwsapi-2.2.0.tgz 0ms (cache hit)
186 http cache nprogress@https://registry.npmjs.org/nprogress/-/nprogress-0.2.0.tgz 0ms (cache hit)
187 http cache object.values@https://registry.npmjs.org/object.values/-/object.values-1.1.4.tgz 0ms (cache hit)
188 http cache npm-run-path@https://registry.npmjs.org/npm-run-path/-/npm-run-path-4.0.1.tgz 0ms (cache hit)
189 http cache normalize-path@https://registry.npmjs.org/normalize-path/-/normalize-path-3.0.0.tgz 0ms (cache hit)
190 http cache nth-check@https://registry.npmjs.org/nth-check/-/nth-check-2.0.1.tgz 0ms (cache hit)
191 http cache normalize-package-data@https://registry.npmjs.org/normalize-package-data/-/normalize-package-data-2.5.0.tgz 0ms (cache hit)
192 http cache node-int64@https://registry.npmjs.org/node-int64/-/node-int64-0.4.0.tgz 0ms (cache hit)
193 http cache node-fetch@https://registry.npmjs.org/node-fetch/-/node-fetch-2.6.7.tgz 0ms (cache hit)
194 http cache pathval@https://registry.npmjs.org/pathval/-/pathval-1.1.1.tgz 0ms (cache hit)
195 http cache node-domexception@https://registry.npmjs.org/node-domexception/-/node-domexception-1.0.0.tgz 0ms (cache hit)
196 http cache nextjs-progressbar@https://registry.npmjs.org/nextjs-progressbar/-/nextjs-progressbar-0.0.14.tgz 0ms (cache hit)
197 http cache next@https://registry.npmjs.org/next/-/next-12.1.0.tgz 0ms (cache hit)
198 http cache neo-async@https://registry.npmjs.org/neo-async/-/neo-async-2.6.2.tgz 0ms (cache hit)
199 http cache nearley@https://registry.npmjs.org/nearley/-/nearley-2.20.1.tgz 0ms (cache hit)
200 http cache ms@https://registry.npmjs.org/ms/-/ms-2.0.0.tgz 0ms (cache hit)
201 http cache nanoid@https://registry.npmjs.org/nanoid/-/nanoid-3.3.1.tgz 0ms (cache hit)
202 http cache moo@https://registry.npmjs.org/moo/-/moo-0.5.1.tgz 0ms (cache hit)
203 http cache minimatch@https://registry.npmjs.org/minimatch/-/minimatch-3.0.4.tgz 0ms (cache hit)
204 http cache mimic-fn@https://registry.npmjs.org/mimic-fn/-/mimic-fn-2.1.0.tgz 0ms (cache hit)
205 http cache mime-types@https://registry.npmjs.org/mime-types/-/mime-types-2.1.34.tgz 0ms (cache hit)
206 http cache node-releases@https://registry.npmjs.org/node-releases/-/node-releases-2.0.6.tgz 0ms (cache hit)
207 http cache mime-db@https://registry.npmjs.org/mime-db/-/mime-db-1.51.0.tgz 0ms (cache hit)
208 http cache natural-compare@https://registry.npmjs.org/natural-compare/-/natural-compare-1.4.0.tgz 1ms (cache hit)
209 http cache micromatch@https://registry.npmjs.org/micromatch/-/micromatch-4.0.4.tgz 0ms (cache hit)
210 http cache merge-stream@https://registry.npmjs.org/merge-stream/-/merge-stream-2.0.0.tgz 0ms (cache hit)
211 http cache make-dir@https://registry.npmjs.org/make-dir/-/make-dir-3.1.0.tgz 0ms (cache hit)
212 http cache makeerror@https://registry.npmjs.org/makeerror/-/makeerror-1.0.12.tgz 0ms (cache hit)
213 http cache lru-cache@https://registry.npmjs.org/lru-cache/-/lru-cache-6.0.0.tgz 0ms (cache hit)
214 http cache loupe@https://registry.npmjs.org/loupe/-/loupe-2.3.1.tgz 0ms (cache hit)
215 http cache loose-envify@https://registry.npmjs.org/loose-envify/-/loose-envify-1.4.0.tgz 0ms (cache hit)
216 http cache merge2@https://registry.npmjs.org/merge2/-/merge2-1.4.1.tgz 0ms (cache hit)
217 http cache lodash.once@https://registry.npmjs.org/lodash.once/-/lodash.once-4.1.1.tgz 0ms (cache hit)
218 http cache lodash.truncate@https://registry.npmjs.org/lodash.truncate/-/lodash.truncate-4.4.2.tgz 0ms (cache hit)
219 http cache lodash.isstring@https://registry.npmjs.org/lodash.isstring/-/lodash.isstring-4.0.1.tgz 0ms (cache hit)
220 http cache lodash.merge@https://registry.npmjs.org/lodash.merge/-/lodash.merge-4.6.2.tgz 0ms (cache hit)
221 http cache lodash.isplainobject@https://registry.npmjs.org/lodash.isplainobject/-/lodash.isplainobject-4.0.6.tgz 0ms (cache hit)
222 http cache minimist@https://registry.npmjs.org/minimist/-/minimist-1.2.6.tgz 0ms (cache hit)
223 http cache lodash.isboolean@https://registry.npmjs.org/lodash.isboolean/-/lodash.isboolean-3.0.3.tgz 0ms (cache hit)
224 http cache lodash.isequal@https://registry.npmjs.org/lodash.isequal/-/lodash.isequal-4.5.0.tgz 0ms (cache hit)
225 http cache lodash.includes@https://registry.npmjs.org/lodash.includes/-/lodash.includes-4.3.0.tgz 0ms (cache hit)
226 http cache lodash.flattendeep@https://registry.npmjs.org/lodash.flattendeep/-/lodash.flattendeep-4.4.0.tgz 0ms (cache hit)
227 http cache lodash.escape@https://registry.npmjs.org/lodash.escape/-/lodash.escape-4.0.1.tgz 0ms (cache hit)
228 http cache lodash.clonedeep@https://registry.npmjs.org/lodash.clonedeep/-/lodash.clonedeep-4.5.0.tgz 0ms (cache hit)
229 http cache lodash.debounce@https://registry.npmjs.org/lodash.debounce/-/lodash.debounce-4.0.8.tgz 0ms (cache hit)
230 http cache lodash.isnumber@https://registry.npmjs.org/lodash.isnumber/-/lodash.isnumber-3.0.3.tgz 0ms (cache hit)
231 http cache lodash@https://registry.npmjs.org/lodash/-/lodash-4.17.21.tgz 0ms (cache hit)
232 http cache locate-path@https://registry.npmjs.org/locate-path/-/locate-path-5.0.0.tgz 0ms (cache hit)
233 http cache load-json-file@https://registry.npmjs.org/load-json-file/-/load-json-file-4.0.0.tgz 0ms (cache hit)
234 http cache lodash.isinteger@https://registry.npmjs.org/lodash.isinteger/-/lodash.isinteger-4.0.4.tgz 0ms (cache hit)
235 http cache levn@https://registry.npmjs.org/levn/-/levn-0.4.1.tgz 0ms (cache hit)
236 http cache loader-runner@https://registry.npmjs.org/loader-runner/-/loader-runner-4.3.0.tgz 0ms (cache hit)
237 http cache leven@https://registry.npmjs.org/leven/-/leven-3.1.0.tgz 0ms (cache hit)
238 http cache language-subtag-registry@https://registry.npmjs.org/language-subtag-registry/-/language-subtag-registry-0.3.21.tgz 0ms (cache hit)
239 http cache kleur@https://registry.npmjs.org/kleur/-/kleur-3.0.3.tgz 0ms (cache hit)
240 http cache kind-of@https://registry.npmjs.org/kind-of/-/kind-of-6.0.3.tgz 0ms (cache hit)
241 http cache jws@https://registry.npmjs.org/jws/-/jws-3.2.2.tgz 0ms (cache hit)
242 http cache jwa@https://registry.npmjs.org/jwa/-/jwa-1.4.1.tgz 0ms (cache hit)
243 http cache jsx-ast-utils@https://registry.npmjs.org/jsx-ast-utils/-/jsx-ast-utils-3.2.0.tgz 0ms (cache hit)
244 http cache jss-preset-default@https://registry.npmjs.org/jss-preset-default/-/jss-preset-default-10.7.1.tgz 0ms (cache hit)
245 http cache jss-plugin-vendor-prefixer@https://registry.npmjs.org/jss-plugin-vendor-prefixer/-/jss-plugin-vendor-prefixer-10.7.1.tgz 0ms (cache hit)
246 http cache language-tags@https://registry.npmjs.org/language-tags/-/language-tags-1.0.5.tgz 0ms (cache hit)
247 http cache jss-plugin-template@https://registry.npmjs.org/jss-plugin-template/-/jss-plugin-template-10.7.1.tgz 0ms (cache hit)
248 http cache jss-plugin-rule-value-observable@https://registry.npmjs.org/jss-plugin-rule-value-observable/-/jss-plugin-rule-value-observable-10.7.1.tgz 0ms (cache hit)
249 http cache jss-plugin-rule-value-function@https://registry.npmjs.org/jss-plugin-rule-value-function/-/jss-plugin-rule-value-function-10.7.1.tgz 0ms (cache hit)
250 http cache jss-plugin-nested@https://registry.npmjs.org/jss-plugin-nested/-/jss-plugin-nested-10.7.1.tgz 0ms (cache hit)
251 http cache jss-plugin-global@https://registry.npmjs.org/jss-plugin-global/-/jss-plugin-global-10.7.1.tgz 0ms (cache hit)
252 http cache jss-plugin-props-sort@https://registry.npmjs.org/jss-plugin-props-sort/-/jss-plugin-props-sort-10.7.1.tgz 0ms (cache hit)
253 http cache jss-plugin-extend@https://registry.npmjs.org/jss-plugin-extend/-/jss-plugin-extend-10.7.1.tgz 0ms (cache hit)
254 http cache jss-plugin-compose@https://registry.npmjs.org/jss-plugin-compose/-/jss-plugin-compose-10.7.1.tgz 0ms (cache hit)
255 http cache jss-plugin-expand@https://registry.npmjs.org/jss-plugin-expand/-/jss-plugin-expand-10.7.1.tgz 0ms (cache hit)
256 http cache jss-plugin-default-unit@https://registry.npmjs.org/jss-plugin-default-unit/-/jss-plugin-default-unit-10.7.1.tgz 0ms (cache hit)
257 http cache jss-plugin-camel-case@https://registry.npmjs.org/jss-plugin-camel-case/-/jss-plugin-camel-case-10.7.1.tgz 0ms (cache hit)
258 http cache jsonwebtoken@https://registry.npmjs.org/jsonwebtoken/-/jsonwebtoken-8.5.1.tgz 0ms (cache hit)
259 http cache json-stable-stringify-without-jsonify@https://registry.npmjs.org/json-stable-stringify-without-jsonify/-/json-stable-stringify-without-jsonify-1.0.1.tgz 0ms (cache hit)
260 http cache jss@https://registry.npmjs.org/jss/-/jss-10.7.1.tgz 0ms (cache hit)
261 http cache json-schema-traverse@https://registry.npmjs.org/json-schema-traverse/-/json-schema-traverse-0.4.1.tgz 0ms (cache hit)
262 http cache json-parse-better-errors@https://registry.npmjs.org/json-parse-better-errors/-/json-parse-better-errors-1.0.2.tgz 0ms (cache hit)
263 http cache json-parse-even-better-errors@https://registry.npmjs.org/json-parse-even-better-errors/-/json-parse-even-better-errors-2.3.1.tgz 0ms (cache hit)
264 http cache jsesc@https://registry.npmjs.org/jsesc/-/jsesc-2.5.2.tgz 0ms (cache hit)
265 http cache jsdom@https://registry.npmjs.org/jsdom/-/jsdom-16.7.0.tgz 0ms (cache hit)
266 http cache js-tokens@https://registry.npmjs.org/js-tokens/-/js-tokens-4.0.0.tgz 0ms (cache hit)
267 http cache js-yaml@https://registry.npmjs.org/js-yaml/-/js-yaml-3.14.1.tgz 0ms (cache hit)
268 http cache jest-worker@https://registry.npmjs.org/jest-worker/-/jest-worker-27.5.1.tgz 0ms (cache hit)
269 http cache jest-validate@https://registry.npmjs.org/jest-validate/-/jest-validate-27.4.6.tgz 0ms (cache hit)
270 http cache jest-watcher@https://registry.npmjs.org/jest-watcher/-/jest-watcher-27.4.6.tgz 0ms (cache hit)
271 http cache jest-serializer@https://registry.npmjs.org/jest-serializer/-/jest-serializer-27.4.0.tgz 0ms (cache hit)
272 http cache jest-snapshot@https://registry.npmjs.org/jest-snapshot/-/jest-snapshot-27.4.6.tgz 0ms (cache hit)
273 http cache jest-runtime@https://registry.npmjs.org/jest-runtime/-/jest-runtime-27.4.6.tgz 0ms (cache hit)
274 http cache jest-util@https://registry.npmjs.org/jest-util/-/jest-util-27.4.2.tgz 0ms (cache hit)
275 http cache jest-runner@https://registry.npmjs.org/jest-runner/-/jest-runner-27.4.6.tgz 0ms (cache hit)
276 http cache jest-resolve-dependencies@https://registry.npmjs.org/jest-resolve-dependencies/-/jest-resolve-dependencies-27.4.6.tgz 0ms (cache hit)
277 http cache jest-resolve@https://registry.npmjs.org/jest-resolve/-/jest-resolve-27.4.6.tgz 0ms (cache hit)
278 http cache jest-regex-util@https://registry.npmjs.org/jest-regex-util/-/jest-regex-util-27.4.0.tgz 0ms (cache hit)
279 http cache jest-mock@https://registry.npmjs.org/jest-mock/-/jest-mock-27.4.6.tgz 0ms (cache hit)
280 http cache jest-matcher-utils@https://registry.npmjs.org/jest-matcher-utils/-/jest-matcher-utils-27.4.6.tgz 0ms (cache hit)
281 http cache jest-pnp-resolver@https://registry.npmjs.org/jest-pnp-resolver/-/jest-pnp-resolver-1.2.2.tgz 0ms (cache hit)
282 http cache jest-message-util@https://registry.npmjs.org/jest-message-util/-/jest-message-util-27.4.6.tgz 0ms (cache hit)
283 http cache jest-jasmine2@https://registry.npmjs.org/jest-jasmine2/-/jest-jasmine2-27.4.6.tgz 0ms (cache hit)
284 http cache jest-leak-detector@https://registry.npmjs.org/jest-leak-detector/-/jest-leak-detector-27.4.6.tgz 0ms (cache hit)
285 http cache jest-haste-map@https://registry.npmjs.org/jest-haste-map/-/jest-haste-map-27.4.6.tgz 0ms (cache hit)
286 http cache jest-get-type@https://registry.npmjs.org/jest-get-type/-/jest-get-type-27.4.0.tgz 0ms (cache hit)
287 http cache jest-environment-node@https://registry.npmjs.org/jest-environment-node/-/jest-environment-node-27.4.6.tgz 0ms (cache hit)
288 http cache jest-environment-jsdom@https://registry.npmjs.org/jest-environment-jsdom/-/jest-environment-jsdom-27.4.6.tgz 0ms (cache hit)
289 http cache jest-each@https://registry.npmjs.org/jest-each/-/jest-each-27.4.6.tgz 0ms (cache hit)
290 http cache jest-diff@https://registry.npmjs.org/jest-diff/-/jest-diff-27.4.6.tgz 0ms (cache hit)
291 http cache jest-config@https://registry.npmjs.org/jest-config/-/jest-config-27.4.7.tgz 0ms (cache hit)
292 http cache jest-docblock@https://registry.npmjs.org/jest-docblock/-/jest-docblock-27.4.0.tgz 0ms (cache hit)
293 http cache jest-changed-files@https://registry.npmjs.org/jest-changed-files/-/jest-changed-files-27.4.2.tgz 0ms (cache hit)
294 http cache istanbul-lib-source-maps@https://registry.npmjs.org/istanbul-lib-source-maps/-/istanbul-lib-source-maps-4.0.1.tgz 0ms (cache hit)
295 http cache jest-circus@https://registry.npmjs.org/jest-circus/-/jest-circus-27.4.6.tgz 0ms (cache hit)
296 http cache jest@https://registry.npmjs.org/jest/-/jest-27.4.7.tgz 0ms (cache hit)
297 http cache istanbul-lib-report@https://registry.npmjs.org/istanbul-lib-report/-/istanbul-lib-report-3.0.0.tgz 0ms (cache hit)
298 http cache istanbul-reports@https://registry.npmjs.org/istanbul-reports/-/istanbul-reports-3.1.3.tgz 0ms (cache hit)
299 http cache istanbul-lib-instrument@https://registry.npmjs.org/istanbul-lib-instrument/-/istanbul-lib-instrument-5.1.0.tgz 0ms (cache hit)
300 http cache istanbul-lib-coverage@https://registry.npmjs.org/istanbul-lib-coverage/-/istanbul-lib-coverage-3.2.0.tgz 0ms (cache hit)
301 http cache is-weakref@https://registry.npmjs.org/is-weakref/-/is-weakref-1.0.2.tgz 0ms (cache hit)
302 http cache isobject@https://registry.npmjs.org/isobject/-/isobject-3.0.1.tgz 0ms (cache hit)
303 http cache is-typedarray@https://registry.npmjs.org/is-typedarray/-/is-typedarray-1.0.0.tgz 0ms (cache hit)
304 http cache isexe@https://registry.npmjs.org/isexe/-/isexe-2.0.0.tgz 0ms (cache hit)
305 http cache is-subset@https://registry.npmjs.org/is-subset/-/is-subset-0.1.1.tgz 0ms (cache hit)
306 http cache is-symbol@https://registry.npmjs.org/is-symbol/-/is-symbol-1.0.4.tgz 0ms (cache hit)
307 http cache is-string@https://registry.npmjs.org/is-string/-/is-string-1.0.7.tgz 0ms (cache hit)
308 http cache is-shared-array-buffer@https://registry.npmjs.org/is-shared-array-buffer/-/is-shared-array-buffer-1.0.1.tgz 0ms (cache hit)
309 http cache is-stream@https://registry.npmjs.org/is-stream/-/is-stream-2.0.1.tgz 0ms (cache hit)
310 http cache is-regex@https://registry.npmjs.org/is-regex/-/is-regex-1.1.4.tgz 0ms (cache hit)
311 http cache is-potential-custom-element-name@https://registry.npmjs.org/is-potential-custom-element-name/-/is-potential-custom-element-name-1.0.1.tgz 0ms (cache hit)
312 http cache is-plain-object@https://registry.npmjs.org/is-plain-object/-/is-plain-object-2.0.4.tgz 0ms (cache hit)
313 http cache is-number@https://registry.npmjs.org/is-number/-/is-number-7.0.0.tgz 0ms (cache hit)
314 http cache is-number-object@https://registry.npmjs.org/is-number-object/-/is-number-object-1.0.6.tgz 0ms (cache hit)
315 http cache is-negative-zero@https://registry.npmjs.org/is-negative-zero/-/is-negative-zero-2.0.1.tgz 0ms (cache hit)
316 http cache is-ip@https://registry.npmjs.org/is-ip/-/is-ip-4.0.0.tgz 0ms (cache hit)
317 http cache is-in-browser@https://registry.npmjs.org/is-in-browser/-/is-in-browser-1.1.3.tgz 0ms (cache hit)
318 http cache is-fullwidth-code-point@https://registry.npmjs.org/is-fullwidth-code-point/-/is-fullwidth-code-point-3.0.0.tgz 0ms (cache hit)
319 http cache is-generator-fn@https://registry.npmjs.org/is-generator-fn/-/is-generator-fn-2.1.0.tgz 0ms (cache hit)
320 http cache is-glob@https://registry.npmjs.org/is-glob/-/is-glob-4.0.1.tgz 0ms (cache hit)
321 http cache is-extglob@https://registry.npmjs.org/is-extglob/-/is-extglob-2.1.1.tgz 0ms (cache hit)
322 http cache is-date-object@https://registry.npmjs.org/is-date-object/-/is-date-object-1.0.5.tgz 0ms (cache hit)
323 http cache is-core-module@https://registry.npmjs.org/is-core-module/-/is-core-module-2.5.0.tgz 0ms (cache hit)
324 http cache is-boolean-object@https://registry.npmjs.org/is-boolean-object/-/is-boolean-object-1.1.2.tgz 0ms (cache hit)
325 http cache is-callable@https://registry.npmjs.org/is-callable/-/is-callable-1.2.4.tgz 0ms (cache hit)
326 http cache is-binary-path@https://registry.npmjs.org/is-binary-path/-/is-binary-path-2.1.0.tgz 0ms (cache hit)
327 http cache ip-regex@https://registry.npmjs.org/ip-regex/-/ip-regex-5.0.0.tgz 0ms (cache hit)
328 http cache is-arrayish@https://registry.npmjs.org/is-arrayish/-/is-arrayish-0.2.1.tgz 0ms (cache hit)
329 http cache is-bigint@https://registry.npmjs.org/is-bigint/-/is-bigint-1.0.3.tgz 0ms (cache hit)
330 http cache inherits@https://registry.npmjs.org/inherits/-/inherits-2.0.4.tgz 0ms (cache hit)
331 http cache imurmurhash@https://registry.npmjs.org/imurmurhash/-/imurmurhash-0.1.4.tgz 0ms (cache hit)
332 http cache inflight@https://registry.npmjs.org/inflight/-/inflight-1.0.6.tgz 0ms (cache hit)
333 http cache ignore@https://registry.npmjs.org/ignore/-/ignore-4.0.6.tgz 1ms (cache hit)
334 http cache import-local@https://registry.npmjs.org/import-local/-/import-local-3.1.0.tgz 0ms (cache hit)
335 http cache internal-slot@https://registry.npmjs.org/internal-slot/-/internal-slot-1.0.3.tgz 0ms (cache hit)
336 http cache hyphenate-style-name@https://registry.npmjs.org/hyphenate-style-name/-/hyphenate-style-name-1.0.4.tgz 0ms (cache hit)
337 http cache import-fresh@https://registry.npmjs.org/import-fresh/-/import-fresh-3.3.0.tgz 0ms (cache hit)
338 http cache https-proxy-agent@https://registry.npmjs.org/https-proxy-agent/-/https-proxy-agent-5.0.0.tgz 0ms (cache hit)
339 http cache human-signals@https://registry.npmjs.org/human-signals/-/human-signals-2.1.0.tgz 0ms (cache hit)
340 http cache http-proxy-agent@https://registry.npmjs.org/http-proxy-agent/-/http-proxy-agent-4.0.1.tgz 0ms (cache hit)
341 http cache html-escaper@https://registry.npmjs.org/html-escaper/-/html-escaper-2.0.2.tgz 0ms (cache hit)
342 http cache html-encoding-sniffer@https://registry.npmjs.org/html-encoding-sniffer/-/html-encoding-sniffer-2.0.1.tgz 0ms (cache hit)
343 http cache htmlparser2@https://registry.npmjs.org/htmlparser2/-/htmlparser2-6.1.0.tgz 0ms (cache hit)
344 http cache has-symbols@https://registry.npmjs.org/has-symbols/-/has-symbols-1.0.2.tgz 0ms (cache hit)
345 http cache html-element-map@https://registry.npmjs.org/html-element-map/-/html-element-map-1.3.1.tgz 0ms (cache hit)
346 http cache hosted-git-info@https://registry.npmjs.org/hosted-git-info/-/hosted-git-info-2.8.9.tgz 0ms (cache hit)
347 http cache has-tostringtag@https://registry.npmjs.org/has-tostringtag/-/has-tostringtag-1.0.0.tgz 0ms (cache hit)
348 http cache has-flag@https://registry.npmjs.org/has-flag/-/has-flag-3.0.0.tgz 0ms (cache hit)
349 http cache has-bigints@https://registry.npmjs.org/has-bigints/-/has-bigints-1.0.1.tgz 0ms (cache hit)
350 http cache hoist-non-react-statics@https://registry.npmjs.org/hoist-non-react-statics/-/hoist-non-react-statics-3.3.2.tgz 0ms (cache hit)
351 http cache graceful-fs@https://registry.npmjs.org/graceful-fs/-/graceful-fs-4.2.10.tgz 0ms (cache hit)
352 http cache has@https://registry.npmjs.org/has/-/has-1.0.3.tgz 0ms (cache hit)
353 http cache globby@https://registry.npmjs.org/globby/-/globby-11.0.4.tgz 0ms (cache hit)
354 http cache glob-to-regexp@https://registry.npmjs.org/glob-to-regexp/-/glob-to-regexp-0.4.1.tgz 0ms (cache hit)
355 http cache globals@https://registry.npmjs.org/globals/-/globals-13.10.0.tgz 0ms (cache hit)
356 http cache glob-parent@https://registry.npmjs.org/glob-parent/-/glob-parent-5.1.2.tgz 0ms (cache hit)
357 http cache glob@https://registry.npmjs.org/glob/-/glob-7.1.7.tgz 0ms (cache hit)
358 http cache get-symbol-description@https://registry.npmjs.org/get-symbol-description/-/get-symbol-description-1.0.0.tgz 0ms (cache hit)
359 http cache get-stream@https://registry.npmjs.org/get-stream/-/get-stream-6.0.1.tgz 0ms (cache hit)
360 http cache get-package-type@https://registry.npmjs.org/get-package-type/-/get-package-type-0.1.0.tgz 0ms (cache hit)
361 http cache get-intrinsic@https://registry.npmjs.org/get-intrinsic/-/get-intrinsic-1.1.1.tgz 0ms (cache hit)
362 http cache get-caller-file@https://registry.npmjs.org/get-caller-file/-/get-caller-file-2.0.5.tgz 0ms (cache hit)
363 http cache gensync@https://registry.npmjs.org/gensync/-/gensync-1.0.0-beta.2.tgz 0ms (cache hit)
364 http cache get-func-name@https://registry.npmjs.org/get-func-name/-/get-func-name-2.0.0.tgz 0ms (cache hit)
365 http cache function.prototype.name@https://registry.npmjs.org/function.prototype.name/-/function.prototype.name-1.1.5.tgz 0ms (cache hit)
366 http cache functional-red-black-tree@https://registry.npmjs.org/functional-red-black-tree/-/functional-red-black-tree-1.0.1.tgz 0ms (cache hit)
367 http cache fs.realpath@https://registry.npmjs.org/fs.realpath/-/fs.realpath-1.0.0.tgz 0ms (cache hit)
368 http cache formdata-polyfill@https://registry.npmjs.org/formdata-polyfill/-/formdata-polyfill-4.0.10.tgz 0ms (cache hit)
369 http cache function-bind@https://registry.npmjs.org/function-bind/-/function-bind-1.1.1.tgz 0ms (cache hit)
370 http cache fs-readdir-recursive@https://registry.npmjs.org/fs-readdir-recursive/-/fs-readdir-recursive-1.1.0.tgz 0ms (cache hit)
371 http cache form-data@https://registry.npmjs.org/form-data/-/form-data-3.0.1.tgz 1ms (cache hit)
372 http cache functions-have-names@https://registry.npmjs.org/functions-have-names/-/functions-have-names-1.2.2.tgz 0ms (cache hit)
373 http cache follow-redirects@https://registry.npmjs.org/follow-redirects/-/follow-redirects-1.14.9.tgz 0ms (cache hit)
374 http cache find-up@https://registry.npmjs.org/find-up/-/find-up-4.1.0.tgz 0ms (cache hit)
375 http cache fill-range@https://registry.npmjs.org/fill-range/-/fill-range-7.0.1.tgz 0ms (cache hit)
376 http cache flat-cache@https://registry.npmjs.org/flat-cache/-/flat-cache-3.0.4.tgz 0ms (cache hit)
377 http cache fetch-cookie@https://registry.npmjs.org/fetch-cookie/-/fetch-cookie-0.11.0.tgz 0ms (cache hit)
378 http cache fetch-blob@https://registry.npmjs.org/fetch-blob/-/fetch-blob-3.1.4.tgz 0ms (cache hit)
379 http cache fb-watchman@https://registry.npmjs.org/fb-watchman/-/fb-watchman-2.0.1.tgz 0ms (cache hit)
380 http cache fast-levenshtein@https://registry.npmjs.org/fast-levenshtein/-/fast-levenshtein-2.0.6.tgz 0ms (cache hit)
381 http cache fastq@https://registry.npmjs.org/fastq/-/fastq-1.11.1.tgz 0ms (cache hit)
382 http cache flatted@https://registry.npmjs.org/flatted/-/flatted-3.2.2.tgz 0ms (cache hit)
383 http cache fast-json-stable-stringify@https://registry.npmjs.org/fast-json-stable-stringify/-/fast-json-stable-stringify-2.1.0.tgz 0ms (cache hit)
384 http cache expect@https://registry.npmjs.org/expect/-/expect-27.4.6.tgz 0ms (cache hit)
385 http cache expose-loader@https://registry.npmjs.org/expose-loader/-/expose-loader-3.0.0.tgz 0ms (cache hit)
386 http cache exit@https://registry.npmjs.org/exit/-/exit-0.1.2.tgz 0ms (cache hit)
387 http cache fast-deep-equal@https://registry.npmjs.org/fast-deep-equal/-/fast-deep-equal-3.1.3.tgz 0ms (cache hit)
388 http cache eventsource@https://registry.npmjs.org/eventsource/-/eventsource-1.1.2.tgz 0ms (cache hit)
389 http cache file-entry-cache@https://registry.npmjs.org/file-entry-cache/-/file-entry-cache-6.0.1.tgz 0ms (cache hit)
390 http cache execa@https://registry.npmjs.org/execa/-/execa-5.1.1.tgz 0ms (cache hit)
391 http cache events@https://registry.npmjs.org/events/-/events-3.3.0.tgz 0ms (cache hit)
392 http cache esutils@https://registry.npmjs.org/esutils/-/esutils-2.0.3.tgz 0ms (cache hit)
393 http cache estraverse@https://registry.npmjs.org/estraverse/-/estraverse-4.3.0.tgz 0ms (cache hit)
394 http cache esprima@https://registry.npmjs.org/esprima/-/esprima-4.0.1.tgz 0ms (cache hit)
395 http cache esrecurse@https://registry.npmjs.org/esrecurse/-/esrecurse-4.3.0.tgz 0ms (cache hit)
396 http cache espree@https://registry.npmjs.org/espree/-/espree-7.3.1.tgz 0ms (cache hit)
397 http cache esquery@https://registry.npmjs.org/esquery/-/esquery-1.4.0.tgz 0ms (cache hit)
398 http cache event-target-shim@https://registry.npmjs.org/event-target-shim/-/event-target-shim-5.0.1.tgz 0ms (cache hit)
399 http cache eslint-visitor-keys@https://registry.npmjs.org/eslint-visitor-keys/-/eslint-visitor-keys-2.1.0.tgz 0ms (cache hit)
400 http cache eslint-scope@https://registry.npmjs.org/eslint-scope/-/eslint-scope-5.1.1.tgz 0ms (cache hit)
401 http cache eslint-plugin-react-hooks@https://registry.npmjs.org/eslint-plugin-react-hooks/-/eslint-plugin-react-hooks-4.2.0.tgz 0ms (cache hit)
402 http cache eslint-plugin-react@https://registry.npmjs.org/eslint-plugin-react/-/eslint-plugin-react-7.24.0.tgz 0ms (cache hit)
403 http cache eslint-utils@https://registry.npmjs.org/eslint-utils/-/eslint-utils-2.1.0.tgz 0ms (cache hit)
404 http cache fast-glob@https://registry.npmjs.org/fast-glob/-/fast-glob-3.2.7.tgz 0ms (cache hit)
405 http cache eslint-plugin-jsx-a11y@https://registry.npmjs.org/eslint-plugin-jsx-a11y/-/eslint-plugin-jsx-a11y-6.4.1.tgz 0ms (cache hit)
406 http cache eslint-module-utils@https://registry.npmjs.org/eslint-module-utils/-/eslint-module-utils-2.6.1.tgz 0ms (cache hit)
407 http cache eslint-import-resolver-typescript@https://registry.npmjs.org/eslint-import-resolver-typescript/-/eslint-import-resolver-typescript-2.4.0.tgz 0ms (cache hit)
408 http cache eslint-import-resolver-node@https://registry.npmjs.org/eslint-import-resolver-node/-/eslint-import-resolver-node-0.3.4.tgz 0ms (cache hit)
409 http cache eslint-config-next@https://registry.npmjs.org/eslint-config-next/-/eslint-config-next-11.0.1.tgz 0ms (cache hit)
410 http cache eslint@https://registry.npmjs.org/eslint/-/eslint-7.32.0.tgz 0ms (cache hit)
411 http cache escodegen@https://registry.npmjs.org/escodegen/-/escodegen-2.0.0.tgz 0ms (cache hit)
412 http cache escape-string-regexp@https://registry.npmjs.org/escape-string-regexp/-/escape-string-regexp-1.0.5.tgz 0ms (cache hit)
413 http cache es-to-primitive@https://registry.npmjs.org/es-to-primitive/-/es-to-primitive-1.2.1.tgz 0ms (cache hit)
414 http cache escalade@https://registry.npmjs.org/escalade/-/escalade-3.1.1.tgz 0ms (cache hit)
415 http cache es-array-method-boxes-properly@https://registry.npmjs.org/es-array-method-boxes-properly/-/es-array-method-boxes-properly-1.0.0.tgz 0ms (cache hit)
416 http cache es-module-lexer@https://registry.npmjs.org/es-module-lexer/-/es-module-lexer-0.9.3.tgz 0ms (cache hit)
417 http cache enzyme-shallow-equal@https://registry.npmjs.org/enzyme-shallow-equal/-/enzyme-shallow-equal-1.0.4.tgz 0ms (cache hit)
418 http cache enzyme@https://registry.npmjs.org/enzyme/-/enzyme-3.11.0.tgz 0ms (cache hit)
419 http cache eslint-plugin-import@https://registry.npmjs.org/eslint-plugin-import/-/eslint-plugin-import-2.23.4.tgz 0ms (cache hit)
420 http cache error-ex@https://registry.npmjs.org/error-ex/-/error-ex-1.3.2.tgz 0ms (cache hit)
421 http cache enquirer@https://registry.npmjs.org/enquirer/-/enquirer-2.3.6.tgz 0ms (cache hit)
422 http cache es-abstract@https://registry.npmjs.org/es-abstract/-/es-abstract-1.18.5.tgz 0ms (cache hit)
423 http cache emoji-regex@https://registry.npmjs.org/emoji-regex/-/emoji-regex-8.0.0.tgz 0ms (cache hit)
424 http cache emittery@https://registry.npmjs.org/emittery/-/emittery-0.8.1.tgz 0ms (cache hit)
425 http cache electron-to-chromium@https://registry.npmjs.org/electron-to-chromium/-/electron-to-chromium-1.4.225.tgz 0ms (cache hit)
426 http cache ecdsa-sig-formatter@https://registry.npmjs.org/ecdsa-sig-formatter/-/ecdsa-sig-formatter-1.0.11.tgz 0ms (cache hit)
427 http cache domutils@https://registry.npmjs.org/domutils/-/domutils-2.8.0.tgz 0ms (cache hit)
428 http cache domhandler@https://registry.npmjs.org/domhandler/-/domhandler-4.3.0.tgz 0ms (cache hit)
429 http cache domelementtype@https://registry.npmjs.org/domelementtype/-/domelementtype-2.2.0.tgz 0ms (cache hit)
430 http cache enhanced-resolve@https://registry.npmjs.org/enhanced-resolve/-/enhanced-resolve-5.10.0.tgz 0ms (cache hit)
431 http cache dom-serializer@https://registry.npmjs.org/dom-serializer/-/dom-serializer-1.3.2.tgz 0ms (cache hit)
432 http cache entities@https://registry.npmjs.org/entities/-/entities-2.2.0.tgz 0ms (cache hit)
433 http cache domexception@https://registry.npmjs.org/domexception/-/domexception-2.0.1.tgz 0ms (cache hit)
434 http cache doctrine@https://registry.npmjs.org/doctrine/-/doctrine-3.0.0.tgz 0ms (cache hit)
435 http cache dir-glob@https://registry.npmjs.org/dir-glob/-/dir-glob-3.0.1.tgz 0ms (cache hit)
436 http cache diff-sequences@https://registry.npmjs.org/diff-sequences/-/diff-sequences-27.4.0.tgz 0ms (cache hit)
437 http cache detect-newline@https://registry.npmjs.org/detect-newline/-/detect-newline-3.1.0.tgz 0ms (cache hit)
438 http cache discontinuous-range@https://registry.npmjs.org/discontinuous-range/-/discontinuous-range-1.0.0.tgz 0ms (cache hit)
439 http cache define-properties@https://registry.npmjs.org/define-properties/-/define-properties-1.1.3.tgz 0ms (cache hit)
440 http cache delayed-stream@https://registry.npmjs.org/delayed-stream/-/delayed-stream-1.0.0.tgz 0ms (cache hit)
441 http cache deepmerge@https://registry.npmjs.org/deepmerge/-/deepmerge-4.2.2.tgz 0ms (cache hit)
442 http cache deep-eql@https://registry.npmjs.org/deep-eql/-/deep-eql-3.0.1.tgz 0ms (cache hit)
443 http cache deep-is@https://registry.npmjs.org/deep-is/-/deep-is-0.1.3.tgz 0ms (cache hit)
444 http cache dedent@https://registry.npmjs.org/dedent/-/dedent-0.7.0.tgz 0ms (cache hit)
445 http cache decimal.js@https://registry.npmjs.org/decimal.js/-/decimal.js-10.3.1.tgz 0ms (cache hit)
446 http cache debug@https://registry.npmjs.org/debug/-/debug-2.6.9.tgz 0ms (cache hit)
447 http cache dayjs@https://registry.npmjs.org/dayjs/-/dayjs-1.10.6.tgz 0ms (cache hit)
448 http cache data-urls@https://registry.npmjs.org/data-urls/-/data-urls-2.0.0.tgz 0ms (cache hit)
449 http cache damerau-levenshtein@https://registry.npmjs.org/damerau-levenshtein/-/damerau-levenshtein-1.0.7.tgz 0ms (cache hit)
450 http cache cssstyle@https://registry.npmjs.org/cssstyle/-/cssstyle-2.3.0.tgz 0ms (cache hit)
451 http cache css-what@https://registry.npmjs.org/css-what/-/css-what-5.1.0.tgz 0ms (cache hit)
452 http cache csstype@https://registry.npmjs.org/csstype/-/csstype-3.0.8.tgz 0ms (cache hit)
453 http cache cssom@https://registry.npmjs.org/cssom/-/cssom-0.4.4.tgz 0ms (cache hit)
454 http cache css-vendor@https://registry.npmjs.org/css-vendor/-/css-vendor-2.0.8.tgz 0ms (cache hit)
455 http cache css-select@https://registry.npmjs.org/css-select/-/css-select-4.2.1.tgz 0ms (cache hit)
456 http cache css-jss@https://registry.npmjs.org/css-jss/-/css-jss-10.7.1.tgz 0ms (cache hit)
457 http cache cross-env@https://registry.npmjs.org/cross-env/-/cross-env-7.0.3.tgz 0ms (cache hit)
458 http cache cross-spawn@https://registry.npmjs.org/cross-spawn/-/cross-spawn-7.0.3.tgz 0ms (cache hit)
459 http cache core-js-pure@https://registry.npmjs.org/core-js-pure/-/core-js-pure-3.16.0.tgz 0ms (cache hit)
460 http cache core-js-compat@https://registry.npmjs.org/core-js-compat/-/core-js-compat-3.20.3.tgz 0ms (cache hit)
461 http cache core-js@https://registry.npmjs.org/core-js/-/core-js-2.6.12.tgz 0ms (cache hit)
462 http cache convert-source-map@https://registry.npmjs.org/convert-source-map/-/convert-source-map-1.7.0.tgz 0ms (cache hit)
463 http cache concat-map@https://registry.npmjs.org/concat-map/-/concat-map-0.0.1.tgz 0ms (cache hit)
464 http cache commondir@https://registry.npmjs.org/commondir/-/commondir-1.0.1.tgz 0ms (cache hit)
465 http cache commander@https://registry.npmjs.org/commander/-/commander-2.20.3.tgz 0ms (cache hit)
466 http cache color-name@https://registry.npmjs.org/color-name/-/color-name-1.1.3.tgz 0ms (cache hit)
467 http cache combined-stream@https://registry.npmjs.org/combined-stream/-/combined-stream-1.0.8.tgz 0ms (cache hit)
468 http cache color-convert@https://registry.npmjs.org/color-convert/-/color-convert-1.9.3.tgz 0ms (cache hit)
469 http cache collect-v8-coverage@https://registry.npmjs.org/collect-v8-coverage/-/collect-v8-coverage-1.0.1.tgz 0ms (cache hit)
470 http cache co@https://registry.npmjs.org/co/-/co-4.6.0.tgz 0ms (cache hit)
471 http cache clone-deep@https://registry.npmjs.org/clone-deep/-/clone-deep-4.0.1.tgz 0ms (cache hit)
472 http cache cliui@https://registry.npmjs.org/cliui/-/cliui-7.0.4.tgz 0ms (cache hit)
473 http cache cjs-module-lexer@https://registry.npmjs.org/cjs-module-lexer/-/cjs-module-lexer-1.2.2.tgz 0ms (cache hit)
474 http cache ci-info@https://registry.npmjs.org/ci-info/-/ci-info-3.3.0.tgz 0ms (cache hit)
475 http cache chrome-trace-event@https://registry.npmjs.org/chrome-trace-event/-/chrome-trace-event-1.0.3.tgz 0ms (cache hit)
476 http cache chokidar@https://registry.npmjs.org/chokidar/-/chokidar-3.5.1.tgz 0ms (cache hit)
477 http cache cheerio-select@https://registry.npmjs.org/cheerio-select/-/cheerio-select-1.5.0.tgz 0ms (cache hit)
478 http cache cheerio@https://registry.npmjs.org/cheerio/-/cheerio-1.0.0-rc.10.tgz 0ms (cache hit)
479 http cache chalk@https://registry.npmjs.org/chalk/-/chalk-2.4.2.tgz 0ms (cache hit)
480 http cache check-error@https://registry.npmjs.org/check-error/-/check-error-1.0.2.tgz 0ms (cache hit)
481 http cache chai@https://registry.npmjs.org/chai/-/chai-4.3.6.tgz 0ms (cache hit)
482 http cache char-regex@https://registry.npmjs.org/char-regex/-/char-regex-1.0.2.tgz 0ms (cache hit)
483 http cache caniuse-lite@https://registry.npmjs.org/caniuse-lite/-/caniuse-lite-1.0.30001378.tgz 0ms (cache hit)
484 http cache camelcase@https://registry.npmjs.org/camelcase/-/camelcase-6.3.0.tgz 0ms (cache hit)
485 http cache callsites@https://registry.npmjs.org/callsites/-/callsites-3.1.0.tgz 0ms (cache hit)
486 http cache call-bind@https://registry.npmjs.org/call-bind/-/call-bind-1.0.2.tgz 0ms (cache hit)
487 http cache buffer-equal-constant-time@https://registry.npmjs.org/buffer-equal-constant-time/-/buffer-equal-constant-time-1.0.1.tgz 0ms (cache hit)
488 http cache buffer-from@https://registry.npmjs.org/buffer-from/-/buffer-from-1.1.2.tgz 0ms (cache hit)
489 http cache bser@https://registry.npmjs.org/bser/-/bser-2.1.1.tgz 0ms (cache hit)
490 http cache browserslist@https://registry.npmjs.org/browserslist/-/browserslist-4.21.3.tgz 0ms (cache hit)
491 http cache braces@https://registry.npmjs.org/braces/-/braces-3.0.2.tgz 0ms (cache hit)
492 http cache brace-expansion@https://registry.npmjs.org/brace-expansion/-/brace-expansion-1.1.11.tgz 0ms (cache hit)
493 http cache browser-process-hrtime@https://registry.npmjs.org/browser-process-hrtime/-/browser-process-hrtime-1.0.0.tgz 0ms (cache hit)
494 http cache bootstrap@https://registry.npmjs.org/bootstrap/-/bootstrap-5.1.0.tgz 0ms (cache hit)
495 http cache boolbase@https://registry.npmjs.org/boolbase/-/boolbase-1.0.0.tgz 0ms (cache hit)
496 http cache binary-extensions@https://registry.npmjs.org/binary-extensions/-/binary-extensions-2.2.0.tgz 0ms (cache hit)
497 http cache balanced-match@https://registry.npmjs.org/balanced-match/-/balanced-match-1.0.2.tgz 0ms (cache hit)
498 http cache babel-types@https://registry.npmjs.org/babel-types/-/babel-types-6.26.0.tgz 0ms (cache hit)
499 http cache babel-runtime@https://registry.npmjs.org/babel-runtime/-/babel-runtime-6.26.0.tgz 0ms (cache hit)
500 http cache babel-preset-react@https://registry.npmjs.org/babel-preset-react/-/babel-preset-react-6.24.1.tgz 0ms (cache hit)
501 http cache babel-preset-flow@https://registry.npmjs.org/babel-preset-flow/-/babel-preset-flow-6.23.0.tgz 0ms (cache hit)
502 http cache babel-preset-current-node-syntax@https://registry.npmjs.org/babel-preset-current-node-syntax/-/babel-preset-current-node-syntax-1.0.1.tgz 0ms (cache hit)
503 http cache babel-preset-jest@https://registry.npmjs.org/babel-preset-jest/-/babel-preset-jest-27.4.0.tgz 0ms (cache hit)
504 http cache babel-polyfill@https://registry.npmjs.org/babel-polyfill/-/babel-polyfill-6.26.0.tgz 0ms (cache hit)
505 http cache babel-plugin-transform-react-jsx-self@https://registry.npmjs.org/babel-plugin-transform-react-jsx-self/-/babel-plugin-transform-react-jsx-self-6.22.0.tgz 0ms (cache hit)
506 http cache babel-plugin-transform-react-jsx-source@https://registry.npmjs.org/babel-plugin-transform-react-jsx-source/-/babel-plugin-transform-react-jsx-source-6.22.0.tgz 0ms (cache hit)
507 http cache babel-plugin-transform-react-jsx@https://registry.npmjs.org/babel-plugin-transform-react-jsx/-/babel-plugin-transform-react-jsx-6.24.1.tgz 0ms (cache hit)
508 http cache babel-plugin-transform-react-display-name@https://registry.npmjs.org/babel-plugin-transform-react-display-name/-/babel-plugin-transform-react-display-name-6.25.0.tgz 0ms (cache hit)
509 http cache babel-plugin-transform-flow-strip-types@https://registry.npmjs.org/babel-plugin-transform-flow-strip-types/-/babel-plugin-transform-flow-strip-types-6.22.0.tgz 0ms (cache hit)
510 http cache babel-plugin-syntax-jsx@https://registry.npmjs.org/babel-plugin-syntax-jsx/-/babel-plugin-syntax-jsx-6.18.0.tgz 0ms (cache hit)
511 http cache babel-plugin-polyfill-regenerator@https://registry.npmjs.org/babel-plugin-polyfill-regenerator/-/babel-plugin-polyfill-regenerator-0.3.1.tgz 0ms (cache hit)
512 http cache babel-plugin-polyfill-corejs3@https://registry.npmjs.org/babel-plugin-polyfill-corejs3/-/babel-plugin-polyfill-corejs3-0.5.1.tgz 0ms (cache hit)
513 http cache babel-plugin-syntax-flow@https://registry.npmjs.org/babel-plugin-syntax-flow/-/babel-plugin-syntax-flow-6.18.0.tgz 0ms (cache hit)
514 http cache babel-plugin-polyfill-corejs2@https://registry.npmjs.org/babel-plugin-polyfill-corejs2/-/babel-plugin-polyfill-corejs2-0.3.1.tgz 0ms (cache hit)
515 http cache babel-plugin-istanbul@https://registry.npmjs.org/babel-plugin-istanbul/-/babel-plugin-istanbul-6.1.1.tgz 0ms (cache hit)
516 http cache babel-plugin-jest-hoist@https://registry.npmjs.org/babel-plugin-jest-hoist/-/babel-plugin-jest-hoist-27.4.0.tgz 0ms (cache hit)
517 http cache babel-plugin-dynamic-import-node@https://registry.npmjs.org/babel-plugin-dynamic-import-node/-/babel-plugin-dynamic-import-node-2.3.3.tgz 0ms (cache hit)
518 http cache babel-helper-builder-react-jsx@https://registry.npmjs.org/babel-helper-builder-react-jsx/-/babel-helper-builder-react-jsx-6.26.0.tgz 0ms (cache hit)
519 http cache axobject-query@https://registry.npmjs.org/axobject-query/-/axobject-query-2.2.0.tgz 0ms (cache hit)
520 http cache babel@https://registry.npmjs.org/babel/-/babel-6.23.0.tgz 0ms (cache hit)
521 http cache babel-jest@https://registry.npmjs.org/babel-jest/-/babel-jest-27.4.6.tgz 0ms (cache hit)
522 http cache axios@https://registry.npmjs.org/axios/-/axios-0.21.4.tgz 0ms (cache hit)
523 http cache astral-regex@https://registry.npmjs.org/astral-regex/-/astral-regex-2.0.0.tgz 0ms (cache hit)
524 http cache axe-core@https://registry.npmjs.org/axe-core/-/axe-core-4.3.2.tgz 0ms (cache hit)
525 http cache asynckit@https://registry.npmjs.org/asynckit/-/asynckit-0.4.0.tgz 0ms (cache hit)
526 http cache ast-types-flow@https://registry.npmjs.org/ast-types-flow/-/ast-types-flow-0.0.7.tgz 0ms (cache hit)
527 http cache array.prototype.flatmap@https://registry.npmjs.org/array.prototype.flatmap/-/array.prototype.flatmap-1.2.4.tgz 0ms (cache hit)
528 http cache array.prototype.flat@https://registry.npmjs.org/array.prototype.flat/-/array.prototype.flat-1.2.4.tgz 0ms (cache hit)
529 http cache assertion-error@https://registry.npmjs.org/assertion-error/-/assertion-error-1.1.0.tgz 0ms (cache hit)
530 http cache array.prototype.filter@https://registry.npmjs.org/array.prototype.filter/-/array.prototype.filter-1.0.1.tgz 0ms (cache hit)
531 http cache array-includes@https://registry.npmjs.org/array-includes/-/array-includes-3.1.3.tgz 0ms (cache hit)
532 http cache array-union@https://registry.npmjs.org/array-union/-/array-union-2.1.0.tgz 0ms (cache hit)
533 http cache aria-query@https://registry.npmjs.org/aria-query/-/aria-query-4.2.2.tgz 0ms (cache hit)
534 http cache argparse@https://registry.npmjs.org/argparse/-/argparse-1.0.10.tgz 0ms (cache hit)
535 http cache anymatch@https://registry.npmjs.org/anymatch/-/anymatch-3.1.2.tgz 0ms (cache hit)
536 http cache ansi-styles@https://registry.npmjs.org/ansi-styles/-/ansi-styles-3.2.1.tgz 0ms (cache hit)
537 http cache ansi-colors@https://registry.npmjs.org/ansi-colors/-/ansi-colors-4.1.1.tgz 0ms (cache hit)
538 http cache ansi-regex@https://registry.npmjs.org/ansi-regex/-/ansi-regex-5.0.1.tgz 0ms (cache hit)
539 http cache ansi-escapes@https://registry.npmjs.org/ansi-escapes/-/ansi-escapes-4.3.2.tgz 0ms (cache hit)
540 http cache ajv-keywords@https://registry.npmjs.org/ajv-keywords/-/ajv-keywords-3.5.2.tgz 0ms (cache hit)
541 http cache ajv@https://registry.npmjs.org/ajv/-/ajv-6.12.6.tgz 0ms (cache hit)
542 http cache acorn-walk@https://registry.npmjs.org/acorn-walk/-/acorn-walk-7.2.0.tgz 0ms (cache hit)
543 http cache agent-base@https://registry.npmjs.org/agent-base/-/agent-base-6.0.2.tgz 0ms (cache hit)
544 http cache acorn-globals@https://registry.npmjs.org/acorn-globals/-/acorn-globals-6.0.0.tgz 0ms (cache hit)
545 http cache acorn-jsx@https://registry.npmjs.org/acorn-jsx/-/acorn-jsx-5.3.2.tgz 0ms (cache hit)
546 http cache @xtuc/long@https://registry.npmjs.org/@xtuc/long/-/long-4.2.2.tgz 0ms (cache hit)
547 http cache abab@https://registry.npmjs.org/abab/-/abab-2.0.5.tgz 0ms (cache hit)
548 http cache @xtuc/ieee754@https://registry.npmjs.org/@xtuc/ieee754/-/ieee754-1.2.0.tgz 0ms (cache hit)
549 http cache acorn@https://registry.npmjs.org/acorn/-/acorn-7.4.1.tgz 0ms (cache hit)
550 http cache @wojtekmaj/enzyme-adapter-utils@https://registry.npmjs.org/@wojtekmaj/enzyme-adapter-utils/-/enzyme-adapter-utils-0.1.2.tgz 0ms (cache hit)
551 http cache abort-controller@https://registry.npmjs.org/abort-controller/-/abort-controller-3.0.0.tgz 0ms (cache hit)
552 http cache @wojtekmaj/enzyme-adapter-react-17@https://registry.npmjs.org/@wojtekmaj/enzyme-adapter-react-17/-/enzyme-adapter-react-17-0.6.6.tgz 0ms (cache hit)
553 http cache @webassemblyjs/wast-printer@https://registry.npmjs.org/@webassemblyjs/wast-printer/-/wast-printer-1.11.1.tgz 0ms (cache hit)
554 http cache @webassemblyjs/wasm-parser@https://registry.npmjs.org/@webassemblyjs/wasm-parser/-/wasm-parser-1.11.1.tgz 0ms (cache hit)
555 http cache @webassemblyjs/wasm-edit@https://registry.npmjs.org/@webassemblyjs/wasm-edit/-/wasm-edit-1.11.1.tgz 0ms (cache hit)
556 http cache @webassemblyjs/utf8@https://registry.npmjs.org/@webassemblyjs/utf8/-/utf8-1.11.1.tgz 0ms (cache hit)
557 http cache @webassemblyjs/wasm-gen@https://registry.npmjs.org/@webassemblyjs/wasm-gen/-/wasm-gen-1.11.1.tgz 0ms (cache hit)
558 http cache @webassemblyjs/wasm-opt@https://registry.npmjs.org/@webassemblyjs/wasm-opt/-/wasm-opt-1.11.1.tgz 0ms (cache hit)
559 http cache @webassemblyjs/ieee754@https://registry.npmjs.org/@webassemblyjs/ieee754/-/ieee754-1.11.1.tgz 0ms (cache hit)
560 http cache @webassemblyjs/leb128@https://registry.npmjs.org/@webassemblyjs/leb128/-/leb128-1.11.1.tgz 0ms (cache hit)
561 http cache @webassemblyjs/helper-wasm-bytecode@https://registry.npmjs.org/@webassemblyjs/helper-wasm-bytecode/-/helper-wasm-bytecode-1.11.1.tgz 0ms (cache hit)
562 http cache @webassemblyjs/helper-wasm-section@https://registry.npmjs.org/@webassemblyjs/helper-wasm-section/-/helper-wasm-section-1.11.1.tgz 0ms (cache hit)
563 http cache @webassemblyjs/helper-buffer@https://registry.npmjs.org/@webassemblyjs/helper-buffer/-/helper-buffer-1.11.1.tgz 0ms (cache hit)
564 http cache @webassemblyjs/helper-numbers@https://registry.npmjs.org/@webassemblyjs/helper-numbers/-/helper-numbers-1.11.1.tgz 0ms (cache hit)
565 http cache @typescript-eslint/visitor-keys@https://registry.npmjs.org/@typescript-eslint/visitor-keys/-/visitor-keys-4.29.0.tgz 0ms (cache hit)
566 http cache @webassemblyjs/floating-point-hex-parser@https://registry.npmjs.org/@webassemblyjs/floating-point-hex-parser/-/floating-point-hex-parser-1.11.1.tgz 0ms (cache hit)
567 http cache @webassemblyjs/helper-api-error@https://registry.npmjs.org/@webassemblyjs/helper-api-error/-/helper-api-error-1.11.1.tgz 0ms (cache hit)
568 http cache @typescript-eslint/typescript-estree@https://registry.npmjs.org/@typescript-eslint/typescript-estree/-/typescript-estree-4.29.0.tgz 0ms (cache hit)
569 http cache @webassemblyjs/ast@https://registry.npmjs.org/@webassemblyjs/ast/-/ast-1.11.1.tgz 0ms (cache hit)
570 http cache @typescript-eslint/scope-manager@https://registry.npmjs.org/@typescript-eslint/scope-manager/-/scope-manager-4.29.0.tgz 0ms (cache hit)
571 http cache @typescript-eslint/types@https://registry.npmjs.org/@typescript-eslint/types/-/types-4.29.0.tgz 0ms (cache hit)
572 http cache @typescript-eslint/parser@https://registry.npmjs.org/@typescript-eslint/parser/-/parser-4.29.0.tgz 0ms (cache hit)
573 http cache @types/yargs-parser@https://registry.npmjs.org/@types/yargs-parser/-/yargs-parser-20.2.1.tgz 0ms (cache hit)
574 http cache @types/stack-utils@https://registry.npmjs.org/@types/stack-utils/-/stack-utils-2.0.1.tgz 0ms (cache hit)
575 http cache @types/prettier@https://registry.npmjs.org/@types/prettier/-/prettier-2.4.3.tgz 0ms (cache hit)
576 http cache @types/yargs@https://registry.npmjs.org/@types/yargs/-/yargs-16.0.4.tgz 0ms (cache hit)
577 http cache @types/json-schema@https://registry.npmjs.org/@types/json-schema/-/json-schema-7.0.11.tgz 0ms (cache hit)
578 http cache @types/node@https://registry.npmjs.org/@types/node/-/node-17.0.5.tgz 0ms (cache hit)
579 http cache @types/jest@https://registry.npmjs.org/@types/jest/-/jest-27.4.0.tgz 0ms (cache hit)
580 http cache @types/istanbul-reports@https://registry.npmjs.org/@types/istanbul-reports/-/istanbul-reports-3.0.1.tgz 0ms (cache hit)
581 http cache @types/istanbul-lib-report@https://registry.npmjs.org/@types/istanbul-lib-report/-/istanbul-lib-report-3.0.0.tgz 0ms (cache hit)
582 http cache @types/graceful-fs@https://registry.npmjs.org/@types/graceful-fs/-/graceful-fs-4.1.5.tgz 0ms (cache hit)
583 http cache @types/istanbul-lib-coverage@https://registry.npmjs.org/@types/istanbul-lib-coverage/-/istanbul-lib-coverage-2.0.4.tgz 0ms (cache hit)
584 http cache @types/eslint-scope@https://registry.npmjs.org/@types/eslint-scope/-/eslint-scope-3.7.4.tgz 0ms (cache hit)
585 http cache @types/estree@https://registry.npmjs.org/@types/estree/-/estree-0.0.51.tgz 0ms (cache hit)
586 http cache @types/babel__traverse@https://registry.npmjs.org/@types/babel__traverse/-/babel__traverse-7.14.2.tgz 0ms (cache hit)
587 http cache @types/babel__template@https://registry.npmjs.org/@types/babel__template/-/babel__template-7.4.1.tgz 0ms (cache hit)
588 http cache @types/babel__generator@https://registry.npmjs.org/@types/babel__generator/-/babel__generator-7.6.4.tgz 0ms (cache hit)
589 http cache @types/eslint@https://registry.npmjs.org/@types/eslint/-/eslint-8.4.6.tgz 0ms (cache hit)
590 http cache @tootallnate/once@https://registry.npmjs.org/@tootallnate/once/-/once-1.1.2.tgz 0ms (cache hit)
591 http cache @types/babel__core@https://registry.npmjs.org/@types/babel__core/-/babel__core-7.1.18.tgz 0ms (cache hit)
592 http cache @rushstack/eslint-patch@https://registry.npmjs.org/@rushstack/eslint-patch/-/eslint-patch-1.0.6.tgz 0ms (cache hit)
593 http cache @sinonjs/commons@https://registry.npmjs.org/@sinonjs/commons/-/commons-1.8.3.tgz 0ms (cache hit)
594 http cache @sinonjs/fake-timers@https://registry.npmjs.org/@sinonjs/fake-timers/-/fake-timers-8.1.0.tgz 0ms (cache hit)
595 http cache @popperjs/core@https://registry.npmjs.org/@popperjs/core/-/core-2.11.6.tgz 0ms (cache hit)
596 http cache @nodelib/fs.walk@https://registry.npmjs.org/@nodelib/fs.walk/-/fs.walk-1.2.8.tgz 0ms (cache hit)
597 http cache @nodelib/fs.stat@https://registry.npmjs.org/@nodelib/fs.stat/-/fs.stat-2.0.5.tgz 0ms (cache hit)
598 http cache @nodelib/fs.scandir@https://registry.npmjs.org/@nodelib/fs.scandir/-/fs.scandir-2.1.5.tgz 0ms (cache hit)
599 http cache @nicolo-ribaudo/chokidar-2@https://registry.npmjs.org/@nicolo-ribaudo/chokidar-2/-/chokidar-2-2.1.8-no-fsevents.3.tgz 0ms (cache hit)
600 http cache @next/swc-win32-x64-msvc@https://registry.npmjs.org/@next/swc-win32-x64-msvc/-/swc-win32-x64-msvc-12.1.0.tgz 0ms (cache hit)
601 http cache @next/eslint-plugin-next@https://registry.npmjs.org/@next/eslint-plugin-next/-/eslint-plugin-next-11.0.1.tgz 0ms (cache hit)
602 http cache @microsoft/signalr@https://registry.npmjs.org/@microsoft/signalr/-/signalr-6.0.9.tgz 0ms (cache hit)
603 http cache @jridgewell/trace-mapping@https://registry.npmjs.org/@jridgewell/trace-mapping/-/trace-mapping-0.3.15.tgz 0ms (cache hit)
604 http cache @jridgewell/sourcemap-codec@https://registry.npmjs.org/@jridgewell/sourcemap-codec/-/sourcemap-codec-1.4.14.tgz 0ms (cache hit)
605 http cache @next/env@https://registry.npmjs.org/@next/env/-/env-12.1.0.tgz 0ms (cache hit)
606 http cache @jridgewell/source-map@https://registry.npmjs.org/@jridgewell/source-map/-/source-map-0.3.2.tgz 0ms (cache hit)
607 http cache @jridgewell/set-array@https://registry.npmjs.org/@jridgewell/set-array/-/set-array-1.1.2.tgz 0ms (cache hit)
608 http cache @jridgewell/resolve-uri@https://registry.npmjs.org/@jridgewell/resolve-uri/-/resolve-uri-3.1.0.tgz 0ms (cache hit)
609 http cache @jridgewell/gen-mapping@https://registry.npmjs.org/@jridgewell/gen-mapping/-/gen-mapping-0.3.2.tgz 0ms (cache hit)
610 http cache @jest/test-sequencer@https://registry.npmjs.org/@jest/test-sequencer/-/test-sequencer-27.4.6.tgz 0ms (cache hit)
611 http cache @jest/transform@https://registry.npmjs.org/@jest/transform/-/transform-27.4.6.tgz 0ms (cache hit)
612 http cache @jest/types@https://registry.npmjs.org/@jest/types/-/types-27.4.2.tgz 0ms (cache hit)
613 http cache @jest/source-map@https://registry.npmjs.org/@jest/source-map/-/source-map-27.4.0.tgz 0ms (cache hit)
614 http cache @jest/test-result@https://registry.npmjs.org/@jest/test-result/-/test-result-27.4.6.tgz 0ms (cache hit)
615 http cache @jest/globals@https://registry.npmjs.org/@jest/globals/-/globals-27.4.6.tgz 0ms (cache hit)
616 http cache @jest/reporters@https://registry.npmjs.org/@jest/reporters/-/reporters-27.4.6.tgz 0ms (cache hit)
617 http cache @jest/fake-timers@https://registry.npmjs.org/@jest/fake-timers/-/fake-timers-27.4.6.tgz 0ms (cache hit)
618 http cache @jest/environment@https://registry.npmjs.org/@jest/environment/-/environment-27.4.6.tgz 0ms (cache hit)
619 http cache @istanbuljs/schema@https://registry.npmjs.org/@istanbuljs/schema/-/schema-0.1.3.tgz 0ms (cache hit)
620 http cache @jest/core@https://registry.npmjs.org/@jest/core/-/core-27.4.7.tgz 0ms (cache hit)
621 http cache @jest/console@https://registry.npmjs.org/@jest/console/-/console-27.4.6.tgz 0ms (cache hit)
622 http cache @istanbuljs/load-nyc-config@https://registry.npmjs.org/@istanbuljs/load-nyc-config/-/load-nyc-config-1.1.0.tgz 0ms (cache hit)
623 http cache @humanwhocodes/object-schema@https://registry.npmjs.org/@humanwhocodes/object-schema/-/object-schema-1.2.0.tgz 0ms (cache hit)
624 http cache @humanwhocodes/config-array@https://registry.npmjs.org/@humanwhocodes/config-array/-/config-array-0.5.0.tgz 0ms (cache hit)
625 http cache @emotion/memoize@https://registry.npmjs.org/@emotion/memoize/-/memoize-0.7.1.tgz 0ms (cache hit)
626 http cache @eslint/eslintrc@https://registry.npmjs.org/@eslint/eslintrc/-/eslintrc-0.4.3.tgz 0ms (cache hit)
627 http cache @bcoe/v8-coverage@https://registry.npmjs.org/@bcoe/v8-coverage/-/v8-coverage-0.2.3.tgz 0ms (cache hit)
628 http cache @emotion/is-prop-valid@https://registry.npmjs.org/@emotion/is-prop-valid/-/is-prop-valid-0.7.3.tgz 0ms (cache hit)
629 http cache @babel/template@https://registry.npmjs.org/@babel/template/-/template-7.16.7.tgz 0ms (cache hit)
630 http cache @babel/traverse@https://registry.npmjs.org/@babel/traverse/-/traverse-7.16.10.tgz 0ms (cache hit)
631 http cache @babel/runtime-corejs3@https://registry.npmjs.org/@babel/runtime-corejs3/-/runtime-corejs3-7.14.9.tgz 0ms (cache hit)
632 http cache @babel/runtime@https://registry.npmjs.org/@babel/runtime/-/runtime-7.12.5.tgz 0ms (cache hit)
633 http cache @babel/register@https://registry.npmjs.org/@babel/register/-/register-7.16.9.tgz 0ms (cache hit)
634 http cache @babel/preset-modules@https://registry.npmjs.org/@babel/preset-modules/-/preset-modules-0.1.5.tgz 0ms (cache hit)
635 http cache @babel/preset-env@https://registry.npmjs.org/@babel/preset-env/-/preset-env-7.16.11.tgz 0ms (cache hit)
636 http cache @babel/plugin-transform-unicode-escapes@https://registry.npmjs.org/@babel/plugin-transform-unicode-escapes/-/plugin-transform-unicode-escapes-7.16.7.tgz 0ms (cache hit)
637 http cache @babel/plugin-transform-typeof-symbol@https://registry.npmjs.org/@babel/plugin-transform-typeof-symbol/-/plugin-transform-typeof-symbol-7.16.7.tgz 0ms (cache hit)
638 http cache @babel/plugin-transform-unicode-regex@https://registry.npmjs.org/@babel/plugin-transform-unicode-regex/-/plugin-transform-unicode-regex-7.16.7.tgz 0ms (cache hit)
639 http cache @babel/plugin-transform-template-literals@https://registry.npmjs.org/@babel/plugin-transform-template-literals/-/plugin-transform-template-literals-7.16.7.tgz 0ms (cache hit)
640 http cache @babel/plugin-transform-sticky-regex@https://registry.npmjs.org/@babel/plugin-transform-sticky-regex/-/plugin-transform-sticky-regex-7.16.7.tgz 0ms (cache hit)
641 http cache @babel/plugin-transform-spread@https://registry.npmjs.org/@babel/plugin-transform-spread/-/plugin-transform-spread-7.16.7.tgz 0ms (cache hit)
642 http cache @babel/types@https://registry.npmjs.org/@babel/types/-/types-7.15.0.tgz 0ms (cache hit)
643 http cache @babel/plugin-transform-reserved-words@https://registry.npmjs.org/@babel/plugin-transform-reserved-words/-/plugin-transform-reserved-words-7.16.7.tgz 0ms (cache hit)
644 http cache @babel/plugin-transform-shorthand-properties@https://registry.npmjs.org/@babel/plugin-transform-shorthand-properties/-/plugin-transform-shorthand-properties-7.16.7.tgz 0ms (cache hit)
645 http cache @babel/plugin-transform-property-literals@https://registry.npmjs.org/@babel/plugin-transform-property-literals/-/plugin-transform-property-literals-7.16.7.tgz 0ms (cache hit)
646 http cache @babel/plugin-transform-regenerator@https://registry.npmjs.org/@babel/plugin-transform-regenerator/-/plugin-transform-regenerator-7.16.7.tgz 0ms (cache hit)
647 http cache @babel/plugin-transform-parameters@https://registry.npmjs.org/@babel/plugin-transform-parameters/-/plugin-transform-parameters-7.16.7.tgz 0ms (cache hit)
648 http cache @babel/plugin-transform-object-super@https://registry.npmjs.org/@babel/plugin-transform-object-super/-/plugin-transform-object-super-7.16.7.tgz 0ms (cache hit)
649 http cache @babel/plugin-transform-new-target@https://registry.npmjs.org/@babel/plugin-transform-new-target/-/plugin-transform-new-target-7.16.7.tgz 0ms (cache hit)
650 http cache @babel/plugin-transform-modules-umd@https://registry.npmjs.org/@babel/plugin-transform-modules-umd/-/plugin-transform-modules-umd-7.16.7.tgz 0ms (cache hit)
651 http cache @babel/plugin-transform-modules-systemjs@https://registry.npmjs.org/@babel/plugin-transform-modules-systemjs/-/plugin-transform-modules-systemjs-7.16.7.tgz 0ms (cache hit)
652 http cache @babel/plugin-transform-modules-commonjs@https://registry.npmjs.org/@babel/plugin-transform-modules-commonjs/-/plugin-transform-modules-commonjs-7.16.8.tgz 0ms (cache hit)
653 http cache @babel/plugin-transform-named-capturing-groups-regex@https://registry.npmjs.org/@babel/plugin-transform-named-capturing-groups-regex/-/plugin-transform-named-capturing-groups-regex-7.16.8.tgz 0ms (cache hit)
654 http cache @babel/plugin-transform-modules-amd@https://registry.npmjs.org/@babel/plugin-transform-modules-amd/-/plugin-transform-modules-amd-7.16.7.tgz 0ms (cache hit)
655 http cache @babel/plugin-transform-member-expression-literals@https://registry.npmjs.org/@babel/plugin-transform-member-expression-literals/-/plugin-transform-member-expression-literals-7.16.7.tgz 0ms (cache hit)
656 http cache @babel/plugin-transform-literals@https://registry.npmjs.org/@babel/plugin-transform-literals/-/plugin-transform-literals-7.16.7.tgz 0ms (cache hit)
657 http cache @babel/plugin-transform-exponentiation-operator@https://registry.npmjs.org/@babel/plugin-transform-exponentiation-operator/-/plugin-transform-exponentiation-operator-7.16.7.tgz 0ms (cache hit)
658 http cache @babel/plugin-transform-function-name@https://registry.npmjs.org/@babel/plugin-transform-function-name/-/plugin-transform-function-name-7.16.7.tgz 0ms (cache hit)
659 http cache @babel/plugin-transform-for-of@https://registry.npmjs.org/@babel/plugin-transform-for-of/-/plugin-transform-for-of-7.16.7.tgz 0ms (cache hit)
660 http cache @babel/plugin-transform-duplicate-keys@https://registry.npmjs.org/@babel/plugin-transform-duplicate-keys/-/plugin-transform-duplicate-keys-7.16.7.tgz 0ms (cache hit)
661 http cache @babel/plugin-transform-dotall-regex@https://registry.npmjs.org/@babel/plugin-transform-dotall-regex/-/plugin-transform-dotall-regex-7.16.7.tgz 0ms (cache hit)
662 http cache @babel/plugin-transform-classes@https://registry.npmjs.org/@babel/plugin-transform-classes/-/plugin-transform-classes-7.16.7.tgz 0ms (cache hit)
663 http cache @babel/plugin-transform-destructuring@https://registry.npmjs.org/@babel/plugin-transform-destructuring/-/plugin-transform-destructuring-7.16.7.tgz 0ms (cache hit)
664 http cache @babel/plugin-transform-computed-properties@https://registry.npmjs.org/@babel/plugin-transform-computed-properties/-/plugin-transform-computed-properties-7.16.7.tgz 0ms (cache hit)
665 http cache @babel/plugin-transform-block-scoping@https://registry.npmjs.org/@babel/plugin-transform-block-scoping/-/plugin-transform-block-scoping-7.16.7.tgz 0ms (cache hit)
666 http cache @babel/plugin-transform-block-scoped-functions@https://registry.npmjs.org/@babel/plugin-transform-block-scoped-functions/-/plugin-transform-block-scoped-functions-7.16.7.tgz 0ms (cache hit)
667 http cache @babel/plugin-transform-arrow-functions@https://registry.npmjs.org/@babel/plugin-transform-arrow-functions/-/plugin-transform-arrow-functions-7.16.7.tgz 0ms (cache hit)
668 http cache @babel/plugin-transform-async-to-generator@https://registry.npmjs.org/@babel/plugin-transform-async-to-generator/-/plugin-transform-async-to-generator-7.16.8.tgz 0ms (cache hit)
669 http cache @babel/plugin-syntax-typescript@https://registry.npmjs.org/@babel/plugin-syntax-typescript/-/plugin-syntax-typescript-7.16.7.tgz 0ms (cache hit)
670 http cache @babel/plugin-syntax-private-property-in-object@https://registry.npmjs.org/@babel/plugin-syntax-private-property-in-object/-/plugin-syntax-private-property-in-object-7.14.5.tgz 0ms (cache hit)
671 http cache @babel/plugin-syntax-top-level-await@https://registry.npmjs.org/@babel/plugin-syntax-top-level-await/-/plugin-syntax-top-level-await-7.14.5.tgz 0ms (cache hit)
672 http cache @babel/plugin-syntax-optional-chaining@https://registry.npmjs.org/@babel/plugin-syntax-optional-chaining/-/plugin-syntax-optional-chaining-7.8.3.tgz 0ms (cache hit)
673 http cache @babel/plugin-syntax-optional-catch-binding@https://registry.npmjs.org/@babel/plugin-syntax-optional-catch-binding/-/plugin-syntax-optional-catch-binding-7.8.3.tgz 0ms (cache hit)
674 http cache @babel/plugin-syntax-object-rest-spread@https://registry.npmjs.org/@babel/plugin-syntax-object-rest-spread/-/plugin-syntax-object-rest-spread-7.8.3.tgz 0ms (cache hit)
675 http cache @babel/plugin-syntax-logical-assignment-operators@https://registry.npmjs.org/@babel/plugin-syntax-logical-assignment-operators/-/plugin-syntax-logical-assignment-operators-7.10.4.tgz 0ms (cache hit)
676 http cache @babel/plugin-syntax-numeric-separator@https://registry.npmjs.org/@babel/plugin-syntax-numeric-separator/-/plugin-syntax-numeric-separator-7.10.4.tgz 0ms (cache hit)
677 http cache @babel/plugin-syntax-json-strings@https://registry.npmjs.org/@babel/plugin-syntax-json-strings/-/plugin-syntax-json-strings-7.8.3.tgz 0ms (cache hit)
678 http cache @babel/plugin-syntax-import-meta@https://registry.npmjs.org/@babel/plugin-syntax-import-meta/-/plugin-syntax-import-meta-7.10.4.tgz 0ms (cache hit)
679 http cache @babel/plugin-syntax-dynamic-import@https://registry.npmjs.org/@babel/plugin-syntax-dynamic-import/-/plugin-syntax-dynamic-import-7.8.3.tgz 0ms (cache hit)
680 http cache @babel/plugin-syntax-export-namespace-from@https://registry.npmjs.org/@babel/plugin-syntax-export-namespace-from/-/plugin-syntax-export-namespace-from-7.8.3.tgz 0ms (cache hit)
681 http cache @babel/plugin-syntax-bigint@https://registry.npmjs.org/@babel/plugin-syntax-bigint/-/plugin-syntax-bigint-7.8.3.tgz 0ms (cache hit)
682 http cache @babel/plugin-syntax-class-properties@https://registry.npmjs.org/@babel/plugin-syntax-class-properties/-/plugin-syntax-class-properties-7.12.13.tgz 0ms (cache hit)
683 http cache @babel/plugin-syntax-class-static-block@https://registry.npmjs.org/@babel/plugin-syntax-class-static-block/-/plugin-syntax-class-static-block-7.14.5.tgz 0ms (cache hit)
684 http cache @babel/plugin-syntax-async-generators@https://registry.npmjs.org/@babel/plugin-syntax-async-generators/-/plugin-syntax-async-generators-7.8.4.tgz 0ms (cache hit)
685 http cache @babel/plugin-syntax-nullish-coalescing-operator@https://registry.npmjs.org/@babel/plugin-syntax-nullish-coalescing-operator/-/plugin-syntax-nullish-coalescing-operator-7.8.3.tgz 0ms (cache hit)
686 http cache @babel/plugin-proposal-private-methods@https://registry.npmjs.org/@babel/plugin-proposal-private-methods/-/plugin-proposal-private-methods-7.16.11.tgz 0ms (cache hit)
687 http cache @babel/plugin-proposal-optional-chaining@https://registry.npmjs.org/@babel/plugin-proposal-optional-chaining/-/plugin-proposal-optional-chaining-7.16.7.tgz 0ms (cache hit)
688 http cache @babel/plugin-proposal-private-property-in-object@https://registry.npmjs.org/@babel/plugin-proposal-private-property-in-object/-/plugin-proposal-private-property-in-object-7.16.7.tgz 0ms (cache hit)
689 http cache @babel/plugin-proposal-unicode-property-regex@https://registry.npmjs.org/@babel/plugin-proposal-unicode-property-regex/-/plugin-proposal-unicode-property-regex-7.16.7.tgz 0ms (cache hit)
690 http cache @babel/plugin-proposal-optional-catch-binding@https://registry.npmjs.org/@babel/plugin-proposal-optional-catch-binding/-/plugin-proposal-optional-catch-binding-7.16.7.tgz 0ms (cache hit)
691 http cache @babel/plugin-proposal-object-rest-spread@https://registry.npmjs.org/@babel/plugin-proposal-object-rest-spread/-/plugin-proposal-object-rest-spread-7.16.7.tgz 0ms (cache hit)
692 http cache @babel/plugin-proposal-logical-assignment-operators@https://registry.npmjs.org/@babel/plugin-proposal-logical-assignment-operators/-/plugin-proposal-logical-assignment-operators-7.16.7.tgz 0ms (cache hit)
693 http cache @babel/plugin-proposal-nullish-coalescing-operator@https://registry.npmjs.org/@babel/plugin-proposal-nullish-coalescing-operator/-/plugin-proposal-nullish-coalescing-operator-7.16.7.tgz 0ms (cache hit)
694 http cache @babel/plugin-proposal-numeric-separator@https://registry.npmjs.org/@babel/plugin-proposal-numeric-separator/-/plugin-proposal-numeric-separator-7.16.7.tgz 0ms (cache hit)
695 http cache @babel/plugin-proposal-json-strings@https://registry.npmjs.org/@babel/plugin-proposal-json-strings/-/plugin-proposal-json-strings-7.16.7.tgz 0ms (cache hit)
696 http cache @babel/plugin-proposal-dynamic-import@https://registry.npmjs.org/@babel/plugin-proposal-dynamic-import/-/plugin-proposal-dynamic-import-7.16.7.tgz 0ms (cache hit)
697 http cache @babel/plugin-proposal-export-namespace-from@https://registry.npmjs.org/@babel/plugin-proposal-export-namespace-from/-/plugin-proposal-export-namespace-from-7.16.7.tgz 0ms (cache hit)
698 http cache @babel/plugin-bugfix-v8-spread-parameters-in-optional-chaining@https://registry.npmjs.org/@babel/plugin-bugfix-v8-spread-parameters-in-optional-chaining/-/plugin-bugfix-v8-spread-parameters-in-optional-chaining-7.16.7.tgz 0ms (cache hit)
699 http cache @babel/plugin-proposal-class-static-block@https://registry.npmjs.org/@babel/plugin-proposal-class-static-block/-/plugin-proposal-class-static-block-7.16.7.tgz 0ms (cache hit)
700 http cache @babel/plugin-proposal-async-generator-functions@https://registry.npmjs.org/@babel/plugin-proposal-async-generator-functions/-/plugin-proposal-async-generator-functions-7.16.8.tgz 0ms (cache hit)
701 http cache @babel/plugin-proposal-class-properties@https://registry.npmjs.org/@babel/plugin-proposal-class-properties/-/plugin-proposal-class-properties-7.16.7.tgz 0ms (cache hit)
702 http cache @babel/plugin-bugfix-safari-id-destructuring-collision-in-function-expression@https://registry.npmjs.org/@babel/plugin-bugfix-safari-id-destructuring-collision-in-function-expression/-/plugin-bugfix-safari-id-destructuring-collision-in-function-expression-7.16.7.tgz 0ms (cache hit)
703 http cache @babel/highlight@https://registry.npmjs.org/@babel/highlight/-/highlight-7.14.5.tgz 0ms (cache hit)
704 http cache @babel/parser@https://registry.npmjs.org/@babel/parser/-/parser-7.16.12.tgz 0ms (cache hit)
705 http cache @babel/helpers@https://registry.npmjs.org/@babel/helpers/-/helpers-7.16.7.tgz 0ms (cache hit)
706 http cache @babel/helper-wrap-function@https://registry.npmjs.org/@babel/helper-wrap-function/-/helper-wrap-function-7.16.8.tgz 0ms (cache hit)
707 http cache @babel/helper-validator-option@https://registry.npmjs.org/@babel/helper-validator-option/-/helper-validator-option-7.16.7.tgz 0ms (cache hit)
708 http cache @babel/helper-split-export-declaration@https://registry.npmjs.org/@babel/helper-split-export-declaration/-/helper-split-export-declaration-7.16.7.tgz 0ms (cache hit)
709 http cache @babel/helper-skip-transparent-expression-wrappers@https://registry.npmjs.org/@babel/helper-skip-transparent-expression-wrappers/-/helper-skip-transparent-expression-wrappers-7.16.0.tgz 0ms (cache hit)
710 http cache @babel/helper-validator-identifier@https://registry.npmjs.org/@babel/helper-validator-identifier/-/helper-validator-identifier-7.14.9.tgz 0ms (cache hit)
711 http cache @babel/helper-simple-access@https://registry.npmjs.org/@babel/helper-simple-access/-/helper-simple-access-7.16.7.tgz 0ms (cache hit)
712 http cache @babel/helper-remap-async-to-generator@https://registry.npmjs.org/@babel/helper-remap-async-to-generator/-/helper-remap-async-to-generator-7.16.8.tgz 0ms (cache hit)
713 http cache @babel/helper-replace-supers@https://registry.npmjs.org/@babel/helper-replace-supers/-/helper-replace-supers-7.16.7.tgz 0ms (cache hit)
714 http cache @babel/helper-plugin-utils@https://registry.npmjs.org/@babel/helper-plugin-utils/-/helper-plugin-utils-7.16.5.tgz 0ms (cache hit)
715 http cache @babel/helper-module-imports@https://registry.npmjs.org/@babel/helper-module-imports/-/helper-module-imports-7.16.7.tgz 0ms (cache hit)
716 http cache @babel/helper-optimise-call-expression@https://registry.npmjs.org/@babel/helper-optimise-call-expression/-/helper-optimise-call-expression-7.16.7.tgz 0ms (cache hit)
717 http cache @babel/helper-module-transforms@https://registry.npmjs.org/@babel/helper-module-transforms/-/helper-module-transforms-7.16.7.tgz 0ms (cache hit)
718 http cache @babel/helper-hoist-variables@https://registry.npmjs.org/@babel/helper-hoist-variables/-/helper-hoist-variables-7.16.7.tgz 0ms (cache hit)
719 http cache @babel/helper-member-expression-to-functions@https://registry.npmjs.org/@babel/helper-member-expression-to-functions/-/helper-member-expression-to-functions-7.16.7.tgz 0ms (cache hit)
720 http cache @babel/helper-get-function-arity@https://registry.npmjs.org/@babel/helper-get-function-arity/-/helper-get-function-arity-7.16.7.tgz 0ms (cache hit)
721 http cache @babel/helper-function-name@https://registry.npmjs.org/@babel/helper-function-name/-/helper-function-name-7.16.7.tgz 0ms (cache hit)
722 http cache @babel/helper-explode-assignable-expression@https://registry.npmjs.org/@babel/helper-explode-assignable-expression/-/helper-explode-assignable-expression-7.16.7.tgz 0ms (cache hit)
723 http cache @babel/helper-define-polyfill-provider@https://registry.npmjs.org/@babel/helper-define-polyfill-provider/-/helper-define-polyfill-provider-0.3.1.tgz 0ms (cache hit)
724 http cache @babel/helper-environment-visitor@https://registry.npmjs.org/@babel/helper-environment-visitor/-/helper-environment-visitor-7.16.7.tgz 0ms (cache hit)
725 http cache @babel/helper-create-regexp-features-plugin@https://registry.npmjs.org/@babel/helper-create-regexp-features-plugin/-/helper-create-regexp-features-plugin-7.16.7.tgz 0ms (cache hit)
726 http cache @babel/helper-create-class-features-plugin@https://registry.npmjs.org/@babel/helper-create-class-features-plugin/-/helper-create-class-features-plugin-7.16.10.tgz 0ms (cache hit)
727 http cache @babel/helper-annotate-as-pure@https://registry.npmjs.org/@babel/helper-annotate-as-pure/-/helper-annotate-as-pure-7.16.7.tgz 0ms (cache hit)
728 http cache @babel/helper-compilation-targets@https://registry.npmjs.org/@babel/helper-compilation-targets/-/helper-compilation-targets-7.16.7.tgz 0ms (cache hit)
729 http cache @babel/helper-builder-binary-assignment-operator-visitor@https://registry.npmjs.org/@babel/helper-builder-binary-assignment-operator-visitor/-/helper-builder-binary-assignment-operator-visitor-7.16.7.tgz 0ms (cache hit)
730 http cache @babel/core@https://registry.npmjs.org/@babel/core/-/core-7.16.12.tgz 0ms (cache hit)
731 http cache @babel/generator@https://registry.npmjs.org/@babel/generator/-/generator-7.16.8.tgz 0ms (cache hit)
732 http cache @babel/compat-data@https://registry.npmjs.org/@babel/compat-data/-/compat-data-7.16.8.tgz 0ms (cache hit)
733 http cache @babel/code-frame@https://registry.npmjs.org/@babel/code-frame/-/code-frame-7.12.11.tgz 0ms (cache hit)
734 http cache @babel/cli@https://registry.npmjs.org/@babel/cli/-/cli-7.16.8.tgz 0ms (cache hit)
735 http cache iconv-lite@https://registry.npmjs.org/iconv-lite/-/iconv-lite-0.4.24.tgz 0ms (cache hit)
736 http cache color-convert@https://registry.npmjs.org/color-convert/-/color-convert-2.0.1.tgz 0ms (cache hit)
737 http cache ansi-styles@https://registry.npmjs.org/ansi-styles/-/ansi-styles-4.3.0.tgz 0ms (cache hit)
738 http cache color-name@https://registry.npmjs.org/color-name/-/color-name-1.1.4.tgz 0ms (cache hit)
739 http cache acorn-import-assertions@https://registry.npmjs.org/acorn-import-assertions/-/acorn-import-assertions-1.8.0.tgz 0ms (cache hit)
740 http cache acorn@https://registry.npmjs.org/acorn/-/acorn-8.8.0.tgz 0ms (cache hit)
741 http cache source-map@https://registry.npmjs.org/source-map/-/source-map-0.7.3.tgz 0ms (cache hit)
742 http cache json5@https://registry.npmjs.org/json5/-/json5-2.2.0.tgz 0ms (cache hit)
743 http cache acorn@https://registry.npmjs.org/acorn/-/acorn-8.8.0.tgz 0ms (cache hit)
744 http cache json-schema-traverse@https://registry.npmjs.org/json-schema-traverse/-/json-schema-traverse-1.0.0.tgz 0ms (cache hit)
745 http cache supports-color@https://registry.npmjs.org/supports-color/-/supports-color-7.2.0.tgz 0ms (cache hit)
746 http cache ajv@https://registry.npmjs.org/ajv/-/ajv-8.6.2.tgz 0ms (cache hit)
747 http cache es-abstract@https://registry.npmjs.org/es-abstract/-/es-abstract-1.19.1.tgz 0ms (cache hit)
748 http cache has-flag@https://registry.npmjs.org/has-flag/-/has-flag-4.0.0.tgz 0ms (cache hit)
749 http cache escape-string-regexp@https://registry.npmjs.org/escape-string-regexp/-/escape-string-regexp-2.0.0.tgz 0ms (cache hit)
750 http cache source-map@https://registry.npmjs.org/source-map/-/source-map-0.6.1.tgz 0ms (cache hit)
751 http cache color-name@https://registry.npmjs.org/color-name/-/color-name-1.1.4.tgz 0ms (cache hit)
752 http cache color-convert@https://registry.npmjs.org/color-convert/-/color-convert-2.0.1.tgz 0ms (cache hit)
753 http cache resolve-from@https://registry.npmjs.org/resolve-from/-/resolve-from-5.0.0.tgz 0ms (cache hit)
754 http cache ansi-styles@https://registry.npmjs.org/ansi-styles/-/ansi-styles-4.3.0.tgz 0ms (cache hit)
755 http cache path-exists@https://registry.npmjs.org/path-exists/-/path-exists-3.0.0.tgz 0ms (cache hit)
756 http cache jsesc@https://registry.npmjs.org/jsesc/-/jsesc-0.5.0.tgz 0ms (cache hit)
757 http cache p-try@https://registry.npmjs.org/p-try/-/p-try-1.0.0.tgz 0ms (cache hit)
758 http cache p-locate@https://registry.npmjs.org/p-locate/-/p-locate-2.0.0.tgz 0ms (cache hit)
759 http cache locate-path@https://registry.npmjs.org/locate-path/-/locate-path-2.0.0.tgz 0ms (cache hit)
760 http cache p-limit@https://registry.npmjs.org/p-limit/-/p-limit-1.3.0.tgz 0ms (cache hit)
761 http cache path-type@https://registry.npmjs.org/path-type/-/path-type-3.0.0.tgz 0ms (cache hit)
762 http cache react-is@https://registry.npmjs.org/react-is/-/react-is-16.13.1.tgz 0ms (cache hit)
763 http cache find-up@https://registry.npmjs.org/find-up/-/find-up-2.1.0.tgz 0ms (cache hit)
764 http cache ansi-styles@https://registry.npmjs.org/ansi-styles/-/ansi-styles-5.2.0.tgz 0ms (cache hit)
765 http cache p-try@https://registry.npmjs.org/p-try/-/p-try-1.0.0.tgz 0ms (cache hit)
766 http cache p-locate@https://registry.npmjs.org/p-locate/-/p-locate-2.0.0.tgz 0ms (cache hit)
767 http cache p-limit@https://registry.npmjs.org/p-limit/-/p-limit-1.3.0.tgz 0ms (cache hit)
768 http cache path-exists@https://registry.npmjs.org/path-exists/-/path-exists-3.0.0.tgz 0ms (cache hit)
769 http cache locate-path@https://registry.npmjs.org/locate-path/-/locate-path-2.0.0.tgz 0ms (cache hit)
770 http cache find-up@https://registry.npmjs.org/find-up/-/find-up-2.1.0.tgz 0ms (cache hit)
771 http cache data-uri-to-buffer@https://registry.npmjs.org/data-uri-to-buffer/-/data-uri-to-buffer-4.0.0.tgz 0ms (cache hit)
772 http cache node-fetch@https://registry.npmjs.org/node-fetch/-/node-fetch-3.2.0.tgz 0ms (cache hit)
773 http cache ms@https://registry.npmjs.org/ms/-/ms-2.1.3.tgz 0ms (cache hit)
774 http cache p-limit@https://registry.npmjs.org/p-limit/-/p-limit-2.3.0.tgz 0ms (cache hit)
775 http cache semver@https://registry.npmjs.org/semver/-/semver-5.7.1.tgz 0ms (cache hit)
776 http cache semver@https://registry.npmjs.org/semver/-/semver-5.7.1.tgz 0ms (cache hit)
777 http cache whatwg-url@https://registry.npmjs.org/whatwg-url/-/whatwg-url-8.7.0.tgz 0ms (cache hit)
778 http cache tr46@https://registry.npmjs.org/tr46/-/tr46-2.1.0.tgz 0ms (cache hit)
779 http cache webidl-conversions@https://registry.npmjs.org/webidl-conversions/-/webidl-conversions-6.1.0.tgz 0ms (cache hit)
780 http cache acorn@https://registry.npmjs.org/acorn/-/acorn-8.7.0.tgz 0ms (cache hit)
781 http cache supports-color@https://registry.npmjs.org/supports-color/-/supports-color-7.2.0.tgz 0ms (cache hit)
782 http cache has-flag@https://registry.npmjs.org/has-flag/-/has-flag-4.0.0.tgz 0ms (cache hit)
783 http cache supports-color@https://registry.npmjs.org/supports-color/-/supports-color-8.1.1.tgz 0ms (cache hit)
784 http cache has-flag@https://registry.npmjs.org/has-flag/-/has-flag-4.0.0.tgz 0ms (cache hit)
785 http cache has-flag@https://registry.npmjs.org/has-flag/-/has-flag-4.0.0.tgz 0ms (cache hit)
786 http cache color-convert@https://registry.npmjs.org/color-convert/-/color-convert-2.0.1.tgz 0ms (cache hit)
787 http cache color-name@https://registry.npmjs.org/color-name/-/color-name-1.1.4.tgz 0ms (cache hit)
788 http cache chalk@https://registry.npmjs.org/chalk/-/chalk-4.1.2.tgz 0ms (cache hit)
789 http cache ansi-styles@https://registry.npmjs.org/ansi-styles/-/ansi-styles-4.3.0.tgz 0ms (cache hit)
790 http cache supports-color@https://registry.npmjs.org/supports-color/-/supports-color-7.2.0.tgz 0ms (cache hit)
791 http cache chalk@https://registry.npmjs.org/chalk/-/chalk-4.1.2.tgz 0ms (cache hit)
792 http cache color-convert@https://registry.npmjs.org/color-convert/-/color-convert-2.0.1.tgz 0ms (cache hit)
793 http cache supports-color@https://registry.npmjs.org/supports-color/-/supports-color-7.2.0.tgz 0ms (cache hit)
794 http cache ansi-styles@https://registry.npmjs.org/ansi-styles/-/ansi-styles-4.3.0.tgz 0ms (cache hit)
795 http cache color-convert@https://registry.npmjs.org/color-convert/-/color-convert-2.0.1.tgz 0ms (cache hit)
796 http cache has-flag@https://registry.npmjs.org/has-flag/-/has-flag-4.0.0.tgz 0ms (cache hit)
797 http cache color-name@https://registry.npmjs.org/color-name/-/color-name-1.1.4.tgz 0ms (cache hit)
798 http cache color-name@https://registry.npmjs.org/color-name/-/color-name-1.1.4.tgz 0ms (cache hit)
799 http cache chalk@https://registry.npmjs.org/chalk/-/chalk-4.1.2.tgz 0ms (cache hit)
800 http cache semver@https://registry.npmjs.org/semver/-/semver-7.3.5.tgz 0ms (cache hit)
801 http cache ansi-styles@https://registry.npmjs.org/ansi-styles/-/ansi-styles-4.3.0.tgz 0ms (cache hit)
802 http cache supports-color@https://registry.npmjs.org/supports-color/-/supports-color-7.2.0.tgz 0ms (cache hit)
803 http cache has-flag@https://registry.npmjs.org/has-flag/-/has-flag-4.0.0.tgz 0ms (cache hit)
804 http cache color-name@https://registry.npmjs.org/color-name/-/color-name-1.1.4.tgz 0ms (cache hit)
805 http cache chalk@https://registry.npmjs.org/chalk/-/chalk-4.1.2.tgz 0ms (cache hit)
806 http cache ansi-styles@https://registry.npmjs.org/ansi-styles/-/ansi-styles-4.3.0.tgz 0ms (cache hit)
807 http cache color-convert@https://registry.npmjs.org/color-convert/-/color-convert-2.0.1.tgz 0ms (cache hit)
808 http cache strip-bom@https://registry.npmjs.org/strip-bom/-/strip-bom-4.0.0.tgz 0ms (cache hit)
809 http cache has-flag@https://registry.npmjs.org/has-flag/-/has-flag-4.0.0.tgz 0ms (cache hit)
810 http cache color-name@https://registry.npmjs.org/color-name/-/color-name-1.1.4.tgz 0ms (cache hit)
811 http cache supports-color@https://registry.npmjs.org/supports-color/-/supports-color-7.2.0.tgz 0ms (cache hit)
812 http cache supports-color@https://registry.npmjs.org/supports-color/-/supports-color-7.2.0.tgz 0ms (cache hit)
813 http cache color-convert@https://registry.npmjs.org/color-convert/-/color-convert-2.0.1.tgz 0ms (cache hit)
814 http cache ansi-styles@https://registry.npmjs.org/ansi-styles/-/ansi-styles-4.3.0.tgz 0ms (cache hit)
815 http cache color-name@https://registry.npmjs.org/color-name/-/color-name-1.1.4.tgz 0ms (cache hit)
816 http cache chalk@https://registry.npmjs.org/chalk/-/chalk-4.1.2.tgz 0ms (cache hit)
817 http cache has-flag@https://registry.npmjs.org/has-flag/-/has-flag-4.0.0.tgz 0ms (cache hit)
818 http cache chalk@https://registry.npmjs.org/chalk/-/chalk-4.1.2.tgz 0ms (cache hit)
819 http cache ansi-styles@https://registry.npmjs.org/ansi-styles/-/ansi-styles-4.3.0.tgz 0ms (cache hit)
820 http cache supports-color@https://registry.npmjs.org/supports-color/-/supports-color-7.2.0.tgz 0ms (cache hit)
821 http cache color-convert@https://registry.npmjs.org/color-convert/-/color-convert-2.0.1.tgz 0ms (cache hit)
822 http cache has-flag@https://registry.npmjs.org/has-flag/-/has-flag-4.0.0.tgz 0ms (cache hit)
823 http cache color-name@https://registry.npmjs.org/color-name/-/color-name-1.1.4.tgz 0ms (cache hit)
824 http cache color-convert@https://registry.npmjs.org/color-convert/-/color-convert-2.0.1.tgz 0ms (cache hit)
825 http cache chalk@https://registry.npmjs.org/chalk/-/chalk-4.1.2.tgz 0ms (cache hit)
826 http cache has-flag@https://registry.npmjs.org/has-flag/-/has-flag-4.0.0.tgz 0ms (cache hit)
827 http cache ansi-styles@https://registry.npmjs.org/ansi-styles/-/ansi-styles-4.3.0.tgz 0ms (cache hit)
828 http cache color-name@https://registry.npmjs.org/color-name/-/color-name-1.1.4.tgz 0ms (cache hit)
829 http cache supports-color@https://registry.npmjs.org/supports-color/-/supports-color-7.2.0.tgz 0ms (cache hit)
830 http cache color-convert@https://registry.npmjs.org/color-convert/-/color-convert-2.0.1.tgz 0ms (cache hit)
831 http cache chalk@https://registry.npmjs.org/chalk/-/chalk-4.1.2.tgz 0ms (cache hit)
832 http cache ansi-styles@https://registry.npmjs.org/ansi-styles/-/ansi-styles-4.3.0.tgz 0ms (cache hit)
833 http cache supports-color@https://registry.npmjs.org/supports-color/-/supports-color-7.2.0.tgz 0ms (cache hit)
834 http cache chalk@https://registry.npmjs.org/chalk/-/chalk-2.4.2.tgz 0ms (cache hit)
835 http cache @babel/highlight@https://registry.npmjs.org/@babel/highlight/-/highlight-7.16.10.tgz 0ms (cache hit)
836 http cache @babel/helper-validator-identifier@https://registry.npmjs.org/@babel/helper-validator-identifier/-/helper-validator-identifier-7.16.7.tgz 0ms (cache hit)
837 http cache @babel/code-frame@https://registry.npmjs.org/@babel/code-frame/-/code-frame-7.16.7.tgz 0ms (cache hit)
838 http cache has-flag@https://registry.npmjs.org/has-flag/-/has-flag-4.0.0.tgz 0ms (cache hit)
839 http cache color-convert@https://registry.npmjs.org/color-convert/-/color-convert-2.0.1.tgz 0ms (cache hit)
840 http cache chalk@https://registry.npmjs.org/chalk/-/chalk-4.1.2.tgz 0ms (cache hit)
841 http cache color-name@https://registry.npmjs.org/color-name/-/color-name-1.1.4.tgz 0ms (cache hit)
842 http cache ansi-styles@https://registry.npmjs.org/ansi-styles/-/ansi-styles-4.3.0.tgz 0ms (cache hit)
843 http cache color-name@https://registry.npmjs.org/color-name/-/color-name-1.1.4.tgz 0ms (cache hit)
844 http cache supports-color@https://registry.npmjs.org/supports-color/-/supports-color-7.2.0.tgz 0ms (cache hit)
845 http cache color-convert@https://registry.npmjs.org/color-convert/-/color-convert-2.0.1.tgz 0ms (cache hit)
846 http cache has-flag@https://registry.npmjs.org/has-flag/-/has-flag-4.0.0.tgz 0ms (cache hit)
847 http cache chalk@https://registry.npmjs.org/chalk/-/chalk-4.1.2.tgz 0ms (cache hit)
848 http cache ansi-styles@https://registry.npmjs.org/ansi-styles/-/ansi-styles-4.3.0.tgz 0ms (cache hit)
849 http cache has-flag@https://registry.npmjs.org/has-flag/-/has-flag-4.0.0.tgz 0ms (cache hit)
850 http cache supports-color@https://registry.npmjs.org/supports-color/-/supports-color-7.2.0.tgz 0ms (cache hit)
851 http cache color-name@https://registry.npmjs.org/color-name/-/color-name-1.1.4.tgz 0ms (cache hit)
852 http cache color-convert@https://registry.npmjs.org/color-convert/-/color-convert-2.0.1.tgz 0ms (cache hit)
853 http cache chalk@https://registry.npmjs.org/chalk/-/chalk-4.1.2.tgz 0ms (cache hit)
854 http cache ansi-styles@https://registry.npmjs.org/ansi-styles/-/ansi-styles-4.3.0.tgz 0ms (cache hit)
855 http cache color-name@https://registry.npmjs.org/color-name/-/color-name-1.1.4.tgz 0ms (cache hit)
856 http cache supports-color@https://registry.npmjs.org/supports-color/-/supports-color-7.2.0.tgz 0ms (cache hit)
857 http cache has-flag@https://registry.npmjs.org/has-flag/-/has-flag-4.0.0.tgz 0ms (cache hit)
858 http cache color-convert@https://registry.npmjs.org/color-convert/-/color-convert-2.0.1.tgz 0ms (cache hit)
859 http cache chalk@https://registry.npmjs.org/chalk/-/chalk-4.1.2.tgz 0ms (cache hit)
860 http cache has-flag@https://registry.npmjs.org/has-flag/-/has-flag-4.0.0.tgz 0ms (cache hit)
861 http cache ansi-styles@https://registry.npmjs.org/ansi-styles/-/ansi-styles-4.3.0.tgz 0ms (cache hit)
862 http cache color-name@https://registry.npmjs.org/color-name/-/color-name-1.1.4.tgz 0ms (cache hit)
863 http cache supports-color@https://registry.npmjs.org/supports-color/-/supports-color-7.2.0.tgz 0ms (cache hit)
864 http cache color-convert@https://registry.npmjs.org/color-convert/-/color-convert-2.0.1.tgz 0ms (cache hit)
865 http cache chalk@https://registry.npmjs.org/chalk/-/chalk-4.1.2.tgz 0ms (cache hit)
866 http cache supports-color@https://registry.npmjs.org/supports-color/-/supports-color-7.2.0.tgz 0ms (cache hit)
867 http cache color-name@https://registry.npmjs.org/color-name/-/color-name-1.1.4.tgz 0ms (cache hit)
868 http cache color-convert@https://registry.npmjs.org/color-convert/-/color-convert-2.0.1.tgz 0ms (cache hit)
869 http cache ansi-styles@https://registry.npmjs.org/ansi-styles/-/ansi-styles-4.3.0.tgz 0ms (cache hit)
870 http cache has-flag@https://registry.npmjs.org/has-flag/-/has-flag-4.0.0.tgz 0ms (cache hit)
871 http cache supports-color@https://registry.npmjs.org/supports-color/-/supports-color-7.2.0.tgz 0ms (cache hit)
872 http cache chalk@https://registry.npmjs.org/chalk/-/chalk-4.1.2.tgz 0ms (cache hit)
873 http cache has-flag@https://registry.npmjs.org/has-flag/-/has-flag-4.0.0.tgz 0ms (cache hit)
874 http cache color-convert@https://registry.npmjs.org/color-convert/-/color-convert-2.0.1.tgz 0ms (cache hit)
875 http cache jest-cli@https://registry.npmjs.org/jest-cli/-/jest-cli-27.4.7.tgz 0ms (cache hit)
876 http cache color-name@https://registry.npmjs.org/color-name/-/color-name-1.1.4.tgz 0ms (cache hit)
877 http cache chalk@https://registry.npmjs.org/chalk/-/chalk-4.1.2.tgz 0ms (cache hit)
878 http cache ansi-styles@https://registry.npmjs.org/ansi-styles/-/ansi-styles-4.3.0.tgz 0ms (cache hit)
879 http cache ms@https://registry.npmjs.org/ms/-/ms-2.1.2.tgz 0ms (cache hit)
880 http cache source-map@https://registry.npmjs.org/source-map/-/source-map-0.6.1.tgz 0ms (cache hit)
881 http cache ansi-styles@https://registry.npmjs.org/ansi-styles/-/ansi-styles-4.3.0.tgz 0ms (cache hit)
882 http cache debug@https://registry.npmjs.org/debug/-/debug-4.3.3.tgz 0ms (cache hit)
883 http cache debug@https://registry.npmjs.org/debug/-/debug-4.3.3.tgz 0ms (cache hit)
884 http cache ms@https://registry.npmjs.org/ms/-/ms-2.1.2.tgz 0ms (cache hit)
885 http cache has-flag@https://registry.npmjs.org/has-flag/-/has-flag-4.0.0.tgz 0ms (cache hit)
886 http cache supports-color@https://registry.npmjs.org/supports-color/-/supports-color-7.2.0.tgz 0ms (cache hit)
887 http cache react-is@https://registry.npmjs.org/react-is/-/react-is-16.13.1.tgz 0ms (cache hit)
888 http cache ms@https://registry.npmjs.org/ms/-/ms-2.1.2.tgz 0ms (cache hit)
889 http cache ignore@https://registry.npmjs.org/ignore/-/ignore-5.1.8.tgz 0ms (cache hit)
890 http cache estraverse@https://registry.npmjs.org/estraverse/-/estraverse-5.2.0.tgz 0ms (cache hit)
891 http cache debug@https://registry.npmjs.org/debug/-/debug-4.3.3.tgz 0ms (cache hit)
892 http cache type-fest@https://registry.npmjs.org/type-fest/-/type-fest-0.20.2.tgz 0ms (cache hit)
893 http cache estraverse@https://registry.npmjs.org/estraverse/-/estraverse-5.2.0.tgz 0ms (cache hit)
894 http cache es-abstract@https://registry.npmjs.org/es-abstract/-/es-abstract-1.19.1.tgz 0ms (cache hit)
895 http cache eslint-visitor-keys@https://registry.npmjs.org/eslint-visitor-keys/-/eslint-visitor-keys-1.3.0.tgz 0ms (cache hit)
896 http cache eslint-visitor-keys@https://registry.npmjs.org/eslint-visitor-keys/-/eslint-visitor-keys-1.3.0.tgz 0ms (cache hit)
897 http cache resolve@https://registry.npmjs.org/resolve/-/resolve-2.0.0-next.3.tgz 0ms (cache hit)
898 http cache p-try@https://registry.npmjs.org/p-try/-/p-try-1.0.0.tgz 0ms (cache hit)
899 http cache doctrine@https://registry.npmjs.org/doctrine/-/doctrine-2.1.0.tgz 0ms (cache hit)
900 http cache pkg-dir@https://registry.npmjs.org/pkg-dir/-/pkg-dir-2.0.0.tgz 0ms (cache hit)
901 http cache path-exists@https://registry.npmjs.org/path-exists/-/path-exists-3.0.0.tgz 0ms (cache hit)
902 http cache emoji-regex@https://registry.npmjs.org/emoji-regex/-/emoji-regex-9.2.2.tgz 0ms (cache hit)
903 http cache p-locate@https://registry.npmjs.org/p-locate/-/p-locate-2.0.0.tgz 0ms (cache hit)
904 http cache doctrine@https://registry.npmjs.org/doctrine/-/doctrine-2.1.0.tgz 0ms (cache hit)
905 http cache locate-path@https://registry.npmjs.org/locate-path/-/locate-path-2.0.0.tgz 0ms (cache hit)
906 http cache find-up@https://registry.npmjs.org/find-up/-/find-up-2.1.0.tgz 0ms (cache hit)
907 http cache path-exists@https://registry.npmjs.org/path-exists/-/path-exists-3.0.0.tgz 0ms (cache hit)
908 http cache p-limit@https://registry.npmjs.org/p-limit/-/p-limit-1.3.0.tgz 0ms (cache hit)
909 http cache p-limit@https://registry.npmjs.org/p-limit/-/p-limit-1.3.0.tgz 0ms (cache hit)
910 http cache p-locate@https://registry.npmjs.org/p-locate/-/p-locate-2.0.0.tgz 0ms (cache hit)
911 http cache ms@https://registry.npmjs.org/ms/-/ms-2.1.3.tgz 0ms (cache hit)
912 http cache p-try@https://registry.npmjs.org/p-try/-/p-try-1.0.0.tgz 0ms (cache hit)
913 http cache ms@https://registry.npmjs.org/ms/-/ms-2.1.2.tgz 0ms (cache hit)
914 http cache find-up@https://registry.npmjs.org/find-up/-/find-up-2.1.0.tgz 0ms (cache hit)
915 http cache debug@https://registry.npmjs.org/debug/-/debug-4.3.2.tgz 0ms (cache hit)
916 http cache debug@https://registry.npmjs.org/debug/-/debug-3.2.7.tgz 0ms (cache hit)
917 http cache locate-path@https://registry.npmjs.org/locate-path/-/locate-path-2.0.0.tgz 0ms (cache hit)
918 http cache supports-color@https://registry.npmjs.org/supports-color/-/supports-color-7.2.0.tgz 0ms (cache hit)
919 http cache semver@https://registry.npmjs.org/semver/-/semver-7.3.5.tgz 0ms (cache hit)
920 http cache escape-string-regexp@https://registry.npmjs.org/escape-string-regexp/-/escape-string-regexp-4.0.0.tgz 0ms (cache hit)
921 http cache color-name@https://registry.npmjs.org/color-name/-/color-name-1.1.4.tgz 0ms (cache hit)
922 http cache has-flag@https://registry.npmjs.org/has-flag/-/has-flag-4.0.0.tgz 0ms (cache hit)
923 http cache debug@https://registry.npmjs.org/debug/-/debug-4.3.2.tgz 0ms (cache hit)
924 http cache color-convert@https://registry.npmjs.org/color-convert/-/color-convert-2.0.1.tgz 0ms (cache hit)
925 http cache ms@https://registry.npmjs.org/ms/-/ms-2.1.2.tgz 0ms (cache hit)
926 http cache chalk@https://registry.npmjs.org/chalk/-/chalk-4.1.2.tgz 0ms (cache hit)
927 http cache ansi-styles@https://registry.npmjs.org/ansi-styles/-/ansi-styles-4.3.0.tgz 0ms (cache hit)
928 http cache source-map@https://registry.npmjs.org/source-map/-/source-map-0.6.1.tgz 0ms (cache hit)
929 http cache type-check@https://registry.npmjs.org/type-check/-/type-check-0.3.2.tgz 0ms (cache hit)
930 http cache prelude-ls@https://registry.npmjs.org/prelude-ls/-/prelude-ls-1.1.2.tgz 0ms (cache hit)
931 http cache optionator@https://registry.npmjs.org/optionator/-/optionator-0.8.3.tgz 0ms (cache hit)
932 http cache levn@https://registry.npmjs.org/levn/-/levn-0.3.0.tgz 0ms (cache hit)
933 http cache estraverse@https://registry.npmjs.org/estraverse/-/estraverse-5.3.0.tgz 0ms (cache hit)
934 http cache cssom@https://registry.npmjs.org/cssom/-/cssom-0.3.8.tgz 0ms (cache hit)
935 http cache whatwg-url@https://registry.npmjs.org/whatwg-url/-/whatwg-url-8.7.0.tgz 0ms (cache hit)
936 http cache webidl-conversions@https://registry.npmjs.org/webidl-conversions/-/webidl-conversions-5.0.0.tgz 0ms (cache hit)
937 http cache webidl-conversions@https://registry.npmjs.org/webidl-conversions/-/webidl-conversions-6.1.0.tgz 0ms (cache hit)
938 http cache tr46@https://registry.npmjs.org/tr46/-/tr46-2.1.0.tgz 0ms (cache hit)
939 http cache to-fast-properties@https://registry.npmjs.org/to-fast-properties/-/to-fast-properties-1.0.3.tgz 0ms (cache hit)
940 http cache regenerator-runtime@https://registry.npmjs.org/regenerator-runtime/-/regenerator-runtime-0.11.1.tgz 0ms (cache hit)
941 http cache tslib@https://registry.npmjs.org/tslib/-/tslib-2.3.1.tgz 0ms (cache hit)
942 http cache safe-buffer@https://registry.npmjs.org/safe-buffer/-/safe-buffer-5.1.2.tgz 0ms (cache hit)
943 http cache semver@https://registry.npmjs.org/semver/-/semver-7.0.0.tgz 0ms (cache hit)
944 http cache supports-color@https://registry.npmjs.org/supports-color/-/supports-color-7.2.0.tgz 0ms (cache hit)
945 http cache regenerator-runtime@https://registry.npmjs.org/regenerator-runtime/-/regenerator-runtime-0.10.5.tgz 0ms (cache hit)
946 http cache has-flag@https://registry.npmjs.org/has-flag/-/has-flag-4.0.0.tgz 0ms (cache hit)
947 http cache color-convert@https://registry.npmjs.org/color-convert/-/color-convert-2.0.1.tgz 0ms (cache hit)
948 http cache color-name@https://registry.npmjs.org/color-name/-/color-name-1.1.4.tgz 0ms (cache hit)
949 http cache ansi-styles@https://registry.npmjs.org/ansi-styles/-/ansi-styles-4.3.0.tgz 0ms (cache hit)
950 http cache chalk@https://registry.npmjs.org/chalk/-/chalk-4.1.2.tgz 0ms (cache hit)
951 http cache es-abstract@https://registry.npmjs.org/es-abstract/-/es-abstract-1.19.1.tgz 0ms (cache hit)
952 http cache type-fest@https://registry.npmjs.org/type-fest/-/type-fest-0.21.3.tgz 0ms (cache hit)
953 http cache ms@https://registry.npmjs.org/ms/-/ms-2.1.2.tgz 0ms (cache hit)
954 http cache debug@https://registry.npmjs.org/debug/-/debug-4.3.3.tgz 0ms (cache hit)
955 http cache semver@https://registry.npmjs.org/semver/-/semver-7.3.5.tgz 0ms (cache hit)
956 http cache ms@https://registry.npmjs.org/ms/-/ms-2.1.2.tgz 0ms (cache hit)
957 http cache ms@https://registry.npmjs.org/ms/-/ms-2.1.2.tgz 0ms (cache hit)
958 http cache debug@https://registry.npmjs.org/debug/-/debug-4.3.2.tgz 0ms (cache hit)
959 http cache react-test-renderer@https://registry.npmjs.org/react-test-renderer/-/react-test-renderer-17.0.2.tgz 0ms (cache hit)
960 http cache supports-color@https://registry.npmjs.org/supports-color/-/supports-color-7.2.0.tgz 0ms (cache hit)
961 http cache has-flag@https://registry.npmjs.org/has-flag/-/has-flag-4.0.0.tgz 0ms (cache hit)
962 http cache supports-color@https://registry.npmjs.org/supports-color/-/supports-color-7.2.0.tgz 0ms (cache hit)
963 http cache color-convert@https://registry.npmjs.org/color-convert/-/color-convert-2.0.1.tgz 0ms (cache hit)
964 http cache debug@https://registry.npmjs.org/debug/-/debug-4.3.2.tgz 0ms (cache hit)
965 http cache color-name@https://registry.npmjs.org/color-name/-/color-name-1.1.4.tgz 0ms (cache hit)
966 http cache chalk@https://registry.npmjs.org/chalk/-/chalk-4.1.2.tgz 0ms (cache hit)
967 http cache ansi-styles@https://registry.npmjs.org/ansi-styles/-/ansi-styles-4.3.0.tgz 0ms (cache hit)
968 http cache has-flag@https://registry.npmjs.org/has-flag/-/has-flag-4.0.0.tgz 0ms (cache hit)
969 http cache source-map@https://registry.npmjs.org/source-map/-/source-map-0.6.1.tgz 0ms (cache hit)
970 http cache color-convert@https://registry.npmjs.org/color-convert/-/color-convert-2.0.1.tgz 0ms (cache hit)
971 http cache ansi-styles@https://registry.npmjs.org/ansi-styles/-/ansi-styles-4.3.0.tgz 0ms (cache hit)
972 http cache color-name@https://registry.npmjs.org/color-name/-/color-name-1.1.4.tgz 0ms (cache hit)
973 http cache chalk@https://registry.npmjs.org/chalk/-/chalk-4.1.2.tgz 0ms (cache hit)
974 http cache supports-color@https://registry.npmjs.org/supports-color/-/supports-color-7.2.0.tgz 0ms (cache hit)
975 http cache source-map@https://registry.npmjs.org/source-map/-/source-map-0.6.1.tgz 0ms (cache hit)
976 http cache color-name@https://registry.npmjs.org/color-name/-/color-name-1.1.4.tgz 0ms (cache hit)
977 http cache has-flag@https://registry.npmjs.org/has-flag/-/has-flag-4.0.0.tgz 0ms (cache hit)
978 http cache chalk@https://registry.npmjs.org/chalk/-/chalk-4.1.2.tgz 0ms (cache hit)
979 http cache supports-color@https://registry.npmjs.org/supports-color/-/supports-color-7.2.0.tgz 0ms (cache hit)
980 http cache source-map@https://registry.npmjs.org/source-map/-/source-map-0.6.1.tgz 0ms (cache hit)
981 http cache color-convert@https://registry.npmjs.org/color-convert/-/color-convert-2.0.1.tgz 0ms (cache hit)
982 http cache has-flag@https://registry.npmjs.org/has-flag/-/has-flag-4.0.0.tgz 0ms (cache hit)
983 http cache ansi-styles@https://registry.npmjs.org/ansi-styles/-/ansi-styles-4.3.0.tgz 0ms (cache hit)
984 http cache supports-color@https://registry.npmjs.org/supports-color/-/supports-color-7.2.0.tgz 0ms (cache hit)
985 http cache color-convert@https://registry.npmjs.org/color-convert/-/color-convert-2.0.1.tgz 0ms (cache hit)
986 http cache color-name@https://registry.npmjs.org/color-name/-/color-name-1.1.4.tgz 0ms (cache hit)
987 http cache resolve-from@https://registry.npmjs.org/resolve-from/-/resolve-from-5.0.0.tgz 0ms (cache hit)
988 http cache ansi-styles@https://registry.npmjs.org/ansi-styles/-/ansi-styles-4.3.0.tgz 0ms (cache hit)
989 http cache color-name@https://registry.npmjs.org/color-name/-/color-name-1.1.4.tgz 0ms (cache hit)
990 http cache has-flag@https://registry.npmjs.org/has-flag/-/has-flag-4.0.0.tgz 0ms (cache hit)
991 http cache chalk@https://registry.npmjs.org/chalk/-/chalk-4.1.2.tgz 0ms (cache hit)
992 http cache color-convert@https://registry.npmjs.org/color-convert/-/color-convert-2.0.1.tgz 0ms (cache hit)
993 http cache ansi-styles@https://registry.npmjs.org/ansi-styles/-/ansi-styles-4.3.0.tgz 0ms (cache hit)
994 http cache chalk@https://registry.npmjs.org/chalk/-/chalk-4.1.2.tgz 0ms (cache hit)
995 http cache camelcase@https://registry.npmjs.org/camelcase/-/camelcase-5.3.1.tgz 0ms (cache hit)
996 http cache ms@https://registry.npmjs.org/ms/-/ms-2.1.2.tgz 0ms (cache hit)
997 http cache debug@https://registry.npmjs.org/debug/-/debug-4.3.2.tgz 0ms (cache hit)
998 http cache debug@https://registry.npmjs.org/debug/-/debug-4.3.2.tgz 0ms (cache hit)
999 http cache ms@https://registry.npmjs.org/ms/-/ms-2.1.2.tgz 0ms (cache hit)
1000 http cache ms@https://registry.npmjs.org/ms/-/ms-2.1.2.tgz 0ms (cache hit)
1001 http cache @babel/types@https://registry.npmjs.org/@babel/types/-/types-7.16.8.tgz 0ms (cache hit)
1002 http cache globals@https://registry.npmjs.org/globals/-/globals-11.12.0.tgz 0ms (cache hit)
1003 http cache @babel/types@https://registry.npmjs.org/@babel/types/-/types-7.16.8.tgz 0ms (cache hit)
1004 http cache @babel/highlight@https://registry.npmjs.org/@babel/highlight/-/highlight-7.16.10.tgz 0ms (cache hit)
1005 http cache debug@https://registry.npmjs.org/debug/-/debug-4.3.3.tgz 0ms (cache hit)
1006 http cache @babel/code-frame@https://registry.npmjs.org/@babel/code-frame/-/code-frame-7.16.7.tgz 0ms (cache hit)
1007 http cache @babel/highlight@https://registry.npmjs.org/@babel/highlight/-/highlight-7.16.10.tgz 0ms (cache hit)
1008 http cache @babel/helper-validator-identifier@https://registry.npmjs.org/@babel/helper-validator-identifier/-/helper-validator-identifier-7.16.7.tgz 0ms (cache hit)
1009 http cache semver@https://registry.npmjs.org/semver/-/semver-5.7.1.tgz 0ms (cache hit)
1010 http cache @babel/helper-validator-identifier@https://registry.npmjs.org/@babel/helper-validator-identifier/-/helper-validator-identifier-7.16.7.tgz 0ms (cache hit)
1011 http cache @babel/code-frame@https://registry.npmjs.org/@babel/code-frame/-/code-frame-7.16.7.tgz 0ms (cache hit)
1012 http cache path-exists@https://registry.npmjs.org/path-exists/-/path-exists-3.0.0.tgz 0ms (cache hit)
1013 http cache p-locate@https://registry.npmjs.org/p-locate/-/p-locate-3.0.0.tgz 0ms (cache hit)
1014 http cache make-dir@https://registry.npmjs.org/make-dir/-/make-dir-2.1.0.tgz 0ms (cache hit)
1015 http cache pkg-dir@https://registry.npmjs.org/pkg-dir/-/pkg-dir-3.0.0.tgz 0ms (cache hit)
1016 http cache pify@https://registry.npmjs.org/pify/-/pify-4.0.1.tgz 0ms (cache hit)
1017 http cache p-limit@https://registry.npmjs.org/p-limit/-/p-limit-2.3.0.tgz 0ms (cache hit)
1018 http cache @babel/types@https://registry.npmjs.org/@babel/types/-/types-7.16.8.tgz 0ms (cache hit)
1019 http cache find-up@https://registry.npmjs.org/find-up/-/find-up-3.0.0.tgz 0ms (cache hit)
1020 http cache find-cache-dir@https://registry.npmjs.org/find-cache-dir/-/find-cache-dir-2.1.0.tgz 0ms (cache hit)
1021 http cache locate-path@https://registry.npmjs.org/locate-path/-/locate-path-3.0.0.tgz 0ms (cache hit)
1022 http cache @babel/helper-validator-identifier@https://registry.npmjs.org/@babel/helper-validator-identifier/-/helper-validator-identifier-7.16.7.tgz 0ms (cache hit)
1023 http cache @babel/helper-plugin-utils@https://registry.npmjs.org/@babel/helper-plugin-utils/-/helper-plugin-utils-7.16.7.tgz 0ms (cache hit)
1024 http cache @babel/helper-plugin-utils@https://registry.npmjs.org/@babel/helper-plugin-utils/-/helper-plugin-utils-7.16.7.tgz 0ms (cache hit)
1025 http cache @babel/helper-plugin-utils@https://registry.npmjs.org/@babel/helper-plugin-utils/-/helper-plugin-utils-7.16.7.tgz 0ms (cache hit)
1026 http cache @babel/helper-plugin-utils@https://registry.npmjs.org/@babel/helper-plugin-utils/-/helper-plugin-utils-7.16.7.tgz 0ms (cache hit)
1027 http cache @babel/helper-plugin-utils@https://registry.npmjs.org/@babel/helper-plugin-utils/-/helper-plugin-utils-7.16.7.tgz 0ms (cache hit)
1028 http cache @babel/helper-plugin-utils@https://registry.npmjs.org/@babel/helper-plugin-utils/-/helper-plugin-utils-7.16.7.tgz 0ms (cache hit)
1029 http cache @babel/helper-plugin-utils@https://registry.npmjs.org/@babel/helper-plugin-utils/-/helper-plugin-utils-7.16.7.tgz 0ms (cache hit)
1030 http cache @babel/helper-plugin-utils@https://registry.npmjs.org/@babel/helper-plugin-utils/-/helper-plugin-utils-7.16.7.tgz 0ms (cache hit)
1031 http cache @babel/helper-plugin-utils@https://registry.npmjs.org/@babel/helper-plugin-utils/-/helper-plugin-utils-7.16.7.tgz 0ms (cache hit)
1032 http cache @babel/helper-plugin-utils@https://registry.npmjs.org/@babel/helper-plugin-utils/-/helper-plugin-utils-7.16.7.tgz 0ms (cache hit)
1033 http cache @babel/helper-validator-identifier@https://registry.npmjs.org/@babel/helper-validator-identifier/-/helper-validator-identifier-7.16.7.tgz 0ms (cache hit)
1034 http cache @babel/helper-plugin-utils@https://registry.npmjs.org/@babel/helper-plugin-utils/-/helper-plugin-utils-7.16.7.tgz 0ms (cache hit)
1035 http cache @babel/helper-plugin-utils@https://registry.npmjs.org/@babel/helper-plugin-utils/-/helper-plugin-utils-7.16.7.tgz 0ms (cache hit)
1036 http cache @babel/helper-plugin-utils@https://registry.npmjs.org/@babel/helper-plugin-utils/-/helper-plugin-utils-7.16.7.tgz 0ms (cache hit)
1037 http cache @babel/helper-plugin-utils@https://registry.npmjs.org/@babel/helper-plugin-utils/-/helper-plugin-utils-7.16.7.tgz 0ms (cache hit)
1038 http cache @babel/helper-plugin-utils@https://registry.npmjs.org/@babel/helper-plugin-utils/-/helper-plugin-utils-7.16.7.tgz 0ms (cache hit)
1039 http cache @babel/helper-plugin-utils@https://registry.npmjs.org/@babel/helper-plugin-utils/-/helper-plugin-utils-7.16.7.tgz 0ms (cache hit)
1040 http cache @babel/helper-plugin-utils@https://registry.npmjs.org/@babel/helper-plugin-utils/-/helper-plugin-utils-7.16.7.tgz 0ms (cache hit)
1041 http cache @babel/helper-plugin-utils@https://registry.npmjs.org/@babel/helper-plugin-utils/-/helper-plugin-utils-7.16.7.tgz 0ms (cache hit)
1042 http cache @babel/helper-plugin-utils@https://registry.npmjs.org/@babel/helper-plugin-utils/-/helper-plugin-utils-7.16.7.tgz 0ms (cache hit)
1043 http cache @babel/helper-plugin-utils@https://registry.npmjs.org/@babel/helper-plugin-utils/-/helper-plugin-utils-7.16.7.tgz 0ms (cache hit)
1044 http cache @babel/helper-plugin-utils@https://registry.npmjs.org/@babel/helper-plugin-utils/-/helper-plugin-utils-7.16.7.tgz 0ms (cache hit)
1045 http cache @babel/helper-plugin-utils@https://registry.npmjs.org/@babel/helper-plugin-utils/-/helper-plugin-utils-7.16.7.tgz 0ms (cache hit)
1046 http cache @babel/helper-plugin-utils@https://registry.npmjs.org/@babel/helper-plugin-utils/-/helper-plugin-utils-7.16.7.tgz 0ms (cache hit)
1047 http cache @babel/helper-plugin-utils@https://registry.npmjs.org/@babel/helper-plugin-utils/-/helper-plugin-utils-7.16.7.tgz 0ms (cache hit)
1048 http cache @babel/helper-plugin-utils@https://registry.npmjs.org/@babel/helper-plugin-utils/-/helper-plugin-utils-7.16.7.tgz 0ms (cache hit)
1049 http cache @babel/helper-plugin-utils@https://registry.npmjs.org/@babel/helper-plugin-utils/-/helper-plugin-utils-7.16.7.tgz 0ms (cache hit)
1050 http cache @babel/helper-plugin-utils@https://registry.npmjs.org/@babel/helper-plugin-utils/-/helper-plugin-utils-7.16.7.tgz 0ms (cache hit)
1051 http cache @babel/helper-plugin-utils@https://registry.npmjs.org/@babel/helper-plugin-utils/-/helper-plugin-utils-7.16.7.tgz 0ms (cache hit)
1052 http cache @babel/helper-plugin-utils@https://registry.npmjs.org/@babel/helper-plugin-utils/-/helper-plugin-utils-7.16.7.tgz 0ms (cache hit)
1053 http cache globals@https://registry.npmjs.org/globals/-/globals-11.12.0.tgz 0ms (cache hit)
1054 http cache @babel/helper-plugin-utils@https://registry.npmjs.org/@babel/helper-plugin-utils/-/helper-plugin-utils-7.16.7.tgz 0ms (cache hit)
1055 http cache @babel/helper-plugin-utils@https://registry.npmjs.org/@babel/helper-plugin-utils/-/helper-plugin-utils-7.16.7.tgz 0ms (cache hit)
1056 http cache @babel/helper-plugin-utils@https://registry.npmjs.org/@babel/helper-plugin-utils/-/helper-plugin-utils-7.16.7.tgz 0ms (cache hit)
1057 http cache @babel/helper-plugin-utils@https://registry.npmjs.org/@babel/helper-plugin-utils/-/helper-plugin-utils-7.16.7.tgz 0ms (cache hit)
1058 http cache @babel/helper-plugin-utils@https://registry.npmjs.org/@babel/helper-plugin-utils/-/helper-plugin-utils-7.16.7.tgz 0ms (cache hit)
1059 http cache @babel/helper-plugin-utils@https://registry.npmjs.org/@babel/helper-plugin-utils/-/helper-plugin-utils-7.16.7.tgz 0ms (cache hit)
1060 http cache @babel/helper-plugin-utils@https://registry.npmjs.org/@babel/helper-plugin-utils/-/helper-plugin-utils-7.16.7.tgz 0ms (cache hit)
1061 http cache @babel/helper-plugin-utils@https://registry.npmjs.org/@babel/helper-plugin-utils/-/helper-plugin-utils-7.16.7.tgz 0ms (cache hit)
1062 http cache @babel/helper-plugin-utils@https://registry.npmjs.org/@babel/helper-plugin-utils/-/helper-plugin-utils-7.16.7.tgz 0ms (cache hit)
1063 http cache @babel/helper-plugin-utils@https://registry.npmjs.org/@babel/helper-plugin-utils/-/helper-plugin-utils-7.16.7.tgz 0ms (cache hit)
1064 http cache @babel/helper-plugin-utils@https://registry.npmjs.org/@babel/helper-plugin-utils/-/helper-plugin-utils-7.16.7.tgz 0ms (cache hit)
1065 http cache @babel/helper-plugin-utils@https://registry.npmjs.org/@babel/helper-plugin-utils/-/helper-plugin-utils-7.16.7.tgz 0ms (cache hit)
1066 http cache @babel/helper-plugin-utils@https://registry.npmjs.org/@babel/helper-plugin-utils/-/helper-plugin-utils-7.16.7.tgz 0ms (cache hit)
1067 http cache @babel/helper-plugin-utils@https://registry.npmjs.org/@babel/helper-plugin-utils/-/helper-plugin-utils-7.16.7.tgz 0ms (cache hit)
1068 http cache @babel/helper-plugin-utils@https://registry.npmjs.org/@babel/helper-plugin-utils/-/helper-plugin-utils-7.16.7.tgz 0ms (cache hit)
1069 http cache @babel/helper-plugin-utils@https://registry.npmjs.org/@babel/helper-plugin-utils/-/helper-plugin-utils-7.16.7.tgz 0ms (cache hit)
1070 http cache @babel/helper-plugin-utils@https://registry.npmjs.org/@babel/helper-plugin-utils/-/helper-plugin-utils-7.16.7.tgz 0ms (cache hit)
1071 http cache @babel/helper-plugin-utils@https://registry.npmjs.org/@babel/helper-plugin-utils/-/helper-plugin-utils-7.16.7.tgz 0ms (cache hit)
1072 http cache @babel/types@https://registry.npmjs.org/@babel/types/-/types-7.16.8.tgz 0ms (cache hit)
1073 http cache @babel/helper-validator-identifier@https://registry.npmjs.org/@babel/helper-validator-identifier/-/helper-validator-identifier-7.16.7.tgz 0ms (cache hit)
1074 http cache @babel/helper-plugin-utils@https://registry.npmjs.org/@babel/helper-plugin-utils/-/helper-plugin-utils-7.16.7.tgz 0ms (cache hit)
1075 http cache @babel/helper-validator-identifier@https://registry.npmjs.org/@babel/helper-validator-identifier/-/helper-validator-identifier-7.16.7.tgz 0ms (cache hit)
1076 http cache @babel/types@https://registry.npmjs.org/@babel/types/-/types-7.16.8.tgz 0ms (cache hit)
1077 http cache @babel/helper-plugin-utils@https://registry.npmjs.org/@babel/helper-plugin-utils/-/helper-plugin-utils-7.16.7.tgz 0ms (cache hit)
1078 http cache @babel/helper-validator-identifier@https://registry.npmjs.org/@babel/helper-validator-identifier/-/helper-validator-identifier-7.16.7.tgz 0ms (cache hit)
1079 http cache @babel/types@https://registry.npmjs.org/@babel/types/-/types-7.16.8.tgz 0ms (cache hit)
1080 http cache @babel/helper-validator-identifier@https://registry.npmjs.org/@babel/helper-validator-identifier/-/helper-validator-identifier-7.16.7.tgz 0ms (cache hit)
1081 http cache @babel/types@https://registry.npmjs.org/@babel/types/-/types-7.16.8.tgz 0ms (cache hit)
1082 http cache @babel/helper-validator-identifier@https://registry.npmjs.org/@babel/helper-validator-identifier/-/helper-validator-identifier-7.16.7.tgz 0ms (cache hit)
1083 http cache @babel/types@https://registry.npmjs.org/@babel/types/-/types-7.16.8.tgz 0ms (cache hit)
1084 http cache @babel/helper-validator-identifier@https://registry.npmjs.org/@babel/helper-validator-identifier/-/helper-validator-identifier-7.16.7.tgz 0ms (cache hit)
1085 http cache @babel/types@https://registry.npmjs.org/@babel/types/-/types-7.16.8.tgz 0ms (cache hit)
1086 http cache @babel/helper-validator-identifier@https://registry.npmjs.org/@babel/helper-validator-identifier/-/helper-validator-identifier-7.16.7.tgz 0ms (cache hit)
1087 http cache @babel/helper-validator-identifier@https://registry.npmjs.org/@babel/helper-validator-identifier/-/helper-validator-identifier-7.16.7.tgz 0ms (cache hit)
1088 http cache @babel/types@https://registry.npmjs.org/@babel/types/-/types-7.16.8.tgz 0ms (cache hit)
1089 http cache @babel/types@https://registry.npmjs.org/@babel/types/-/types-7.16.8.tgz 0ms (cache hit)
1090 http cache @babel/helper-validator-identifier@https://registry.npmjs.org/@babel/helper-validator-identifier/-/helper-validator-identifier-7.16.7.tgz 0ms (cache hit)
1091 http cache @babel/types@https://registry.npmjs.org/@babel/types/-/types-7.16.8.tgz 0ms (cache hit)
1092 http cache @babel/helper-validator-identifier@https://registry.npmjs.org/@babel/helper-validator-identifier/-/helper-validator-identifier-7.16.7.tgz 0ms (cache hit)
1093 http cache @babel/types@https://registry.npmjs.org/@babel/types/-/types-7.16.8.tgz 0ms (cache hit)
1094 http cache @babel/types@https://registry.npmjs.org/@babel/types/-/types-7.16.8.tgz 0ms (cache hit)
1095 http cache @babel/helper-validator-identifier@https://registry.npmjs.org/@babel/helper-validator-identifier/-/helper-validator-identifier-7.16.7.tgz 0ms (cache hit)
1096 http cache @babel/helper-validator-identifier@https://registry.npmjs.org/@babel/helper-validator-identifier/-/helper-validator-identifier-7.16.7.tgz 0ms (cache hit)
1097 http cache @babel/types@https://registry.npmjs.org/@babel/types/-/types-7.16.8.tgz 0ms (cache hit)
1098 http cache @babel/helper-validator-identifier@https://registry.npmjs.org/@babel/helper-validator-identifier/-/helper-validator-identifier-7.16.7.tgz 0ms (cache hit)
1099 http cache @babel/types@https://registry.npmjs.org/@babel/types/-/types-7.16.8.tgz 0ms (cache hit)
1100 http cache @babel/types@https://registry.npmjs.org/@babel/types/-/types-7.16.8.tgz 0ms (cache hit)
1101 http cache @babel/helper-validator-identifier@https://registry.npmjs.org/@babel/helper-validator-identifier/-/helper-validator-identifier-7.16.7.tgz 0ms (cache hit)
1102 http cache @babel/types@https://registry.npmjs.org/@babel/types/-/types-7.16.8.tgz 0ms (cache hit)
1103 http cache @babel/helper-validator-identifier@https://registry.npmjs.org/@babel/helper-validator-identifier/-/helper-validator-identifier-7.16.7.tgz 0ms (cache hit)
1104 http cache @babel/types@https://registry.npmjs.org/@babel/types/-/types-7.16.8.tgz 0ms (cache hit)
1105 http cache debug@https://registry.npmjs.org/debug/-/debug-4.3.3.tgz 0ms (cache hit)
1106 http cache ms@https://registry.npmjs.org/ms/-/ms-2.1.2.tgz 0ms (cache hit)
1107 http cache @babel/helper-validator-identifier@https://registry.npmjs.org/@babel/helper-validator-identifier/-/helper-validator-identifier-7.16.7.tgz 0ms (cache hit)
1108 http cache @babel/types@https://registry.npmjs.org/@babel/types/-/types-7.16.8.tgz 0ms (cache hit)
1109 http cache @babel/types@https://registry.npmjs.org/@babel/types/-/types-7.16.8.tgz 0ms (cache hit)
1110 http cache source-map@https://registry.npmjs.org/source-map/-/source-map-0.5.7.tgz 0ms (cache hit)
1111 http cache @babel/helper-validator-identifier@https://registry.npmjs.org/@babel/helper-validator-identifier/-/helper-validator-identifier-7.16.7.tgz 0ms (cache hit)
1112 http cache @babel/helper-validator-identifier@https://registry.npmjs.org/@babel/helper-validator-identifier/-/helper-validator-identifier-7.16.7.tgz 0ms (cache hit)
1113 http cache @babel/helper-validator-identifier@https://registry.npmjs.org/@babel/helper-validator-identifier/-/helper-validator-identifier-7.16.7.tgz 0ms (cache hit)
1114 http cache @babel/types@https://registry.npmjs.org/@babel/types/-/types-7.16.8.tgz 0ms (cache hit)
1115 http cache source-map@https://registry.npmjs.org/source-map/-/source-map-0.5.7.tgz 0ms (cache hit)
1116 http cache @babel/types@https://registry.npmjs.org/@babel/types/-/types-7.16.8.tgz 0ms (cache hit)
1117 http cache ms@https://registry.npmjs.org/ms/-/ms-2.1.2.tgz 0ms (cache hit)
1118 http cache json5@https://registry.npmjs.org/json5/-/json5-2.2.0.tgz 0ms (cache hit)
1119 http cache @babel/highlight@https://registry.npmjs.org/@babel/highlight/-/highlight-7.16.10.tgz 0ms (cache hit)
1120 http cache debug@https://registry.npmjs.org/debug/-/debug-4.3.3.tgz 0ms (cache hit)
1121 http cache source-map@https://registry.npmjs.org/source-map/-/source-map-0.5.7.tgz 0ms (cache hit)
1122 http cache @babel/code-frame@https://registry.npmjs.org/@babel/code-frame/-/code-frame-7.16.7.tgz 0ms (cache hit)
1123 http cache @babel/helper-validator-identifier@https://registry.npmjs.org/@babel/helper-validator-identifier/-/helper-validator-identifier-7.16.7.tgz 0ms (cache hit)
1124 http cache make-dir@https://registry.npmjs.org/make-dir/-/make-dir-2.1.0.tgz 0ms (cache hit)
1125 http cache slash@https://registry.npmjs.org/slash/-/slash-2.0.0.tgz 0ms (cache hit)
1126 silly tarball no local data for yargs-parser@https://registry.npmjs.org/yargs-parser/-/yargs-parser-20.2.4.tgz. Extracting by manifest.
1127 silly tarball no local data for yargs@https://registry.npmjs.org/yargs/-/yargs-16.2.0.tgz. Extracting by manifest.
1128 http cache semver@https://registry.npmjs.org/semver/-/semver-5.7.1.tgz 0ms (cache hit)
1129 silly tarball no local data for y18n@https://registry.npmjs.org/y18n/-/y18n-5.0.8.tgz. Extracting by manifest.
1130 silly tarball no local data for xml-name-validator@https://registry.npmjs.org/xml-name-validator/-/xml-name-validator-3.0.0.tgz. Extracting by manifest.
1131 http cache pify@https://registry.npmjs.org/pify/-/pify-4.0.1.tgz 0ms (cache hit)
1132 silly tarball no local data for ws@https://registry.npmjs.org/ws/-/ws-7.5.6.tgz. Extracting by manifest.
1133 http cache commander@https://registry.npmjs.org/commander/-/commander-4.1.1.tgz 0ms (cache hit)
1134 silly tarball no local data for wrap-ansi@https://registry.npmjs.org/wrap-ansi/-/wrap-ansi-7.0.0.tgz. Extracting by manifest.
1135 silly tarball no local data for write-file-atomic@https://registry.npmjs.org/write-file-atomic/-/write-file-atomic-3.0.3.tgz. Extracting by manifest.
1136 silly tarball no local data for word-wrap@https://registry.npmjs.org/word-wrap/-/word-wrap-1.2.3.tgz. Extracting by manifest.
1137 silly tarball no local data for whatwg-url@https://registry.npmjs.org/whatwg-url/-/whatwg-url-5.0.0.tgz. Extracting by manifest.
1138 silly tarball no local data for webpack@https://registry.npmjs.org/webpack/-/webpack-5.74.0.tgz. Extracting by manifest.
1139 silly tarball no local data for whatwg-mimetype@https://registry.npmjs.org/whatwg-mimetype/-/whatwg-mimetype-2.3.0.tgz. Extracting by manifest.
1140 silly tarball no local data for which-boxed-primitive@https://registry.npmjs.org/which-boxed-primitive/-/which-boxed-primitive-1.0.2.tgz. Extracting by manifest.
1141 silly tarball no local data for webidl-conversions@https://registry.npmjs.org/webidl-conversions/-/webidl-conversions-3.0.1.tgz. Extracting by manifest.
1142 silly tarball no local data for web-streams-polyfill@https://registry.npmjs.org/web-streams-polyfill/-/web-streams-polyfill-3.2.0.tgz. Extracting by manifest.
1143 silly tarball no local data for xmlchars@https://registry.npmjs.org/xmlchars/-/xmlchars-2.2.0.tgz. Extracting by manifest.
1144 silly tarball no local data for watchpack@https://registry.npmjs.org/watchpack/-/watchpack-2.4.0.tgz. Extracting by manifest.
1145 silly tarball no local data for whatwg-encoding@https://registry.npmjs.org/whatwg-encoding/-/whatwg-encoding-1.0.5.tgz. Extracting by manifest.
1146 silly tarball no local data for w3c-xmlserializer@https://registry.npmjs.org/w3c-xmlserializer/-/w3c-xmlserializer-2.0.0.tgz. Extracting by manifest.
1147 silly tarball no local data for w3c-hr-time@https://registry.npmjs.org/w3c-hr-time/-/w3c-hr-time-1.0.2.tgz. Extracting by manifest.
1148 silly tarball no local data for walker@https://registry.npmjs.org/walker/-/walker-1.0.8.tgz. Extracting by manifest.
1149 silly tarball no local data for use-subscription@https://registry.npmjs.org/use-subscription/-/use-subscription-1.5.1.tgz. Extracting by manifest.
1150 silly tarball no local data for validate-npm-package-license@https://registry.npmjs.org/validate-npm-package-license/-/validate-npm-package-license-3.0.4.tgz. Extracting by manifest.
1151 silly tarball no local data for v8-compile-cache@https://registry.npmjs.org/v8-compile-cache/-/v8-compile-cache-2.3.0.tgz. Extracting by manifest.
1152 silly tarball no local data for v8-to-istanbul@https://registry.npmjs.org/v8-to-istanbul/-/v8-to-istanbul-8.1.1.tgz. Extracting by manifest.
1153 silly tarball no local data for update-browserslist-db@https://registry.npmjs.org/update-browserslist-db/-/update-browserslist-db-1.0.5.tgz. Extracting by manifest.
1154 silly tarball no local data for unstated-next@https://registry.npmjs.org/unstated-next/-/unstated-next-1.1.0.tgz. Extracting by manifest.
1155 silly tarball no local data for universalify@https://registry.npmjs.org/universalify/-/universalify-0.1.2.tgz. Extracting by manifest.
1156 silly tarball no local data for unicode-property-aliases-ecmascript@https://registry.npmjs.org/unicode-property-aliases-ecmascript/-/unicode-property-aliases-ecmascript-2.0.0.tgz. Extracting by manifest.
1157 silly tarball no local data for webpack-sources@https://registry.npmjs.org/webpack-sources/-/webpack-sources-3.2.3.tgz. Extracting by manifest.
1158 silly tarball no local data for unicode-match-property-value-ecmascript@https://registry.npmjs.org/unicode-match-property-value-ecmascript/-/unicode-match-property-value-ecmascript-2.0.0.tgz. Extracting by manifest.
1159 silly tarball no local data for unicode-match-property-ecmascript@https://registry.npmjs.org/unicode-match-property-ecmascript/-/unicode-match-property-ecmascript-2.0.0.tgz. Extracting by manifest.
1160 silly tarball no local data for unicode-canonical-property-names-ecmascript@https://registry.npmjs.org/unicode-canonical-property-names-ecmascript/-/unicode-canonical-property-names-ecmascript-2.0.0.tgz. Extracting by manifest.
1161 silly tarball no local data for type-detect@https://registry.npmjs.org/type-detect/-/type-detect-4.0.8.tgz. Extracting by manifest.
1162 silly tarball no local data for unbox-primitive@https://registry.npmjs.org/unbox-primitive/-/unbox-primitive-1.0.1.tgz. Extracting by manifest.
1163 silly tarball no local data for typescript@https://registry.npmjs.org/typescript/-/typescript-4.7.4.tgz. Extracting by manifest.
1164 silly tarball no local data for tsutils@https://registry.npmjs.org/tsutils/-/tsutils-3.21.0.tgz. Extracting by manifest.
1165 silly tarball no local data for typedarray-to-buffer@https://registry.npmjs.org/typedarray-to-buffer/-/typedarray-to-buffer-3.1.5.tgz. Extracting by manifest.
1166 silly tarball no local data for type-check@https://registry.npmjs.org/type-check/-/type-check-0.4.0.tgz. Extracting by manifest.
1167 silly tarball no local data for tslib@https://registry.npmjs.org/tslib/-/tslib-1.14.1.tgz. Extracting by manifest.
1168 silly tarball no local data for tr46@https://registry.npmjs.org/tr46/-/tr46-0.0.3.tgz. Extracting by manifest.
1169 silly tarball no local data for tsconfig-paths@https://registry.npmjs.org/tsconfig-paths/-/tsconfig-paths-3.10.1.tgz. Extracting by manifest.
1170 silly tarball no local data for tough-cookie@https://registry.npmjs.org/tough-cookie/-/tough-cookie-4.0.0.tgz. Extracting by manifest.
1171 silly tarball no local data for to-fast-properties@https://registry.npmjs.org/to-fast-properties/-/to-fast-properties-2.0.0.tgz. Extracting by manifest.
1172 silly tarball no local data for tmpl@https://registry.npmjs.org/tmpl/-/tmpl-1.0.5.tgz. Extracting by manifest.
1173 silly tarball no local data for tiny-warning@https://registry.npmjs.org/tiny-warning/-/tiny-warning-1.0.3.tgz. Extracting by manifest.
1174 silly tarball no local data for theming@https://registry.npmjs.org/theming/-/theming-3.3.0.tgz. Extracting by manifest.
1175 silly tarball no local data for throat@https://registry.npmjs.org/throat/-/throat-6.0.1.tgz. Extracting by manifest.
1176 silly tarball no local data for text-table@https://registry.npmjs.org/text-table/-/text-table-0.2.0.tgz. Extracting by manifest.
1177 silly tarball no local data for test-exclude@https://registry.npmjs.org/test-exclude/-/test-exclude-6.0.0.tgz. Extracting by manifest.
1178 silly tarball no local data for terser-webpack-plugin@https://registry.npmjs.org/terser-webpack-plugin/-/terser-webpack-plugin-5.3.5.tgz. Extracting by manifest.
1179 silly tarball no local data for terminal-link@https://registry.npmjs.org/terminal-link/-/terminal-link-2.1.1.tgz. Extracting by manifest.
1180 silly tarball no local data for terser@https://registry.npmjs.org/terser/-/terser-5.14.2.tgz. Extracting by manifest.
1181 silly tarball no local data for tapable@https://registry.npmjs.org/tapable/-/tapable-2.2.1.tgz. Extracting by manifest.
1182 silly tarball no local data for table@https://registry.npmjs.org/table/-/table-6.7.1.tgz. Extracting by manifest.
1183 silly tarball no local data for supports-hyperlinks@https://registry.npmjs.org/supports-hyperlinks/-/supports-hyperlinks-2.2.0.tgz. Extracting by manifest.
1184 silly tarball no local data for symbol-observable@https://registry.npmjs.org/symbol-observable/-/symbol-observable-1.2.0.tgz. Extracting by manifest.
1185 silly tarball no local data for symbol-tree@https://registry.npmjs.org/symbol-tree/-/symbol-tree-3.2.4.tgz. Extracting by manifest.
1186 silly tarball no local data for styled-jsx@https://registry.npmjs.org/styled-jsx/-/styled-jsx-5.0.0.tgz. Extracting by manifest.
1187 silly tarball no local data for strip-json-comments@https://registry.npmjs.org/strip-json-comments/-/strip-json-comments-3.1.1.tgz. Extracting by manifest.
1188 silly tarball no local data for strip-bom@https://registry.npmjs.org/strip-bom/-/strip-bom-3.0.0.tgz. Extracting by manifest.
1189 silly tarball no local data for string.prototype.trimstart@https://registry.npmjs.org/string.prototype.trimstart/-/string.prototype.trimstart-1.0.4.tgz. Extracting by manifest.
1190 silly tarball no local data for string.prototype.trimend@https://registry.npmjs.org/string.prototype.trimend/-/string.prototype.trimend-1.0.4.tgz. Extracting by manifest.
1191 silly tarball no local data for string-width@https://registry.npmjs.org/string-width/-/string-width-4.2.2.tgz. Extracting by manifest.
1192 silly tarball no local data for string.prototype.matchall@https://registry.npmjs.org/string.prototype.matchall/-/string.prototype.matchall-4.0.5.tgz. Extracting by manifest.
1193 silly tarball no local data for string.prototype.trim@https://registry.npmjs.org/string.prototype.trim/-/string.prototype.trim-1.2.5.tgz. Extracting by manifest.
1194 silly tarball no local data for string-length@https://registry.npmjs.org/string-length/-/string-length-4.0.2.tgz. Extracting by manifest.
1195 silly tarball no local data for stack-utils@https://registry.npmjs.org/stack-utils/-/stack-utils-2.0.5.tgz. Extracting by manifest.
1196 silly tarball no local data for sprintf-js@https://registry.npmjs.org/sprintf-js/-/sprintf-js-1.0.3.tgz. Extracting by manifest.
1197 silly tarball no local data for spdx-license-ids@https://registry.npmjs.org/spdx-license-ids/-/spdx-license-ids-3.0.9.tgz. Extracting by manifest.
1198 silly tarball no local data for spdx-expression-parse@https://registry.npmjs.org/spdx-expression-parse/-/spdx-expression-parse-3.0.1.tgz. Extracting by manifest.
1199 silly tarball no local data for spdx-exceptions@https://registry.npmjs.org/spdx-exceptions/-/spdx-exceptions-2.3.0.tgz. Extracting by manifest.
1200 silly tarball no local data for spdx-correct@https://registry.npmjs.org/spdx-correct/-/spdx-correct-3.1.1.tgz. Extracting by manifest.
1201 silly tarball no local data for source-map-js@https://registry.npmjs.org/source-map-js/-/source-map-js-1.0.2.tgz. Extracting by manifest.
1202 silly tarball no local data for slice-ansi@https://registry.npmjs.org/slice-ansi/-/slice-ansi-4.0.0.tgz. Extracting by manifest.
1203 silly tarball no local data for signal-exit@https://registry.npmjs.org/signal-exit/-/signal-exit-3.0.6.tgz. Extracting by manifest.
1204 silly tarball no local data for sisteransi@https://registry.npmjs.org/sisteransi/-/sisteransi-1.0.5.tgz. Extracting by manifest.
1205 silly tarball no local data for side-channel@https://registry.npmjs.org/side-channel/-/side-channel-1.0.4.tgz. Extracting by manifest.
1206 silly tarball no local data for shallow-equal@https://registry.npmjs.org/shallow-equal/-/shallow-equal-1.2.1.tgz. Extracting by manifest.
1207 silly tarball no local data for serialize-javascript@https://registry.npmjs.org/serialize-javascript/-/serialize-javascript-6.0.0.tgz. Extracting by manifest.
1208 silly tarball no local data for scheduler@https://registry.npmjs.org/scheduler/-/scheduler-0.20.2.tgz. Extracting by manifest.
1209 silly tarball no local data for schema-utils@https://registry.npmjs.org/schema-utils/-/schema-utils-3.1.1.tgz. Extracting by manifest.
1210 silly tarball no local data for saxes@https://registry.npmjs.org/saxes/-/saxes-5.0.1.tgz. Extracting by manifest.
1211 silly tarball no local data for run-parallel@https://registry.npmjs.org/run-parallel/-/run-parallel-1.2.0.tgz. Extracting by manifest.
1212 silly tarball no local data for rst-selector-parser@https://registry.npmjs.org/rst-selector-parser/-/rst-selector-parser-2.2.3.tgz. Extracting by manifest.
1213 silly tarball no local data for ret@https://registry.npmjs.org/ret/-/ret-0.1.15.tgz. Extracting by manifest.
1214 silly tarball no local data for resolve.exports@https://registry.npmjs.org/resolve.exports/-/resolve.exports-1.1.0.tgz. Extracting by manifest.
1215 silly tarball no local data for require-directory@https://registry.npmjs.org/require-directory/-/require-directory-2.1.1.tgz. Extracting by manifest.
1216 silly tarball no local data for regjsparser@https://registry.npmjs.org/regjsparser/-/regjsparser-0.7.0.tgz. Extracting by manifest.
1217 silly tarball no local data for regexpu-core@https://registry.npmjs.org/regexpu-core/-/regexpu-core-4.8.0.tgz. Extracting by manifest.
1218 silly tarball no local data for regexpp@https://registry.npmjs.org/regexpp/-/regexpp-3.2.0.tgz. Extracting by manifest.
1219 silly tarball no local data for regjsgen@https://registry.npmjs.org/regjsgen/-/regjsgen-0.5.2.tgz. Extracting by manifest.
1220 silly tarball no local data for regenerator-transform@https://registry.npmjs.org/regenerator-transform/-/regenerator-transform-0.14.5.tgz. Extracting by manifest.
1221 silly tarball no local data for regexp.prototype.flags@https://registry.npmjs.org/regexp.prototype.flags/-/regexp.prototype.flags-1.3.1.tgz. Extracting by manifest.
1222 silly tarball no local data for regenerator-runtime@https://registry.npmjs.org/regenerator-runtime/-/regenerator-runtime-0.13.9.tgz. Extracting by manifest.
1223 silly tarball no local data for regenerate@https://registry.npmjs.org/regenerate/-/regenerate-1.4.2.tgz. Extracting by manifest.
1224 silly tarball no local data for regenerate-unicode-properties@https://registry.npmjs.org/regenerate-unicode-properties/-/regenerate-unicode-properties-9.0.0.tgz. Extracting by manifest.
1225 silly tarball no local data for read-pkg-up@https://registry.npmjs.org/read-pkg-up/-/read-pkg-up-3.0.0.tgz. Extracting by manifest.
1226 silly tarball no local data for readdirp@https://registry.npmjs.org/readdirp/-/readdirp-3.5.0.tgz. Extracting by manifest.
1227 silly tarball no local data for read-pkg@https://registry.npmjs.org/read-pkg/-/read-pkg-3.0.0.tgz. Extracting by manifest.
1228 silly tarball no local data for react-shallow-renderer@https://registry.npmjs.org/react-shallow-renderer/-/react-shallow-renderer-16.14.1.tgz. Extracting by manifest.
1229 silly tarball no local data for react-jss@https://registry.npmjs.org/react-jss/-/react-jss-10.7.1.tgz. Extracting by manifest.
1230 silly tarball no local data for react-is@https://registry.npmjs.org/react-is/-/react-is-17.0.2.tgz. Extracting by manifest.
1231 silly tarball no local data for react-display-name@https://registry.npmjs.org/react-display-name/-/react-display-name-0.2.5.tgz. Extracting by manifest.
1232 silly tarball no local data for react-dom@https://registry.npmjs.org/react-dom/-/react-dom-17.0.2.tgz. Extracting by manifest.
1233 silly tarball no local data for react@https://registry.npmjs.org/react/-/react-17.0.2.tgz. Extracting by manifest.
1234 silly tarball no local data for railroad-diagrams@https://registry.npmjs.org/railroad-diagrams/-/railroad-diagrams-1.0.0.tgz. Extracting by manifest.
1235 silly tarball no local data for randombytes@https://registry.npmjs.org/randombytes/-/randombytes-2.1.0.tgz. Extracting by manifest.
1236 silly tarball no local data for randexp@https://registry.npmjs.org/randexp/-/randexp-0.4.6.tgz. Extracting by manifest.
1237 silly tarball no local data for raf@https://registry.npmjs.org/raf/-/raf-3.4.1.tgz. Extracting by manifest.
1238 silly tarball no local data for queue-microtask@https://registry.npmjs.org/queue-microtask/-/queue-microtask-1.2.3.tgz. Extracting by manifest.
1239 silly tarball no local data for psl@https://registry.npmjs.org/psl/-/psl-1.8.0.tgz. Extracting by manifest.
1240 silly tarball no local data for punycode@https://registry.npmjs.org/punycode/-/punycode-2.1.1.tgz. Extracting by manifest.
1241 silly tarball no local data for prompts@https://registry.npmjs.org/prompts/-/prompts-2.4.2.tgz. Extracting by manifest.
1242 silly tarball no local data for prop-types@https://registry.npmjs.org/prop-types/-/prop-types-15.7.2.tgz. Extracting by manifest.
1243 silly tarball no local data for progress@https://registry.npmjs.org/progress/-/progress-2.0.3.tgz. Extracting by manifest.
1244 silly tarball no local data for postcss@https://registry.npmjs.org/postcss/-/postcss-8.4.5.tgz. Extracting by manifest.
1245 silly tarball no local data for prelude-ls@https://registry.npmjs.org/prelude-ls/-/prelude-ls-1.2.1.tgz. Extracting by manifest.
1246 silly tarball no local data for pretty-format@https://registry.npmjs.org/pretty-format/-/pretty-format-27.4.6.tgz. Extracting by manifest.
1247 silly tarball no local data for pkg-up@https://registry.npmjs.org/pkg-up/-/pkg-up-2.0.0.tgz. Extracting by manifest.
1248 silly tarball no local data for picomatch@https://registry.npmjs.org/picomatch/-/picomatch-2.3.0.tgz. Extracting by manifest.
1249 silly tarball no local data for picocolors@https://registry.npmjs.org/picocolors/-/picocolors-1.0.0.tgz. Extracting by manifest.
1250 silly tarball no local data for pirates@https://registry.npmjs.org/pirates/-/pirates-4.0.5.tgz. Extracting by manifest.
1251 silly tarball no local data for performance-now@https://registry.npmjs.org/performance-now/-/performance-now-2.1.0.tgz. Extracting by manifest.
1252 silly tarball no local data for parse-json@https://registry.npmjs.org/parse-json/-/parse-json-4.0.0.tgz. Extracting by manifest.
1253 silly tarball no local data for parse-domain@https://registry.npmjs.org/parse-domain/-/parse-domain-7.0.0.tgz. Extracting by manifest.
1254 silly tarball no local data for optionator@https://registry.npmjs.org/optionator/-/optionator-0.9.1.tgz. Extracting by manifest.
1255 silly tarball no local data for object.fromentries@https://registry.npmjs.org/object.fromentries/-/object.fromentries-2.0.4.tgz. Extracting by manifest.
1256 silly tarball no local data for object.entries@https://registry.npmjs.org/object.entries/-/object.entries-1.1.4.tgz. Extracting by manifest.
1257 silly tarball no local data for object.assign@https://registry.npmjs.org/object.assign/-/object.assign-4.1.2.tgz. Extracting by manifest.
1258 silly tarball no local data for object-keys@https://registry.npmjs.org/object-keys/-/object-keys-1.1.1.tgz. Extracting by manifest.
1259 silly tarball no local data for object-is@https://registry.npmjs.org/object-is/-/object-is-1.1.5.tgz. Extracting by manifest.
1260 silly tarball no local data for object-inspect@https://registry.npmjs.org/object-inspect/-/object-inspect-1.11.0.tgz. Extracting by manifest.
1261 silly tarball no local data for nwsapi@https://registry.npmjs.org/nwsapi/-/nwsapi-2.2.0.tgz. Extracting by manifest.
1262 silly tarball no local data for nprogress@https://registry.npmjs.org/nprogress/-/nprogress-0.2.0.tgz. Extracting by manifest.
1263 silly tarball no local data for object.values@https://registry.npmjs.org/object.values/-/object.values-1.1.4.tgz. Extracting by manifest.
1264 silly tarball no local data for normalize-package-data@https://registry.npmjs.org/normalize-package-data/-/normalize-package-data-2.5.0.tgz. Extracting by manifest.
1265 silly tarball no local data for node-int64@https://registry.npmjs.org/node-int64/-/node-int64-0.4.0.tgz. Extracting by manifest.
1266 silly tarball no local data for node-fetch@https://registry.npmjs.org/node-fetch/-/node-fetch-2.6.7.tgz. Extracting by manifest.
1267 silly tarball no local data for pathval@https://registry.npmjs.org/pathval/-/pathval-1.1.1.tgz. Extracting by manifest.
1268 silly tarball no local data for node-domexception@https://registry.npmjs.org/node-domexception/-/node-domexception-1.0.0.tgz. Extracting by manifest.
1269 silly tarball no local data for nextjs-progressbar@https://registry.npmjs.org/nextjs-progressbar/-/nextjs-progressbar-0.0.14.tgz. Extracting by manifest.
1270 silly tarball no local data for next@https://registry.npmjs.org/next/-/next-12.1.0.tgz. Extracting by manifest.
1271 silly tarball no local data for nearley@https://registry.npmjs.org/nearley/-/nearley-2.20.1.tgz. Extracting by manifest.
1272 silly tarball no local data for nanoid@https://registry.npmjs.org/nanoid/-/nanoid-3.3.1.tgz. Extracting by manifest.
1273 silly tarball no local data for moo@https://registry.npmjs.org/moo/-/moo-0.5.1.tgz. Extracting by manifest.
1274 silly tarball no local data for mime-types@https://registry.npmjs.org/mime-types/-/mime-types-2.1.34.tgz. Extracting by manifest.
1275 silly tarball no local data for node-releases@https://registry.npmjs.org/node-releases/-/node-releases-2.0.6.tgz. Extracting by manifest.
1276 silly tarball no local data for mime-db@https://registry.npmjs.org/mime-db/-/mime-db-1.51.0.tgz. Extracting by manifest.
1277 silly tarball no local data for natural-compare@https://registry.npmjs.org/natural-compare/-/natural-compare-1.4.0.tgz. Extracting by manifest.
1278 silly tarball no local data for micromatch@https://registry.npmjs.org/micromatch/-/micromatch-4.0.4.tgz. Extracting by manifest.
1279 silly tarball no local data for makeerror@https://registry.npmjs.org/makeerror/-/makeerror-1.0.12.tgz. Extracting by manifest.
1280 silly tarball no local data for loupe@https://registry.npmjs.org/loupe/-/loupe-2.3.1.tgz. Extracting by manifest.
1281 silly tarball no local data for loose-envify@https://registry.npmjs.org/loose-envify/-/loose-envify-1.4.0.tgz. Extracting by manifest.
1282 silly tarball no local data for lodash.once@https://registry.npmjs.org/lodash.once/-/lodash.once-4.1.1.tgz. Extracting by manifest.
1283 silly tarball no local data for lodash.truncate@https://registry.npmjs.org/lodash.truncate/-/lodash.truncate-4.4.2.tgz. Extracting by manifest.
1284 silly tarball no local data for lodash.isstring@https://registry.npmjs.org/lodash.isstring/-/lodash.isstring-4.0.1.tgz. Extracting by manifest.
1285 silly tarball no local data for lodash.merge@https://registry.npmjs.org/lodash.merge/-/lodash.merge-4.6.2.tgz. Extracting by manifest.
1286 silly tarball no local data for lodash.isplainobject@https://registry.npmjs.org/lodash.isplainobject/-/lodash.isplainobject-4.0.6.tgz. Extracting by manifest.
1287 silly tarball no local data for minimist@https://registry.npmjs.org/minimist/-/minimist-1.2.6.tgz. Extracting by manifest.
1288 silly tarball no local data for lodash.isboolean@https://registry.npmjs.org/lodash.isboolean/-/lodash.isboolean-3.0.3.tgz. Extracting by manifest.
1289 silly tarball no local data for lodash.isequal@https://registry.npmjs.org/lodash.isequal/-/lodash.isequal-4.5.0.tgz. Extracting by manifest.
1290 silly tarball no local data for lodash.includes@https://registry.npmjs.org/lodash.includes/-/lodash.includes-4.3.0.tgz. Extracting by manifest.
1291 silly tarball no local data for lodash.flattendeep@https://registry.npmjs.org/lodash.flattendeep/-/lodash.flattendeep-4.4.0.tgz. Extracting by manifest.
1292 silly tarball no local data for lodash.escape@https://registry.npmjs.org/lodash.escape/-/lodash.escape-4.0.1.tgz. Extracting by manifest.
1293 silly tarball no local data for lodash.clonedeep@https://registry.npmjs.org/lodash.clonedeep/-/lodash.clonedeep-4.5.0.tgz. Extracting by manifest.
1294 silly tarball no local data for lodash.debounce@https://registry.npmjs.org/lodash.debounce/-/lodash.debounce-4.0.8.tgz. Extracting by manifest.
1295 silly tarball no local data for lodash.isnumber@https://registry.npmjs.org/lodash.isnumber/-/lodash.isnumber-3.0.3.tgz. Extracting by manifest.
1296 silly tarball no local data for load-json-file@https://registry.npmjs.org/load-json-file/-/load-json-file-4.0.0.tgz. Extracting by manifest.
1297 silly tarball no local data for lodash.isinteger@https://registry.npmjs.org/lodash.isinteger/-/lodash.isinteger-4.0.4.tgz. Extracting by manifest.
1298 silly tarball no local data for levn@https://registry.npmjs.org/levn/-/levn-0.4.1.tgz. Extracting by manifest.
1299 silly tarball no local data for loader-runner@https://registry.npmjs.org/loader-runner/-/loader-runner-4.3.0.tgz. Extracting by manifest.
1300 silly tarball no local data for leven@https://registry.npmjs.org/leven/-/leven-3.1.0.tgz. Extracting by manifest.
1301 silly tarball no local data for language-subtag-registry@https://registry.npmjs.org/language-subtag-registry/-/language-subtag-registry-0.3.21.tgz. Extracting by manifest.
1302 silly tarball no local data for kleur@https://registry.npmjs.org/kleur/-/kleur-3.0.3.tgz. Extracting by manifest.
1303 silly tarball no local data for jsx-ast-utils@https://registry.npmjs.org/jsx-ast-utils/-/jsx-ast-utils-3.2.0.tgz. Extracting by manifest.
1304 silly tarball no local data for jss-preset-default@https://registry.npmjs.org/jss-preset-default/-/jss-preset-default-10.7.1.tgz. Extracting by manifest.
1305 silly tarball no local data for jss-plugin-vendor-prefixer@https://registry.npmjs.org/jss-plugin-vendor-prefixer/-/jss-plugin-vendor-prefixer-10.7.1.tgz. Extracting by manifest.
1306 silly tarball no local data for language-tags@https://registry.npmjs.org/language-tags/-/language-tags-1.0.5.tgz. Extracting by manifest.
1307 silly tarball no local data for jss-plugin-template@https://registry.npmjs.org/jss-plugin-template/-/jss-plugin-template-10.7.1.tgz. Extracting by manifest.
1308 silly tarball no local data for jss-plugin-rule-value-observable@https://registry.npmjs.org/jss-plugin-rule-value-observable/-/jss-plugin-rule-value-observable-10.7.1.tgz. Extracting by manifest.
1309 silly tarball no local data for jss-plugin-rule-value-function@https://registry.npmjs.org/jss-plugin-rule-value-function/-/jss-plugin-rule-value-function-10.7.1.tgz. Extracting by manifest.
1310 silly tarball no local data for jss-plugin-nested@https://registry.npmjs.org/jss-plugin-nested/-/jss-plugin-nested-10.7.1.tgz. Extracting by manifest.
1311 silly tarball no local data for jss-plugin-global@https://registry.npmjs.org/jss-plugin-global/-/jss-plugin-global-10.7.1.tgz. Extracting by manifest.
1312 silly tarball no local data for jss-plugin-props-sort@https://registry.npmjs.org/jss-plugin-props-sort/-/jss-plugin-props-sort-10.7.1.tgz. Extracting by manifest.
1313 silly tarball no local data for jss-plugin-extend@https://registry.npmjs.org/jss-plugin-extend/-/jss-plugin-extend-10.7.1.tgz. Extracting by manifest.
1314 silly tarball no local data for jss-plugin-compose@https://registry.npmjs.org/jss-plugin-compose/-/jss-plugin-compose-10.7.1.tgz. Extracting by manifest.
1315 silly tarball no local data for jss-plugin-expand@https://registry.npmjs.org/jss-plugin-expand/-/jss-plugin-expand-10.7.1.tgz. Extracting by manifest.
1316 silly tarball no local data for jss-plugin-default-unit@https://registry.npmjs.org/jss-plugin-default-unit/-/jss-plugin-default-unit-10.7.1.tgz. Extracting by manifest.
1317 silly tarball no local data for jss-plugin-camel-case@https://registry.npmjs.org/jss-plugin-camel-case/-/jss-plugin-camel-case-10.7.1.tgz. Extracting by manifest.
1318 silly tarball no local data for json-stable-stringify-without-jsonify@https://registry.npmjs.org/json-stable-stringify-without-jsonify/-/json-stable-stringify-without-jsonify-1.0.1.tgz. Extracting by manifest.
1319 silly tarball no local data for jss@https://registry.npmjs.org/jss/-/jss-10.7.1.tgz. Extracting by manifest.
1320 silly tarball no local data for json-parse-better-errors@https://registry.npmjs.org/json-parse-better-errors/-/json-parse-better-errors-1.0.2.tgz. Extracting by manifest.
1321 silly tarball no local data for json-parse-even-better-errors@https://registry.npmjs.org/json-parse-even-better-errors/-/json-parse-even-better-errors-2.3.1.tgz. Extracting by manifest.
1322 silly tarball no local data for jsesc@https://registry.npmjs.org/jsesc/-/jsesc-2.5.2.tgz. Extracting by manifest.
1323 silly tarball no local data for jsdom@https://registry.npmjs.org/jsdom/-/jsdom-16.7.0.tgz. Extracting by manifest.
1324 silly tarball no local data for js-tokens@https://registry.npmjs.org/js-tokens/-/js-tokens-4.0.0.tgz. Extracting by manifest.
1325 silly tarball no local data for js-yaml@https://registry.npmjs.org/js-yaml/-/js-yaml-3.14.1.tgz. Extracting by manifest.
1326 silly tarball no local data for jest-validate@https://registry.npmjs.org/jest-validate/-/jest-validate-27.4.6.tgz. Extracting by manifest.
1327 silly tarball no local data for jest-watcher@https://registry.npmjs.org/jest-watcher/-/jest-watcher-27.4.6.tgz. Extracting by manifest.
1328 silly tarball no local data for jest-serializer@https://registry.npmjs.org/jest-serializer/-/jest-serializer-27.4.0.tgz. Extracting by manifest.
1329 silly tarball no local data for jest-snapshot@https://registry.npmjs.org/jest-snapshot/-/jest-snapshot-27.4.6.tgz. Extracting by manifest.
1330 silly tarball no local data for jest-runtime@https://registry.npmjs.org/jest-runtime/-/jest-runtime-27.4.6.tgz. Extracting by manifest.
1331 silly tarball no local data for jest-util@https://registry.npmjs.org/jest-util/-/jest-util-27.4.2.tgz. Extracting by manifest.
1332 silly tarball no local data for jest-runner@https://registry.npmjs.org/jest-runner/-/jest-runner-27.4.6.tgz. Extracting by manifest.
1333 silly tarball no local data for jest-resolve-dependencies@https://registry.npmjs.org/jest-resolve-dependencies/-/jest-resolve-dependencies-27.4.6.tgz. Extracting by manifest.
1334 silly tarball no local data for jest-resolve@https://registry.npmjs.org/jest-resolve/-/jest-resolve-27.4.6.tgz. Extracting by manifest.
1335 silly tarball no local data for jest-regex-util@https://registry.npmjs.org/jest-regex-util/-/jest-regex-util-27.4.0.tgz. Extracting by manifest.
1336 silly tarball no local data for jest-mock@https://registry.npmjs.org/jest-mock/-/jest-mock-27.4.6.tgz. Extracting by manifest.
1337 silly tarball no local data for jest-matcher-utils@https://registry.npmjs.org/jest-matcher-utils/-/jest-matcher-utils-27.4.6.tgz. Extracting by manifest.
1338 silly tarball no local data for jest-pnp-resolver@https://registry.npmjs.org/jest-pnp-resolver/-/jest-pnp-resolver-1.2.2.tgz. Extracting by manifest.
1339 silly tarball no local data for jest-message-util@https://registry.npmjs.org/jest-message-util/-/jest-message-util-27.4.6.tgz. Extracting by manifest.
1340 silly tarball no local data for jest-jasmine2@https://registry.npmjs.org/jest-jasmine2/-/jest-jasmine2-27.4.6.tgz. Extracting by manifest.
1341 silly tarball no local data for jest-leak-detector@https://registry.npmjs.org/jest-leak-detector/-/jest-leak-detector-27.4.6.tgz. Extracting by manifest.
1342 silly tarball no local data for jest-haste-map@https://registry.npmjs.org/jest-haste-map/-/jest-haste-map-27.4.6.tgz. Extracting by manifest.
1343 silly tarball no local data for jest-get-type@https://registry.npmjs.org/jest-get-type/-/jest-get-type-27.4.0.tgz. Extracting by manifest.
1344 silly tarball no local data for jest-environment-node@https://registry.npmjs.org/jest-environment-node/-/jest-environment-node-27.4.6.tgz. Extracting by manifest.
1345 silly tarball no local data for jest-environment-jsdom@https://registry.npmjs.org/jest-environment-jsdom/-/jest-environment-jsdom-27.4.6.tgz. Extracting by manifest.
1346 silly tarball no local data for jest-each@https://registry.npmjs.org/jest-each/-/jest-each-27.4.6.tgz. Extracting by manifest.
1347 silly tarball no local data for jest-diff@https://registry.npmjs.org/jest-diff/-/jest-diff-27.4.6.tgz. Extracting by manifest.
1348 silly tarball no local data for jest-config@https://registry.npmjs.org/jest-config/-/jest-config-27.4.7.tgz. Extracting by manifest.
1349 silly tarball no local data for jest-docblock@https://registry.npmjs.org/jest-docblock/-/jest-docblock-27.4.0.tgz. Extracting by manifest.
1350 silly tarball no local data for jest-changed-files@https://registry.npmjs.org/jest-changed-files/-/jest-changed-files-27.4.2.tgz. Extracting by manifest.
1351 silly tarball no local data for istanbul-lib-source-maps@https://registry.npmjs.org/istanbul-lib-source-maps/-/istanbul-lib-source-maps-4.0.1.tgz. Extracting by manifest.
1352 silly tarball no local data for jest-circus@https://registry.npmjs.org/jest-circus/-/jest-circus-27.4.6.tgz. Extracting by manifest.
1353 silly tarball no local data for jest@https://registry.npmjs.org/jest/-/jest-27.4.7.tgz. Extracting by manifest.
1354 silly tarball no local data for istanbul-lib-report@https://registry.npmjs.org/istanbul-lib-report/-/istanbul-lib-report-3.0.0.tgz. Extracting by manifest.
1355 silly tarball no local data for istanbul-reports@https://registry.npmjs.org/istanbul-reports/-/istanbul-reports-3.1.3.tgz. Extracting by manifest.
1356 silly tarball no local data for istanbul-lib-instrument@https://registry.npmjs.org/istanbul-lib-instrument/-/istanbul-lib-instrument-5.1.0.tgz. Extracting by manifest.
1357 silly tarball no local data for istanbul-lib-coverage@https://registry.npmjs.org/istanbul-lib-coverage/-/istanbul-lib-coverage-3.2.0.tgz. Extracting by manifest.
1358 silly tarball no local data for is-weakref@https://registry.npmjs.org/is-weakref/-/is-weakref-1.0.2.tgz. Extracting by manifest.
1359 silly tarball no local data for isobject@https://registry.npmjs.org/isobject/-/isobject-3.0.1.tgz. Extracting by manifest.
1360 silly tarball no local data for is-typedarray@https://registry.npmjs.org/is-typedarray/-/is-typedarray-1.0.0.tgz. Extracting by manifest.
1361 silly tarball no local data for isexe@https://registry.npmjs.org/isexe/-/isexe-2.0.0.tgz. Extracting by manifest.
1362 silly tarball no local data for is-subset@https://registry.npmjs.org/is-subset/-/is-subset-0.1.1.tgz. Extracting by manifest.
1363 silly tarball no local data for is-symbol@https://registry.npmjs.org/is-symbol/-/is-symbol-1.0.4.tgz. Extracting by manifest.
1364 silly tarball no local data for is-string@https://registry.npmjs.org/is-string/-/is-string-1.0.7.tgz. Extracting by manifest.
1365 silly tarball no local data for is-shared-array-buffer@https://registry.npmjs.org/is-shared-array-buffer/-/is-shared-array-buffer-1.0.1.tgz. Extracting by manifest.
1366 silly tarball no local data for is-regex@https://registry.npmjs.org/is-regex/-/is-regex-1.1.4.tgz. Extracting by manifest.
1367 silly tarball no local data for is-potential-custom-element-name@https://registry.npmjs.org/is-potential-custom-element-name/-/is-potential-custom-element-name-1.0.1.tgz. Extracting by manifest.
1368 silly tarball no local data for is-number-object@https://registry.npmjs.org/is-number-object/-/is-number-object-1.0.6.tgz. Extracting by manifest.
1369 silly tarball no local data for is-negative-zero@https://registry.npmjs.org/is-negative-zero/-/is-negative-zero-2.0.1.tgz. Extracting by manifest.
1370 silly tarball no local data for is-ip@https://registry.npmjs.org/is-ip/-/is-ip-4.0.0.tgz. Extracting by manifest.
1371 silly tarball no local data for is-in-browser@https://registry.npmjs.org/is-in-browser/-/is-in-browser-1.1.3.tgz. Extracting by manifest.
1372 silly tarball no local data for is-generator-fn@https://registry.npmjs.org/is-generator-fn/-/is-generator-fn-2.1.0.tgz. Extracting by manifest.
1373 silly tarball no local data for is-date-object@https://registry.npmjs.org/is-date-object/-/is-date-object-1.0.5.tgz. Extracting by manifest.
1374 silly tarball no local data for is-core-module@https://registry.npmjs.org/is-core-module/-/is-core-module-2.5.0.tgz. Extracting by manifest.
1375 silly tarball no local data for is-boolean-object@https://registry.npmjs.org/is-boolean-object/-/is-boolean-object-1.1.2.tgz. Extracting by manifest.
1376 silly tarball no local data for is-callable@https://registry.npmjs.org/is-callable/-/is-callable-1.2.4.tgz. Extracting by manifest.
1377 silly tarball no local data for ip-regex@https://registry.npmjs.org/ip-regex/-/ip-regex-5.0.0.tgz. Extracting by manifest.
1378 silly tarball no local data for is-arrayish@https://registry.npmjs.org/is-arrayish/-/is-arrayish-0.2.1.tgz. Extracting by manifest.
1379 silly tarball no local data for is-bigint@https://registry.npmjs.org/is-bigint/-/is-bigint-1.0.3.tgz. Extracting by manifest.
1380 silly tarball no local data for imurmurhash@https://registry.npmjs.org/imurmurhash/-/imurmurhash-0.1.4.tgz. Extracting by manifest.
1381 silly tarball no local data for ignore@https://registry.npmjs.org/ignore/-/ignore-4.0.6.tgz. Extracting by manifest.
1382 silly tarball no local data for import-local@https://registry.npmjs.org/import-local/-/import-local-3.1.0.tgz. Extracting by manifest.
1383 silly tarball no local data for internal-slot@https://registry.npmjs.org/internal-slot/-/internal-slot-1.0.3.tgz. Extracting by manifest.
1384 silly tarball no local data for hyphenate-style-name@https://registry.npmjs.org/hyphenate-style-name/-/hyphenate-style-name-1.0.4.tgz. Extracting by manifest.
1385 silly tarball no local data for import-fresh@https://registry.npmjs.org/import-fresh/-/import-fresh-3.3.0.tgz. Extracting by manifest.
1386 silly tarball no local data for http-proxy-agent@https://registry.npmjs.org/http-proxy-agent/-/http-proxy-agent-4.0.1.tgz. Extracting by manifest.
1387 silly tarball no local data for html-encoding-sniffer@https://registry.npmjs.org/html-encoding-sniffer/-/html-encoding-sniffer-2.0.1.tgz. Extracting by manifest.
1388 silly tarball no local data for has-symbols@https://registry.npmjs.org/has-symbols/-/has-symbols-1.0.2.tgz. Extracting by manifest.
1389 silly tarball no local data for html-element-map@https://registry.npmjs.org/html-element-map/-/html-element-map-1.3.1.tgz. Extracting by manifest.
1390 silly tarball no local data for hosted-git-info@https://registry.npmjs.org/hosted-git-info/-/hosted-git-info-2.8.9.tgz. Extracting by manifest.
1391 silly tarball no local data for has-tostringtag@https://registry.npmjs.org/has-tostringtag/-/has-tostringtag-1.0.0.tgz. Extracting by manifest.
1392 silly tarball no local data for has-bigints@https://registry.npmjs.org/has-bigints/-/has-bigints-1.0.1.tgz. Extracting by manifest.
1393 silly tarball no local data for hoist-non-react-statics@https://registry.npmjs.org/hoist-non-react-statics/-/hoist-non-react-statics-3.3.2.tgz. Extracting by manifest.
1394 silly tarball no local data for graceful-fs@https://registry.npmjs.org/graceful-fs/-/graceful-fs-4.2.10.tgz. Extracting by manifest.
1395 silly tarball no local data for globby@https://registry.npmjs.org/globby/-/globby-11.0.4.tgz. Extracting by manifest.
1396 silly tarball no local data for glob-to-regexp@https://registry.npmjs.org/glob-to-regexp/-/glob-to-regexp-0.4.1.tgz. Extracting by manifest.
1397 silly tarball no local data for globals@https://registry.npmjs.org/globals/-/globals-13.10.0.tgz. Extracting by manifest.
1398 silly tarball no local data for glob@https://registry.npmjs.org/glob/-/glob-7.1.7.tgz. Extracting by manifest.
1399 silly tarball no local data for get-symbol-description@https://registry.npmjs.org/get-symbol-description/-/get-symbol-description-1.0.0.tgz. Extracting by manifest.
1400 silly tarball no local data for get-package-type@https://registry.npmjs.org/get-package-type/-/get-package-type-0.1.0.tgz. Extracting by manifest.
1401 silly tarball no local data for get-intrinsic@https://registry.npmjs.org/get-intrinsic/-/get-intrinsic-1.1.1.tgz. Extracting by manifest.
1402 silly tarball no local data for get-caller-file@https://registry.npmjs.org/get-caller-file/-/get-caller-file-2.0.5.tgz. Extracting by manifest.
1403 silly tarball no local data for gensync@https://registry.npmjs.org/gensync/-/gensync-1.0.0-beta.2.tgz. Extracting by manifest.
1404 silly tarball no local data for get-func-name@https://registry.npmjs.org/get-func-name/-/get-func-name-2.0.0.tgz. Extracting by manifest.
1405 silly tarball no local data for function.prototype.name@https://registry.npmjs.org/function.prototype.name/-/function.prototype.name-1.1.5.tgz. Extracting by manifest.
1406 silly tarball no local data for functional-red-black-tree@https://registry.npmjs.org/functional-red-black-tree/-/functional-red-black-tree-1.0.1.tgz. Extracting by manifest.
1407 silly tarball no local data for formdata-polyfill@https://registry.npmjs.org/formdata-polyfill/-/formdata-polyfill-4.0.10.tgz. Extracting by manifest.
1408 silly tarball no local data for fs-readdir-recursive@https://registry.npmjs.org/fs-readdir-recursive/-/fs-readdir-recursive-1.1.0.tgz. Extracting by manifest.
1409 silly tarball no local data for form-data@https://registry.npmjs.org/form-data/-/form-data-3.0.1.tgz. Extracting by manifest.
1410 silly tarball no local data for functions-have-names@https://registry.npmjs.org/functions-have-names/-/functions-have-names-1.2.2.tgz. Extracting by manifest.
1411 silly tarball no local data for follow-redirects@https://registry.npmjs.org/follow-redirects/-/follow-redirects-1.14.9.tgz. Extracting by manifest.
1412 silly tarball no local data for flat-cache@https://registry.npmjs.org/flat-cache/-/flat-cache-3.0.4.tgz. Extracting by manifest.
1413 silly tarball no local data for fetch-cookie@https://registry.npmjs.org/fetch-cookie/-/fetch-cookie-0.11.0.tgz. Extracting by manifest.
1414 silly tarball no local data for fetch-blob@https://registry.npmjs.org/fetch-blob/-/fetch-blob-3.1.4.tgz. Extracting by manifest.
1415 silly tarball no local data for fb-watchman@https://registry.npmjs.org/fb-watchman/-/fb-watchman-2.0.1.tgz. Extracting by manifest.
1416 silly tarball no local data for fast-levenshtein@https://registry.npmjs.org/fast-levenshtein/-/fast-levenshtein-2.0.6.tgz. Extracting by manifest.
1417 silly tarball no local data for fastq@https://registry.npmjs.org/fastq/-/fastq-1.11.1.tgz. Extracting by manifest.
1418 silly tarball no local data for flatted@https://registry.npmjs.org/flatted/-/flatted-3.2.2.tgz. Extracting by manifest.
1419 silly tarball no local data for expect@https://registry.npmjs.org/expect/-/expect-27.4.6.tgz. Extracting by manifest.
1420 silly tarball no local data for expose-loader@https://registry.npmjs.org/expose-loader/-/expose-loader-3.0.0.tgz. Extracting by manifest.
1421 silly tarball no local data for exit@https://registry.npmjs.org/exit/-/exit-0.1.2.tgz. Extracting by manifest.
1422 silly tarball no local data for eventsource@https://registry.npmjs.org/eventsource/-/eventsource-1.1.2.tgz. Extracting by manifest.
1423 silly tarball no local data for file-entry-cache@https://registry.npmjs.org/file-entry-cache/-/file-entry-cache-6.0.1.tgz. Extracting by manifest.
1424 silly tarball no local data for esutils@https://registry.npmjs.org/esutils/-/esutils-2.0.3.tgz. Extracting by manifest.
1425 silly tarball no local data for esprima@https://registry.npmjs.org/esprima/-/esprima-4.0.1.tgz. Extracting by manifest.
1426 silly tarball no local data for espree@https://registry.npmjs.org/espree/-/espree-7.3.1.tgz. Extracting by manifest.
1427 silly tarball no local data for esquery@https://registry.npmjs.org/esquery/-/esquery-1.4.0.tgz. Extracting by manifest.
1428 silly tarball no local data for event-target-shim@https://registry.npmjs.org/event-target-shim/-/event-target-shim-5.0.1.tgz. Extracting by manifest.
1429 silly tarball no local data for eslint-visitor-keys@https://registry.npmjs.org/eslint-visitor-keys/-/eslint-visitor-keys-2.1.0.tgz. Extracting by manifest.
1430 silly tarball no local data for eslint-plugin-react-hooks@https://registry.npmjs.org/eslint-plugin-react-hooks/-/eslint-plugin-react-hooks-4.2.0.tgz. Extracting by manifest.
1431 silly tarball no local data for eslint-plugin-react@https://registry.npmjs.org/eslint-plugin-react/-/eslint-plugin-react-7.24.0.tgz. Extracting by manifest.
1432 silly tarball no local data for eslint-utils@https://registry.npmjs.org/eslint-utils/-/eslint-utils-2.1.0.tgz. Extracting by manifest.
1433 silly tarball no local data for fast-glob@https://registry.npmjs.org/fast-glob/-/fast-glob-3.2.7.tgz. Extracting by manifest.
1434 silly tarball no local data for eslint-plugin-jsx-a11y@https://registry.npmjs.org/eslint-plugin-jsx-a11y/-/eslint-plugin-jsx-a11y-6.4.1.tgz. Extracting by manifest.
1435 silly tarball no local data for eslint-module-utils@https://registry.npmjs.org/eslint-module-utils/-/eslint-module-utils-2.6.1.tgz. Extracting by manifest.
1436 silly tarball no local data for eslint-import-resolver-typescript@https://registry.npmjs.org/eslint-import-resolver-typescript/-/eslint-import-resolver-typescript-2.4.0.tgz. Extracting by manifest.
1437 silly tarball no local data for eslint-import-resolver-node@https://registry.npmjs.org/eslint-import-resolver-node/-/eslint-import-resolver-node-0.3.4.tgz. Extracting by manifest.
1438 silly tarball no local data for eslint-config-next@https://registry.npmjs.org/eslint-config-next/-/eslint-config-next-11.0.1.tgz. Extracting by manifest.
1439 silly tarball no local data for eslint@https://registry.npmjs.org/eslint/-/eslint-7.32.0.tgz. Extracting by manifest.
1440 silly tarball no local data for escodegen@https://registry.npmjs.org/escodegen/-/escodegen-2.0.0.tgz. Extracting by manifest.
1441 silly tarball no local data for es-to-primitive@https://registry.npmjs.org/es-to-primitive/-/es-to-primitive-1.2.1.tgz. Extracting by manifest.
1442 silly tarball no local data for es-array-method-boxes-properly@https://registry.npmjs.org/es-array-method-boxes-properly/-/es-array-method-boxes-properly-1.0.0.tgz. Extracting by manifest.
1443 silly tarball no local data for es-module-lexer@https://registry.npmjs.org/es-module-lexer/-/es-module-lexer-0.9.3.tgz. Extracting by manifest.
1444 silly tarball no local data for enzyme-shallow-equal@https://registry.npmjs.org/enzyme-shallow-equal/-/enzyme-shallow-equal-1.0.4.tgz. Extracting by manifest.
1445 silly tarball no local data for enzyme@https://registry.npmjs.org/enzyme/-/enzyme-3.11.0.tgz. Extracting by manifest.
1446 silly tarball no local data for eslint-plugin-import@https://registry.npmjs.org/eslint-plugin-import/-/eslint-plugin-import-2.23.4.tgz. Extracting by manifest.
1447 silly tarball no local data for error-ex@https://registry.npmjs.org/error-ex/-/error-ex-1.3.2.tgz. Extracting by manifest.
1448 silly tarball no local data for enquirer@https://registry.npmjs.org/enquirer/-/enquirer-2.3.6.tgz. Extracting by manifest.
1449 silly tarball no local data for es-abstract@https://registry.npmjs.org/es-abstract/-/es-abstract-1.18.5.tgz. Extracting by manifest.
1450 silly tarball no local data for emittery@https://registry.npmjs.org/emittery/-/emittery-0.8.1.tgz. Extracting by manifest.
1451 silly tarball no local data for electron-to-chromium@https://registry.npmjs.org/electron-to-chromium/-/electron-to-chromium-1.4.225.tgz. Extracting by manifest.
1452 silly tarball no local data for domutils@https://registry.npmjs.org/domutils/-/domutils-2.8.0.tgz. Extracting by manifest.
1453 silly tarball no local data for domhandler@https://registry.npmjs.org/domhandler/-/domhandler-4.3.0.tgz. Extracting by manifest.
1454 silly tarball no local data for enhanced-resolve@https://registry.npmjs.org/enhanced-resolve/-/enhanced-resolve-5.10.0.tgz. Extracting by manifest.
1455 silly tarball no local data for domexception@https://registry.npmjs.org/domexception/-/domexception-2.0.1.tgz. Extracting by manifest.
1456 silly tarball no local data for doctrine@https://registry.npmjs.org/doctrine/-/doctrine-3.0.0.tgz. Extracting by manifest.
1457 silly tarball no local data for diff-sequences@https://registry.npmjs.org/diff-sequences/-/diff-sequences-27.4.0.tgz. Extracting by manifest.
1458 silly tarball no local data for detect-newline@https://registry.npmjs.org/detect-newline/-/detect-newline-3.1.0.tgz. Extracting by manifest.
1459 silly tarball no local data for discontinuous-range@https://registry.npmjs.org/discontinuous-range/-/discontinuous-range-1.0.0.tgz. Extracting by manifest.
1460 silly tarball no local data for define-properties@https://registry.npmjs.org/define-properties/-/define-properties-1.1.3.tgz. Extracting by manifest.
1461 silly tarball no local data for delayed-stream@https://registry.npmjs.org/delayed-stream/-/delayed-stream-1.0.0.tgz. Extracting by manifest.
1462 silly tarball no local data for deepmerge@https://registry.npmjs.org/deepmerge/-/deepmerge-4.2.2.tgz. Extracting by manifest.
1463 silly tarball no local data for deep-eql@https://registry.npmjs.org/deep-eql/-/deep-eql-3.0.1.tgz. Extracting by manifest.
1464 silly tarball no local data for deep-is@https://registry.npmjs.org/deep-is/-/deep-is-0.1.3.tgz. Extracting by manifest.
1465 silly tarball no local data for dedent@https://registry.npmjs.org/dedent/-/dedent-0.7.0.tgz. Extracting by manifest.
1466 silly tarball no local data for decimal.js@https://registry.npmjs.org/decimal.js/-/decimal.js-10.3.1.tgz. Extracting by manifest.
1467 silly tarball no local data for dayjs@https://registry.npmjs.org/dayjs/-/dayjs-1.10.6.tgz. Extracting by manifest.
1468 silly tarball no local data for data-urls@https://registry.npmjs.org/data-urls/-/data-urls-2.0.0.tgz. Extracting by manifest.
1469 silly tarball no local data for damerau-levenshtein@https://registry.npmjs.org/damerau-levenshtein/-/damerau-levenshtein-1.0.7.tgz. Extracting by manifest.
1470 silly tarball no local data for cssstyle@https://registry.npmjs.org/cssstyle/-/cssstyle-2.3.0.tgz. Extracting by manifest.
1471 silly tarball no local data for css-what@https://registry.npmjs.org/css-what/-/css-what-5.1.0.tgz. Extracting by manifest.
1472 silly tarball no local data for csstype@https://registry.npmjs.org/csstype/-/csstype-3.0.8.tgz. Extracting by manifest.
1473 silly tarball no local data for cssom@https://registry.npmjs.org/cssom/-/cssom-0.4.4.tgz. Extracting by manifest.
1474 silly tarball no local data for css-vendor@https://registry.npmjs.org/css-vendor/-/css-vendor-2.0.8.tgz. Extracting by manifest.
1475 silly tarball no local data for css-select@https://registry.npmjs.org/css-select/-/css-select-4.2.1.tgz. Extracting by manifest.
1476 silly tarball no local data for css-jss@https://registry.npmjs.org/css-jss/-/css-jss-10.7.1.tgz. Extracting by manifest.
1477 silly tarball no local data for cross-spawn@https://registry.npmjs.org/cross-spawn/-/cross-spawn-7.0.3.tgz. Extracting by manifest.
1478 silly tarball no local data for core-js-pure@https://registry.npmjs.org/core-js-pure/-/core-js-pure-3.16.0.tgz. Extracting by manifest.
1479 silly tarball no local data for core-js-compat@https://registry.npmjs.org/core-js-compat/-/core-js-compat-3.20.3.tgz. Extracting by manifest.
1480 silly tarball no local data for core-js@https://registry.npmjs.org/core-js/-/core-js-2.6.12.tgz. Extracting by manifest.
1481 silly tarball no local data for convert-source-map@https://registry.npmjs.org/convert-source-map/-/convert-source-map-1.7.0.tgz. Extracting by manifest.
1482 silly tarball no local data for commondir@https://registry.npmjs.org/commondir/-/commondir-1.0.1.tgz. Extracting by manifest.
1483 silly tarball no local data for combined-stream@https://registry.npmjs.org/combined-stream/-/combined-stream-1.0.8.tgz. Extracting by manifest.
1484 silly tarball no local data for collect-v8-coverage@https://registry.npmjs.org/collect-v8-coverage/-/collect-v8-coverage-1.0.1.tgz. Extracting by manifest.
1485 silly tarball no local data for co@https://registry.npmjs.org/co/-/co-4.6.0.tgz. Extracting by manifest.
1486 silly tarball no local data for cliui@https://registry.npmjs.org/cliui/-/cliui-7.0.4.tgz. Extracting by manifest.
1487 silly tarball no local data for cjs-module-lexer@https://registry.npmjs.org/cjs-module-lexer/-/cjs-module-lexer-1.2.2.tgz. Extracting by manifest.
1488 silly tarball no local data for ci-info@https://registry.npmjs.org/ci-info/-/ci-info-3.3.0.tgz. Extracting by manifest.
1489 silly tarball no local data for chrome-trace-event@https://registry.npmjs.org/chrome-trace-event/-/chrome-trace-event-1.0.3.tgz. Extracting by manifest.
1490 silly tarball no local data for chokidar@https://registry.npmjs.org/chokidar/-/chokidar-3.5.1.tgz. Extracting by manifest.
1491 silly tarball no local data for check-error@https://registry.npmjs.org/check-error/-/check-error-1.0.2.tgz. Extracting by manifest.
1492 silly tarball no local data for chai@https://registry.npmjs.org/chai/-/chai-4.3.6.tgz. Extracting by manifest.
1493 silly tarball no local data for char-regex@https://registry.npmjs.org/char-regex/-/char-regex-1.0.2.tgz. Extracting by manifest.
1494 silly tarball no local data for caniuse-lite@https://registry.npmjs.org/caniuse-lite/-/caniuse-lite-1.0.30001378.tgz. Extracting by manifest.
1495 silly tarball no local data for camelcase@https://registry.npmjs.org/camelcase/-/camelcase-6.3.0.tgz. Extracting by manifest.
1496 silly tarball no local data for call-bind@https://registry.npmjs.org/call-bind/-/call-bind-1.0.2.tgz. Extracting by manifest.
1497 silly tarball no local data for buffer-equal-constant-time@https://registry.npmjs.org/buffer-equal-constant-time/-/buffer-equal-constant-time-1.0.1.tgz. Extracting by manifest.
1498 silly tarball no local data for bser@https://registry.npmjs.org/bser/-/bser-2.1.1.tgz. Extracting by manifest.
1499 silly tarball no local data for browserslist@https://registry.npmjs.org/browserslist/-/browserslist-4.21.3.tgz. Extracting by manifest.
1500 silly tarball no local data for browser-process-hrtime@https://registry.npmjs.org/browser-process-hrtime/-/browser-process-hrtime-1.0.0.tgz. Extracting by manifest.
1501 silly tarball no local data for bootstrap@https://registry.npmjs.org/bootstrap/-/bootstrap-5.1.0.tgz. Extracting by manifest.
1502 silly tarball no local data for binary-extensions@https://registry.npmjs.org/binary-extensions/-/binary-extensions-2.2.0.tgz. Extracting by manifest.
1503 silly tarball no local data for babel-types@https://registry.npmjs.org/babel-types/-/babel-types-6.26.0.tgz. Extracting by manifest.
1504 silly tarball no local data for babel-runtime@https://registry.npmjs.org/babel-runtime/-/babel-runtime-6.26.0.tgz. Extracting by manifest.
1505 silly tarball no local data for babel-preset-react@https://registry.npmjs.org/babel-preset-react/-/babel-preset-react-6.24.1.tgz. Extracting by manifest.
1506 silly tarball no local data for babel-preset-flow@https://registry.npmjs.org/babel-preset-flow/-/babel-preset-flow-6.23.0.tgz. Extracting by manifest.
1507 silly tarball no local data for babel-preset-current-node-syntax@https://registry.npmjs.org/babel-preset-current-node-syntax/-/babel-preset-current-node-syntax-1.0.1.tgz. Extracting by manifest.
1508 silly tarball no local data for babel-preset-jest@https://registry.npmjs.org/babel-preset-jest/-/babel-preset-jest-27.4.0.tgz. Extracting by manifest.
1509 silly tarball no local data for babel-polyfill@https://registry.npmjs.org/babel-polyfill/-/babel-polyfill-6.26.0.tgz. Extracting by manifest.
1510 silly tarball no local data for babel-plugin-transform-react-jsx-self@https://registry.npmjs.org/babel-plugin-transform-react-jsx-self/-/babel-plugin-transform-react-jsx-self-6.22.0.tgz. Extracting by manifest.
1511 silly tarball no local data for babel-plugin-transform-react-jsx-source@https://registry.npmjs.org/babel-plugin-transform-react-jsx-source/-/babel-plugin-transform-react-jsx-source-6.22.0.tgz. Extracting by manifest.
1512 silly tarball no local data for babel-plugin-transform-react-jsx@https://registry.npmjs.org/babel-plugin-transform-react-jsx/-/babel-plugin-transform-react-jsx-6.24.1.tgz. Extracting by manifest.
1513 silly tarball no local data for babel-plugin-transform-react-display-name@https://registry.npmjs.org/babel-plugin-transform-react-display-name/-/babel-plugin-transform-react-display-name-6.25.0.tgz. Extracting by manifest.
1514 silly tarball no local data for babel-plugin-transform-flow-strip-types@https://registry.npmjs.org/babel-plugin-transform-flow-strip-types/-/babel-plugin-transform-flow-strip-types-6.22.0.tgz. Extracting by manifest.
1515 silly tarball no local data for babel-plugin-syntax-jsx@https://registry.npmjs.org/babel-plugin-syntax-jsx/-/babel-plugin-syntax-jsx-6.18.0.tgz. Extracting by manifest.
1516 silly tarball no local data for babel-plugin-polyfill-regenerator@https://registry.npmjs.org/babel-plugin-polyfill-regenerator/-/babel-plugin-polyfill-regenerator-0.3.1.tgz. Extracting by manifest.
1517 silly tarball no local data for babel-plugin-polyfill-corejs3@https://registry.npmjs.org/babel-plugin-polyfill-corejs3/-/babel-plugin-polyfill-corejs3-0.5.1.tgz. Extracting by manifest.
1518 silly tarball no local data for babel-plugin-syntax-flow@https://registry.npmjs.org/babel-plugin-syntax-flow/-/babel-plugin-syntax-flow-6.18.0.tgz. Extracting by manifest.
1519 silly tarball no local data for babel-plugin-polyfill-corejs2@https://registry.npmjs.org/babel-plugin-polyfill-corejs2/-/babel-plugin-polyfill-corejs2-0.3.1.tgz. Extracting by manifest.
1520 silly tarball no local data for babel-plugin-istanbul@https://registry.npmjs.org/babel-plugin-istanbul/-/babel-plugin-istanbul-6.1.1.tgz. Extracting by manifest.
1521 silly tarball no local data for babel-plugin-jest-hoist@https://registry.npmjs.org/babel-plugin-jest-hoist/-/babel-plugin-jest-hoist-27.4.0.tgz. Extracting by manifest.
1522 silly tarball no local data for babel-plugin-dynamic-import-node@https://registry.npmjs.org/babel-plugin-dynamic-import-node/-/babel-plugin-dynamic-import-node-2.3.3.tgz. Extracting by manifest.
1523 silly tarball no local data for babel-helper-builder-react-jsx@https://registry.npmjs.org/babel-helper-builder-react-jsx/-/babel-helper-builder-react-jsx-6.26.0.tgz. Extracting by manifest.
1524 silly tarball no local data for axobject-query@https://registry.npmjs.org/axobject-query/-/axobject-query-2.2.0.tgz. Extracting by manifest.
1525 silly tarball no local data for babel@https://registry.npmjs.org/babel/-/babel-6.23.0.tgz. Extracting by manifest.
1526 silly tarball no local data for babel-jest@https://registry.npmjs.org/babel-jest/-/babel-jest-27.4.6.tgz. Extracting by manifest.
1527 silly tarball no local data for astral-regex@https://registry.npmjs.org/astral-regex/-/astral-regex-2.0.0.tgz. Extracting by manifest.
1528 silly tarball no local data for axe-core@https://registry.npmjs.org/axe-core/-/axe-core-4.3.2.tgz. Extracting by manifest.
1529 silly tarball no local data for asynckit@https://registry.npmjs.org/asynckit/-/asynckit-0.4.0.tgz. Extracting by manifest.
1530 silly tarball no local data for ast-types-flow@https://registry.npmjs.org/ast-types-flow/-/ast-types-flow-0.0.7.tgz. Extracting by manifest.
1531 silly tarball no local data for array.prototype.flatmap@https://registry.npmjs.org/array.prototype.flatmap/-/array.prototype.flatmap-1.2.4.tgz. Extracting by manifest.
1532 silly tarball no local data for array.prototype.flat@https://registry.npmjs.org/array.prototype.flat/-/array.prototype.flat-1.2.4.tgz. Extracting by manifest.
1533 silly tarball no local data for assertion-error@https://registry.npmjs.org/assertion-error/-/assertion-error-1.1.0.tgz. Extracting by manifest.
1534 silly tarball no local data for array.prototype.filter@https://registry.npmjs.org/array.prototype.filter/-/array.prototype.filter-1.0.1.tgz. Extracting by manifest.
1535 silly tarball no local data for array-includes@https://registry.npmjs.org/array-includes/-/array-includes-3.1.3.tgz. Extracting by manifest.
1536 silly tarball no local data for aria-query@https://registry.npmjs.org/aria-query/-/aria-query-4.2.2.tgz. Extracting by manifest.
1537 silly tarball no local data for argparse@https://registry.npmjs.org/argparse/-/argparse-1.0.10.tgz. Extracting by manifest.
1538 silly tarball no local data for anymatch@https://registry.npmjs.org/anymatch/-/anymatch-3.1.2.tgz. Extracting by manifest.
1539 silly tarball no local data for ansi-colors@https://registry.npmjs.org/ansi-colors/-/ansi-colors-4.1.1.tgz. Extracting by manifest.
1540 silly tarball no local data for ansi-escapes@https://registry.npmjs.org/ansi-escapes/-/ansi-escapes-4.3.2.tgz. Extracting by manifest.
1541 silly tarball no local data for ajv@https://registry.npmjs.org/ajv/-/ajv-6.12.6.tgz. Extracting by manifest.
1542 silly tarball no local data for acorn-walk@https://registry.npmjs.org/acorn-walk/-/acorn-walk-7.2.0.tgz. Extracting by manifest.
1543 silly tarball no local data for acorn-globals@https://registry.npmjs.org/acorn-globals/-/acorn-globals-6.0.0.tgz. Extracting by manifest.
1544 silly tarball no local data for acorn-jsx@https://registry.npmjs.org/acorn-jsx/-/acorn-jsx-5.3.2.tgz. Extracting by manifest.
1545 silly tarball no local data for abab@https://registry.npmjs.org/abab/-/abab-2.0.5.tgz. Extracting by manifest.
1546 silly tarball no local data for acorn@https://registry.npmjs.org/acorn/-/acorn-7.4.1.tgz. Extracting by manifest.
1547 silly tarball no local data for @wojtekmaj/enzyme-adapter-utils@https://registry.npmjs.org/@wojtekmaj/enzyme-adapter-utils/-/enzyme-adapter-utils-0.1.2.tgz. Extracting by manifest.
1548 silly tarball no local data for abort-controller@https://registry.npmjs.org/abort-controller/-/abort-controller-3.0.0.tgz. Extracting by manifest.
1549 silly tarball no local data for @wojtekmaj/enzyme-adapter-react-17@https://registry.npmjs.org/@wojtekmaj/enzyme-adapter-react-17/-/enzyme-adapter-react-17-0.6.6.tgz. Extracting by manifest.
1550 silly tarball no local data for @webassemblyjs/wast-printer@https://registry.npmjs.org/@webassemblyjs/wast-printer/-/wast-printer-1.11.1.tgz. Extracting by manifest.
1551 silly tarball no local data for @webassemblyjs/wasm-parser@https://registry.npmjs.org/@webassemblyjs/wasm-parser/-/wasm-parser-1.11.1.tgz. Extracting by manifest.
1552 silly tarball no local data for @webassemblyjs/wasm-edit@https://registry.npmjs.org/@webassemblyjs/wasm-edit/-/wasm-edit-1.11.1.tgz. Extracting by manifest.
1553 silly tarball no local data for @webassemblyjs/utf8@https://registry.npmjs.org/@webassemblyjs/utf8/-/utf8-1.11.1.tgz. Extracting by manifest.
1554 silly tarball no local data for @webassemblyjs/wasm-gen@https://registry.npmjs.org/@webassemblyjs/wasm-gen/-/wasm-gen-1.11.1.tgz. Extracting by manifest.
1555 silly tarball no local data for @webassemblyjs/wasm-opt@https://registry.npmjs.org/@webassemblyjs/wasm-opt/-/wasm-opt-1.11.1.tgz. Extracting by manifest.
1556 silly tarball no local data for @webassemblyjs/ieee754@https://registry.npmjs.org/@webassemblyjs/ieee754/-/ieee754-1.11.1.tgz. Extracting by manifest.
1557 silly tarball no local data for @webassemblyjs/leb128@https://registry.npmjs.org/@webassemblyjs/leb128/-/leb128-1.11.1.tgz. Extracting by manifest.
1558 silly tarball no local data for @webassemblyjs/helper-wasm-bytecode@https://registry.npmjs.org/@webassemblyjs/helper-wasm-bytecode/-/helper-wasm-bytecode-1.11.1.tgz. Extracting by manifest.
1559 silly tarball no local data for @webassemblyjs/helper-wasm-section@https://registry.npmjs.org/@webassemblyjs/helper-wasm-section/-/helper-wasm-section-1.11.1.tgz. Extracting by manifest.
1560 silly tarball no local data for @webassemblyjs/helper-buffer@https://registry.npmjs.org/@webassemblyjs/helper-buffer/-/helper-buffer-1.11.1.tgz. Extracting by manifest.
1561 silly tarball no local data for @webassemblyjs/helper-numbers@https://registry.npmjs.org/@webassemblyjs/helper-numbers/-/helper-numbers-1.11.1.tgz. Extracting by manifest.
1562 silly tarball no local data for @typescript-eslint/visitor-keys@https://registry.npmjs.org/@typescript-eslint/visitor-keys/-/visitor-keys-4.29.0.tgz. Extracting by manifest.
1563 silly tarball no local data for @webassemblyjs/floating-point-hex-parser@https://registry.npmjs.org/@webassemblyjs/floating-point-hex-parser/-/floating-point-hex-parser-1.11.1.tgz. Extracting by manifest.
1564 silly tarball no local data for @webassemblyjs/helper-api-error@https://registry.npmjs.org/@webassemblyjs/helper-api-error/-/helper-api-error-1.11.1.tgz. Extracting by manifest.
1565 silly tarball no local data for @typescript-eslint/typescript-estree@https://registry.npmjs.org/@typescript-eslint/typescript-estree/-/typescript-estree-4.29.0.tgz. Extracting by manifest.
1566 silly tarball no local data for @webassemblyjs/ast@https://registry.npmjs.org/@webassemblyjs/ast/-/ast-1.11.1.tgz. Extracting by manifest.
1567 silly tarball no local data for @typescript-eslint/scope-manager@https://registry.npmjs.org/@typescript-eslint/scope-manager/-/scope-manager-4.29.0.tgz. Extracting by manifest.
1568 silly tarball no local data for @typescript-eslint/types@https://registry.npmjs.org/@typescript-eslint/types/-/types-4.29.0.tgz. Extracting by manifest.
1569 silly tarball no local data for @typescript-eslint/parser@https://registry.npmjs.org/@typescript-eslint/parser/-/parser-4.29.0.tgz. Extracting by manifest.
1570 silly tarball no local data for @types/yargs-parser@https://registry.npmjs.org/@types/yargs-parser/-/yargs-parser-20.2.1.tgz. Extracting by manifest.
1571 silly tarball no local data for @types/stack-utils@https://registry.npmjs.org/@types/stack-utils/-/stack-utils-2.0.1.tgz. Extracting by manifest.
1572 silly tarball no local data for @types/prettier@https://registry.npmjs.org/@types/prettier/-/prettier-2.4.3.tgz. Extracting by manifest.
1573 silly tarball no local data for @types/yargs@https://registry.npmjs.org/@types/yargs/-/yargs-16.0.4.tgz. Extracting by manifest.
1574 silly tarball no local data for @types/json-schema@https://registry.npmjs.org/@types/json-schema/-/json-schema-7.0.11.tgz. Extracting by manifest.
1575 silly tarball no local data for @types/node@https://registry.npmjs.org/@types/node/-/node-17.0.5.tgz. Extracting by manifest.
1576 silly tarball no local data for @types/jest@https://registry.npmjs.org/@types/jest/-/jest-27.4.0.tgz. Extracting by manifest.
1577 silly tarball no local data for @types/istanbul-reports@https://registry.npmjs.org/@types/istanbul-reports/-/istanbul-reports-3.0.1.tgz. Extracting by manifest.
1578 silly tarball no local data for @types/istanbul-lib-report@https://registry.npmjs.org/@types/istanbul-lib-report/-/istanbul-lib-report-3.0.0.tgz. Extracting by manifest.
1579 silly tarball no local data for @types/graceful-fs@https://registry.npmjs.org/@types/graceful-fs/-/graceful-fs-4.1.5.tgz. Extracting by manifest.
1580 silly tarball no local data for @types/istanbul-lib-coverage@https://registry.npmjs.org/@types/istanbul-lib-coverage/-/istanbul-lib-coverage-2.0.4.tgz. Extracting by manifest.
1581 silly tarball no local data for @types/eslint-scope@https://registry.npmjs.org/@types/eslint-scope/-/eslint-scope-3.7.4.tgz. Extracting by manifest.
1582 silly tarball no local data for @types/estree@https://registry.npmjs.org/@types/estree/-/estree-0.0.51.tgz. Extracting by manifest.
1583 silly tarball no local data for @types/babel__traverse@https://registry.npmjs.org/@types/babel__traverse/-/babel__traverse-7.14.2.tgz. Extracting by manifest.
1584 silly tarball no local data for @types/babel__template@https://registry.npmjs.org/@types/babel__template/-/babel__template-7.4.1.tgz. Extracting by manifest.
1585 silly tarball no local data for @types/babel__generator@https://registry.npmjs.org/@types/babel__generator/-/babel__generator-7.6.4.tgz. Extracting by manifest.
1586 silly tarball no local data for @types/eslint@https://registry.npmjs.org/@types/eslint/-/eslint-8.4.6.tgz. Extracting by manifest.
1587 silly tarball no local data for @tootallnate/once@https://registry.npmjs.org/@tootallnate/once/-/once-1.1.2.tgz. Extracting by manifest.
1588 silly tarball no local data for @types/babel__core@https://registry.npmjs.org/@types/babel__core/-/babel__core-7.1.18.tgz. Extracting by manifest.
1589 silly tarball no local data for @rushstack/eslint-patch@https://registry.npmjs.org/@rushstack/eslint-patch/-/eslint-patch-1.0.6.tgz. Extracting by manifest.
1590 silly tarball no local data for @sinonjs/commons@https://registry.npmjs.org/@sinonjs/commons/-/commons-1.8.3.tgz. Extracting by manifest.
1591 silly tarball no local data for @sinonjs/fake-timers@https://registry.npmjs.org/@sinonjs/fake-timers/-/fake-timers-8.1.0.tgz. Extracting by manifest.
1592 silly tarball no local data for @popperjs/core@https://registry.npmjs.org/@popperjs/core/-/core-2.11.6.tgz. Extracting by manifest.
1593 silly tarball no local data for @nodelib/fs.walk@https://registry.npmjs.org/@nodelib/fs.walk/-/fs.walk-1.2.8.tgz. Extracting by manifest.
1594 silly tarball no local data for @nodelib/fs.stat@https://registry.npmjs.org/@nodelib/fs.stat/-/fs.stat-2.0.5.tgz. Extracting by manifest.
1595 silly tarball no local data for @nodelib/fs.scandir@https://registry.npmjs.org/@nodelib/fs.scandir/-/fs.scandir-2.1.5.tgz. Extracting by manifest.
1596 silly tarball no local data for @nicolo-ribaudo/chokidar-2@https://registry.npmjs.org/@nicolo-ribaudo/chokidar-2/-/chokidar-2-2.1.8-no-fsevents.3.tgz. Extracting by manifest.
1597 silly tarball no local data for @next/swc-win32-x64-msvc@https://registry.npmjs.org/@next/swc-win32-x64-msvc/-/swc-win32-x64-msvc-12.1.0.tgz. Extracting by manifest.
1598 silly tarball no local data for @next/eslint-plugin-next@https://registry.npmjs.org/@next/eslint-plugin-next/-/eslint-plugin-next-11.0.1.tgz. Extracting by manifest.
1599 silly tarball no local data for @microsoft/signalr@https://registry.npmjs.org/@microsoft/signalr/-/signalr-6.0.9.tgz. Extracting by manifest.
1600 silly tarball no local data for @jridgewell/trace-mapping@https://registry.npmjs.org/@jridgewell/trace-mapping/-/trace-mapping-0.3.15.tgz. Extracting by manifest.
1601 silly tarball no local data for @jridgewell/sourcemap-codec@https://registry.npmjs.org/@jridgewell/sourcemap-codec/-/sourcemap-codec-1.4.14.tgz. Extracting by manifest.
1602 silly tarball no local data for @next/env@https://registry.npmjs.org/@next/env/-/env-12.1.0.tgz. Extracting by manifest.
1603 silly tarball no local data for @jridgewell/source-map@https://registry.npmjs.org/@jridgewell/source-map/-/source-map-0.3.2.tgz. Extracting by manifest.
1604 silly tarball no local data for @jridgewell/set-array@https://registry.npmjs.org/@jridgewell/set-array/-/set-array-1.1.2.tgz. Extracting by manifest.
1605 silly tarball no local data for @jridgewell/resolve-uri@https://registry.npmjs.org/@jridgewell/resolve-uri/-/resolve-uri-3.1.0.tgz. Extracting by manifest.
1606 silly tarball no local data for @jridgewell/gen-mapping@https://registry.npmjs.org/@jridgewell/gen-mapping/-/gen-mapping-0.3.2.tgz. Extracting by manifest.
1607 silly tarball no local data for @jest/test-sequencer@https://registry.npmjs.org/@jest/test-sequencer/-/test-sequencer-27.4.6.tgz. Extracting by manifest.
1608 silly tarball no local data for @jest/transform@https://registry.npmjs.org/@jest/transform/-/transform-27.4.6.tgz. Extracting by manifest.
1609 silly tarball no local data for @jest/types@https://registry.npmjs.org/@jest/types/-/types-27.4.2.tgz. Extracting by manifest.
1610 silly tarball no local data for @jest/source-map@https://registry.npmjs.org/@jest/source-map/-/source-map-27.4.0.tgz. Extracting by manifest.
1611 silly tarball no local data for @jest/test-result@https://registry.npmjs.org/@jest/test-result/-/test-result-27.4.6.tgz. Extracting by manifest.
1612 silly tarball no local data for @jest/globals@https://registry.npmjs.org/@jest/globals/-/globals-27.4.6.tgz. Extracting by manifest.
1613 silly tarball no local data for @jest/reporters@https://registry.npmjs.org/@jest/reporters/-/reporters-27.4.6.tgz. Extracting by manifest.
1614 silly tarball no local data for @jest/fake-timers@https://registry.npmjs.org/@jest/fake-timers/-/fake-timers-27.4.6.tgz. Extracting by manifest.
1615 silly tarball no local data for @jest/environment@https://registry.npmjs.org/@jest/environment/-/environment-27.4.6.tgz. Extracting by manifest.
1616 silly tarball no local data for @istanbuljs/schema@https://registry.npmjs.org/@istanbuljs/schema/-/schema-0.1.3.tgz. Extracting by manifest.
1617 silly tarball no local data for @jest/core@https://registry.npmjs.org/@jest/core/-/core-27.4.7.tgz. Extracting by manifest.
1618 silly tarball no local data for @jest/console@https://registry.npmjs.org/@jest/console/-/console-27.4.6.tgz. Extracting by manifest.
1619 silly tarball no local data for @istanbuljs/load-nyc-config@https://registry.npmjs.org/@istanbuljs/load-nyc-config/-/load-nyc-config-1.1.0.tgz. Extracting by manifest.
1620 silly tarball no local data for @humanwhocodes/object-schema@https://registry.npmjs.org/@humanwhocodes/object-schema/-/object-schema-1.2.0.tgz. Extracting by manifest.
1621 silly tarball no local data for @humanwhocodes/config-array@https://registry.npmjs.org/@humanwhocodes/config-array/-/config-array-0.5.0.tgz. Extracting by manifest.
1622 silly tarball no local data for @emotion/memoize@https://registry.npmjs.org/@emotion/memoize/-/memoize-0.7.1.tgz. Extracting by manifest.
1623 silly tarball no local data for @eslint/eslintrc@https://registry.npmjs.org/@eslint/eslintrc/-/eslintrc-0.4.3.tgz. Extracting by manifest.
1624 silly tarball no local data for @bcoe/v8-coverage@https://registry.npmjs.org/@bcoe/v8-coverage/-/v8-coverage-0.2.3.tgz. Extracting by manifest.
1625 silly tarball no local data for @emotion/is-prop-valid@https://registry.npmjs.org/@emotion/is-prop-valid/-/is-prop-valid-0.7.3.tgz. Extracting by manifest.
1626 silly tarball no local data for @babel/template@https://registry.npmjs.org/@babel/template/-/template-7.16.7.tgz. Extracting by manifest.
1627 silly tarball no local data for @babel/traverse@https://registry.npmjs.org/@babel/traverse/-/traverse-7.16.10.tgz. Extracting by manifest.
1628 silly tarball no local data for @babel/runtime-corejs3@https://registry.npmjs.org/@babel/runtime-corejs3/-/runtime-corejs3-7.14.9.tgz. Extracting by manifest.
1629 silly tarball no local data for @babel/runtime@https://registry.npmjs.org/@babel/runtime/-/runtime-7.12.5.tgz. Extracting by manifest.
1630 silly tarball no local data for @babel/register@https://registry.npmjs.org/@babel/register/-/register-7.16.9.tgz. Extracting by manifest.
1631 silly tarball no local data for @babel/preset-modules@https://registry.npmjs.org/@babel/preset-modules/-/preset-modules-0.1.5.tgz. Extracting by manifest.
1632 silly tarball no local data for @babel/preset-env@https://registry.npmjs.org/@babel/preset-env/-/preset-env-7.16.11.tgz. Extracting by manifest.
1633 silly tarball no local data for @babel/plugin-transform-unicode-escapes@https://registry.npmjs.org/@babel/plugin-transform-unicode-escapes/-/plugin-transform-unicode-escapes-7.16.7.tgz. Extracting by manifest.
1634 silly tarball no local data for @babel/plugin-transform-typeof-symbol@https://registry.npmjs.org/@babel/plugin-transform-typeof-symbol/-/plugin-transform-typeof-symbol-7.16.7.tgz. Extracting by manifest.
1635 silly tarball no local data for @babel/plugin-transform-unicode-regex@https://registry.npmjs.org/@babel/plugin-transform-unicode-regex/-/plugin-transform-unicode-regex-7.16.7.tgz. Extracting by manifest.
1636 silly tarball no local data for @babel/plugin-transform-template-literals@https://registry.npmjs.org/@babel/plugin-transform-template-literals/-/plugin-transform-template-literals-7.16.7.tgz. Extracting by manifest.
1637 silly tarball no local data for @babel/plugin-transform-sticky-regex@https://registry.npmjs.org/@babel/plugin-transform-sticky-regex/-/plugin-transform-sticky-regex-7.16.7.tgz. Extracting by manifest.
1638 silly tarball no local data for @babel/plugin-transform-spread@https://registry.npmjs.org/@babel/plugin-transform-spread/-/plugin-transform-spread-7.16.7.tgz. Extracting by manifest.
1639 silly tarball no local data for @babel/types@https://registry.npmjs.org/@babel/types/-/types-7.15.0.tgz. Extracting by manifest.
1640 silly tarball no local data for @babel/plugin-transform-reserved-words@https://registry.npmjs.org/@babel/plugin-transform-reserved-words/-/plugin-transform-reserved-words-7.16.7.tgz. Extracting by manifest.
1641 silly tarball no local data for @babel/plugin-transform-shorthand-properties@https://registry.npmjs.org/@babel/plugin-transform-shorthand-properties/-/plugin-transform-shorthand-properties-7.16.7.tgz. Extracting by manifest.
1642 silly tarball no local data for @babel/plugin-transform-property-literals@https://registry.npmjs.org/@babel/plugin-transform-property-literals/-/plugin-transform-property-literals-7.16.7.tgz. Extracting by manifest.
1643 silly tarball no local data for @babel/plugin-transform-regenerator@https://registry.npmjs.org/@babel/plugin-transform-regenerator/-/plugin-transform-regenerator-7.16.7.tgz. Extracting by manifest.
1644 silly tarball no local data for @babel/plugin-transform-parameters@https://registry.npmjs.org/@babel/plugin-transform-parameters/-/plugin-transform-parameters-7.16.7.tgz. Extracting by manifest.
1645 silly tarball no local data for @babel/plugin-transform-object-super@https://registry.npmjs.org/@babel/plugin-transform-object-super/-/plugin-transform-object-super-7.16.7.tgz. Extracting by manifest.
1646 silly tarball no local data for @babel/plugin-transform-new-target@https://registry.npmjs.org/@babel/plugin-transform-new-target/-/plugin-transform-new-target-7.16.7.tgz. Extracting by manifest.
1647 silly tarball no local data for @babel/plugin-transform-modules-umd@https://registry.npmjs.org/@babel/plugin-transform-modules-umd/-/plugin-transform-modules-umd-7.16.7.tgz. Extracting by manifest.
1648 silly tarball no local data for @babel/plugin-transform-modules-systemjs@https://registry.npmjs.org/@babel/plugin-transform-modules-systemjs/-/plugin-transform-modules-systemjs-7.16.7.tgz. Extracting by manifest.
1649 silly tarball no local data for @babel/plugin-transform-modules-commonjs@https://registry.npmjs.org/@babel/plugin-transform-modules-commonjs/-/plugin-transform-modules-commonjs-7.16.8.tgz. Extracting by manifest.
1650 silly tarball no local data for @babel/plugin-transform-named-capturing-groups-regex@https://registry.npmjs.org/@babel/plugin-transform-named-capturing-groups-regex/-/plugin-transform-named-capturing-groups-regex-7.16.8.tgz. Extracting by manifest.
1651 silly tarball no local data for @babel/plugin-transform-modules-amd@https://registry.npmjs.org/@babel/plugin-transform-modules-amd/-/plugin-transform-modules-amd-7.16.7.tgz. Extracting by manifest.
1652 silly tarball no local data for @babel/plugin-transform-member-expression-literals@https://registry.npmjs.org/@babel/plugin-transform-member-expression-literals/-/plugin-transform-member-expression-literals-7.16.7.tgz. Extracting by manifest.
1653 silly tarball no local data for @babel/plugin-transform-literals@https://registry.npmjs.org/@babel/plugin-transform-literals/-/plugin-transform-literals-7.16.7.tgz. Extracting by manifest.
1654 silly tarball no local data for @babel/plugin-transform-exponentiation-operator@https://registry.npmjs.org/@babel/plugin-transform-exponentiation-operator/-/plugin-transform-exponentiation-operator-7.16.7.tgz. Extracting by manifest.
1655 silly tarball no local data for @babel/plugin-transform-function-name@https://registry.npmjs.org/@babel/plugin-transform-function-name/-/plugin-transform-function-name-7.16.7.tgz. Extracting by manifest.
1656 silly tarball no local data for @babel/plugin-transform-for-of@https://registry.npmjs.org/@babel/plugin-transform-for-of/-/plugin-transform-for-of-7.16.7.tgz. Extracting by manifest.
1657 silly tarball no local data for @babel/plugin-transform-duplicate-keys@https://registry.npmjs.org/@babel/plugin-transform-duplicate-keys/-/plugin-transform-duplicate-keys-7.16.7.tgz. Extracting by manifest.
1658 silly tarball no local data for @babel/plugin-transform-dotall-regex@https://registry.npmjs.org/@babel/plugin-transform-dotall-regex/-/plugin-transform-dotall-regex-7.16.7.tgz. Extracting by manifest.
1659 silly tarball no local data for @babel/plugin-transform-classes@https://registry.npmjs.org/@babel/plugin-transform-classes/-/plugin-transform-classes-7.16.7.tgz. Extracting by manifest.
1660 silly tarball no local data for @babel/plugin-transform-destructuring@https://registry.npmjs.org/@babel/plugin-transform-destructuring/-/plugin-transform-destructuring-7.16.7.tgz. Extracting by manifest.
1661 silly tarball no local data for @babel/plugin-transform-computed-properties@https://registry.npmjs.org/@babel/plugin-transform-computed-properties/-/plugin-transform-computed-properties-7.16.7.tgz. Extracting by manifest.
1662 silly tarball no local data for @babel/plugin-transform-block-scoping@https://registry.npmjs.org/@babel/plugin-transform-block-scoping/-/plugin-transform-block-scoping-7.16.7.tgz. Extracting by manifest.
1663 silly tarball no local data for @babel/plugin-transform-block-scoped-functions@https://registry.npmjs.org/@babel/plugin-transform-block-scoped-functions/-/plugin-transform-block-scoped-functions-7.16.7.tgz. Extracting by manifest.
1664 silly tarball no local data for @babel/plugin-transform-arrow-functions@https://registry.npmjs.org/@babel/plugin-transform-arrow-functions/-/plugin-transform-arrow-functions-7.16.7.tgz. Extracting by manifest.
1665 silly tarball no local data for @babel/plugin-transform-async-to-generator@https://registry.npmjs.org/@babel/plugin-transform-async-to-generator/-/plugin-transform-async-to-generator-7.16.8.tgz. Extracting by manifest.
1666 silly tarball no local data for @babel/plugin-syntax-typescript@https://registry.npmjs.org/@babel/plugin-syntax-typescript/-/plugin-syntax-typescript-7.16.7.tgz. Extracting by manifest.
1667 silly tarball no local data for @babel/plugin-syntax-private-property-in-object@https://registry.npmjs.org/@babel/plugin-syntax-private-property-in-object/-/plugin-syntax-private-property-in-object-7.14.5.tgz. Extracting by manifest.
1668 silly tarball no local data for @babel/plugin-syntax-top-level-await@https://registry.npmjs.org/@babel/plugin-syntax-top-level-await/-/plugin-syntax-top-level-await-7.14.5.tgz. Extracting by manifest.
1669 silly tarball no local data for @babel/plugin-syntax-optional-chaining@https://registry.npmjs.org/@babel/plugin-syntax-optional-chaining/-/plugin-syntax-optional-chaining-7.8.3.tgz. Extracting by manifest.
1670 silly tarball no local data for @babel/plugin-syntax-optional-catch-binding@https://registry.npmjs.org/@babel/plugin-syntax-optional-catch-binding/-/plugin-syntax-optional-catch-binding-7.8.3.tgz. Extracting by manifest.
1671 silly tarball no local data for @babel/plugin-syntax-object-rest-spread@https://registry.npmjs.org/@babel/plugin-syntax-object-rest-spread/-/plugin-syntax-object-rest-spread-7.8.3.tgz. Extracting by manifest.
1672 silly tarball no local data for @babel/plugin-syntax-logical-assignment-operators@https://registry.npmjs.org/@babel/plugin-syntax-logical-assignment-operators/-/plugin-syntax-logical-assignment-operators-7.10.4.tgz. Extracting by manifest.
1673 silly tarball no local data for @babel/plugin-syntax-numeric-separator@https://registry.npmjs.org/@babel/plugin-syntax-numeric-separator/-/plugin-syntax-numeric-separator-7.10.4.tgz. Extracting by manifest.
1674 silly tarball no local data for @babel/plugin-syntax-json-strings@https://registry.npmjs.org/@babel/plugin-syntax-json-strings/-/plugin-syntax-json-strings-7.8.3.tgz. Extracting by manifest.
1675 silly tarball no local data for @babel/plugin-syntax-import-meta@https://registry.npmjs.org/@babel/plugin-syntax-import-meta/-/plugin-syntax-import-meta-7.10.4.tgz. Extracting by manifest.
1676 silly tarball no local data for @babel/plugin-syntax-dynamic-import@https://registry.npmjs.org/@babel/plugin-syntax-dynamic-import/-/plugin-syntax-dynamic-import-7.8.3.tgz. Extracting by manifest.
1677 silly tarball no local data for @babel/plugin-syntax-export-namespace-from@https://registry.npmjs.org/@babel/plugin-syntax-export-namespace-from/-/plugin-syntax-export-namespace-from-7.8.3.tgz. Extracting by manifest.
1678 silly tarball no local data for @babel/plugin-syntax-bigint@https://registry.npmjs.org/@babel/plugin-syntax-bigint/-/plugin-syntax-bigint-7.8.3.tgz. Extracting by manifest.
1679 silly tarball no local data for @babel/plugin-syntax-class-properties@https://registry.npmjs.org/@babel/plugin-syntax-class-properties/-/plugin-syntax-class-properties-7.12.13.tgz. Extracting by manifest.
1680 silly tarball no local data for @babel/plugin-syntax-class-static-block@https://registry.npmjs.org/@babel/plugin-syntax-class-static-block/-/plugin-syntax-class-static-block-7.14.5.tgz. Extracting by manifest.
1681 silly tarball no local data for @babel/plugin-syntax-async-generators@https://registry.npmjs.org/@babel/plugin-syntax-async-generators/-/plugin-syntax-async-generators-7.8.4.tgz. Extracting by manifest.
1682 silly tarball no local data for @babel/plugin-syntax-nullish-coalescing-operator@https://registry.npmjs.org/@babel/plugin-syntax-nullish-coalescing-operator/-/plugin-syntax-nullish-coalescing-operator-7.8.3.tgz. Extracting by manifest.
1683 silly tarball no local data for @babel/plugin-proposal-private-methods@https://registry.npmjs.org/@babel/plugin-proposal-private-methods/-/plugin-proposal-private-methods-7.16.11.tgz. Extracting by manifest.
1684 silly tarball no local data for @babel/plugin-proposal-optional-chaining@https://registry.npmjs.org/@babel/plugin-proposal-optional-chaining/-/plugin-proposal-optional-chaining-7.16.7.tgz. Extracting by manifest.
1685 silly tarball no local data for @babel/plugin-proposal-private-property-in-object@https://registry.npmjs.org/@babel/plugin-proposal-private-property-in-object/-/plugin-proposal-private-property-in-object-7.16.7.tgz. Extracting by manifest.
1686 silly tarball no local data for @babel/plugin-proposal-unicode-property-regex@https://registry.npmjs.org/@babel/plugin-proposal-unicode-property-regex/-/plugin-proposal-unicode-property-regex-7.16.7.tgz. Extracting by manifest.
1687 silly tarball no local data for @babel/plugin-proposal-optional-catch-binding@https://registry.npmjs.org/@babel/plugin-proposal-optional-catch-binding/-/plugin-proposal-optional-catch-binding-7.16.7.tgz. Extracting by manifest.
1688 silly tarball no local data for @babel/plugin-proposal-object-rest-spread@https://registry.npmjs.org/@babel/plugin-proposal-object-rest-spread/-/plugin-proposal-object-rest-spread-7.16.7.tgz. Extracting by manifest.
1689 silly tarball no local data for @babel/plugin-proposal-logical-assignment-operators@https://registry.npmjs.org/@babel/plugin-proposal-logical-assignment-operators/-/plugin-proposal-logical-assignment-operators-7.16.7.tgz. Extracting by manifest.
1690 silly tarball no local data for @babel/plugin-proposal-nullish-coalescing-operator@https://registry.npmjs.org/@babel/plugin-proposal-nullish-coalescing-operator/-/plugin-proposal-nullish-coalescing-operator-7.16.7.tgz. Extracting by manifest.
1691 silly tarball no local data for @babel/plugin-proposal-numeric-separator@https://registry.npmjs.org/@babel/plugin-proposal-numeric-separator/-/plugin-proposal-numeric-separator-7.16.7.tgz. Extracting by manifest.
1692 silly tarball no local data for @babel/plugin-proposal-json-strings@https://registry.npmjs.org/@babel/plugin-proposal-json-strings/-/plugin-proposal-json-strings-7.16.7.tgz. Extracting by manifest.
1693 silly tarball no local data for @babel/plugin-proposal-dynamic-import@https://registry.npmjs.org/@babel/plugin-proposal-dynamic-import/-/plugin-proposal-dynamic-import-7.16.7.tgz. Extracting by manifest.
1694 silly tarball no local data for @babel/plugin-proposal-export-namespace-from@https://registry.npmjs.org/@babel/plugin-proposal-export-namespace-from/-/plugin-proposal-export-namespace-from-7.16.7.tgz. Extracting by manifest.
1695 silly tarball no local data for @babel/plugin-bugfix-v8-spread-parameters-in-optional-chaining@https://registry.npmjs.org/@babel/plugin-bugfix-v8-spread-parameters-in-optional-chaining/-/plugin-bugfix-v8-spread-parameters-in-optional-chaining-7.16.7.tgz. Extracting by manifest.
1696 silly tarball no local data for @babel/plugin-proposal-class-static-block@https://registry.npmjs.org/@babel/plugin-proposal-class-static-block/-/plugin-proposal-class-static-block-7.16.7.tgz. Extracting by manifest.
1697 silly tarball no local data for @babel/plugin-proposal-async-generator-functions@https://registry.npmjs.org/@babel/plugin-proposal-async-generator-functions/-/plugin-proposal-async-generator-functions-7.16.8.tgz. Extracting by manifest.
1698 silly tarball no local data for @babel/plugin-proposal-class-properties@https://registry.npmjs.org/@babel/plugin-proposal-class-properties/-/plugin-proposal-class-properties-7.16.7.tgz. Extracting by manifest.
1699 silly tarball no local data for @babel/plugin-bugfix-safari-id-destructuring-collision-in-function-expression@https://registry.npmjs.org/@babel/plugin-bugfix-safari-id-destructuring-collision-in-function-expression/-/plugin-bugfix-safari-id-destructuring-collision-in-function-expression-7.16.7.tgz. Extracting by manifest.
1700 silly tarball no local data for @babel/highlight@https://registry.npmjs.org/@babel/highlight/-/highlight-7.14.5.tgz. Extracting by manifest.
1701 silly tarball no local data for @babel/parser@https://registry.npmjs.org/@babel/parser/-/parser-7.16.12.tgz. Extracting by manifest.
1702 silly tarball no local data for @babel/helpers@https://registry.npmjs.org/@babel/helpers/-/helpers-7.16.7.tgz. Extracting by manifest.
1703 silly tarball no local data for @babel/helper-wrap-function@https://registry.npmjs.org/@babel/helper-wrap-function/-/helper-wrap-function-7.16.8.tgz. Extracting by manifest.
1704 silly tarball no local data for @babel/helper-validator-option@https://registry.npmjs.org/@babel/helper-validator-option/-/helper-validator-option-7.16.7.tgz. Extracting by manifest.
1705 silly tarball no local data for @babel/helper-split-export-declaration@https://registry.npmjs.org/@babel/helper-split-export-declaration/-/helper-split-export-declaration-7.16.7.tgz. Extracting by manifest.
1706 silly tarball no local data for @babel/helper-skip-transparent-expression-wrappers@https://registry.npmjs.org/@babel/helper-skip-transparent-expression-wrappers/-/helper-skip-transparent-expression-wrappers-7.16.0.tgz. Extracting by manifest.
1707 silly tarball no local data for @babel/helper-validator-identifier@https://registry.npmjs.org/@babel/helper-validator-identifier/-/helper-validator-identifier-7.14.9.tgz. Extracting by manifest.
1708 silly tarball no local data for @babel/helper-simple-access@https://registry.npmjs.org/@babel/helper-simple-access/-/helper-simple-access-7.16.7.tgz. Extracting by manifest.
1709 silly tarball no local data for @babel/helper-remap-async-to-generator@https://registry.npmjs.org/@babel/helper-remap-async-to-generator/-/helper-remap-async-to-generator-7.16.8.tgz. Extracting by manifest.
1710 silly tarball no local data for @babel/helper-replace-supers@https://registry.npmjs.org/@babel/helper-replace-supers/-/helper-replace-supers-7.16.7.tgz. Extracting by manifest.
1711 silly tarball no local data for @babel/helper-plugin-utils@https://registry.npmjs.org/@babel/helper-plugin-utils/-/helper-plugin-utils-7.16.5.tgz. Extracting by manifest.
1712 silly tarball no local data for @babel/helper-module-imports@https://registry.npmjs.org/@babel/helper-module-imports/-/helper-module-imports-7.16.7.tgz. Extracting by manifest.
1713 silly tarball no local data for @babel/helper-optimise-call-expression@https://registry.npmjs.org/@babel/helper-optimise-call-expression/-/helper-optimise-call-expression-7.16.7.tgz. Extracting by manifest.
1714 silly tarball no local data for @babel/helper-module-transforms@https://registry.npmjs.org/@babel/helper-module-transforms/-/helper-module-transforms-7.16.7.tgz. Extracting by manifest.
1715 silly tarball no local data for @babel/helper-hoist-variables@https://registry.npmjs.org/@babel/helper-hoist-variables/-/helper-hoist-variables-7.16.7.tgz. Extracting by manifest.
1716 silly tarball no local data for @babel/helper-member-expression-to-functions@https://registry.npmjs.org/@babel/helper-member-expression-to-functions/-/helper-member-expression-to-functions-7.16.7.tgz. Extracting by manifest.
1717 silly tarball no local data for @babel/helper-get-function-arity@https://registry.npmjs.org/@babel/helper-get-function-arity/-/helper-get-function-arity-7.16.7.tgz. Extracting by manifest.
1718 silly tarball no local data for @babel/helper-function-name@https://registry.npmjs.org/@babel/helper-function-name/-/helper-function-name-7.16.7.tgz. Extracting by manifest.
1719 silly tarball no local data for @babel/helper-explode-assignable-expression@https://registry.npmjs.org/@babel/helper-explode-assignable-expression/-/helper-explode-assignable-expression-7.16.7.tgz. Extracting by manifest.
1720 silly tarball no local data for @babel/helper-define-polyfill-provider@https://registry.npmjs.org/@babel/helper-define-polyfill-provider/-/helper-define-polyfill-provider-0.3.1.tgz. Extracting by manifest.
1721 silly tarball no local data for @babel/helper-environment-visitor@https://registry.npmjs.org/@babel/helper-environment-visitor/-/helper-environment-visitor-7.16.7.tgz. Extracting by manifest.
1722 silly tarball no local data for @babel/helper-create-regexp-features-plugin@https://registry.npmjs.org/@babel/helper-create-regexp-features-plugin/-/helper-create-regexp-features-plugin-7.16.7.tgz. Extracting by manifest.
1723 silly tarball no local data for @babel/helper-create-class-features-plugin@https://registry.npmjs.org/@babel/helper-create-class-features-plugin/-/helper-create-class-features-plugin-7.16.10.tgz. Extracting by manifest.
1724 silly tarball no local data for @babel/helper-annotate-as-pure@https://registry.npmjs.org/@babel/helper-annotate-as-pure/-/helper-annotate-as-pure-7.16.7.tgz. Extracting by manifest.
1725 silly tarball no local data for @babel/helper-compilation-targets@https://registry.npmjs.org/@babel/helper-compilation-targets/-/helper-compilation-targets-7.16.7.tgz. Extracting by manifest.
1726 silly tarball no local data for @babel/helper-builder-binary-assignment-operator-visitor@https://registry.npmjs.org/@babel/helper-builder-binary-assignment-operator-visitor/-/helper-builder-binary-assignment-operator-visitor-7.16.7.tgz. Extracting by manifest.
1727 silly tarball no local data for @babel/core@https://registry.npmjs.org/@babel/core/-/core-7.16.12.tgz. Extracting by manifest.
1728 silly tarball no local data for @babel/generator@https://registry.npmjs.org/@babel/generator/-/generator-7.16.8.tgz. Extracting by manifest.
1729 silly tarball no local data for @babel/compat-data@https://registry.npmjs.org/@babel/compat-data/-/compat-data-7.16.8.tgz. Extracting by manifest.
1730 silly tarball no local data for @babel/code-frame@https://registry.npmjs.org/@babel/code-frame/-/code-frame-7.12.11.tgz. Extracting by manifest.
1731 silly tarball no local data for @babel/cli@https://registry.npmjs.org/@babel/cli/-/cli-7.16.8.tgz. Extracting by manifest.
1732 silly tarball no local data for acorn-import-assertions@https://registry.npmjs.org/acorn-import-assertions/-/acorn-import-assertions-1.8.0.tgz. Extracting by manifest.
1733 silly tarball no local data for acorn@https://registry.npmjs.org/acorn/-/acorn-8.8.0.tgz. Extracting by manifest.
1734 silly tarball no local data for source-map@https://registry.npmjs.org/source-map/-/source-map-0.7.3.tgz. Extracting by manifest.
1735 silly tarball no local data for json5@https://registry.npmjs.org/json5/-/json5-2.2.0.tgz. Extracting by manifest.
1736 silly tarball no local data for acorn@https://registry.npmjs.org/acorn/-/acorn-8.8.0.tgz. Extracting by manifest.
1737 silly tarball no local data for ajv@https://registry.npmjs.org/ajv/-/ajv-8.6.2.tgz. Extracting by manifest.
1738 silly tarball no local data for es-abstract@https://registry.npmjs.org/es-abstract/-/es-abstract-1.19.1.tgz. Extracting by manifest.
1739 silly tarball no local data for escape-string-regexp@https://registry.npmjs.org/escape-string-regexp/-/escape-string-regexp-2.0.0.tgz. Extracting by manifest.
1740 silly tarball no local data for path-exists@https://registry.npmjs.org/path-exists/-/path-exists-3.0.0.tgz. Extracting by manifest.
1741 silly tarball no local data for jsesc@https://registry.npmjs.org/jsesc/-/jsesc-0.5.0.tgz. Extracting by manifest.
1742 silly tarball no local data for p-try@https://registry.npmjs.org/p-try/-/p-try-1.0.0.tgz. Extracting by manifest.
1743 silly tarball no local data for p-locate@https://registry.npmjs.org/p-locate/-/p-locate-2.0.0.tgz. Extracting by manifest.
1744 silly tarball no local data for locate-path@https://registry.npmjs.org/locate-path/-/locate-path-2.0.0.tgz. Extracting by manifest.
1745 silly tarball no local data for p-limit@https://registry.npmjs.org/p-limit/-/p-limit-1.3.0.tgz. Extracting by manifest.
1746 silly tarball no local data for path-type@https://registry.npmjs.org/path-type/-/path-type-3.0.0.tgz. Extracting by manifest.
1747 silly tarball no local data for react-is@https://registry.npmjs.org/react-is/-/react-is-16.13.1.tgz. Extracting by manifest.
1748 silly tarball no local data for find-up@https://registry.npmjs.org/find-up/-/find-up-2.1.0.tgz. Extracting by manifest.
1749 silly tarball no local data for ansi-styles@https://registry.npmjs.org/ansi-styles/-/ansi-styles-5.2.0.tgz. Extracting by manifest.
1750 silly tarball no local data for p-try@https://registry.npmjs.org/p-try/-/p-try-1.0.0.tgz. Extracting by manifest.
1751 silly tarball no local data for p-locate@https://registry.npmjs.org/p-locate/-/p-locate-2.0.0.tgz. Extracting by manifest.
1752 silly tarball no local data for p-limit@https://registry.npmjs.org/p-limit/-/p-limit-1.3.0.tgz. Extracting by manifest.
1753 silly tarball no local data for path-exists@https://registry.npmjs.org/path-exists/-/path-exists-3.0.0.tgz. Extracting by manifest.
1754 silly tarball no local data for locate-path@https://registry.npmjs.org/locate-path/-/locate-path-2.0.0.tgz. Extracting by manifest.
1755 silly tarball no local data for find-up@https://registry.npmjs.org/find-up/-/find-up-2.1.0.tgz. Extracting by manifest.
1756 silly tarball no local data for data-uri-to-buffer@https://registry.npmjs.org/data-uri-to-buffer/-/data-uri-to-buffer-4.0.0.tgz. Extracting by manifest.
1757 silly tarball no local data for node-fetch@https://registry.npmjs.org/node-fetch/-/node-fetch-3.2.0.tgz. Extracting by manifest.
1758 silly tarball no local data for whatwg-url@https://registry.npmjs.org/whatwg-url/-/whatwg-url-8.7.0.tgz. Extracting by manifest.
1759 silly tarball no local data for tr46@https://registry.npmjs.org/tr46/-/tr46-2.1.0.tgz. Extracting by manifest.
1760 silly tarball no local data for webidl-conversions@https://registry.npmjs.org/webidl-conversions/-/webidl-conversions-6.1.0.tgz. Extracting by manifest.
1761 silly tarball no local data for acorn@https://registry.npmjs.org/acorn/-/acorn-8.7.0.tgz. Extracting by manifest.
1762 silly tarball no local data for strip-bom@https://registry.npmjs.org/strip-bom/-/strip-bom-4.0.0.tgz. Extracting by manifest.
1763 silly tarball no local data for @babel/highlight@https://registry.npmjs.org/@babel/highlight/-/highlight-7.16.10.tgz. Extracting by manifest.
1764 silly tarball no local data for @babel/helper-validator-identifier@https://registry.npmjs.org/@babel/helper-validator-identifier/-/helper-validator-identifier-7.16.7.tgz. Extracting by manifest.
1765 silly tarball no local data for @babel/code-frame@https://registry.npmjs.org/@babel/code-frame/-/code-frame-7.16.7.tgz. Extracting by manifest.
1766 silly tarball no local data for jest-cli@https://registry.npmjs.org/jest-cli/-/jest-cli-27.4.7.tgz. Extracting by manifest.
1767 silly tarball no local data for debug@https://registry.npmjs.org/debug/-/debug-4.3.3.tgz. Extracting by manifest.
1768 silly tarball no local data for debug@https://registry.npmjs.org/debug/-/debug-4.3.3.tgz. Extracting by manifest.
1769 silly tarball no local data for react-is@https://registry.npmjs.org/react-is/-/react-is-16.13.1.tgz. Extracting by manifest.
1770 silly tarball no local data for estraverse@https://registry.npmjs.org/estraverse/-/estraverse-5.2.0.tgz. Extracting by manifest.
1771 silly tarball no local data for debug@https://registry.npmjs.org/debug/-/debug-4.3.3.tgz. Extracting by manifest.
1772 silly tarball no local data for type-fest@https://registry.npmjs.org/type-fest/-/type-fest-0.20.2.tgz. Extracting by manifest.
1773 silly tarball no local data for estraverse@https://registry.npmjs.org/estraverse/-/estraverse-5.2.0.tgz. Extracting by manifest.
1774 silly tarball no local data for es-abstract@https://registry.npmjs.org/es-abstract/-/es-abstract-1.19.1.tgz. Extracting by manifest.
1775 silly tarball no local data for eslint-visitor-keys@https://registry.npmjs.org/eslint-visitor-keys/-/eslint-visitor-keys-1.3.0.tgz. Extracting by manifest.
1776 silly tarball no local data for eslint-visitor-keys@https://registry.npmjs.org/eslint-visitor-keys/-/eslint-visitor-keys-1.3.0.tgz. Extracting by manifest.
1777 silly tarball no local data for resolve@https://registry.npmjs.org/resolve/-/resolve-2.0.0-next.3.tgz. Extracting by manifest.
1778 silly tarball no local data for p-try@https://registry.npmjs.org/p-try/-/p-try-1.0.0.tgz. Extracting by manifest.
1779 silly tarball no local data for doctrine@https://registry.npmjs.org/doctrine/-/doctrine-2.1.0.tgz. Extracting by manifest.
1780 silly tarball no local data for pkg-dir@https://registry.npmjs.org/pkg-dir/-/pkg-dir-2.0.0.tgz. Extracting by manifest.
1781 silly tarball no local data for path-exists@https://registry.npmjs.org/path-exists/-/path-exists-3.0.0.tgz. Extracting by manifest.
1782 silly tarball no local data for emoji-regex@https://registry.npmjs.org/emoji-regex/-/emoji-regex-9.2.2.tgz. Extracting by manifest.
1783 silly tarball no local data for p-locate@https://registry.npmjs.org/p-locate/-/p-locate-2.0.0.tgz. Extracting by manifest.
1784 silly tarball no local data for doctrine@https://registry.npmjs.org/doctrine/-/doctrine-2.1.0.tgz. Extracting by manifest.
1785 silly tarball no local data for locate-path@https://registry.npmjs.org/locate-path/-/locate-path-2.0.0.tgz. Extracting by manifest.
1786 silly tarball no local data for find-up@https://registry.npmjs.org/find-up/-/find-up-2.1.0.tgz. Extracting by manifest.
1787 silly tarball no local data for path-exists@https://registry.npmjs.org/path-exists/-/path-exists-3.0.0.tgz. Extracting by manifest.
1788 silly tarball no local data for p-limit@https://registry.npmjs.org/p-limit/-/p-limit-1.3.0.tgz. Extracting by manifest.
1789 silly tarball no local data for p-limit@https://registry.npmjs.org/p-limit/-/p-limit-1.3.0.tgz. Extracting by manifest.
1790 silly tarball no local data for p-locate@https://registry.npmjs.org/p-locate/-/p-locate-2.0.0.tgz. Extracting by manifest.
1791 silly tarball no local data for p-try@https://registry.npmjs.org/p-try/-/p-try-1.0.0.tgz. Extracting by manifest.
1792 silly tarball no local data for find-up@https://registry.npmjs.org/find-up/-/find-up-2.1.0.tgz. Extracting by manifest.
1793 silly tarball no local data for debug@https://registry.npmjs.org/debug/-/debug-3.2.7.tgz. Extracting by manifest.
1794 silly tarball no local data for locate-path@https://registry.npmjs.org/locate-path/-/locate-path-2.0.0.tgz. Extracting by manifest.
1795 silly tarball no local data for type-check@https://registry.npmjs.org/type-check/-/type-check-0.3.2.tgz. Extracting by manifest.
1796 silly tarball no local data for prelude-ls@https://registry.npmjs.org/prelude-ls/-/prelude-ls-1.1.2.tgz. Extracting by manifest.
1797 silly tarball no local data for optionator@https://registry.npmjs.org/optionator/-/optionator-0.8.3.tgz. Extracting by manifest.
1798 silly tarball no local data for levn@https://registry.npmjs.org/levn/-/levn-0.3.0.tgz. Extracting by manifest.
1799 silly tarball no local data for cssom@https://registry.npmjs.org/cssom/-/cssom-0.3.8.tgz. Extracting by manifest.
1800 silly tarball no local data for whatwg-url@https://registry.npmjs.org/whatwg-url/-/whatwg-url-8.7.0.tgz. Extracting by manifest.
1801 silly tarball no local data for webidl-conversions@https://registry.npmjs.org/webidl-conversions/-/webidl-conversions-5.0.0.tgz. Extracting by manifest.
1802 silly tarball no local data for webidl-conversions@https://registry.npmjs.org/webidl-conversions/-/webidl-conversions-6.1.0.tgz. Extracting by manifest.
1803 silly tarball no local data for tr46@https://registry.npmjs.org/tr46/-/tr46-2.1.0.tgz. Extracting by manifest.
1804 silly tarball no local data for to-fast-properties@https://registry.npmjs.org/to-fast-properties/-/to-fast-properties-1.0.3.tgz. Extracting by manifest.
1805 silly tarball no local data for regenerator-runtime@https://registry.npmjs.org/regenerator-runtime/-/regenerator-runtime-0.11.1.tgz. Extracting by manifest.
1806 silly tarball no local data for tslib@https://registry.npmjs.org/tslib/-/tslib-2.3.1.tgz. Extracting by manifest.
1807 silly tarball no local data for semver@https://registry.npmjs.org/semver/-/semver-7.0.0.tgz. Extracting by manifest.
1808 silly tarball no local data for regenerator-runtime@https://registry.npmjs.org/regenerator-runtime/-/regenerator-runtime-0.10.5.tgz. Extracting by manifest.
1809 silly tarball no local data for es-abstract@https://registry.npmjs.org/es-abstract/-/es-abstract-1.19.1.tgz. Extracting by manifest.
1810 silly tarball no local data for type-fest@https://registry.npmjs.org/type-fest/-/type-fest-0.21.3.tgz. Extracting by manifest.
1811 silly tarball no local data for debug@https://registry.npmjs.org/debug/-/debug-4.3.3.tgz. Extracting by manifest.
1812 silly tarball no local data for react-test-renderer@https://registry.npmjs.org/react-test-renderer/-/react-test-renderer-17.0.2.tgz. Extracting by manifest.
1813 silly tarball no local data for camelcase@https://registry.npmjs.org/camelcase/-/camelcase-5.3.1.tgz. Extracting by manifest.
1814 silly tarball no local data for @babel/types@https://registry.npmjs.org/@babel/types/-/types-7.16.8.tgz. Extracting by manifest.
1815 silly tarball no local data for globals@https://registry.npmjs.org/globals/-/globals-11.12.0.tgz. Extracting by manifest.
1816 silly tarball no local data for @babel/types@https://registry.npmjs.org/@babel/types/-/types-7.16.8.tgz. Extracting by manifest.
1817 silly tarball no local data for @babel/highlight@https://registry.npmjs.org/@babel/highlight/-/highlight-7.16.10.tgz. Extracting by manifest.
1818 silly tarball no local data for debug@https://registry.npmjs.org/debug/-/debug-4.3.3.tgz. Extracting by manifest.
1819 silly tarball no local data for @babel/code-frame@https://registry.npmjs.org/@babel/code-frame/-/code-frame-7.16.7.tgz. Extracting by manifest.
1820 silly tarball no local data for @babel/highlight@https://registry.npmjs.org/@babel/highlight/-/highlight-7.16.10.tgz. Extracting by manifest.
1821 silly tarball no local data for @babel/helper-validator-identifier@https://registry.npmjs.org/@babel/helper-validator-identifier/-/helper-validator-identifier-7.16.7.tgz. Extracting by manifest.
1822 silly tarball no local data for @babel/helper-validator-identifier@https://registry.npmjs.org/@babel/helper-validator-identifier/-/helper-validator-identifier-7.16.7.tgz. Extracting by manifest.
1823 silly tarball no local data for @babel/code-frame@https://registry.npmjs.org/@babel/code-frame/-/code-frame-7.16.7.tgz. Extracting by manifest.
1824 silly tarball no local data for path-exists@https://registry.npmjs.org/path-exists/-/path-exists-3.0.0.tgz. Extracting by manifest.
1825 silly tarball no local data for p-locate@https://registry.npmjs.org/p-locate/-/p-locate-3.0.0.tgz. Extracting by manifest.
1826 silly tarball no local data for pkg-dir@https://registry.npmjs.org/pkg-dir/-/pkg-dir-3.0.0.tgz. Extracting by manifest.
1827 silly tarball no local data for @babel/types@https://registry.npmjs.org/@babel/types/-/types-7.16.8.tgz. Extracting by manifest.
1828 silly tarball no local data for find-up@https://registry.npmjs.org/find-up/-/find-up-3.0.0.tgz. Extracting by manifest.
1829 silly tarball no local data for find-cache-dir@https://registry.npmjs.org/find-cache-dir/-/find-cache-dir-2.1.0.tgz. Extracting by manifest.
1830 silly tarball no local data for locate-path@https://registry.npmjs.org/locate-path/-/locate-path-3.0.0.tgz. Extracting by manifest.
1831 silly tarball no local data for @babel/helper-validator-identifier@https://registry.npmjs.org/@babel/helper-validator-identifier/-/helper-validator-identifier-7.16.7.tgz. Extracting by manifest.
1832 silly tarball no local data for @babel/helper-plugin-utils@https://registry.npmjs.org/@babel/helper-plugin-utils/-/helper-plugin-utils-7.16.7.tgz. Extracting by manifest.
1833 silly tarball no local data for @babel/helper-plugin-utils@https://registry.npmjs.org/@babel/helper-plugin-utils/-/helper-plugin-utils-7.16.7.tgz. Extracting by manifest.
1834 silly tarball no local data for @babel/helper-plugin-utils@https://registry.npmjs.org/@babel/helper-plugin-utils/-/helper-plugin-utils-7.16.7.tgz. Extracting by manifest.
1835 silly tarball no local data for @babel/helper-plugin-utils@https://registry.npmjs.org/@babel/helper-plugin-utils/-/helper-plugin-utils-7.16.7.tgz. Extracting by manifest.
1836 silly tarball no local data for @babel/helper-plugin-utils@https://registry.npmjs.org/@babel/helper-plugin-utils/-/helper-plugin-utils-7.16.7.tgz. Extracting by manifest.
1837 silly tarball no local data for @babel/helper-plugin-utils@https://registry.npmjs.org/@babel/helper-plugin-utils/-/helper-plugin-utils-7.16.7.tgz. Extracting by manifest.
1838 silly tarball no local data for @babel/helper-plugin-utils@https://registry.npmjs.org/@babel/helper-plugin-utils/-/helper-plugin-utils-7.16.7.tgz. Extracting by manifest.
1839 silly tarball no local data for @babel/helper-plugin-utils@https://registry.npmjs.org/@babel/helper-plugin-utils/-/helper-plugin-utils-7.16.7.tgz. Extracting by manifest.
1840 silly tarball no local data for @babel/helper-plugin-utils@https://registry.npmjs.org/@babel/helper-plugin-utils/-/helper-plugin-utils-7.16.7.tgz. Extracting by manifest.
1841 silly tarball no local data for @babel/helper-plugin-utils@https://registry.npmjs.org/@babel/helper-plugin-utils/-/helper-plugin-utils-7.16.7.tgz. Extracting by manifest.
1842 silly tarball no local data for @babel/helper-validator-identifier@https://registry.npmjs.org/@babel/helper-validator-identifier/-/helper-validator-identifier-7.16.7.tgz. Extracting by manifest.
1843 silly tarball no local data for @babel/helper-plugin-utils@https://registry.npmjs.org/@babel/helper-plugin-utils/-/helper-plugin-utils-7.16.7.tgz. Extracting by manifest.
1844 silly tarball no local data for @babel/helper-plugin-utils@https://registry.npmjs.org/@babel/helper-plugin-utils/-/helper-plugin-utils-7.16.7.tgz. Extracting by manifest.
1845 silly tarball no local data for @babel/helper-plugin-utils@https://registry.npmjs.org/@babel/helper-plugin-utils/-/helper-plugin-utils-7.16.7.tgz. Extracting by manifest.
1846 silly tarball no local data for @babel/helper-plugin-utils@https://registry.npmjs.org/@babel/helper-plugin-utils/-/helper-plugin-utils-7.16.7.tgz. Extracting by manifest.
1847 silly tarball no local data for @babel/helper-plugin-utils@https://registry.npmjs.org/@babel/helper-plugin-utils/-/helper-plugin-utils-7.16.7.tgz. Extracting by manifest.
1848 silly tarball no local data for @babel/helper-plugin-utils@https://registry.npmjs.org/@babel/helper-plugin-utils/-/helper-plugin-utils-7.16.7.tgz. Extracting by manifest.
1849 silly tarball no local data for @babel/helper-plugin-utils@https://registry.npmjs.org/@babel/helper-plugin-utils/-/helper-plugin-utils-7.16.7.tgz. Extracting by manifest.
1850 silly tarball no local data for @babel/helper-plugin-utils@https://registry.npmjs.org/@babel/helper-plugin-utils/-/helper-plugin-utils-7.16.7.tgz. Extracting by manifest.
1851 silly tarball no local data for @babel/helper-plugin-utils@https://registry.npmjs.org/@babel/helper-plugin-utils/-/helper-plugin-utils-7.16.7.tgz. Extracting by manifest.
1852 silly tarball no local data for @babel/helper-plugin-utils@https://registry.npmjs.org/@babel/helper-plugin-utils/-/helper-plugin-utils-7.16.7.tgz. Extracting by manifest.
1853 silly tarball no local data for @babel/helper-plugin-utils@https://registry.npmjs.org/@babel/helper-plugin-utils/-/helper-plugin-utils-7.16.7.tgz. Extracting by manifest.
1854 silly tarball no local data for @babel/helper-plugin-utils@https://registry.npmjs.org/@babel/helper-plugin-utils/-/helper-plugin-utils-7.16.7.tgz. Extracting by manifest.
1855 silly tarball no local data for @babel/helper-plugin-utils@https://registry.npmjs.org/@babel/helper-plugin-utils/-/helper-plugin-utils-7.16.7.tgz. Extracting by manifest.
1856 silly tarball no local data for @babel/helper-plugin-utils@https://registry.npmjs.org/@babel/helper-plugin-utils/-/helper-plugin-utils-7.16.7.tgz. Extracting by manifest.
1857 silly tarball no local data for @babel/helper-plugin-utils@https://registry.npmjs.org/@babel/helper-plugin-utils/-/helper-plugin-utils-7.16.7.tgz. Extracting by manifest.
1858 silly tarball no local data for @babel/helper-plugin-utils@https://registry.npmjs.org/@babel/helper-plugin-utils/-/helper-plugin-utils-7.16.7.tgz. Extracting by manifest.
1859 silly tarball no local data for @babel/helper-plugin-utils@https://registry.npmjs.org/@babel/helper-plugin-utils/-/helper-plugin-utils-7.16.7.tgz. Extracting by manifest.
1860 silly tarball no local data for @babel/helper-plugin-utils@https://registry.npmjs.org/@babel/helper-plugin-utils/-/helper-plugin-utils-7.16.7.tgz. Extracting by manifest.
1861 silly tarball no local data for @babel/helper-plugin-utils@https://registry.npmjs.org/@babel/helper-plugin-utils/-/helper-plugin-utils-7.16.7.tgz. Extracting by manifest.
1862 silly tarball no local data for globals@https://registry.npmjs.org/globals/-/globals-11.12.0.tgz. Extracting by manifest.
1863 silly tarball no local data for @babel/helper-plugin-utils@https://registry.npmjs.org/@babel/helper-plugin-utils/-/helper-plugin-utils-7.16.7.tgz. Extracting by manifest.
1864 silly tarball no local data for @babel/helper-plugin-utils@https://registry.npmjs.org/@babel/helper-plugin-utils/-/helper-plugin-utils-7.16.7.tgz. Extracting by manifest.
1865 silly tarball no local data for @babel/helper-plugin-utils@https://registry.npmjs.org/@babel/helper-plugin-utils/-/helper-plugin-utils-7.16.7.tgz. Extracting by manifest.
1866 silly tarball no local data for @babel/helper-plugin-utils@https://registry.npmjs.org/@babel/helper-plugin-utils/-/helper-plugin-utils-7.16.7.tgz. Extracting by manifest.
1867 silly tarball no local data for @babel/helper-plugin-utils@https://registry.npmjs.org/@babel/helper-plugin-utils/-/helper-plugin-utils-7.16.7.tgz. Extracting by manifest.
1868 silly tarball no local data for @babel/helper-plugin-utils@https://registry.npmjs.org/@babel/helper-plugin-utils/-/helper-plugin-utils-7.16.7.tgz. Extracting by manifest.
1869 silly tarball no local data for @babel/helper-plugin-utils@https://registry.npmjs.org/@babel/helper-plugin-utils/-/helper-plugin-utils-7.16.7.tgz. Extracting by manifest.
1870 silly tarball no local data for @babel/helper-plugin-utils@https://registry.npmjs.org/@babel/helper-plugin-utils/-/helper-plugin-utils-7.16.7.tgz. Extracting by manifest.
1871 silly tarball no local data for @babel/helper-plugin-utils@https://registry.npmjs.org/@babel/helper-plugin-utils/-/helper-plugin-utils-7.16.7.tgz. Extracting by manifest.
1872 silly tarball no local data for @babel/helper-plugin-utils@https://registry.npmjs.org/@babel/helper-plugin-utils/-/helper-plugin-utils-7.16.7.tgz. Extracting by manifest.
1873 silly tarball no local data for @babel/helper-plugin-utils@https://registry.npmjs.org/@babel/helper-plugin-utils/-/helper-plugin-utils-7.16.7.tgz. Extracting by manifest.
1874 silly tarball no local data for @babel/helper-plugin-utils@https://registry.npmjs.org/@babel/helper-plugin-utils/-/helper-plugin-utils-7.16.7.tgz. Extracting by manifest.
1875 silly tarball no local data for @babel/helper-plugin-utils@https://registry.npmjs.org/@babel/helper-plugin-utils/-/helper-plugin-utils-7.16.7.tgz. Extracting by manifest.
1876 silly tarball no local data for @babel/helper-plugin-utils@https://registry.npmjs.org/@babel/helper-plugin-utils/-/helper-plugin-utils-7.16.7.tgz. Extracting by manifest.
1877 silly tarball no local data for @babel/helper-plugin-utils@https://registry.npmjs.org/@babel/helper-plugin-utils/-/helper-plugin-utils-7.16.7.tgz. Extracting by manifest.
1878 silly tarball no local data for @babel/helper-plugin-utils@https://registry.npmjs.org/@babel/helper-plugin-utils/-/helper-plugin-utils-7.16.7.tgz. Extracting by manifest.
1879 silly tarball no local data for @babel/helper-plugin-utils@https://registry.npmjs.org/@babel/helper-plugin-utils/-/helper-plugin-utils-7.16.7.tgz. Extracting by manifest.
1880 silly tarball no local data for @babel/helper-plugin-utils@https://registry.npmjs.org/@babel/helper-plugin-utils/-/helper-plugin-utils-7.16.7.tgz. Extracting by manifest.
1881 silly tarball no local data for @babel/types@https://registry.npmjs.org/@babel/types/-/types-7.16.8.tgz. Extracting by manifest.
1882 silly tarball no local data for @babel/helper-validator-identifier@https://registry.npmjs.org/@babel/helper-validator-identifier/-/helper-validator-identifier-7.16.7.tgz. Extracting by manifest.
1883 silly tarball no local data for @babel/helper-plugin-utils@https://registry.npmjs.org/@babel/helper-plugin-utils/-/helper-plugin-utils-7.16.7.tgz. Extracting by manifest.
1884 silly tarball no local data for @babel/helper-validator-identifier@https://registry.npmjs.org/@babel/helper-validator-identifier/-/helper-validator-identifier-7.16.7.tgz. Extracting by manifest.
1885 silly tarball no local data for @babel/types@https://registry.npmjs.org/@babel/types/-/types-7.16.8.tgz. Extracting by manifest.
1886 silly tarball no local data for @babel/helper-plugin-utils@https://registry.npmjs.org/@babel/helper-plugin-utils/-/helper-plugin-utils-7.16.7.tgz. Extracting by manifest.
1887 silly tarball no local data for @babel/helper-validator-identifier@https://registry.npmjs.org/@babel/helper-validator-identifier/-/helper-validator-identifier-7.16.7.tgz. Extracting by manifest.
1888 silly tarball no local data for @babel/types@https://registry.npmjs.org/@babel/types/-/types-7.16.8.tgz. Extracting by manifest.
1889 silly tarball no local data for @babel/helper-validator-identifier@https://registry.npmjs.org/@babel/helper-validator-identifier/-/helper-validator-identifier-7.16.7.tgz. Extracting by manifest.
1890 silly tarball no local data for @babel/types@https://registry.npmjs.org/@babel/types/-/types-7.16.8.tgz. Extracting by manifest.
1891 silly tarball no local data for @babel/helper-validator-identifier@https://registry.npmjs.org/@babel/helper-validator-identifier/-/helper-validator-identifier-7.16.7.tgz. Extracting by manifest.
1892 silly tarball no local data for @babel/types@https://registry.npmjs.org/@babel/types/-/types-7.16.8.tgz. Extracting by manifest.
1893 silly tarball no local data for @babel/helper-validator-identifier@https://registry.npmjs.org/@babel/helper-validator-identifier/-/helper-validator-identifier-7.16.7.tgz. Extracting by manifest.
1894 silly tarball no local data for @babel/types@https://registry.npmjs.org/@babel/types/-/types-7.16.8.tgz. Extracting by manifest.
1895 silly tarball no local data for @babel/helper-validator-identifier@https://registry.npmjs.org/@babel/helper-validator-identifier/-/helper-validator-identifier-7.16.7.tgz. Extracting by manifest.
1896 silly tarball no local data for @babel/helper-validator-identifier@https://registry.npmjs.org/@babel/helper-validator-identifier/-/helper-validator-identifier-7.16.7.tgz. Extracting by manifest.
1897 silly tarball no local data for @babel/types@https://registry.npmjs.org/@babel/types/-/types-7.16.8.tgz. Extracting by manifest.
1898 silly tarball no local data for @babel/types@https://registry.npmjs.org/@babel/types/-/types-7.16.8.tgz. Extracting by manifest.
1899 silly tarball no local data for @babel/helper-validator-identifier@https://registry.npmjs.org/@babel/helper-validator-identifier/-/helper-validator-identifier-7.16.7.tgz. Extracting by manifest.
1900 silly tarball no local data for @babel/types@https://registry.npmjs.org/@babel/types/-/types-7.16.8.tgz. Extracting by manifest.
1901 silly tarball no local data for @babel/helper-validator-identifier@https://registry.npmjs.org/@babel/helper-validator-identifier/-/helper-validator-identifier-7.16.7.tgz. Extracting by manifest.
1902 silly tarball no local data for @babel/types@https://registry.npmjs.org/@babel/types/-/types-7.16.8.tgz. Extracting by manifest.
1903 silly tarball no local data for @babel/types@https://registry.npmjs.org/@babel/types/-/types-7.16.8.tgz. Extracting by manifest.
1904 silly tarball no local data for @babel/helper-validator-identifier@https://registry.npmjs.org/@babel/helper-validator-identifier/-/helper-validator-identifier-7.16.7.tgz. Extracting by manifest.
1905 silly tarball no local data for @babel/helper-validator-identifier@https://registry.npmjs.org/@babel/helper-validator-identifier/-/helper-validator-identifier-7.16.7.tgz. Extracting by manifest.
1906 silly tarball no local data for @babel/types@https://registry.npmjs.org/@babel/types/-/types-7.16.8.tgz. Extracting by manifest.
1907 silly tarball no local data for @babel/helper-validator-identifier@https://registry.npmjs.org/@babel/helper-validator-identifier/-/helper-validator-identifier-7.16.7.tgz. Extracting by manifest.
1908 silly tarball no local data for @babel/types@https://registry.npmjs.org/@babel/types/-/types-7.16.8.tgz. Extracting by manifest.
1909 silly tarball no local data for @babel/types@https://registry.npmjs.org/@babel/types/-/types-7.16.8.tgz. Extracting by manifest.
1910 silly tarball no local data for @babel/helper-validator-identifier@https://registry.npmjs.org/@babel/helper-validator-identifier/-/helper-validator-identifier-7.16.7.tgz. Extracting by manifest.
1911 silly tarball no local data for @babel/types@https://registry.npmjs.org/@babel/types/-/types-7.16.8.tgz. Extracting by manifest.
1912 silly tarball no local data for @babel/helper-validator-identifier@https://registry.npmjs.org/@babel/helper-validator-identifier/-/helper-validator-identifier-7.16.7.tgz. Extracting by manifest.
1913 silly tarball no local data for @babel/types@https://registry.npmjs.org/@babel/types/-/types-7.16.8.tgz. Extracting by manifest.
1914 silly tarball no local data for debug@https://registry.npmjs.org/debug/-/debug-4.3.3.tgz. Extracting by manifest.
1915 silly tarball no local data for @babel/helper-validator-identifier@https://registry.npmjs.org/@babel/helper-validator-identifier/-/helper-validator-identifier-7.16.7.tgz. Extracting by manifest.
1916 silly tarball no local data for @babel/types@https://registry.npmjs.org/@babel/types/-/types-7.16.8.tgz. Extracting by manifest.
1917 silly tarball no local data for @babel/types@https://registry.npmjs.org/@babel/types/-/types-7.16.8.tgz. Extracting by manifest.
1918 silly tarball no local data for source-map@https://registry.npmjs.org/source-map/-/source-map-0.5.7.tgz. Extracting by manifest.
1919 silly tarball no local data for @babel/helper-validator-identifier@https://registry.npmjs.org/@babel/helper-validator-identifier/-/helper-validator-identifier-7.16.7.tgz. Extracting by manifest.
1920 silly tarball no local data for @babel/helper-validator-identifier@https://registry.npmjs.org/@babel/helper-validator-identifier/-/helper-validator-identifier-7.16.7.tgz. Extracting by manifest.
1921 silly tarball no local data for @babel/helper-validator-identifier@https://registry.npmjs.org/@babel/helper-validator-identifier/-/helper-validator-identifier-7.16.7.tgz. Extracting by manifest.
1922 silly tarball no local data for @babel/types@https://registry.npmjs.org/@babel/types/-/types-7.16.8.tgz. Extracting by manifest.
1923 silly tarball no local data for source-map@https://registry.npmjs.org/source-map/-/source-map-0.5.7.tgz. Extracting by manifest.
1924 silly tarball no local data for @babel/types@https://registry.npmjs.org/@babel/types/-/types-7.16.8.tgz. Extracting by manifest.
1925 silly tarball no local data for json5@https://registry.npmjs.org/json5/-/json5-2.2.0.tgz. Extracting by manifest.
1926 silly tarball no local data for @babel/highlight@https://registry.npmjs.org/@babel/highlight/-/highlight-7.16.10.tgz. Extracting by manifest.
1927 silly tarball no local data for debug@https://registry.npmjs.org/debug/-/debug-4.3.3.tgz. Extracting by manifest.
1928 silly tarball no local data for source-map@https://registry.npmjs.org/source-map/-/source-map-0.5.7.tgz. Extracting by manifest.
1929 silly tarball no local data for @babel/code-frame@https://registry.npmjs.org/@babel/code-frame/-/code-frame-7.16.7.tgz. Extracting by manifest.
1930 silly tarball no local data for @babel/helper-validator-identifier@https://registry.npmjs.org/@babel/helper-validator-identifier/-/helper-validator-identifier-7.16.7.tgz. Extracting by manifest.
1931 silly tarball no local data for slash@https://registry.npmjs.org/slash/-/slash-2.0.0.tgz. Extracting by manifest.
1932 silly tarball no local data for commander@https://registry.npmjs.org/commander/-/commander-4.1.1.tgz. Extracting by manifest.
1933 http fetch POST 200 https://registry.npmjs.org/-/npm/v1/security/advisories/bulk 1190ms
1934 silly audit report {
1934 silly audit report   semver: [
1934 silly audit report     {
1934 silly audit report       id: 1112918,
1934 silly audit report       url: 'https://github.com/advisories/GHSA-c2qf-rxjj-qqgw',
1934 silly audit report       title: 'semver vulnerable to Regular Expression Denial of Service',
1934 silly audit report       severity: 'high',
1934 silly audit report       vulnerable_versions: '>=2.0.0-alpha <5.7.2',
1934 silly audit report       cwe: [Array],
1934 silly audit report       cvss: [Object]
1934 silly audit report     },
1934 silly audit report     {
1934 silly audit report       id: 1112921,
1934 silly audit report       url: 'https://github.com/advisories/GHSA-c2qf-rxjj-qqgw',
1934 silly audit report       title: 'semver vulnerable to Regular Expression Denial of Service',
1934 silly audit report       severity: 'high',
1934 silly audit report       vulnerable_versions: '>=7.0.0 <7.5.2',
1934 silly audit report       cwe: [Array],
1934 silly audit report       cvss: [Object]
1934 silly audit report     },
1934 silly audit report     {
1934 silly audit report       id: 1112922,
1934 silly audit report       url: 'https://github.com/advisories/GHSA-c2qf-rxjj-qqgw',
1934 silly audit report       title: 'semver vulnerable to Regular Expression Denial of Service',
1934 silly audit report       severity: 'high',
1934 silly audit report       vulnerable_versions: '>=6.0.0 <6.3.1',
1934 silly audit report       cwe: [Array],
1934 silly audit report       cvss: [Object]
1934 silly audit report     }
1934 silly audit report   ],
1934 silly audit report   '@babel/core': [
1934 silly audit report     {
1934 silly audit report       id: 1123528,
1934 silly audit report       url: 'https://github.com/advisories/GHSA-4x5r-pxfx-6jf8',
1934 silly audit report       title: '@babel/core: Arbitrary File Read via sourceMappingURL Comment',
1934 silly audit report       severity: 'low',
1934 silly audit report       vulnerable_versions: '<=7.29.0',
1934 silly audit report       cwe: [Array],
1934 silly audit report       cvss: [Object]
1934 silly audit report     }
1934 silly audit report   ],
1934 silly audit report   json5: [
1934 silly audit report     {
1934 silly audit report       id: 1096544,
1934 silly audit report       url: 'https://github.com/advisories/GHSA-9c47-m6qq-7p4h',
1934 silly audit report       title: 'Prototype Pollution in JSON5 via Parse Method',
1934 silly audit report       severity: 'high',
1934 silly audit report       vulnerable_versions: '>=2.0.0 <2.2.2',
1934 silly audit report       cwe: [Array],
1934 silly audit report       cvss: [Object]
1934 silly audit report     }
1934 silly audit report   ],
1934 silly audit report   '@babel/helpers': [
1934 silly audit report     {
1934 silly audit report       id: 1104001,
1934 silly audit report       url: 'https://github.com/advisories/GHSA-968p-4wvh-cqc8',
1934 silly audit report       title: 'Babel has inefficient RegExp complexity in generated code with .replace when transpiling named capturing groups',
1934 silly audit report       severity: 'moderate',
1934 silly audit report       vulnerable_versions: '<7.26.10',
1934 silly audit report       cwe: [Array],
1934 silly audit report       cvss: [Object]
1934 silly audit report     }
1934 silly audit report   ],
1934 silly audit report   '@babel/plugin-transform-modules-systemjs': [
1934 silly audit report     {
1934 silly audit report       id: 1120258,
1934 silly audit report       url: 'https://github.com/advisories/GHSA-fv7c-fp4j-7gwp',
1934 silly audit report       title: '@babel/plugin-transform-modules-systemjs generates arbitrary code when compiling malicious input',
1934 silly audit report       severity: 'high',
1934 silly audit report       vulnerable_versions: '>=7.12.0 <=7.29.3',
1934 silly audit report       cwe: [Array],
1934 silly audit report       cvss: [Object]
1934 silly audit report     }
1934 silly audit report   ],
1934 silly audit report   '@babel/runtime': [
1934 silly audit report     {
1934 silly audit report       id: 1104000,
1934 silly audit report       url: 'https://github.com/advisories/GHSA-968p-4wvh-cqc8',
1934 silly audit report       title: 'Babel has inefficient RegExp complexity in generated code with .replace when transpiling named capturing groups',
1934 silly audit report       severity: 'moderate',
1934 silly audit report       vulnerable_versions: '<7.26.10',
1934 silly audit report       cwe: [Array],
1934 silly audit report       cvss: [Object]
1934 silly audit report     }
1934 silly audit report   ],
1934 silly audit report   '@babel/runtime-corejs3': [
1934 silly audit report     {
1934 silly audit report       id: 1103998,
1934 silly audit report       url: 'https://github.com/advisories/GHSA-968p-4wvh-cqc8',
1934 silly audit report       title: 'Babel has inefficient RegExp complexity in generated code with .replace when transpiling named capturing groups',
1934 silly audit report       severity: 'moderate',
1934 silly audit report       vulnerable_versions: '<7.26.10',
1934 silly audit report       cwe: [Array],
1934 silly audit report       cvss: [Object]
1934 silly audit report     }
1934 silly audit report   ],
1934 silly audit report   '@babel/traverse': [
1934 silly audit report     {
1934 silly audit report       id: 1117420,
1934 silly audit report       url: 'https://github.com/advisories/GHSA-67hx-6x53-jw92',
1934 silly audit report       title: 'Babel vulnerable to arbitrary code execution when compiling specifically crafted malicious code',
1934 silly audit report       severity: 'critical',
1934 silly audit report       vulnerable_versions: '<7.23.2',
1934 silly audit report       cwe: [Array],
1934 silly audit report       cvss: [Object]
1934 silly audit report     }
1934 silly audit report   ],
1934 silly audit report   '@tootallnate/once': [
1934 silly audit report     {
1934 silly audit report       id: 1119438,
1934 silly audit report       url: 'https://github.com/advisories/GHSA-vpq2-c234-7xj6',
1934 silly audit report       title: '@tootallnate/once vulnerable to Incorrect Control Flow Scoping',
1934 silly audit report       severity: 'low',
1934 silly audit report       vulnerable_versions: '<2.0.1',
1934 silly audit report       cwe: [Array],
1934 silly audit report       cvss: [Object]
1934 silly audit report     }
1934 silly audit report   ],
1934 silly audit report   ajv: [
1934 silly audit report     {
1934 silly audit report       id: 1113714,
1934 silly audit report       url: 'https://github.com/advisories/GHSA-2g4f-4pwh-qvx6',
1934 silly audit report       title: 'ajv has ReDoS when using `$data` option',
1934 silly audit report       severity: 'moderate',
1934 silly audit report       vulnerable_versions: '<6.14.0',
1934 silly audit report       cwe: [Array],
1934 silly audit report       cvss: [Object]
1934 silly audit report     },
1934 silly audit report     {
1934 silly audit report       id: 1113715,
1934 silly audit report       url: 'https://github.com/advisories/GHSA-2g4f-4pwh-qvx6',
1934 silly audit report       title: 'ajv has ReDoS when using `$data` option',
1934 silly audit report       severity: 'moderate',
1934 silly audit report       vulnerable_versions: '>=7.0.0-alpha.0 <8.18.0',
1934 silly audit report       cwe: [Array],
1934 silly audit report       cvss: [Object]
1934 silly audit report     }
1934 silly audit report   ],
1934 silly audit report   axios: [
1934 silly audit report     {
1934 silly audit report       id: 1111034,
1934 silly audit report       url: 'https://github.com/advisories/GHSA-jr5f-v2jv-69x6',
1934 silly audit report       title: 'axios Requests Vulnerable To Possible SSRF and Credential Leakage via Absolute URL',
1934 silly audit report       severity: 'high',
1934 silly audit report       vulnerable_versions: '<0.30.0',
1934 silly audit report       cwe: [Array],
1934 silly audit report       cvss: [Object]
1934 silly audit report     },
1934 silly audit report     {
1934 silly audit report       id: 1119403,
1934 silly audit report       url: 'https://github.com/advisories/GHSA-fvcv-3m26-pcqx',
1934 silly audit report       title: 'Axios has Unrestricted Cloud Metadata Exfiltration via Header Injection Chain',
1934 silly audit report       severity: 'moderate',
1934 silly audit report       vulnerable_versions: '<0.31.0',
1934 silly audit report       cwe: [Array],
1934 silly audit report       cvss: [Object]
1934 silly audit report     },
1934 silly audit report     {
1934 silly audit report       id: 1120124,
1934 silly audit report       url: 'https://github.com/advisories/GHSA-62hf-57xw-28j9',
1934 silly audit report       title: 'Axios: unbounded recursion in toFormData causes DoS via deeply nested request data',
1934 silly audit report       severity: 'moderate',
1934 silly audit report       vulnerable_versions: '<=0.31.0',
1934 silly audit report       cwe: [Array],
1934 silly audit report       cvss: [Object]
1934 silly audit report     },
1934 silly audit report     {
1934 silly audit report       id: 1120546,
1934 silly audit report       url: 'https://github.com/advisories/GHSA-hfxv-24rg-xrqf',
1934 silly audit report       title: 'Axios: Regular Expression Denial of Service (ReDoS) via Cookie Name Injection',
1934 silly audit report       severity: 'high',
1934 silly audit report       vulnerable_versions: '<=0.31.1',
1934 silly audit report       cwe: [Array],
1934 silly audit report       cvss: [Object]
1934 silly audit report     },
1934 silly audit report     {
1934 silly audit report       id: 1120644,
1934 silly audit report       url: 'https://github.com/advisories/GHSA-p92q-9vqr-4j8v',
1934 silly audit report       title: 'Axios: Proxy-Authorization Credential Leak to Origin Server Across HTTP-to-HTTPS Redirect in Axios Node.js HTTP Adapter',
1934 silly audit report       severity: 'high',
1934 silly audit report       vulnerable_versions: '<=0.31.1',
1934 silly audit report       cwe: [Array],
1934 silly audit report       cvss: [Object]
1934 silly audit report     },
1934 silly audit report     {
1934 silly audit report       id: 1120646,
1934 silly audit report       url: 'https://github.com/advisories/GHSA-j5f8-grm9-p9fc',
1934 silly audit report       title: 'Axios: Proxy-Authorization header leaks to redirect target when proxy is re-evaluated to direct connection',
1934 silly audit report       severity: 'high',
1934 silly audit report       vulnerable_versions: '<=0.31.1',
1934 silly audit report       cwe: [Array],
1934 silly audit report       cvss: [Object]
1934 silly audit report     },
1934 silly audit report     {
1934 silly audit report       id: 1120648,
1934 silly audit report       url: 'https://github.com/advisories/GHSA-3g43-6gmg-66jw',
1934 silly audit report       title: 'axios Vulnerable to Credential Theft and Response Hijacking via Prototype Pollution Gadget in Config Merge',
1934 silly audit report       severity: 'high',
1934 silly audit report       vulnerable_versions: '>=0.19.0 <0.31.1',
1934 silly audit report       cwe: [Array],
1934 silly audit report       cvss: [Object]
1934 silly audit report     },
1934 silly audit report     {
1934 silly audit report       id: 1120651,
1934 silly audit report       url: 'https://github.com/advisories/GHSA-898c-q2cr-xwhg',
1934 silly audit report       title: 'axios has DoS & Header Injection via Prototype Pollution Read-Side Gadgets in axios merge functions',
1934 silly audit report       severity: 'moderate',
1934 silly audit report       vulnerable_versions: '<=0.31.1',
1934 silly audit report       cwe: [Array],
1934 silly audit report       cvss: [Object]
1934 silly audit report     },
1934 silly audit report     {
1934 silly audit report       id: 1116672,
1934 silly audit report       url: 'https://github.com/advisories/GHSA-3p68-rc4w-qgx5',
1934 silly audit report       title: 'Axios has a NO_PROXY Hostname Normalization Bypass that Leads to SSRF',
1934 silly audit report       severity: 'moderate',
1934 silly audit report       vulnerable_versions: '<0.31.0',
1934 silly audit report       cwe: [Array],
1934 silly audit report       cvss: [Object]
1934 silly audit report     },
1934 silly audit report     {
1934 silly audit report       id: 1117573,
1934 silly audit report       url: 'https://github.com/advisories/GHSA-w9j2-pvgh-6h63',
1934 silly audit report       title: 'Axios: Authentication Bypass via Prototype Pollution Gadget in `validateStatus` Merge Strategy',
1934 silly audit report       severity: 'moderate',
1934 silly audit report       vulnerable_versions: '<=0.31.0',
1934 silly audit report       cwe: [Array],
1934 silly audit report       cvss: [Object]
1934 silly audit report     },
1934 silly audit report     {
1934 silly audit report       id: 1117575,
1934 silly audit report       url: 'https://github.com/advisories/GHSA-pmwg-cvhr-8vh7',
1934 silly audit report       title: 'Axios: Incomplete Fix for CVE-2025-62718 — NO_PROXY Protection Bypassed via RFC 1122 Loopback Subnet (127.0.0.0/8) in Axios 1.15.0',
1934 silly audit report       severity: 'high',
1934 silly audit report       vulnerable_versions: '<=0.31.0',
1934 silly audit report       cwe: [Array],
1934 silly audit report       cvss: [Object]
1934 silly audit report     },
1934 silly audit report     {
1934 silly audit report       id: 1117579,
1934 silly audit report       url: 'https://github.com/advisories/GHSA-xhjh-pmcv-23jw',
1934 silly audit report       title: 'Axios: Null Byte Injection via Reverse-Encoding in AxiosURLSearchParams',
1934 silly audit report       severity: 'low',
1934 silly audit report       vulnerable_versions: '<=0.31.0',
1934 silly audit report       cwe: [Array],
1934 silly audit report       cvss: [Object]
1934 silly audit report     },
1934 silly audit report     {
1934 silly audit report       id: 1117582,
1934 silly audit report       url: 'https://github.com/advisories/GHSA-m7pr-hjqh-92cm',
1934 silly audit report       title: 'Axios: no_proxy bypass via IP alias allows SSRF',
1934 silly audit report       severity: 'moderate',
1934 silly audit report       vulnerable_versions: '<=0.31.0',
1934 silly audit report       cwe: [Array],
1934 silly audit report       cvss: [Object]
1934 silly audit report     },
1934 silly audit report     {
1934 silly audit report       id: 1117586,
1934 silly audit report       url: 'https://github.com/advisories/GHSA-5c9x-8gcm-mpgx',
1934 silly audit report       title: "Axios' HTTP adapter-streamed uploads bypass maxBodyLength when maxRedirects: 0",
1934 silly audit report       severity: 'moderate',
1934 silly audit report       vulnerable_versions: '<=0.31.0',
1934 silly audit report       cwe: [Array],
1934 silly audit report       cvss: [Object]
1934 silly audit report     },
1934 silly audit report     {
1934 silly audit report       id: 1117588,
1934 silly audit report       url: 'https://github.com/advisories/GHSA-vf2m-468p-8v99',
1934 silly audit report       title: 'Axios: HTTP adapter streamed responses bypass maxContentLength',
1934 silly audit report       severity: 'moderate',
1934 silly audit report       vulnerable_versions: '<=0.31.0',
1934 silly audit report       cwe: [Array],
1934 silly audit report       cvss: [Object]
1934 silly audit report     },
1934 silly audit report     {
1934 silly audit report       id: 1117590,
1934 silly audit report       url: 'https://github.com/advisories/GHSA-pf86-5x62-jrwf',
1934 silly audit report       title: 'Axios: Prototype Pollution Gadgets - Response Tampering, Data Exfiltration, and Request Hijacking',
1934 silly audit report       severity: 'high',
1934 silly audit report       vulnerable_versions: '<=0.31.0',
1934 silly audit report       cwe: [Array],
1934 silly audit report       cvss: [Object]
1934 silly audit report     },
1934 silly audit report     {
1934 silly audit report       id: 1117592,
1934 silly audit report       url: 'https://github.com/advisories/GHSA-6chq-wfr3-2hj9',
1934 silly audit report       title: 'Axios: Header Injection via Prototype Pollution',
1934 silly audit report       severity: 'high',
1934 silly audit report       vulnerable_versions: '<=0.31.0',
1934 silly audit report       cwe: [Array],
1934 silly audit report       cvss: [Object]
1934 silly audit report     },
1934 silly audit report     {
1934 silly audit report       id: 1117594,
1934 silly audit report       url: 'https://github.com/advisories/GHSA-xx6v-rp6x-q39c',
1934 silly audit report       title: 'Axios: XSRF Token Cross-Origin Leakage via Prototype Pollution Gadget in `withXSRFToken` Boolean Coercion',
1934 silly audit report       severity: 'moderate',
1934 silly audit report       vulnerable_versions: '<=0.31.0',
1934 silly audit report       cwe: [Array],
1934 silly audit report       cvss: [Object]
1934 silly audit report     },
1934 silly audit report     {
1934 silly audit report       id: 1117857,
1934 silly audit report       url: 'https://github.com/advisories/GHSA-43fc-jf86-j433',
1934 silly audit report       title: 'Axios is Vulnerable to Denial of Service via __proto__ Key in mergeConfig',
1934 silly audit report       severity: 'high',
1934 silly audit report       vulnerable_versions: '<=0.30.2',
1934 silly audit report       cwe: [Array],
1934 silly audit report       cvss: [Object]
1934 silly audit report     },
1934 silly audit report     {
1934 silly audit report       id: 1123825,
1934 silly audit report       url: 'https://github.com/advisories/GHSA-pjwm-pj3p-43mv',
1934 silly audit report       title: "axios's shouldBypassProxy does not recognize IPv4-mapped IPv6 addresses, allowing NO_PROXY bypass (incomplete fix for CVE-2025-62718)",
1934 silly audit report       severity: 'high',
1934 silly audit report       vulnerable_versions: '<=0.31.1',
1934 silly audit report       cwe: [Array],
1934 silly audit report       cvss: [Object]
1934 silly audit report     },
1934 silly audit report     {
1934 silly audit report       id: 1123958,
1934 silly audit report       url: 'https://github.com/advisories/GHSA-mmx7-hfxf-jppx',
1934 silly audit report       title: 'Axios: Prototype pollution gadgets can alter axios request construction',
1934 silly audit report       severity: 'moderate',
1934 silly audit report       vulnerable_versions: '<0.33.0',
1934 silly audit report       cwe: [Array],
1934 silly audit report       cvss: [Object]
1934 silly audit report     },
1934 silly audit report     {
1934 silly audit report       id: 1123972,
1934 silly audit report       url: 'https://github.com/advisories/GHSA-7q8q-rj6j-mhjq',
1934 silly audit report       title: 'Axios: Nested axios option objects can consume polluted prototype values',
1934 silly audit report       severity: 'moderate',
1934 silly audit report       vulnerable_versions: '>=0.8.0 <0.33.0',
1934 silly audit report       cwe: [Array],
1934 silly audit report       cvss: [Object]
1934 silly audit report     },
1934 silly audit report     {
1934 silly audit report       id: 1097679,
1934 silly audit report       url: 'https://github.com/advisories/GHSA-wf5p-g6vw-rhxx',
1934 silly audit report       title: 'Axios Cross-Site Request Forgery Vulnerability',
1934 silly audit report       severity: 'moderate',
1934 silly audit report       vulnerable_versions: '>=0.8.1 <0.28.0',
1934 silly audit report       cwe: [Array],
1934 silly audit report       cvss: [Object]
1934 silly audit report     }
1934 silly audit report   ],
1934 silly audit report   'brace-expansion': [
1934 silly audit report     {
1934 silly audit report       id: 1105443,
1934 silly audit report       url: 'https://github.com/advisories/GHSA-v6h2-p8h4-qcjw',
1934 silly audit report       title: 'brace-expansion Regular Expression Denial of Service vulnerability',
1934 silly audit report       severity: 'low',
1934 silly audit report       vulnerable_versions: '>=1.0.0 <=1.1.11',
1934 silly audit report       cwe: [Array],
1934 silly audit report       cvss: [Object]
1934 silly audit report     },
1934 silly audit report     {
1934 silly audit report       id: 1130588,
1934 silly audit report       url: 'https://github.com/advisories/GHSA-mh99-v99m-4gvg',
1934 silly audit report       title: 'brace-expansion: DoS via unbounded expansion length causing an out-of-memory process crash',
1934 silly audit report       severity: 'high',
1934 silly audit report       vulnerable_versions: '<1.1.17',
1934 silly audit report       cwe: [Array],
1934 silly audit report       cvss: [Object]
1934 silly audit report     },
1934 silly audit report     {
1934 silly audit report       id: 1130737,
1934 silly audit report       url: 'https://github.com/advisories/GHSA-rgw5-rvv9-x895',
1934 silly audit report       title: 'brace-expansion: DoS via unbounded intermediate arrays, bypassing the CVE-2026-14257 mitigation',
1934 silly audit report       severity: 'high',
1934 silly audit report       vulnerable_versions: '<1.1.18',
1934 silly audit report       cwe: [Array],
1934 silly audit report       cvss: [Object]
1934 silly audit report     },
1934 silly audit report     {
1934 silly audit report       id: 1115540,
1934 silly audit report       url: 'https://github.com/advisories/GHSA-f886-m6hf-6m8v',
1934 silly audit report       title: 'brace-expansion: Zero-step sequence causes process hang and memory exhaustion',
1934 silly audit report       severity: 'moderate',
1934 silly audit report       vulnerable_versions: '<1.1.13',
1934 silly audit report       cwe: [Array],
1934 silly audit report       cvss: [Object]
1934 silly audit report     },
1934 silly audit report     {
1934 silly audit report       id: 1123897,
1934 silly audit report       url: 'https://github.com/advisories/GHSA-3jxr-9vmj-r5cp',
1934 silly audit report       title: 'brace-expansion: DoS via exponential-time expansion of consecutive non-expanding {} groups',
1934 silly audit report       severity: 'high',
1934 silly audit report       vulnerable_versions: '<1.1.16',
1934 silly audit report       cwe: [Array],
1934 silly audit report       cvss: [Object]
1934 silly audit report     }
1934 silly audit report   ],
1934 silly audit report   braces: [
1934 silly audit report     {
1934 silly audit report       id: 1098094,
1934 silly audit report       url: 'https://github.com/advisories/GHSA-grv7-fg5c-xmjg',
1934 silly audit report       title: 'Uncontrolled resource consumption in braces',
1934 silly audit report       severity: 'high',
1934 silly audit report       vulnerable_versions: '<3.0.3',
1934 silly audit report       cwe: [Array],
1934 silly audit report       cvss: [Object]
1934 silly audit report     }
1934 silly audit report   ],
1934 silly audit report   'cross-spawn': [
1934 silly audit report     {
1934 silly audit report       id: 1104664,
1934 silly audit report       url: 'https://github.com/advisories/GHSA-3xgq-45jj-v275',
1934 silly audit report       title: 'Regular Expression Denial of Service (ReDoS) in cross-spawn',
1934 silly audit report       severity: 'high',
1934 silly audit report       vulnerable_versions: '>=7.0.0 <7.0.5',
1934 silly audit report       cwe: [Array],
1934 silly audit report       cvss: [Object]
1934 silly audit report     }
1934 silly audit report   ],
1934 silly audit report   flatted: [
1934 silly audit report     {
1934 silly audit report       id: 1114526,
1934 silly audit report       url: 'https://github.com/advisories/GHSA-25h7-pfq9-p65f',
1934 silly audit report       title: 'flatted vulnerable to unbounded recursion DoS in parse() revive phase',
1934 silly audit report       severity: 'high',
1934 silly audit report       vulnerable_versions: '<3.4.0',
1934 silly audit report       cwe: [Array],
1934 silly audit report       cvss: [Object]
1934 silly audit report     },
1934 silly audit report     {
1934 silly audit report       id: 1115357,
1934 silly audit report       url: 'https://github.com/advisories/GHSA-rf6f-7fwh-wjgh',
1934 silly audit report       title: 'Prototype Pollution via parse() in NodeJS flatted',
1934 silly audit report       severity: 'high',
1934 silly audit report       vulnerable_versions: '<=3.4.1',
1934 silly audit report       cwe: [Array],
1934 silly audit report       cvss: [Object]
1934 silly audit report     }
1934 silly audit report   ],
1934 silly audit report   'follow-redirects': [
1934 silly audit report     {
1934 silly audit report       id: 1109569,
1934 silly audit report       url: 'https://github.com/advisories/GHSA-jchw-25xp-jwwc',
1934 silly audit report       title: 'Follow Redirects improperly handles URLs in the url.parse() function',
1934 silly audit report       severity: 'moderate',
1934 silly audit report       vulnerable_versions: '<1.15.4',
1934 silly audit report       cwe: [Array],
1934 silly audit report       cvss: [Object]
1934 silly audit report     },
1934 silly audit report     {
1934 silly audit report       id: 1096856,
1934 silly audit report       url: 'https://github.com/advisories/GHSA-cxjh-pqwp-8mfp',
1934 silly audit report       title: "follow-redirects' Proxy-Authorization header kept across hosts",
1934 silly audit report       severity: 'moderate',
1934 silly audit report       vulnerable_versions: '<=1.15.5',
1934 silly audit report       cwe: [Array],
1934 silly audit report       cvss: [Object]
1934 silly audit report     },
1934 silly audit report     {
1934 silly audit report       id: 1116560,
1934 silly audit report       url: 'https://github.com/advisories/GHSA-r4q5-vmmm-2653',
1934 silly audit report       title: 'follow-redirects leaks Custom Authentication Headers to Cross-Domain Redirect Targets',
1934 silly audit report       severity: 'moderate',
1934 silly audit report       vulnerable_versions: '<=1.15.11',
1934 silly audit report       cwe: [Array],
1934 silly audit report       cvss: [Object]
1934 silly audit report     }
1934 silly audit report   ],
1934 silly audit report   'form-data': [
1934 silly audit report     {
1934 silly audit report       id: 1109539,
1934 silly audit report       url: 'https://github.com/advisories/GHSA-fjxv-7rqg-78g4',
1934 silly audit report       title: 'form-data uses unsafe random function in form-data for choosing boundary',
1934 silly audit report       severity: 'critical',
1934 silly audit report       vulnerable_versions: '>=3.0.0 <3.0.4',
1934 silly audit report       cwe: [Array],
1934 silly audit report       cvss: [Object]
1934 silly audit report     },
1934 silly audit report     {
1934 silly audit report       id: 1120744,
1934 silly audit report       url: 'https://github.com/advisories/GHSA-hmw2-7cc7-3qxx',
1934 silly audit report       title: 'form-data: CRLF injection in form-data via unescaped multipart field names and filenames',
1934 silly audit report       severity: 'high',
1934 silly audit report       vulnerable_versions: '>=3.0.0 <3.0.5',
1934 silly audit report       cwe: [Array],
1934 silly audit report       cvss: [Object]
1934 silly audit report     }
1934 silly audit report   ],
1934 silly audit report   'get-func-name': [
1934 silly audit report     {
1934 silly audit report       id: 1094574,
1934 silly audit report       url: 'https://github.com/advisories/GHSA-4q6p-r6v2-jvc5',
1934 silly audit report       title: 'Chaijs/get-func-name vulnerable to ReDoS',
1934 silly audit report       severity: 'high',
1934 silly audit report       vulnerable_versions: '<2.0.1',
1934 silly audit report       cwe: [Array],
1934 silly audit report       cvss: [Object]
1934 silly audit report     }
1934 silly audit report   ],
1934 silly audit report   'js-yaml': [
1934 silly audit report     {
1934 silly audit report       id: 1112714,
1934 silly audit report       url: 'https://github.com/advisories/GHSA-mh29-5h37-fv8m',
1934 silly audit report       title: 'js-yaml has prototype pollution in merge (<<)',
1934 silly audit report       severity: 'moderate',
1934 silly audit report       vulnerable_versions: '<3.14.2',
1934 silly audit report       cwe: [Array],
1934 silly audit report       cvss: [Object]
1934 silly audit report     },
1934 silly audit report     {
1934 silly audit report       id: 1121859,
1934 silly audit report       url: 'https://github.com/advisories/GHSA-h67p-54hq-rp68',
1934 silly audit report       title: 'JS-YAML: Quadratic-complexity DoS in merge key handling via repeated aliases',
1934 silly audit report       severity: 'moderate',
1934 silly audit report       vulnerable_versions: '<3.15.0',
1934 silly audit report       cwe: [Array],
1934 silly audit report       cvss: [Object]
1934 silly audit report     },
1934 silly audit report     {
1934 silly audit report       id: 1123912,
1934 silly audit report       url: 'https://github.com/advisories/GHSA-52cp-r559-cp3m',
1934 silly audit report       title: 'js-yaml: YAML merge-key chains can force quadratic CPU consumption',
1934 silly audit report       severity: 'high',
1934 silly audit report       vulnerable_versions: '>=3.0.0 <3.15.0',
1934 silly audit report       cwe: [Array],
1934 silly audit report       cvss: [Object]
1934 silly audit report     },
1934 silly audit report     {
1934 silly audit report       id: 1138114,
1934 silly audit report       url: 'https://github.com/advisories/GHSA-5p4m-2wfm-xmqj',
1934 silly audit report       title: 'JS-YAML: Quadratic CPU consumption in !!omap resolution (3.x and 4.x) — CVE-2026-59870 fix not backported',
1934 silly audit report       severity: 'high',
1934 silly audit report       vulnerable_versions: '>=3.0.0 <3.15.1',
1934 silly audit report       cwe: [Array],
1934 silly audit report       cvss: [Object]
1934 silly audit report     }
1934 silly audit report   ],
1934 silly audit report   jsonwebtoken: [
1934 silly audit report     {
1934 silly audit report       id: 1102458,
1934 silly audit report       url: 'https://github.com/advisories/GHSA-qwph-4952-7xr6',
1934 silly audit report       title: 'jsonwebtoken vulnerable to signature validation bypass due to insecure default algorithm in jwt.verify()',
1934 silly audit report       severity: 'moderate',
1934 silly audit report       vulnerable_versions: '<9.0.0',
1934 silly audit report       cwe: [Array],
1934 silly audit report       cvss: [Object]
1934 silly audit report     },
1934 silly audit report     {
1934 silly audit report       id: 1097690,
1934 silly audit report       url: 'https://github.com/advisories/GHSA-8cf7-32gw-wr33',
1934 silly audit report       title: 'jsonwebtoken unrestricted key type could lead to legacy keys usage ',
1934 silly audit report       severity: 'high',
1934 silly audit report       vulnerable_versions: '<=8.5.1',
1934 silly audit report       cwe: [Array],
1934 silly audit report       cvss: [Object]
1934 silly audit report     },
1934 silly audit report     {
1934 silly audit report       id: 1097694,
1934 silly audit report       url: 'https://github.com/advisories/GHSA-hjrf-2m68-5959',
1934 silly audit report       title: "jsonwebtoken's insecure implementation of key retrieval function could lead to Forgeable Public/Private Tokens from RSA to HMAC",
1934 silly audit report       severity: 'moderate',
1934 silly audit report       vulnerable_versions: '<=8.5.1',
1934 silly audit report       cwe: [Array],
1934 silly audit report       cvss: [Object]
1934 silly audit report     }
1934 silly audit report   ],
1934 silly audit report   jws: [
1934 silly audit report     {
1934 silly audit report       id: 1111244,
1934 silly audit report       url: 'https://github.com/advisories/GHSA-869p-cjfg-cm3x',
1934 silly audit report       title: 'auth0/node-jws Improperly Verifies HMAC Signature',
1934 silly audit report       severity: 'high',
1934 silly audit report       vulnerable_versions: '<3.2.3',
1934 silly audit report       cwe: [Array],
1934 silly audit report       cvss: [Object]
1934 silly audit report     }
1934 silly audit report   ],
1934 silly audit report   lodash: [
1934 silly audit report     {
1934 silly audit report       id: 1120370,
1934 silly audit report       url: 'https://github.com/advisories/GHSA-xxjr-mmjv-4gpg',
1934 silly audit report       title: 'Lodash has Prototype Pollution Vulnerability in `_.unset` and `_.omit` functions',
1934 silly audit report       severity: 'moderate',
1934 silly audit report       vulnerable_versions: '>=4.0.0 <=4.17.22',
1934 silly audit report       cwe: [Array],
1934 silly audit report       cvss: [Object]
1934 silly audit report     },
1934 silly audit report     {
1934 silly audit report       id: 1115806,
1934 silly audit report       url: 'https://github.com/advisories/GHSA-r5fr-rjxr-66jc',
1934 silly audit report       title: 'lodash vulnerable to Code Injection via `_.template` imports key names',
1934 silly audit report       severity: 'high',
1934 silly audit report       vulnerable_versions: '>=4.0.0 <=4.17.23',
1934 silly audit report       cwe: [Array],
1934 silly audit report       cvss: [Object]
1934 silly audit report     },
1934 silly audit report     {
1934 silly audit report       id: 1115810,
1934 silly audit report       url: 'https://github.com/advisories/GHSA-f23m-r3pf-42rh',
1934 silly audit report       title: 'lodash vulnerable to Prototype Pollution via array path bypass in `_.unset` and `_.omit`',
1934 silly audit report       severity: 'moderate',
1934 silly audit report       vulnerable_versions: '<=4.17.23',
1934 silly audit report       cwe: [Array],
1934 silly audit report       cvss: [Object]
1934 silly audit report     }
1934 silly audit report   ],
1934 silly audit report   micromatch: [
1934 silly audit report     {
1934 silly audit report       id: 1098681,
1934 silly audit report       url: 'https://github.com/advisories/GHSA-952p-6rrq-rcjv',
1934 silly audit report       title: 'Regular Expression Denial of Service (ReDoS) in micromatch',
1934 silly audit report       severity: 'moderate',
1934 silly audit report       vulnerable_versions: '<4.0.8',
1934 silly audit report       cwe: [Array],
1934 silly audit report       cvss: [Object]
1934 silly audit report     }
1934 silly audit report   ],
1934 silly audit report   minimatch: [
1934 silly audit report     {
1934 silly audit report       id: 1113459,
1934 silly audit report       url: 'https://github.com/advisories/GHSA-3ppc-4f35-3m26',
1934 silly audit report       title: 'minimatch has a ReDoS via repeated wildcards with non-matching literal in pattern',
1934 silly audit report       severity: 'high',
1934 silly audit report       vulnerable_versions: '<3.1.3',
1934 silly audit report       cwe: [Array],
1934 silly audit report       cvss: [Object]
1934 silly audit report     },
1934 silly audit report     {
1934 silly audit report       id: 1113538,
1934 silly audit report       url: 'https://github.com/advisories/GHSA-7r86-cg39-jmmj',
1934 silly audit report       title: 'minimatch has ReDoS: matchOne() combinatorial backtracking via multiple non-adjacent GLOBSTAR segments',
1934 silly audit report       severity: 'high',
1934 silly audit report       vulnerable_versions: '<3.1.3',
1934 silly audit report       cwe: [Array],
1934 silly audit report       cvss: [Object]
1934 silly audit report     },
1934 silly audit report     {
1934 silly audit report       id: 1113546,
1934 silly audit report       url: 'https://github.com/advisories/GHSA-23c5-xmqv-rm74',
1934 silly audit report       title: 'minimatch ReDoS: nested *() extglobs generate catastrophically backtracking regular expressions',
1934 silly audit report       severity: 'high',
1934 silly audit report       vulnerable_versions: '<3.1.4',
1934 silly audit report       cwe: [Array],
1934 silly audit report       cvss: [Object]
1934 silly audit report     },
1934 silly audit report     {
1934 silly audit report       id: 1096485,
1934 silly audit report       url: 'https://github.com/advisories/GHSA-f8q6-p94x-37v3',
1934 silly audit report       title: 'minimatch ReDoS vulnerability',
1934 silly audit report       severity: 'high',
1934 silly audit report       vulnerable_versions: '<3.0.5',
1934 silly audit report       cwe: [Array],
1934 silly audit report       cvss: [Object]
1934 silly audit report     }
1934 silly audit report   ],
1934 silly audit report   nanoid: [
1934 silly audit report     {
1934 silly audit report       id: 1109563,
1934 silly audit report       url: 'https://github.com/advisories/GHSA-mwcw-c2x4-8c55',
1934 silly audit report       title: 'Predictable results in nanoid generation when given non-integer values',
1934 silly audit report       severity: 'moderate',
1934 silly audit report       vulnerable_versions: '<3.3.8',
1934 silly audit report       cwe: [Array],
1934 silly audit report       cvss: [Object]
1934 silly audit report     },
1934 silly audit report     {
1934 silly audit report       id: 1138811,
1934 silly audit report       url: 'https://github.com/advisories/GHSA-28wg-ghj8-5hjv',
1934 silly audit report       title: 'nanoid: non-secure generators can loop indefinitely with negative size',
1934 silly audit report       severity: 'high',
1934 silly audit report       vulnerable_versions: '<3.3.16',
1934 silly audit report       cwe: [Array],
1934 silly audit report       cvss: [Object]
1934 silly audit report     },
1934 silly audit report     {
1934 silly audit report       id: 1139427,
1934 silly audit report       url: 'https://github.com/advisories/GHSA-2v37-7h3g-55p8',
1934 silly audit report       title: 'nanoid: custom generators can loop indefinitely when size is zero',
1934 silly audit report       severity: 'high',
1934 silly audit report       vulnerable_versions: '<3.3.18',
1934 silly audit report       cwe: [Array],
1934 silly audit report       cvss: [Object]
1934 silly audit report     }
1934 silly audit report   ],
1934 silly audit report   next: [
1934 silly audit report     {
1934 silly audit report       id: 1100421,
1934 silly audit report       url: 'https://github.com/advisories/GHSA-g77x-44xx-532m',
1934 silly audit report       title: 'Denial of Service condition in Next.js image optimization',
1934 silly audit report       severity: 'moderate',
1934 silly audit report       vulnerable_versions: '>=10.0.0 <14.2.7',
1934 silly audit report       cwe: [Array],
1934 silly audit report       cvss: [Object]
1934 silly audit report     },
1934 silly audit report     {
1934 silly audit report       id: 1107226,
1934 silly audit report       url: 'https://github.com/advisories/GHSA-g5qg-72qw-gw5v',
1934 silly audit report       title: 'Next.js Affected by Cache Key Confusion for Image Optimization API Routes',
1934 silly audit report       severity: 'moderate',
1934 silly audit report       vulnerable_versions: '>=0.9.9 <14.2.31',
1934 silly audit report       cwe: [Array],
1934 silly audit report       cvss: [Object]
1934 silly audit report     },
1934 silly audit report     {
1934 silly audit report       id: 1107420,
1934 silly audit report       url: 'https://github.com/advisories/GHSA-7gfc-8cq8-jh5f',
1934 silly audit report       title: 'Next.js authorization bypass vulnerability',
1934 silly audit report       severity: 'high',
1934 silly audit report       vulnerable_versions: '>=9.5.5 <14.2.15',
1934 silly audit report       cwe: [Array],
1934 silly audit report       cvss: [Object]
1934 silly audit report     },
1934 silly audit report     {
1934 silly audit report       id: 1107512,
1934 silly audit report       url: 'https://github.com/advisories/GHSA-4342-x723-ch2f',
1934 silly audit report       title: 'Next.js Improper Middleware Redirect Handling Leads to SSRF',
1934 silly audit report       severity: 'moderate',
1934 silly audit report       vulnerable_versions: '>=0.9.9 <14.2.32',
1934 silly audit report       cwe: [Array],
1934 silly audit report       cvss: [Object]
1934 silly audit report     },
1934 silly audit report     {
1934 silly audit report       id: 1107513,
1934 silly audit report       url: 'https://github.com/advisories/GHSA-xv57-4mr9-wg8v',
1934 silly audit report       title: 'Next.js Content Injection Vulnerability for Image Optimization',
1934 silly audit report       severity: 'moderate',
1934 silly audit report       vulnerable_versions: '>=0.9.9 <14.2.31',
1934 silly audit report       cwe: [Array],
1934 silly audit report       cvss: [Object]
1934 silly audit report     },
1934 silly audit report     {
1934 silly audit report       id: 1108291,
1934 silly audit report       url: 'https://github.com/advisories/GHSA-qpjv-v59x-3qc4',
1934 silly audit report       title: 'Next.js Race Condition to Cache Poisoning',
1934 silly audit report       severity: 'low',
1934 silly audit report       vulnerable_versions: '>=0.9.9 <14.2.24',
1934 silly audit report       cwe: [Array],
1934 silly audit report       cvss: [Object]
1934 silly audit report     },
1934 silly audit report     {
1934 silly audit report       id: 1118952,
1934 silly audit report       url: 'https://github.com/advisories/GHSA-h64f-5h5j-jqjh',
1934 silly audit report       title: 'Next.js has a Denial of Service in the Image Optimization API',
1934 silly audit report       severity: 'moderate',
1934 silly audit report       vulnerable_versions: '>=10.0.0 <15.5.16',
1934 silly audit report       cwe: [Array],
1934 silly audit report       cvss: [Object]
1934 silly audit report     },
1934 silly audit report     {
1934 silly audit report       id: 1112593,
1934 silly audit report       url: 'https://github.com/advisories/GHSA-9g9p-9gw9-jx7f',
1934 silly audit report       title: 'Next.js self-hosted applications vulnerable to DoS via Image Optimizer remotePatterns configuration',
1934 silly audit report       severity: 'moderate',
1934 silly audit report       vulnerable_versions: '>=10.0.0 <15.5.10',
1934 silly audit report       cwe: [Array],
1934 silly audit report       cvss: [Object]
1934 silly audit report     },
1934 silly audit report     {
1934 silly audit report       id: 1113687,
1934 silly audit report       url: 'https://github.com/advisories/GHSA-f82v-jwr5-mffw',
1934 silly audit report       title: 'Authorization Bypass in Next.js Middleware',
1934 silly audit report       severity: 'critical',
1934 silly audit report       vulnerable_versions: '>=12.0.0 <12.3.5',
1934 silly audit report       cwe: [Array],
1934 silly audit report       cvss: [Object]
1934 silly audit report     },
1934 silly audit report     {
1934 silly audit report       id: 1114897,
1934 silly audit report       url: 'https://github.com/advisories/GHSA-ggv3-7p47-pfv8',
1934 silly audit report       title: 'Next.js: HTTP request smuggling in rewrites',
1934 silly audit report       severity: 'moderate',
1934 silly audit report       vulnerable_versions: '>=9.5.0 <15.5.13',
1934 silly audit report       cwe: [Array],
1934 silly audit report       cvss: [Object]
1934 silly audit report     },
1934 silly audit report     {
1934 silly audit report       id: 1114940,
1934 silly audit report       url: 'https://github.com/advisories/GHSA-3x4c-7xq6-9pq8',
1934 silly audit report       title: 'Next.js: Unbounded next/image disk cache growth can exhaust storage',
1934 silly audit report       severity: 'moderate',
1934 silly audit report       vulnerable_versions: '>=10.0.0 <15.5.14',
1934 silly audit report       cwe: [Array],
1934 silly audit report       cvss: [Object]
1934 silly audit report     },
1934 silly audit report     {
1934 silly audit report       id: 1124193,
1934 silly audit report       url: 'https://github.com/advisories/GHSA-p9j2-gv94-2wf4',
1934 silly audit report       title: 'Next.js: Server-Side Request Forgery in rewrites via attacker-controlled destination hostname',
1934 silly audit report       severity: 'high',
1934 silly audit report       vulnerable_versions: '>=12.0.0 <15.5.21',
1934 silly audit report       cwe: [Array],
1934 silly audit report       cvss: [Object]
1934 silly audit report     },
1934 silly audit report     {
1934 silly audit report       id: 1094729,
1934 silly audit report       url: 'https://github.com/advisories/GHSA-c59h-r6p8-q9wc',
1934 silly audit report       title: 'Next.js missing cache-control header may lead to CDN caching empty reply',
1934 silly audit report       severity: 'low',
1934 silly audit report       vulnerable_versions: '>=0.9.9 <13.4.20-canary.13',
1934 silly audit report       cwe: [],
1934 silly audit report       cvss: [Object]
1934 silly audit report     }
1934 silly audit report   ],
1934 silly audit report   'node-fetch': [
1934 silly audit report     {
1934 silly audit report       id: 1092473,
1934 silly audit report       url: 'https://github.com/advisories/GHSA-vp56-6g26-6827',
1934 silly audit report       title: 'node-fetch Inefficient Regular Expression Complexity ',
1934 silly audit report       severity: 'moderate',
1934 silly audit report       vulnerable_versions: '>=3.0.0 <3.2.10',
1934 silly audit report       cwe: [Array],
1934 silly audit report       cvss: [Object]
1934 silly audit report     }
1934 silly audit report   ],
1934 silly audit report   picomatch: [
1934 silly audit report     {
1934 silly audit report       id: 1115549,
1934 silly audit report       url: 'https://github.com/advisories/GHSA-3v7f-55p6-f55p',
1934 silly audit report       title: 'Picomatch: Method Injection in POSIX Character Classes causes incorrect Glob Matching',
1934 silly audit report       severity: 'moderate',
1934 silly audit report       vulnerable_versions: '<2.3.2',
1934 silly audit report       cwe: [Array],
1934 silly audit report       cvss: [Object]
1934 silly audit report     },
1934 silly audit report     {
1934 silly audit report       id: 1115552,
1934 silly audit report       url: 'https://github.com/advisories/GHSA-c2c7-rcm5-vvqj',
1934 silly audit report       title: 'Picomatch has a ReDoS vulnerability via extglob quantifiers',
1934 silly audit report       severity: 'high',
1934 silly audit report       vulnerable_versions: '<2.3.2',
1934 silly audit report       cwe: [Array],
1934 silly audit report       cvss: [Object]
1934 silly audit report     }
1934 silly audit report   ],
1934 silly audit report   postcss: [
1934 silly audit report     {
1934 silly audit report       id: 1109574,
1934 silly audit report       url: 'https://github.com/advisories/GHSA-7fh5-64p2-3v2j',
1934 silly audit report       title: 'PostCSS line return parsing error',
1934 silly audit report       severity: 'moderate',
1934 silly audit report       vulnerable_versions: '<8.4.31',
1934 silly audit report       cwe: [Array],
1934 silly audit report       cvss: [Object]
1934 silly audit report     },
1934 silly audit report     {
1934 silly audit report       id: 1130709,
1934 silly audit report       url: 'https://github.com/advisories/GHSA-fxqj-rqcc-2cmp',
1934 silly audit report       title: 'PostCSS: incomplete fix of GHSA-6g55-p6wh-862q — attacker-controlled sourceMappingURL reads arbitrary .map files when `from` is unset',
1934 silly audit report       severity: 'moderate',
1934 silly audit report       vulnerable_versions: '<=8.5.22',
1934 silly audit report       cwe: [Array],
1934 silly audit report       cvss: [Object]
1934 silly audit report     },
1934 silly audit report     {
1934 silly audit report       id: 1117015,
1934 silly audit report       url: 'https://github.com/advisories/GHSA-qx2v-qp2m-jg93',
1934 silly audit report       title: 'PostCSS has XSS via Unescaped </style> in its CSS Stringify Output',
1934 silly audit report       severity: 'moderate',
1934 silly audit report       vulnerable_versions: '<8.5.10',
1934 silly audit report       cwe: [Array],
1934 silly audit report       cvss: [Object]
1934 silly audit report     },
1934 silly audit report     {
1934 silly audit report       id: 1124252,
1934 silly audit report       url: 'https://github.com/advisories/GHSA-6g55-p6wh-862q',
1934 silly audit report       title: 'PostCSS: Arbitrary file read and information disclosure via attacker-controlled sourceMappingURL in CSS comments',
1934 silly audit report       severity: 'high',
1934 silly audit report       vulnerable_versions: '<=8.5.11',
1934 silly audit report       cwe: [Array],
1934 silly audit report       cvss: [Object]
1934 silly audit report     },
1934 silly audit report     {
1934 silly audit report       id: 1139510,
1934 silly audit report       url: 'https://github.com/advisories/GHSA-r28c-9q8g-f849',
1934 silly audit report       title: 'PostCSS: Path Traversal in Previous Source Map Auto-Loading (sourceMappingURL) leads to Arbitrary .map File Disclosure',
1934 silly audit report       severity: 'high',
1934 silly audit report       vulnerable_versions: '<=8.5.17',
1934 silly audit report       cwe: [Array],
1934 silly audit report       cvss: [Object]
1934 silly audit report     }
1934 silly audit report   ],
1934 silly audit report   'serialize-javascript': [
1934 silly audit report     {
1934 silly audit report       id: 1119440,
1934 silly audit report       url: 'https://github.com/advisories/GHSA-qj8w-gfj5-8c6v',
1934 silly audit report       title: 'Serialize JavaScript has CPU Exhaustion Denial of Service via crafted array-like objects',
1934 silly audit report       severity: 'moderate',
1934 silly audit report       vulnerable_versions: '>=5.0.0 <7.0.5',
1934 silly audit report       cwe: [Array],
1934 silly audit report       cvss: [Object]
1934 silly audit report     },
1934 silly audit report     {
1934 silly audit report       id: 1113686,
1934 silly audit report       url: 'https://github.com/advisories/GHSA-5c6j-r48x-rmvq',
1934 silly audit report       title: 'Serialize JavaScript is Vulnerable to RCE via RegExp.flags and Date.prototype.toISOString()',
1934 silly audit report       severity: 'high',
1934 silly audit report       vulnerable_versions: '<=7.0.2',
1934 silly audit report       cwe: [Array],
1934 silly audit report       cvss: [Object]
1934 silly audit report     },
1934 silly audit report     {
1934 silly audit report       id: 1116766,
1934 silly audit report       url: 'https://github.com/advisories/GHSA-76p7-773f-r4q5',
1934 silly audit report       title: 'Cross-site Scripting (XSS) in serialize-javascript',
1934 silly audit report       severity: 'moderate',
1934 silly audit report       vulnerable_versions: '>=6.0.0 <6.0.2',
1934 silly audit report       cwe: [Array],
1934 silly audit report       cvss: [Object]
1934 silly audit report     }
1934 silly audit report   ],
1934 silly audit report   'tough-cookie': [
1934 silly audit report     {
1934 silly audit report       id: 1097682,
1934 silly audit report       url: 'https://github.com/advisories/GHSA-72xf-g2v4-qvf3',
1934 silly audit report       title: 'tough-cookie Prototype Pollution vulnerability',
1934 silly audit report       severity: 'moderate',
1934 silly audit report       vulnerable_versions: '<4.1.3',
1934 silly audit report       cwe: [Array],
1934 silly audit report       cvss: [Object]
1934 silly audit report     }
1934 silly audit report   ],
1934 silly audit report   webpack: [
1934 silly audit report     {
1934 silly audit report       id: 1113041,
1934 silly audit report       url: 'https://github.com/advisories/GHSA-8fgc-7cc6-rx7x',
1934 silly audit report       title: 'webpack buildHttp: allowedUris allow-list bypass via URL userinfo (@) leading to build-time SSRF behavior',
1934 silly audit report       severity: 'low',
1934 silly audit report       vulnerable_versions: '>=5.49.0 <=5.104.0',
1934 silly audit report       cwe: [Array],
1934 silly audit report       cvss: [Object]
1934 silly audit report     },
1934 silly audit report     {
1934 silly audit report       id: 1113042,
1934 silly audit report       url: 'https://github.com/advisories/GHSA-38r7-794h-5758',
1934 silly audit report       title: 'webpack buildHttp HttpUriPlugin allowedUris bypass via HTTP redirects → SSRF + cache persistence',
1934 silly audit report       severity: 'low',
1934 silly audit report       vulnerable_versions: '>=5.49.0 <5.104.0',
1934 silly audit report       cwe: [Array],
1934 silly audit report       cvss: [Object]
1934 silly audit report     },
1934 silly audit report     {
1934 silly audit report       id: 1094471,
1934 silly audit report       url: 'https://github.com/advisories/GHSA-hc6q-2mpp-qw7j',
1934 silly audit report       title: 'Cross-realm object access in Webpack 5',
1934 silly audit report       severity: 'critical',
1934 silly audit report       vulnerable_versions: '>=5.0.0 <5.76.0',
1934 silly audit report       cwe: [],
1934 silly audit report       cvss: [Object]
1934 silly audit report     },
1934 silly audit report     {
1934 silly audit report       id: 1099351,
1934 silly audit report       url: 'https://github.com/advisories/GHSA-4vvj-4cpr-p986',
1934 silly audit report       title: "Webpack's AutoPublicPathRuntimeModule has a DOM Clobbering Gadget that leads to XSS",
1934 silly audit report       severity: 'moderate',
1934 silly audit report       vulnerable_versions: '>=5.0.0-alpha.0 <5.94.0',
1934 silly audit report       cwe: [Array],
1934 silly audit report       cvss: [Object]
1934 silly audit report     }
1934 silly audit report   ],
1934 silly audit report   'word-wrap': [
1934 silly audit report     {
1934 silly audit report       id: 1102444,
1934 silly audit report       url: 'https://github.com/advisories/GHSA-j8xg-fqg3-53r7',
1934 silly audit report       title: 'word-wrap vulnerable to Regular Expression Denial of Service',
1934 silly audit report       severity: 'moderate',
1934 silly audit report       vulnerable_versions: '<1.2.4',
1934 silly audit report       cwe: [Array],
1934 silly audit report       cvss: [Object]
1934 silly audit report     }
1934 silly audit report   ],
1934 silly audit report   ws: [
1934 silly audit report     {
1934 silly audit report       id: 1118729,
1934 silly audit report       url: 'https://github.com/advisories/GHSA-3h5v-q93c-6h6q',
1934 silly audit report       title: 'ws affected by a DoS when handling a request with many HTTP headers',
1934 silly audit report       severity: 'high',
1934 silly audit report       vulnerable_versions: '>=7.0.0 <7.5.10',
1934 silly audit report       cwe: [Array],
1934 silly audit report       cvss: [Object]
1934 silly audit report     },
1934 silly audit report     {
1934 silly audit report       id: 1123260,
1934 silly audit report       url: 'https://github.com/advisories/GHSA-96hv-2xvq-fx4p',
1934 silly audit report       title: 'ws: Memory exhaustion DoS from tiny fragments and data chunks',
1934 silly audit report       severity: 'high',
1934 silly audit report       vulnerable_versions: '>=7.0.0 <7.5.11',
1934 silly audit report       cwe: [Array],
1934 silly audit report       cvss: [Object]
1934 silly audit report     }
1934 silly audit report   ]
1934 silly audit report }
1935 silly packumentCache corgi:https://registry.npmjs.org/semver cache-miss
1936 silly packumentCache corgi:https://registry.npmjs.org/@babel%2fcore cache-miss
1937 silly packumentCache corgi:https://registry.npmjs.org/json5 cache-miss
1938 silly packumentCache corgi:https://registry.npmjs.org/@babel%2fhelpers cache-miss
1939 silly packumentCache corgi:https://registry.npmjs.org/@babel%2fplugin-transform-modules-systemjs cache-miss
1940 silly packumentCache corgi:https://registry.npmjs.org/@babel%2fruntime cache-miss
1941 silly packumentCache corgi:https://registry.npmjs.org/@babel%2fruntime-corejs3 cache-miss
1942 silly packumentCache corgi:https://registry.npmjs.org/@babel%2ftraverse cache-miss
1943 silly packumentCache corgi:https://registry.npmjs.org/@tootallnate%2fonce cache-miss
1944 silly packumentCache corgi:https://registry.npmjs.org/ajv cache-miss
1945 silly packumentCache corgi:https://registry.npmjs.org/axios cache-miss
1946 silly packumentCache corgi:https://registry.npmjs.org/brace-expansion cache-miss
1947 silly packumentCache corgi:https://registry.npmjs.org/braces cache-miss
1948 silly packumentCache corgi:https://registry.npmjs.org/cross-spawn cache-miss
1949 silly packumentCache corgi:https://registry.npmjs.org/flatted cache-miss
1950 silly packumentCache corgi:https://registry.npmjs.org/follow-redirects cache-miss
1951 silly packumentCache corgi:https://registry.npmjs.org/form-data cache-miss
1952 silly packumentCache corgi:https://registry.npmjs.org/get-func-name cache-miss
1953 silly packumentCache corgi:https://registry.npmjs.org/js-yaml cache-miss
1954 silly packumentCache corgi:https://registry.npmjs.org/jsonwebtoken cache-miss
1955 silly packumentCache corgi:https://registry.npmjs.org/jws cache-miss
1956 silly packumentCache corgi:https://registry.npmjs.org/lodash cache-miss
1957 silly packumentCache corgi:https://registry.npmjs.org/micromatch cache-miss
1958 silly packumentCache corgi:https://registry.npmjs.org/minimatch cache-miss
1959 silly packumentCache corgi:https://registry.npmjs.org/nanoid cache-miss
1960 silly packumentCache corgi:https://registry.npmjs.org/next cache-miss
1961 silly packumentCache corgi:https://registry.npmjs.org/node-fetch cache-miss
1962 silly packumentCache corgi:https://registry.npmjs.org/picomatch cache-miss
1963 silly packumentCache corgi:https://registry.npmjs.org/postcss cache-miss
1964 silly packumentCache corgi:https://registry.npmjs.org/serialize-javascript cache-miss
1965 silly packumentCache corgi:https://registry.npmjs.org/tough-cookie cache-miss
1966 silly packumentCache corgi:https://registry.npmjs.org/webpack cache-miss
1967 silly packumentCache corgi:https://registry.npmjs.org/word-wrap cache-miss
1968 silly packumentCache corgi:https://registry.npmjs.org/ws cache-miss
1969 http fetch GET 200 https://registry.npmjs.org/walker/-/walker-1.0.8.tgz 1266ms (cache miss)
1970 http fetch GET 200 https://registry.npmjs.org/wrap-ansi/-/wrap-ansi-7.0.0.tgz 1293ms (cache miss)
1971 http fetch GET 200 https://registry.npmjs.org/unicode-property-aliases-ecmascript/-/unicode-property-aliases-ecmascript-2.0.0.tgz 1290ms (cache miss)
1972 http fetch GET 200 https://registry.npmjs.org/word-wrap/-/word-wrap-1.2.3.tgz 1300ms (cache miss)
1973 http fetch GET 200 https://registry.npmjs.org/universalify/-/universalify-0.1.2.tgz 1307ms (cache miss)
1974 http fetch GET 200 https://registry.npmjs.org/write-file-atomic/-/write-file-atomic-3.0.3.tgz 1327ms (cache miss)
1975 http fetch GET 200 https://registry.npmjs.org/unicode-match-property-ecmascript/-/unicode-match-property-ecmascript-2.0.0.tgz 1319ms (cache miss)
1976 http fetch GET 200 https://registry.npmjs.org/v8-compile-cache/-/v8-compile-cache-2.3.0.tgz 1328ms (cache miss)
1977 http fetch GET 200 https://registry.npmjs.org/whatwg-encoding/-/whatwg-encoding-1.0.5.tgz 1333ms (cache miss)
1978 http fetch GET 200 https://registry.npmjs.org/unicode-canonical-property-names-ecmascript/-/unicode-canonical-property-names-ecmascript-2.0.0.tgz 1361ms (cache miss)
1979 http fetch GET 200 https://registry.npmjs.org/validate-npm-package-license/-/validate-npm-package-license-3.0.4.tgz 1367ms (cache miss)
1980 http fetch GET 200 https://registry.npmjs.org/tmpl/-/tmpl-1.0.5.tgz 1361ms (cache miss)
1981 http fetch GET 200 https://registry.npmjs.org/unicode-match-property-value-ecmascript/-/unicode-match-property-value-ecmascript-2.0.0.tgz 1367ms (cache miss)
1982 http fetch GET 200 https://registry.npmjs.org/to-fast-properties/-/to-fast-properties-2.0.0.tgz 1381ms (cache miss)
1983 http fetch GET 200 https://registry.npmjs.org/w3c-xmlserializer/-/w3c-xmlserializer-2.0.0.tgz 1404ms (cache miss)
1984 http fetch GET 200 https://registry.npmjs.org/xml-name-validator/-/xml-name-validator-3.0.0.tgz 1422ms (cache miss)
1985 http fetch GET 200 https://registry.npmjs.org/use-subscription/-/use-subscription-1.5.1.tgz 1414ms (cache miss)
1986 http fetch GET 200 https://registry.npmjs.org/supports-hyperlinks/-/supports-hyperlinks-2.2.0.tgz 1402ms (cache miss)
1987 http fetch GET 200 https://registry.npmjs.org/update-browserslist-db/-/update-browserslist-db-1.0.5.tgz 1418ms (cache miss)
1988 http fetch GET 200 https://registry.npmjs.org/terminal-link/-/terminal-link-2.1.1.tgz 1419ms (cache miss)
1989 http fetch GET 200 https://registry.npmjs.org/type-detect/-/type-detect-4.0.8.tgz 1437ms (cache miss)
1990 http fetch GET 200 https://registry.npmjs.org/throat/-/throat-6.0.1.tgz 1442ms (cache miss)
1991 http fetch GET 200 https://registry.npmjs.org/whatwg-mimetype/-/whatwg-mimetype-2.3.0.tgz 1457ms (cache miss)
1992 http fetch GET 200 https://registry.npmjs.org/strip-bom/-/strip-bom-3.0.0.tgz 1446ms (cache miss)
1993 http fetch GET 200 https://registry.npmjs.org/strip-json-comments/-/strip-json-comments-3.1.1.tgz 1456ms (cache miss)
1994 http fetch GET 200 https://registry.npmjs.org/typedarray-to-buffer/-/typedarray-to-buffer-3.1.5.tgz 1472ms (cache miss)
1995 http fetch GET 200 https://registry.npmjs.org/string-length/-/string-length-4.0.2.tgz 1464ms (cache miss)
1996 http fetch GET 200 https://registry.npmjs.org/string-width/-/string-width-4.2.2.tgz 1471ms (cache miss)
1997 http fetch GET 200 https://registry.npmjs.org/spdx-exceptions/-/spdx-exceptions-2.3.0.tgz 1479ms (cache miss)
1998 http fetch GET 200 https://registry.npmjs.org/stack-utils/-/stack-utils-2.0.5.tgz 1481ms (cache miss)
1999 http fetch GET 200 https://registry.npmjs.org/spdx-license-ids/-/spdx-license-ids-3.0.9.tgz 1531ms (cache miss)
2000 http fetch GET 200 https://registry.npmjs.org/slice-ansi/-/slice-ansi-4.0.0.tgz 1538ms (cache miss)
2001 http fetch GET 200 https://registry.npmjs.org/shallow-equal/-/shallow-equal-1.2.1.tgz 1540ms (cache miss)
2002 http fetch GET 200 https://registry.npmjs.org/sisteransi/-/sisteransi-1.0.5.tgz 1541ms (cache miss)
2003 http fetch GET 200 https://registry.npmjs.org/serialize-javascript/-/serialize-javascript-6.0.0.tgz 1540ms (cache miss)
2004 http fetch GET 200 https://registry.npmjs.org/spdx-correct/-/spdx-correct-3.1.1.tgz 1545ms (cache miss)
2005 http fetch GET 200 https://registry.npmjs.org/signal-exit/-/signal-exit-3.0.6.tgz 1547ms (cache miss)
2006 http fetch GET 200 https://registry.npmjs.org/which-boxed-primitive/-/which-boxed-primitive-1.0.2.tgz 1573ms (cache miss)
2007 http fetch GET 200 https://registry.npmjs.org/w3c-hr-time/-/w3c-hr-time-1.0.2.tgz 1579ms (cache miss)
2008 http fetch GET 200 https://registry.npmjs.org/test-exclude/-/test-exclude-6.0.0.tgz 1572ms (cache miss)
2009 http fetch GET 200 https://registry.npmjs.org/type-check/-/type-check-0.4.0.tgz 1579ms (cache miss)
2010 http fetch GET 200 https://registry.npmjs.org/run-parallel/-/run-parallel-1.2.0.tgz 1565ms (cache miss)
2011 http fetch GET 200 https://registry.npmjs.org/spdx-expression-parse/-/spdx-expression-parse-3.0.1.tgz 1595ms (cache miss)
2012 http fetch GET 200 https://registry.npmjs.org/y18n/-/y18n-5.0.8.tgz 1625ms (cache miss)
2013 http fetch GET 200 https://registry.npmjs.org/unbox-primitive/-/unbox-primitive-1.0.1.tgz 1612ms (cache miss)
2014 http fetch GET 200 https://registry.npmjs.org/symbol-tree/-/symbol-tree-3.2.4.tgz 1614ms (cache miss)
2015 http fetch GET 200 https://registry.npmjs.org/readdirp/-/readdirp-3.5.0.tgz 1604ms (cache miss)
2016 http fetch GET 200 https://registry.npmjs.org/regjsgen/-/regjsgen-0.5.2.tgz 1616ms (cache miss)
2017 http fetch GET 200 https://registry.npmjs.org/regenerate/-/regenerate-1.4.2.tgz 1615ms (cache miss)
2018 http fetch GET 200 https://registry.npmjs.org/react-display-name/-/react-display-name-0.2.5.tgz 1616ms (cache miss)
2019 http fetch GET 200 https://registry.npmjs.org/read-pkg/-/read-pkg-3.0.0.tgz 1619ms (cache miss)
2020 http fetch GET 200 https://registry.npmjs.org/read-pkg-up/-/read-pkg-up-3.0.0.tgz 1621ms (cache miss)
2021 http fetch GET 200 https://registry.npmjs.org/watchpack/-/watchpack-2.4.0.tgz 1656ms (cache miss)
2022 http fetch GET 200 https://registry.npmjs.org/require-directory/-/require-directory-2.1.1.tgz 1636ms (cache miss)
2023 http fetch GET 200 https://registry.npmjs.org/resolve.exports/-/resolve.exports-1.1.0.tgz 1637ms (cache miss)
2024 http fetch GET 200 https://registry.npmjs.org/tiny-warning/-/tiny-warning-1.0.3.tgz 1656ms (cache miss)
2025 http fetch GET 200 https://registry.npmjs.org/regjsparser/-/regjsparser-0.7.0.tgz 1643ms (cache miss)
2026 http fetch GET 200 https://registry.npmjs.org/symbol-observable/-/symbol-observable-1.2.0.tgz 1671ms (cache miss)
2027 http fetch GET 200 https://registry.npmjs.org/randombytes/-/randombytes-2.1.0.tgz 1651ms (cache miss)
2028 http fetch GET 200 https://registry.npmjs.org/randexp/-/randexp-0.4.6.tgz 1659ms (cache miss)
2029 http fetch GET 200 https://registry.npmjs.org/punycode/-/punycode-2.1.1.tgz 1657ms (cache miss)
2030 http fetch GET 200 https://registry.npmjs.org/v8-to-istanbul/-/v8-to-istanbul-8.1.1.tgz 1695ms (cache miss)
2031 http fetch GET 200 https://registry.npmjs.org/regenerator-runtime/-/regenerator-runtime-0.13.9.tgz 1669ms (cache miss)
2032 http fetch GET 200 https://registry.npmjs.org/regexpu-core/-/regexpu-core-4.8.0.tgz 1675ms (cache miss)
2033 http fetch GET 200 https://registry.npmjs.org/queue-microtask/-/queue-microtask-1.2.3.tgz 1675ms (cache miss)
2034 http fetch GET 200 https://registry.npmjs.org/saxes/-/saxes-5.0.1.tgz 1695ms (cache miss)
2035 http fetch GET 200 https://registry.npmjs.org/tslib/-/tslib-1.14.1.tgz 1712ms (cache miss)
2036 http fetch GET 200 https://registry.npmjs.org/side-channel/-/side-channel-1.0.4.tgz 1709ms (cache miss)
2037 http fetch GET 200 https://registry.npmjs.org/terser-webpack-plugin/-/terser-webpack-plugin-5.3.5.tgz 1728ms (cache miss)
2038 http fetch GET 200 https://registry.npmjs.org/ret/-/ret-0.1.15.tgz 1719ms (cache miss)
2039 http fetch GET 200 https://registry.npmjs.org/react-is/-/react-is-17.0.2.tgz 1739ms (cache miss)
2040 http fetch GET 200 https://registry.npmjs.org/prelude-ls/-/prelude-ls-1.2.1.tgz 1741ms (cache miss)
2041 http fetch GET 200 https://registry.npmjs.org/yargs-parser/-/yargs-parser-20.2.4.tgz 1792ms (cache miss)
2042 http fetch GET 200 https://registry.npmjs.org/tough-cookie/-/tough-cookie-4.0.0.tgz 1779ms (cache miss)
2043 http fetch GET 200 https://registry.npmjs.org/raf/-/raf-3.4.1.tgz 1753ms (cache miss)
2044 http fetch GET 200 https://registry.npmjs.org/picocolors/-/picocolors-1.0.0.tgz 1750ms (cache miss)
2045 http fetch GET 200 https://registry.npmjs.org/pkg-up/-/pkg-up-2.0.0.tgz 1752ms (cache miss)
2046 http fetch GET 200 https://registry.npmjs.org/react-shallow-renderer/-/react-shallow-renderer-16.14.1.tgz 1786ms (cache miss)
2047 http fetch GET 200 https://registry.npmjs.org/progress/-/progress-2.0.3.tgz 1784ms (cache miss)
2048 http fetch GET 200 https://registry.npmjs.org/regexpp/-/regexpp-3.2.0.tgz 1842ms (cache miss)
2049 http fetch GET 200 https://registry.npmjs.org/railroad-diagrams/-/railroad-diagrams-1.0.0.tgz 1838ms (cache miss)
2050 http fetch GET 200 https://registry.npmjs.org/string.prototype.trim/-/string.prototype.trim-1.2.5.tgz 1856ms (cache miss)
2051 http fetch GET 200 https://registry.npmjs.org/performance-now/-/performance-now-2.1.0.tgz 1839ms (cache miss)
2052 http fetch GET 200 https://registry.npmjs.org/text-table/-/text-table-0.2.0.tgz 1877ms (cache miss)
2053 http fetch GET 200 https://registry.npmjs.org/pirates/-/pirates-4.0.5.tgz 1850ms (cache miss)
2054 http fetch GET 200 https://registry.npmjs.org/string.prototype.trimstart/-/string.prototype.trimstart-1.0.4.tgz 1876ms (cache miss)
2055 http fetch GET 200 https://registry.npmjs.org/string.prototype.trimend/-/string.prototype.trimend-1.0.4.tgz 1882ms (cache miss)
2056 http fetch GET 200 https://registry.npmjs.org/object.fromentries/-/object.fromentries-2.0.4.tgz 1863ms (cache miss)
2057 http fetch GET 200 https://registry.npmjs.org/sprintf-js/-/sprintf-js-1.0.3.tgz 1889ms (cache miss)
2058 http fetch GET 200 https://registry.npmjs.org/parse-json/-/parse-json-4.0.0.tgz 1878ms (cache miss)
2059 http fetch GET 200 https://registry.npmjs.org/unstated-next/-/unstated-next-1.1.0.tgz 1926ms (cache miss)
2060 http fetch GET 200 https://registry.npmjs.org/object-inspect/-/object-inspect-1.11.0.tgz 1888ms (cache miss)
2061 http fetch GET 200 https://registry.npmjs.org/normalize-package-data/-/normalize-package-data-2.5.0.tgz 1904ms (cache miss)
2062 http fetch GET 200 https://registry.npmjs.org/pathval/-/pathval-1.1.1.tgz 1926ms (cache miss)
2063 http fetch GET 200 https://registry.npmjs.org/nextjs-progressbar/-/nextjs-progressbar-0.0.14.tgz 1950ms (cache miss)
2064 http fetch GET 200 https://registry.npmjs.org/ws/-/ws-7.5.6.tgz 2021ms (cache miss)
2065 http fetch GET 200 https://registry.npmjs.org/psl/-/psl-1.8.0.tgz 1979ms (cache miss)
2066 http fetch GET 200 https://registry.npmjs.org/xmlchars/-/xmlchars-2.2.0.tgz 2018ms (cache miss)
2067 http fetch GET 200 https://registry.npmjs.org/node-int64/-/node-int64-0.4.0.tgz 1972ms (cache miss)
2068 http fetch GET 200 https://registry.npmjs.org/prop-types/-/prop-types-15.7.2.tgz 1996ms (cache miss)
2069 http fetch GET 200 https://registry.npmjs.org/node-releases/-/node-releases-2.0.6.tgz 1987ms (cache miss)
2070 http fetch GET 200 https://registry.npmjs.org/optionator/-/optionator-0.9.1.tgz 1998ms (cache miss)
2071 http fetch GET 200 https://registry.npmjs.org/string.prototype.matchall/-/string.prototype.matchall-4.0.5.tgz 2032ms (cache miss)
2072 http fetch GET 200 https://registry.npmjs.org/moo/-/moo-0.5.1.tgz 2004ms (cache miss)
2073 http fetch GET 200 https://registry.npmjs.org/tapable/-/tapable-2.2.1.tgz 2044ms (cache miss)
2074 http fetch GET 200 https://registry.npmjs.org/schema-utils/-/schema-utils-3.1.1.tgz 2034ms (cache miss)
2075 http fetch GET 200 https://registry.npmjs.org/theming/-/theming-3.3.0.tgz 2055ms (cache miss)
2076 http fetch GET 200 https://registry.npmjs.org/mime-types/-/mime-types-2.1.34.tgz 2020ms (cache miss)
2077 http fetch GET 200 https://registry.npmjs.org/natural-compare/-/natural-compare-1.4.0.tgz 2020ms (cache miss)
2078 http fetch GET 200 https://registry.npmjs.org/makeerror/-/makeerror-1.0.12.tgz 2024ms (cache miss)
2079 http fetch GET 200 https://registry.npmjs.org/regexp.prototype.flags/-/regexp.prototype.flags-1.3.1.tgz 2054ms (cache miss)
2080 http fetch GET 200 https://registry.npmjs.org/nwsapi/-/nwsapi-2.2.0.tgz 2042ms (cache miss)
2081 http fetch GET 200 https://registry.npmjs.org/micromatch/-/micromatch-4.0.4.tgz 2035ms (cache miss)
2082 http fetch GET 200 https://registry.npmjs.org/loose-envify/-/loose-envify-1.4.0.tgz 2036ms (cache miss)
2083 http fetch GET 200 https://registry.npmjs.org/source-map-js/-/source-map-js-1.0.2.tgz 2074ms (cache miss)
2084 http fetch GET 200 https://registry.npmjs.org/lodash.merge/-/lodash.merge-4.6.2.tgz 2052ms (cache miss)
2085 http fetch GET 200 https://registry.npmjs.org/picomatch/-/picomatch-2.3.0.tgz 2070ms (cache miss)
2086 http fetch GET 200 https://registry.npmjs.org/lodash.truncate/-/lodash.truncate-4.4.2.tgz 2061ms (cache miss)
2087 http fetch GET 200 https://registry.npmjs.org/object-keys/-/object-keys-1.1.1.tgz 2089ms (cache miss)
2088 http fetch GET 200 https://registry.npmjs.org/lodash.debounce/-/lodash.debounce-4.0.8.tgz 2100ms (cache miss)
2089 http fetch GET 200 https://registry.npmjs.org/lodash.flattendeep/-/lodash.flattendeep-4.4.0.tgz 2104ms (cache miss)
2090 http fetch GET 200 https://registry.npmjs.org/lodash.escape/-/lodash.escape-4.0.1.tgz 2105ms (cache miss)
2091 http fetch GET 200 https://registry.npmjs.org/load-json-file/-/load-json-file-4.0.0.tgz 2104ms (cache miss)
2092 http fetch GET 200 https://registry.npmjs.org/mime-db/-/mime-db-1.51.0.tgz 2115ms (cache miss)
2093 http fetch GET 200 https://registry.npmjs.org/lodash.isequal/-/lodash.isequal-4.5.0.tgz 2115ms (cache miss)
2094 http fetch GET 200 https://registry.npmjs.org/lodash.clonedeep/-/lodash.clonedeep-4.5.0.tgz 2114ms (cache miss)
2095 http fetch GET 200 https://registry.npmjs.org/nprogress/-/nprogress-0.2.0.tgz 2129ms (cache miss)
2096 http fetch GET 200 https://registry.npmjs.org/leven/-/leven-3.1.0.tgz 2121ms (cache miss)
2097 http fetch GET 200 https://registry.npmjs.org/kleur/-/kleur-3.0.3.tgz 2130ms (cache miss)
2098 http fetch GET 200 https://registry.npmjs.org/regenerator-transform/-/regenerator-transform-0.14.5.tgz 2171ms (cache miss)
2099 http fetch GET 200 https://registry.npmjs.org/node-fetch/-/node-fetch-2.6.7.tgz 2152ms (cache miss)
2100 http fetch GET 200 https://registry.npmjs.org/rst-selector-parser/-/rst-selector-parser-2.2.3.tgz 2194ms (cache miss)
2101 http fetch GET 200 https://registry.npmjs.org/levn/-/levn-0.4.1.tgz 2183ms (cache miss)
2102 http fetch GET 200 https://registry.npmjs.org/loader-runner/-/loader-runner-4.3.0.tgz 2185ms (cache miss)
2103 http fetch GET 200 https://registry.npmjs.org/object-is/-/object-is-1.1.5.tgz 2205ms (cache miss)
2104 http fetch GET 200 https://registry.npmjs.org/language-tags/-/language-tags-1.0.5.tgz 2198ms (cache miss)
2105 http fetch GET 200 https://registry.npmjs.org/react/-/react-17.0.2.tgz 2236ms (cache miss)
2106 http fetch GET 200 https://registry.npmjs.org/scheduler/-/scheduler-0.20.2.tgz 2298ms (cache miss)
2107 http fetch GET 200 https://registry.npmjs.org/jss-plugin-compose/-/jss-plugin-compose-10.7.1.tgz 2279ms (cache miss)
2108 http fetch GET 200 https://registry.npmjs.org/object.values/-/object.values-1.1.4.tgz 2303ms (cache miss)
2109 http fetch GET 200 https://registry.npmjs.org/object.entries/-/object.entries-1.1.4.tgz 2311ms (cache miss)
2110 http fetch GET 200 https://registry.npmjs.org/styled-jsx/-/styled-jsx-5.0.0.tgz 2349ms (cache miss)
2111 http fetch GET 200 https://registry.npmjs.org/jss-plugin-camel-case/-/jss-plugin-camel-case-10.7.1.tgz 2300ms (cache miss)
2112 http fetch GET 200 https://registry.npmjs.org/json-stable-stringify-without-jsonify/-/json-stable-stringify-without-jsonify-1.0.1.tgz 2309ms (cache miss)
2113 http fetch GET 200 https://registry.npmjs.org/json-parse-even-better-errors/-/json-parse-even-better-errors-2.3.1.tgz 2319ms (cache miss)
2114 http fetch GET 200 https://registry.npmjs.org/json-parse-better-errors/-/json-parse-better-errors-1.0.2.tgz 2320ms (cache miss)
2115 http fetch GET 200 https://registry.npmjs.org/webpack-sources/-/webpack-sources-3.2.3.tgz 2397ms (cache miss)
2116 http fetch GET 200 https://registry.npmjs.org/js-tokens/-/js-tokens-4.0.0.tgz 2333ms (cache miss)
2117 http fetch GET 200 https://registry.npmjs.org/jsesc/-/jsesc-2.5.2.tgz 2349ms (cache miss)
2118 http fetch GET 200 https://registry.npmjs.org/jest-watcher/-/jest-watcher-27.4.6.tgz 2354ms (cache miss)
2119 http fetch GET 200 https://registry.npmjs.org/object.assign/-/object.assign-4.1.2.tgz 2412ms (cache miss)
2120 http fetch GET 200 https://registry.npmjs.org/jest-serializer/-/jest-serializer-27.4.0.tgz 2407ms (cache miss)
2121 http fetch GET 200 https://registry.npmjs.org/jest-util/-/jest-util-27.4.2.tgz 2414ms (cache miss)
2122 http fetch GET 200 https://registry.npmjs.org/jss-plugin-rule-value-function/-/jss-plugin-rule-value-function-10.7.1.tgz 2436ms (cache miss)
2123 http fetch GET 200 https://registry.npmjs.org/jss-plugin-template/-/jss-plugin-template-10.7.1.tgz 2453ms (cache miss)
2124 http fetch GET 200 https://registry.npmjs.org/jest-resolve-dependencies/-/jest-resolve-dependencies-27.4.6.tgz 2442ms (cache miss)
2125 http fetch GET 200 https://registry.npmjs.org/jss-plugin-vendor-prefixer/-/jss-plugin-vendor-prefixer-10.7.1.tgz 2458ms (cache miss)
2126 http fetch GET 200 https://registry.npmjs.org/jss-plugin-nested/-/jss-plugin-nested-10.7.1.tgz 2465ms (cache miss)
2127 http fetch GET 200 https://registry.npmjs.org/nearley/-/nearley-2.20.1.tgz 2483ms (cache miss)
2128 http fetch GET 200 https://registry.npmjs.org/jest-regex-util/-/jest-regex-util-27.4.0.tgz 2454ms (cache miss)
2129 http fetch GET 200 https://registry.npmjs.org/jss-plugin-extend/-/jss-plugin-extend-10.7.1.tgz 2466ms (cache miss)
2130 http fetch GET 200 https://registry.npmjs.org/jss-plugin-rule-value-observable/-/jss-plugin-rule-value-observable-10.7.1.tgz 2469ms (cache miss)
2131 http fetch GET 200 https://registry.npmjs.org/tsconfig-paths/-/tsconfig-paths-3.10.1.tgz 2527ms (cache miss)
2132 http fetch GET 200 https://registry.npmjs.org/nanoid/-/nanoid-3.3.1.tgz 2485ms (cache miss)
2133 http fetch GET 200 https://registry.npmjs.org/jss-plugin-props-sort/-/jss-plugin-props-sort-10.7.1.tgz 2474ms (cache miss)
2134 http fetch GET 200 https://registry.npmjs.org/jest-mock/-/jest-mock-27.4.6.tgz 2483ms (cache miss)
2135 http fetch GET 200 https://registry.npmjs.org/jest-matcher-utils/-/jest-matcher-utils-27.4.6.tgz 2482ms (cache miss)
2136 http fetch GET 200 https://registry.npmjs.org/minimist/-/minimist-1.2.6.tgz 2544ms (cache miss)
2137 http fetch GET 200 https://registry.npmjs.org/jss-plugin-global/-/jss-plugin-global-10.7.1.tgz 2534ms (cache miss)
2138 http fetch GET 200 https://registry.npmjs.org/jest-pnp-resolver/-/jest-pnp-resolver-1.2.2.tgz 2521ms (cache miss)
2139 http fetch GET 200 https://registry.npmjs.org/jest-leak-detector/-/jest-leak-detector-27.4.6.tgz 2521ms (cache miss)
2140 http fetch GET 200 https://registry.npmjs.org/jss-preset-default/-/jss-preset-default-10.7.1.tgz 2553ms (cache miss)
2141 http fetch GET 200 https://registry.npmjs.org/jss-plugin-expand/-/jss-plugin-expand-10.7.1.tgz 2573ms (cache miss)
2142 http fetch GET 200 https://registry.npmjs.org/jest-environment-node/-/jest-environment-node-27.4.6.tgz 2566ms (cache miss)
2143 http fetch GET 200 https://registry.npmjs.org/jest-get-type/-/jest-get-type-27.4.0.tgz 2566ms (cache miss)
2144 http fetch GET 200 https://registry.npmjs.org/jest-each/-/jest-each-27.4.6.tgz 2566ms (cache miss)
2145 http fetch GET 200 https://registry.npmjs.org/jest-environment-jsdom/-/jest-environment-jsdom-27.4.6.tgz 2567ms (cache miss)
2146 http fetch GET 200 https://registry.npmjs.org/jss-plugin-default-unit/-/jss-plugin-default-unit-10.7.1.tgz 2590ms (cache miss)
2147 http fetch GET 200 https://registry.npmjs.org/loupe/-/loupe-2.3.1.tgz 2622ms (cache miss)
2148 http fetch GET 200 https://registry.npmjs.org/jest-docblock/-/jest-docblock-27.4.0.tgz 2591ms (cache miss)
2149 http fetch GET 200 https://registry.npmjs.org/jest-runtime/-/jest-runtime-27.4.6.tgz 2600ms (cache miss)
2150 http fetch GET 200 https://registry.npmjs.org/jest-message-util/-/jest-message-util-27.4.6.tgz 2600ms (cache miss)
2151 http fetch GET 200 https://registry.npmjs.org/jest/-/jest-27.4.7.tgz 2602ms (cache miss)
2152 http fetch GET 200 https://registry.npmjs.org/is-weakref/-/is-weakref-1.0.2.tgz 2617ms (cache miss)
2153 http fetch GET 200 https://registry.npmjs.org/istanbul-lib-coverage/-/istanbul-lib-coverage-3.2.0.tgz 2621ms (cache miss)
2154 http fetch GET 200 https://registry.npmjs.org/jest-runner/-/jest-runner-27.4.6.tgz 2641ms (cache miss)
2155 http fetch GET 200 https://registry.npmjs.org/pretty-format/-/pretty-format-27.4.6.tgz 2718ms (cache miss)
2156 http fetch GET 200 https://registry.npmjs.org/is-string/-/is-string-1.0.7.tgz 2673ms (cache miss)
2157 http fetch GET 200 https://registry.npmjs.org/is-typedarray/-/is-typedarray-1.0.0.tgz 2682ms (cache miss)
2158 http fetch GET 200 https://registry.npmjs.org/is-symbol/-/is-symbol-1.0.4.tgz 2690ms (cache miss)
2159 http fetch GET 200 https://registry.npmjs.org/is-regex/-/is-regex-1.1.4.tgz 2693ms (cache miss)
2160 http fetch GET 200 https://registry.npmjs.org/is-potential-custom-element-name/-/is-potential-custom-element-name-1.0.1.tgz 2694ms (cache miss)
2161 http fetch GET 200 https://registry.npmjs.org/is-shared-array-buffer/-/is-shared-array-buffer-1.0.1.tgz 2702ms (cache miss)
2162 http fetch GET 200 https://registry.npmjs.org/react-jss/-/react-jss-10.7.1.tgz 2764ms (cache miss)
2163 http fetch GET 200 https://registry.npmjs.org/is-subset/-/is-subset-0.1.1.tgz 2710ms (cache miss)
2164 http fetch GET 200 https://registry.npmjs.org/is-number-object/-/is-number-object-1.0.6.tgz 2708ms (cache miss)
2165 http fetch GET 200 https://registry.npmjs.org/is-ip/-/is-ip-4.0.0.tgz 2708ms (cache miss)
2166 http fetch GET 200 https://registry.npmjs.org/is-in-browser/-/is-in-browser-1.1.3.tgz 2716ms (cache miss)
2167 http fetch GET 200 https://registry.npmjs.org/is-date-object/-/is-date-object-1.0.5.tgz 2745ms (cache miss)
2168 http fetch GET 200 https://registry.npmjs.org/is-boolean-object/-/is-boolean-object-1.1.2.tgz 2765ms (cache miss)
2169 http fetch GET 200 https://registry.npmjs.org/is-generator-fn/-/is-generator-fn-2.1.0.tgz 2767ms (cache miss)
2170 http fetch GET 200 https://registry.npmjs.org/is-core-module/-/is-core-module-2.5.0.tgz 2767ms (cache miss)
2171 http fetch GET 200 https://registry.npmjs.org/istanbul-lib-instrument/-/istanbul-lib-instrument-5.1.0.tgz 2778ms (cache miss)
2172 http fetch GET 200 https://registry.npmjs.org/ip-regex/-/ip-regex-5.0.0.tgz 2787ms (cache miss)
2173 http fetch GET 200 https://registry.npmjs.org/is-bigint/-/is-bigint-1.0.3.tgz 2790ms (cache miss)
2174 http fetch GET 200 https://registry.npmjs.org/internal-slot/-/internal-slot-1.0.3.tgz 2795ms (cache miss)
2175 http fetch GET 200 https://registry.npmjs.org/import-local/-/import-local-3.1.0.tgz 2795ms (cache miss)
2176 http fetch GET 200 https://registry.npmjs.org/is-arrayish/-/is-arrayish-0.2.1.tgz 2799ms (cache miss)
2177 http fetch GET 200 https://registry.npmjs.org/jest-changed-files/-/jest-changed-files-27.4.2.tgz 2810ms (cache miss)
2178 http fetch GET 200 https://registry.npmjs.org/istanbul-lib-source-maps/-/istanbul-lib-source-maps-4.0.1.tgz 2822ms (cache miss)
2179 http fetch GET 200 https://registry.npmjs.org/ignore/-/ignore-4.0.6.tgz 2818ms (cache miss)
2180 http fetch GET 200 https://registry.npmjs.org/hyphenate-style-name/-/hyphenate-style-name-1.0.4.tgz 2818ms (cache miss)
2181 http fetch GET 200 https://registry.npmjs.org/import-fresh/-/import-fresh-3.3.0.tgz 2827ms (cache miss)
2182 http fetch GET 200 https://registry.npmjs.org/imurmurhash/-/imurmurhash-0.1.4.tgz 2833ms (cache miss)
2183 http fetch GET 200 https://registry.npmjs.org/http-proxy-agent/-/http-proxy-agent-4.0.1.tgz 2833ms (cache miss)
2184 http fetch GET 200 https://registry.npmjs.org/html-encoding-sniffer/-/html-encoding-sniffer-2.0.1.tgz 2840ms (cache miss)
2185 http fetch GET 200 https://registry.npmjs.org/istanbul-lib-report/-/istanbul-lib-report-3.0.0.tgz 2861ms (cache miss)
2186 http fetch GET 200 https://registry.npmjs.org/hosted-git-info/-/hosted-git-info-2.8.9.tgz 2889ms (cache miss)
2187 http fetch GET 200 https://registry.npmjs.org/has-bigints/-/has-bigints-1.0.1.tgz 2891ms (cache miss)
2188 http fetch GET 200 https://registry.npmjs.org/graceful-fs/-/graceful-fs-4.2.10.tgz 2890ms (cache miss)
2189 http fetch GET 200 https://registry.npmjs.org/globby/-/globby-11.0.4.tgz 2916ms (cache miss)
2190 http fetch GET 200 https://registry.npmjs.org/glob-to-regexp/-/glob-to-regexp-0.4.1.tgz 2925ms (cache miss)
2191 http fetch GET 200 https://registry.npmjs.org/globals/-/globals-13.10.0.tgz 2937ms (cache miss)
2192 http fetch GET 200 https://registry.npmjs.org/get-symbol-description/-/get-symbol-description-1.0.0.tgz 2938ms (cache miss)
2193 http fetch GET 200 https://registry.npmjs.org/get-package-type/-/get-package-type-0.1.0.tgz 2943ms (cache miss)
2194 http fetch GET 200 https://registry.npmjs.org/get-intrinsic/-/get-intrinsic-1.1.1.tgz 3028ms (cache miss)
2195 http fetch GET 200 https://registry.npmjs.org/gensync/-/gensync-1.0.0-beta.2.tgz 3032ms (cache miss)
2196 http fetch GET 200 https://registry.npmjs.org/function.prototype.name/-/function.prototype.name-1.1.5.tgz 3033ms (cache miss)
2197 http fetch GET 200 https://registry.npmjs.org/functional-red-black-tree/-/functional-red-black-tree-1.0.1.tgz 3033ms (cache miss)
2198 http fetch GET 200 https://registry.npmjs.org/get-caller-file/-/get-caller-file-2.0.5.tgz 3036ms (cache miss)
2199 http fetch GET 200 https://registry.npmjs.org/formdata-polyfill/-/formdata-polyfill-4.0.10.tgz 3044ms (cache miss)
2200 http fetch GET 200 https://registry.npmjs.org/fs-readdir-recursive/-/fs-readdir-recursive-1.1.0.tgz 3049ms (cache miss)
2201 http fetch GET 200 https://registry.npmjs.org/get-func-name/-/get-func-name-2.0.0.tgz 3062ms (cache miss)
2202 http fetch GET 200 https://registry.npmjs.org/flat-cache/-/flat-cache-3.0.4.tgz 3062ms (cache miss)
2203 http fetch GET 200 https://registry.npmjs.org/fast-levenshtein/-/fast-levenshtein-2.0.6.tgz 3069ms (cache miss)
2204 http fetch GET 200 https://registry.npmjs.org/functions-have-names/-/functions-have-names-1.2.2.tgz 3073ms (cache miss)
2205 http fetch GET 200 https://registry.npmjs.org/fb-watchman/-/fb-watchman-2.0.1.tgz 3075ms (cache miss)
2206 http fetch GET 200 https://registry.npmjs.org/is-callable/-/is-callable-1.2.4.tgz 3106ms (cache miss)
2207 http fetch GET 200 https://registry.npmjs.org/fetch-blob/-/fetch-blob-3.1.4.tgz 3098ms (cache miss)
2208 http fetch GET 200 https://registry.npmjs.org/jest-resolve/-/jest-resolve-27.4.6.tgz 3140ms (cache miss)
2209 http fetch GET 200 https://registry.npmjs.org/jest-validate/-/jest-validate-27.4.6.tgz 3153ms (cache miss)
2210 http fetch GET 200 https://registry.npmjs.org/flatted/-/flatted-3.2.2.tgz 3114ms (cache miss)
2211 http fetch GET 200 https://registry.npmjs.org/hoist-non-react-statics/-/hoist-non-react-statics-3.3.2.tgz 3130ms (cache miss)
2212 http fetch GET 200 https://registry.npmjs.org/expose-loader/-/expose-loader-3.0.0.tgz 3121ms (cache miss)
2213 http fetch GET 200 https://registry.npmjs.org/glob/-/glob-7.1.7.tgz 3140ms (cache miss)
2214 http fetch GET 200 https://registry.npmjs.org/eslint-module-utils/-/eslint-module-utils-2.6.1.tgz 3125ms (cache miss)
2215 http fetch GET 200 https://registry.npmjs.org/eslint-visitor-keys/-/eslint-visitor-keys-2.1.0.tgz 3134ms (cache miss)
2216 http fetch GET 200 https://registry.npmjs.org/follow-redirects/-/follow-redirects-1.14.9.tgz 3141ms (cache miss)
2217 http fetch GET 200 https://registry.npmjs.org/node-domexception/-/node-domexception-1.0.0.tgz 3212ms (cache miss)
2218 http fetch GET 200 https://registry.npmjs.org/eslint-import-resolver-node/-/eslint-import-resolver-node-0.3.4.tgz 3141ms (cache miss)
2219 http fetch GET 200 https://registry.npmjs.org/jest-snapshot/-/jest-snapshot-27.4.6.tgz 3193ms (cache miss)
2220 http fetch GET 200 https://registry.npmjs.org/file-entry-cache/-/file-entry-cache-6.0.1.tgz 3149ms (cache miss)
2221 http fetch GET 200 https://registry.npmjs.org/eslint-import-resolver-typescript/-/eslint-import-resolver-typescript-2.4.0.tgz 3148ms (cache miss)
2222 http fetch GET 200 https://registry.npmjs.org/fetch-cookie/-/fetch-cookie-0.11.0.tgz 3158ms (cache miss)
2223 http fetch GET 200 https://registry.npmjs.org/form-data/-/form-data-3.0.1.tgz 3190ms (cache miss)
2224 http fetch GET 200 https://registry.npmjs.org/language-subtag-registry/-/language-subtag-registry-0.3.21.tgz 3246ms (cache miss)
2225 http fetch GET 200 https://registry.npmjs.org/is-negative-zero/-/is-negative-zero-2.0.1.tgz 3219ms (cache miss)
2226 http fetch GET 200 https://registry.npmjs.org/has-tostringtag/-/has-tostringtag-1.0.0.tgz 3216ms (cache miss)
2227 http fetch GET 200 https://registry.npmjs.org/es-array-method-boxes-properly/-/es-array-method-boxes-properly-1.0.0.tgz 3195ms (cache miss)
2228 http fetch GET 200 https://registry.npmjs.org/enzyme-shallow-equal/-/enzyme-shallow-equal-1.0.4.tgz 3201ms (cache miss)
2229 http fetch GET 200 https://registry.npmjs.org/esutils/-/esutils-2.0.3.tgz 3216ms (cache miss)
2230 http fetch GET 200 https://registry.npmjs.org/eslint-plugin-react-hooks/-/eslint-plugin-react-hooks-4.2.0.tgz 3249ms (cache miss)
2231 http fetch GET 200 https://registry.npmjs.org/eslint-config-next/-/eslint-config-next-11.0.1.tgz 3255ms (cache miss)
2232 http fetch GET 200 https://registry.npmjs.org/has-symbols/-/has-symbols-1.0.2.tgz 3315ms (cache miss)
2233 http fetch GET 200 https://registry.npmjs.org/jest-diff/-/jest-diff-27.4.6.tgz 3338ms (cache miss)
2234 http fetch GET 200 https://registry.npmjs.org/error-ex/-/error-ex-1.3.2.tgz 3294ms (cache miss)
2235 http fetch GET 200 https://registry.npmjs.org/esprima/-/esprima-4.0.1.tgz 3321ms (cache miss)
2236 http fetch GET 200 https://registry.npmjs.org/eslint-utils/-/eslint-utils-2.1.0.tgz 3319ms (cache miss)
2237 http fetch GET 200 https://registry.npmjs.org/emittery/-/emittery-0.8.1.tgz 3316ms (cache miss)
2238 http fetch GET 200 https://registry.npmjs.org/react-dom/-/react-dom-17.0.2.tgz 3420ms (cache miss)
2239 http fetch GET 200 https://registry.npmjs.org/domutils/-/domutils-2.8.0.tgz 3325ms (cache miss)
2240 http fetch GET 200 https://registry.npmjs.org/es-module-lexer/-/es-module-lexer-0.9.3.tgz 3347ms (cache miss)
2241 http fetch GET 200 https://registry.npmjs.org/fastq/-/fastq-1.11.1.tgz 3358ms (cache miss)
2242 http fetch GET 200 https://registry.npmjs.org/escodegen/-/escodegen-2.0.0.tgz 3363ms (cache miss)
2243 http fetch GET 200 https://registry.npmjs.org/detect-newline/-/detect-newline-3.1.0.tgz 3361ms (cache miss)
2244 http fetch GET 200 https://registry.npmjs.org/espree/-/espree-7.3.1.tgz 3376ms (cache miss)
2245 http fetch GET 200 https://registry.npmjs.org/postcss/-/postcss-8.4.5.tgz 3471ms (cache miss)
2246 http fetch GET 200 https://registry.npmjs.org/domexception/-/domexception-2.0.1.tgz 3375ms (cache miss)
2247 http fetch GET 200 https://registry.npmjs.org/event-target-shim/-/event-target-shim-5.0.1.tgz 3409ms (cache miss)
2248 http fetch GET 200 https://registry.npmjs.org/discontinuous-range/-/discontinuous-range-1.0.0.tgz 3398ms (cache miss)
2249 http fetch GET 200 https://registry.npmjs.org/diff-sequences/-/diff-sequences-27.4.0.tgz 3400ms (cache miss)
2250 http fetch GET 200 https://registry.npmjs.org/deepmerge/-/deepmerge-4.2.2.tgz 3409ms (cache miss)
2251 http fetch GET 200 https://registry.npmjs.org/define-properties/-/define-properties-1.1.3.tgz 3410ms (cache miss)
2252 http fetch GET 200 https://registry.npmjs.org/deep-is/-/deep-is-0.1.3.tgz 3408ms (cache miss)
2253 http fetch GET 200 https://registry.npmjs.org/deep-eql/-/deep-eql-3.0.1.tgz 3410ms (cache miss)
2254 http fetch GET 200 https://registry.npmjs.org/delayed-stream/-/delayed-stream-1.0.0.tgz 3415ms (cache miss)
2255 http fetch GET 200 https://registry.npmjs.org/eventsource/-/eventsource-1.1.2.tgz 3432ms (cache miss)
2256 http fetch GET 200 https://registry.npmjs.org/yargs/-/yargs-16.2.0.tgz 3578ms (cache miss)
2257 http fetch GET 200 https://registry.npmjs.org/data-urls/-/data-urls-2.0.0.tgz 3428ms (cache miss)
2258 http fetch GET 200 https://registry.npmjs.org/html-element-map/-/html-element-map-1.3.1.tgz 3466ms (cache miss)
2259 http fetch GET 200 https://registry.npmjs.org/table/-/table-6.7.1.tgz 3556ms (cache miss)
2260 http fetch GET 200 https://registry.npmjs.org/jest-circus/-/jest-circus-27.4.6.tgz 3494ms (cache miss)
2261 http fetch GET 200 https://registry.npmjs.org/dedent/-/dedent-0.7.0.tgz 3443ms (cache miss)
2262 http fetch GET 200 https://registry.npmjs.org/domhandler/-/domhandler-4.3.0.tgz 3449ms (cache miss)
2263 http fetch GET 200 https://registry.npmjs.org/es-to-primitive/-/es-to-primitive-1.2.1.tgz 3461ms (cache miss)
2264 http fetch GET 200 https://registry.npmjs.org/damerau-levenshtein/-/damerau-levenshtein-1.0.7.tgz 3464ms (cache miss)
2265 http fetch GET 200 https://registry.npmjs.org/doctrine/-/doctrine-3.0.0.tgz 3478ms (cache miss)
2266 http fetch GET 200 https://registry.npmjs.org/cssom/-/cssom-0.4.4.tgz 3473ms (cache miss)
2267 http fetch GET 200 https://registry.npmjs.org/css-vendor/-/css-vendor-2.0.8.tgz 3480ms (cache miss)
2268 http fetch GET 200 https://registry.npmjs.org/electron-to-chromium/-/electron-to-chromium-1.4.225.tgz 3496ms (cache miss)
2269 http fetch GET 200 https://registry.npmjs.org/css-what/-/css-what-5.1.0.tgz 3490ms (cache miss)
2270 http fetch GET 200 https://registry.npmjs.org/cross-spawn/-/cross-spawn-7.0.3.tgz 3501ms (cache miss)
2271 http fetch GET 200 https://registry.npmjs.org/terser/-/terser-5.14.2.tgz 3642ms (cache miss)
2272 http fetch GET 200 https://registry.npmjs.org/decimal.js/-/decimal.js-10.3.1.tgz 3532ms (cache miss)
2273 http fetch GET 200 https://registry.npmjs.org/convert-source-map/-/convert-source-map-1.7.0.tgz 3533ms (cache miss)
2274 http fetch GET 200 https://registry.npmjs.org/commondir/-/commondir-1.0.1.tgz 3537ms (cache miss)
2275 http fetch GET 200 https://registry.npmjs.org/jest-config/-/jest-config-27.4.7.tgz 3605ms (cache miss)
2276 http fetch GET 200 https://registry.npmjs.org/combined-stream/-/combined-stream-1.0.8.tgz 3545ms (cache miss)
2277 http fetch GET 200 https://registry.npmjs.org/collect-v8-coverage/-/collect-v8-coverage-1.0.1.tgz 3550ms (cache miss)
2278 http fetch GET 200 https://registry.npmjs.org/cliui/-/cliui-7.0.4.tgz 3550ms (cache miss)
2279 http fetch GET 200 https://registry.npmjs.org/co/-/co-4.6.0.tgz 3566ms (cache miss)
2280 http fetch GET 200 https://registry.npmjs.org/esquery/-/esquery-1.4.0.tgz 3624ms (cache miss)
2281 http fetch GET 200 https://registry.npmjs.org/exit/-/exit-0.1.2.tgz 3636ms (cache miss)
2282 http fetch GET 200 https://registry.npmjs.org/ci-info/-/ci-info-3.3.0.tgz 3618ms (cache miss)
2283 http fetch GET 200 https://registry.npmjs.org/chrome-trace-event/-/chrome-trace-event-1.0.3.tgz 3619ms (cache miss)
2284 http fetch GET 200 https://registry.npmjs.org/camelcase/-/camelcase-6.3.0.tgz 3621ms (cache miss)
2285 http fetch GET 200 https://registry.npmjs.org/char-regex/-/char-regex-1.0.2.tgz 3622ms (cache miss)
2286 http fetch GET 200 https://registry.npmjs.org/call-bind/-/call-bind-1.0.2.tgz 3627ms (cache miss)
2287 http fetch GET 200 https://registry.npmjs.org/bser/-/bser-2.1.1.tgz 3634ms (cache miss)
2288 http fetch GET 200 https://registry.npmjs.org/expect/-/expect-27.4.6.tgz 3681ms (cache miss)
2289 http fetch GET 200 https://registry.npmjs.org/check-error/-/check-error-1.0.2.tgz 3669ms (cache miss)
2290 http fetch GET 200 https://registry.npmjs.org/binary-extensions/-/binary-extensions-2.2.0.tgz 3680ms (cache miss)
2291 http fetch GET 200 https://registry.npmjs.org/jss/-/jss-10.7.1.tgz 3766ms (cache miss)
2292 http fetch GET 200 https://registry.npmjs.org/browser-process-hrtime/-/browser-process-hrtime-1.0.0.tgz 3687ms (cache miss)
2293 http fetch GET 200 https://registry.npmjs.org/babel-runtime/-/babel-runtime-6.26.0.tgz 3691ms (cache miss)
2294 http fetch GET 200 https://registry.npmjs.org/babel-preset-react/-/babel-preset-react-6.24.1.tgz 3702ms (cache miss)
2295 http fetch GET 200 https://registry.npmjs.org/jest-haste-map/-/jest-haste-map-27.4.6.tgz 3781ms (cache miss)
2296 http fetch GET 200 https://registry.npmjs.org/chokidar/-/chokidar-3.5.1.tgz 3833ms (cache miss)
2297 http fetch GET 200 https://registry.npmjs.org/cjs-module-lexer/-/cjs-module-lexer-1.2.2.tgz 3849ms (cache miss)
2298 http fetch GET 200 https://registry.npmjs.org/babel-preset-jest/-/babel-preset-jest-27.4.0.tgz 3860ms (cache miss)
2299 http fetch GET 200 https://registry.npmjs.org/babel-preset-current-node-syntax/-/babel-preset-current-node-syntax-1.0.1.tgz 3865ms (cache miss)
2300 http fetch GET 200 https://registry.npmjs.org/csstype/-/csstype-3.0.8.tgz 3881ms (cache miss)
2301 http fetch GET 200 https://registry.npmjs.org/babel-plugin-transform-react-jsx-self/-/babel-plugin-transform-react-jsx-self-6.22.0.tgz 3868ms (cache miss)
2302 http fetch GET 200 https://registry.npmjs.org/babel-plugin-transform-react-jsx/-/babel-plugin-transform-react-jsx-6.24.1.tgz 3879ms (cache miss)
2303 http fetch GET 200 https://registry.npmjs.org/core-js-compat/-/core-js-compat-3.20.3.tgz 3904ms (cache miss)
2304 http fetch GET 200 https://registry.npmjs.org/babel-preset-flow/-/babel-preset-flow-6.23.0.tgz 3893ms (cache miss)
2305 http fetch GET 200 https://registry.npmjs.org/babel-plugin-transform-react-jsx-source/-/babel-plugin-transform-react-jsx-source-6.22.0.tgz 3893ms (cache miss)
2306 http fetch GET 200 https://registry.npmjs.org/babel-plugin-polyfill-regenerator/-/babel-plugin-polyfill-regenerator-0.3.1.tgz 3892ms (cache miss)
2307 http fetch GET 200 https://registry.npmjs.org/babel-plugin-transform-flow-strip-types/-/babel-plugin-transform-flow-strip-types-6.22.0.tgz 3903ms (cache miss)
2308 http fetch GET 200 https://registry.npmjs.org/babel-plugin-syntax-jsx/-/babel-plugin-syntax-jsx-6.18.0.tgz 3911ms (cache miss)
2309 http fetch GET 200 https://registry.npmjs.org/babel-plugin-transform-react-display-name/-/babel-plugin-transform-react-display-name-6.25.0.tgz 3912ms (cache miss)
2310 http fetch GET 200 https://registry.npmjs.org/css-jss/-/css-jss-10.7.1.tgz 3930ms (cache miss)
2311 http fetch GET 200 https://registry.npmjs.org/babel-plugin-jest-hoist/-/babel-plugin-jest-hoist-27.4.0.tgz 3920ms (cache miss)
2312 http fetch GET 200 https://registry.npmjs.org/babel-plugin-dynamic-import-node/-/babel-plugin-dynamic-import-node-2.3.3.tgz 3927ms (cache miss)
2313 http fetch GET 200 https://registry.npmjs.org/babel/-/babel-6.23.0.tgz 3927ms (cache miss)
2314 http fetch GET 200 https://registry.npmjs.org/babel-jest/-/babel-jest-27.4.6.tgz 3928ms (cache miss)
2315 http fetch GET 200 https://registry.npmjs.org/astral-regex/-/astral-regex-2.0.0.tgz 3929ms (cache miss)
2316 http fetch GET 200 https://registry.npmjs.org/babel-helper-builder-react-jsx/-/babel-helper-builder-react-jsx-6.26.0.tgz 3936ms (cache miss)
2317 http fetch GET 200 https://registry.npmjs.org/browserslist/-/browserslist-4.21.3.tgz 3946ms (cache miss)
2318 http fetch GET 200 https://registry.npmjs.org/babel-plugin-syntax-flow/-/babel-plugin-syntax-flow-6.18.0.tgz 3942ms (cache miss)
2319 http fetch GET 200 https://registry.npmjs.org/asynckit/-/asynckit-0.4.0.tgz 3939ms (cache miss)
2320 http fetch GET 200 https://registry.npmjs.org/array.prototype.flat/-/array.prototype.flat-1.2.4.tgz 3938ms (cache miss)
2321 http fetch GET 200 https://registry.npmjs.org/array.prototype.flatmap/-/array.prototype.flatmap-1.2.4.tgz 3946ms (cache miss)
2322 http fetch GET 200 https://registry.npmjs.org/assertion-error/-/assertion-error-1.1.0.tgz 3952ms (cache miss)
2323 http fetch GET 200 https://registry.npmjs.org/array.prototype.filter/-/array.prototype.filter-1.0.1.tgz 3956ms (cache miss)
2324 warn deprecated babel@6.23.0: In 6.x, the babel package has been deprecated in favor of babel-cli. Check https://opencollective.com/babel to support the Babel maintainers
2325 http fetch GET 200 https://registry.npmjs.org/ast-types-flow/-/ast-types-flow-0.0.7.tgz 3969ms (cache miss)
2326 http fetch GET 200 https://registry.npmjs.org/babel-plugin-istanbul/-/babel-plugin-istanbul-6.1.1.tgz 3984ms (cache miss)
2327 http fetch GET 200 https://registry.npmjs.org/anymatch/-/anymatch-3.1.2.tgz 3987ms (cache miss)
2328 http fetch GET 200 https://registry.npmjs.org/ansi-colors/-/ansi-colors-4.1.1.tgz 3988ms (cache miss)
2329 http fetch GET 200 https://registry.npmjs.org/ansi-escapes/-/ansi-escapes-4.3.2.tgz 3988ms (cache miss)
2330 http fetch GET 200 https://registry.npmjs.org/acorn-walk/-/acorn-walk-7.2.0.tgz 4001ms (cache miss)
2331 http fetch GET 200 https://registry.npmjs.org/array-includes/-/array-includes-3.1.3.tgz 4005ms (cache miss)
2332 http fetch GET 200 https://registry.npmjs.org/js-yaml/-/js-yaml-3.14.1.tgz 4099ms (cache miss)
2333 http fetch GET 200 https://registry.npmjs.org/acorn-globals/-/acorn-globals-6.0.0.tgz 4007ms (cache miss)
2334 http fetch GET 200 https://registry.npmjs.org/acorn-jsx/-/acorn-jsx-5.3.2.tgz 4007ms (cache miss)
2335 http fetch GET 200 https://registry.npmjs.org/@webassemblyjs/wasm-opt/-/wasm-opt-1.11.1.tgz 4073ms (cache miss)
2336 http fetch GET 200 https://registry.npmjs.org/@webassemblyjs/wast-printer/-/wast-printer-1.11.1.tgz 4077ms (cache miss)
2337 http fetch GET 200 https://registry.npmjs.org/@webassemblyjs/ieee754/-/ieee754-1.11.1.tgz 4084ms (cache miss)
2338 http fetch GET 200 https://registry.npmjs.org/@webassemblyjs/wasm-edit/-/wasm-edit-1.11.1.tgz 4087ms (cache miss)
2339 http fetch GET 200 https://registry.npmjs.org/@webassemblyjs/utf8/-/utf8-1.11.1.tgz 4100ms (cache miss)
2340 http fetch GET 200 https://registry.npmjs.org/babel-plugin-polyfill-corejs2/-/babel-plugin-polyfill-corejs2-0.3.1.tgz 4151ms (cache miss)
2341 http fetch GET 200 https://registry.npmjs.org/abab/-/abab-2.0.5.tgz 4167ms (cache miss)
2342 http fetch GET 200 https://registry.npmjs.org/@webassemblyjs/leb128/-/leb128-1.11.1.tgz 4172ms (cache miss)
2343 http fetch GET 200 https://registry.npmjs.org/@webassemblyjs/helper-numbers/-/helper-numbers-1.11.1.tgz 4188ms (cache miss)
2344 http fetch GET 200 https://registry.npmjs.org/@webassemblyjs/helper-buffer/-/helper-buffer-1.11.1.tgz 4191ms (cache miss)
2345 http fetch GET 200 https://registry.npmjs.org/@webassemblyjs/helper-wasm-section/-/helper-wasm-section-1.11.1.tgz 4200ms (cache miss)
2346 http fetch GET 200 https://registry.npmjs.org/@webassemblyjs/helper-wasm-bytecode/-/helper-wasm-bytecode-1.11.1.tgz 4202ms (cache miss)
2347 http fetch GET 200 https://registry.npmjs.org/@webassemblyjs/helper-api-error/-/helper-api-error-1.11.1.tgz 4201ms (cache miss)
2348 http fetch GET 200 https://registry.npmjs.org/@webassemblyjs/floating-point-hex-parser/-/floating-point-hex-parser-1.11.1.tgz 4201ms (cache miss)
2349 http fetch GET 200 https://registry.npmjs.org/@webassemblyjs/wasm-gen/-/wasm-gen-1.11.1.tgz 4224ms (cache miss)
2350 http fetch GET 200 https://registry.npmjs.org/@types/yargs-parser/-/yargs-parser-20.2.1.tgz 4239ms (cache miss)
2351 http fetch GET 200 https://registry.npmjs.org/@types/stack-utils/-/stack-utils-2.0.1.tgz 4249ms (cache miss)
2352 http fetch GET 200 https://registry.npmjs.org/@types/json-schema/-/json-schema-7.0.11.tgz 4255ms (cache miss)
2353 http fetch GET 200 https://registry.npmjs.org/@types/istanbul-lib-report/-/istanbul-lib-report-3.0.0.tgz 4281ms (cache miss)
2354 http fetch GET 200 https://registry.npmjs.org/@types/istanbul-reports/-/istanbul-reports-3.0.1.tgz 4288ms (cache miss)
2355 http fetch GET 200 https://registry.npmjs.org/@types/jest/-/jest-27.4.0.tgz 4293ms (cache miss)
2356 http fetch GET 200 https://registry.npmjs.org/@types/istanbul-lib-coverage/-/istanbul-lib-coverage-2.0.4.tgz 4293ms (cache miss)
2357 http fetch GET 200 https://registry.npmjs.org/parse-domain/-/parse-domain-7.0.0.tgz 4445ms (cache miss)
2358 http fetch GET 200 https://registry.npmjs.org/@types/graceful-fs/-/graceful-fs-4.1.5.tgz 4301ms (cache miss)
2359 http fetch GET 200 https://registry.npmjs.org/@typescript-eslint/visitor-keys/-/visitor-keys-4.29.0.tgz 4307ms (cache miss)
2360 http fetch GET 200 https://registry.npmjs.org/@types/eslint-scope/-/eslint-scope-3.7.4.tgz 4301ms (cache miss)
2361 http fetch GET 200 https://registry.npmjs.org/@types/estree/-/estree-0.0.51.tgz 4325ms (cache miss)
2362 http fetch GET 200 https://registry.npmjs.org/@types/babel__template/-/babel__template-7.4.1.tgz 4326ms (cache miss)
2363 http fetch GET 200 https://registry.npmjs.org/@types/babel__generator/-/babel__generator-7.6.4.tgz 4326ms (cache miss)
2364 http fetch GET 200 https://registry.npmjs.org/@types/yargs/-/yargs-16.0.4.tgz 4332ms (cache miss)
2365 http fetch GET 200 https://registry.npmjs.org/babel-plugin-polyfill-corejs3/-/babel-plugin-polyfill-corejs3-0.5.1.tgz 4383ms (cache miss)
2366 http fetch GET 200 https://registry.npmjs.org/@sinonjs/commons/-/commons-1.8.3.tgz 4370ms (cache miss)
2367 http fetch GET 200 https://registry.npmjs.org/@tootallnate/once/-/once-1.1.2.tgz 4372ms (cache miss)
2368 http fetch GET 200 https://registry.npmjs.org/babel-polyfill/-/babel-polyfill-6.26.0.tgz 4404ms (cache miss)
2369 http fetch GET 200 https://registry.npmjs.org/@nodelib/fs.stat/-/fs.stat-2.0.5.tgz 4376ms (cache miss)
2370 http fetch GET 200 https://registry.npmjs.org/@nodelib/fs.walk/-/fs.walk-1.2.8.tgz 4377ms (cache miss)
2371 http fetch GET 200 https://registry.npmjs.org/@webassemblyjs/wasm-parser/-/wasm-parser-1.11.1.tgz 4394ms (cache miss)
2372 http fetch GET 200 https://registry.npmjs.org/@nodelib/fs.scandir/-/fs.scandir-2.1.5.tgz 4408ms (cache miss)
2373 http fetch GET 200 https://registry.npmjs.org/tsutils/-/tsutils-3.21.0.tgz 4599ms (cache miss)
2374 http fetch GET 200 https://registry.npmjs.org/@jridgewell/sourcemap-codec/-/sourcemap-codec-1.4.14.tgz 4422ms (cache miss)
2375 http fetch GET 200 https://registry.npmjs.org/@jridgewell/resolve-uri/-/resolve-uri-3.1.0.tgz 4435ms (cache miss)
2376 http fetch GET 200 https://registry.npmjs.org/@sinonjs/fake-timers/-/fake-timers-8.1.0.tgz 4441ms (cache miss)
2377 http fetch GET 200 https://registry.npmjs.org/@jridgewell/set-array/-/set-array-1.1.2.tgz 4436ms (cache miss)
2378 http fetch GET 200 https://registry.npmjs.org/abort-controller/-/abort-controller-3.0.0.tgz 4458ms (cache miss)
2379 http fetch GET 200 https://registry.npmjs.org/istanbul-reports/-/istanbul-reports-3.1.3.tgz 4561ms (cache miss)
2380 http fetch GET 200 https://registry.npmjs.org/@types/babel__core/-/babel__core-7.1.18.tgz 4461ms (cache miss)
2381 http fetch GET 200 https://registry.npmjs.org/@rushstack/eslint-patch/-/eslint-patch-1.0.6.tgz 4464ms (cache miss)
2382 http fetch GET 200 https://registry.npmjs.org/@jest/source-map/-/source-map-27.4.0.tgz 4460ms (cache miss)
2383 http fetch GET 200 https://registry.npmjs.org/prompts/-/prompts-2.4.2.tgz 4623ms (cache miss)
2384 http fetch GET 200 https://registry.npmjs.org/babel-types/-/babel-types-6.26.0.tgz 4506ms (cache miss)
2385 http fetch GET 200 https://registry.npmjs.org/@types/babel__traverse/-/babel__traverse-7.14.2.tgz 4481ms (cache miss)
2386 http fetch GET 200 https://registry.npmjs.org/jest-jasmine2/-/jest-jasmine2-27.4.6.tgz 4592ms (cache miss)
2387 http fetch GET 200 https://registry.npmjs.org/@typescript-eslint/parser/-/parser-4.29.0.tgz 4507ms (cache miss)
2388 http fetch GET 200 https://registry.npmjs.org/@istanbuljs/schema/-/schema-0.1.3.tgz 4504ms (cache miss)
2389 http fetch GET 200 https://registry.npmjs.org/@next/eslint-plugin-next/-/eslint-plugin-next-11.0.1.tgz 4527ms (cache miss)
2390 http fetch GET 200 https://registry.npmjs.org/@next/env/-/env-12.1.0.tgz 4548ms (cache miss)
2391 http fetch GET 200 https://registry.npmjs.org/@jridgewell/source-map/-/source-map-0.3.2.tgz 4560ms (cache miss)
2392 http fetch GET 200 https://registry.npmjs.org/@istanbuljs/load-nyc-config/-/load-nyc-config-1.1.0.tgz 4562ms (cache miss)
2393 http fetch GET 200 https://registry.npmjs.org/@types/prettier/-/prettier-2.4.3.tgz 4589ms (cache miss)
2394 http fetch GET 200 https://registry.npmjs.org/@jest/test-sequencer/-/test-sequencer-27.4.6.tgz 4579ms (cache miss)
2395 http fetch GET 200 https://registry.npmjs.org/@nicolo-ribaudo/chokidar-2/-/chokidar-2-2.1.8-no-fsevents.3.tgz 4587ms (cache miss)
2396 http fetch GET 200 https://registry.npmjs.org/@types/eslint/-/eslint-8.4.6.tgz 4594ms (cache miss)
2397 http fetch GET 200 https://registry.npmjs.org/@jest/transform/-/transform-27.4.6.tgz 4600ms (cache miss)
2398 http fetch GET 200 https://registry.npmjs.org/@wojtekmaj/enzyme-adapter-react-17/-/enzyme-adapter-react-17-0.6.6.tgz 4633ms (cache miss)
2399 http fetch GET 200 https://registry.npmjs.org/@humanwhocodes/config-array/-/config-array-0.5.0.tgz 4616ms (cache miss)
2400 http fetch GET 200 https://registry.npmjs.org/@jest/test-result/-/test-result-27.4.6.tgz 4697ms (cache miss)
2401 http fetch GET 200 https://registry.npmjs.org/@jridgewell/gen-mapping/-/gen-mapping-0.3.2.tgz 4701ms (cache miss)
2402 http fetch GET 200 https://registry.npmjs.org/@jest/globals/-/globals-27.4.6.tgz 4701ms (cache miss)
2403 http fetch GET 200 https://registry.npmjs.org/@emotion/memoize/-/memoize-0.7.1.tgz 4707ms (cache miss)
2404 http fetch GET 200 https://registry.npmjs.org/@jest/environment/-/environment-27.4.6.tgz 4714ms (cache miss)
2405 http fetch GET 200 https://registry.npmjs.org/enhanced-resolve/-/enhanced-resolve-5.10.0.tgz 4787ms (cache miss)
2406 http fetch GET 200 https://registry.npmjs.org/@jest/types/-/types-27.4.2.tgz 4731ms (cache miss)
2407 http fetch GET 200 https://registry.npmjs.org/@wojtekmaj/enzyme-adapter-utils/-/enzyme-adapter-utils-0.1.2.tgz 4774ms (cache miss)
2408 http fetch GET 200 https://registry.npmjs.org/css-select/-/css-select-4.2.1.tgz 4804ms (cache miss)
2409 http fetch GET 200 https://registry.npmjs.org/@jest/console/-/console-27.4.6.tgz 4754ms (cache miss)
2410 http fetch GET 200 https://registry.npmjs.org/@emotion/is-prop-valid/-/is-prop-valid-0.7.3.tgz 4753ms (cache miss)
2411 http fetch GET 200 https://registry.npmjs.org/@babel/template/-/template-7.16.7.tgz 4753ms (cache miss)
2412 http fetch GET 200 https://registry.npmjs.org/@babel/preset-modules/-/preset-modules-0.1.5.tgz 4752ms (cache miss)
2413 http fetch GET 200 https://registry.npmjs.org/@babel/preset-env/-/preset-env-7.16.11.tgz 4757ms (cache miss)
2414 http fetch GET 200 https://registry.npmjs.org/acorn/-/acorn-7.4.1.tgz 4789ms (cache miss)
2415 http fetch GET 200 https://registry.npmjs.org/@babel/plugin-transform-unicode-escapes/-/plugin-transform-unicode-escapes-7.16.7.tgz 4768ms (cache miss)
2416 http fetch GET 200 https://registry.npmjs.org/@babel/plugin-transform-unicode-regex/-/plugin-transform-unicode-regex-7.16.7.tgz 4771ms (cache miss)
2417 http fetch GET 200 https://registry.npmjs.org/@babel/plugin-transform-property-literals/-/plugin-transform-property-literals-7.16.7.tgz 4789ms (cache miss)
2418 http fetch GET 200 https://registry.npmjs.org/@babel/plugin-transform-template-literals/-/plugin-transform-template-literals-7.16.7.tgz 4792ms (cache miss)
2419 http fetch GET 200 https://registry.npmjs.org/@babel/plugin-transform-reserved-words/-/plugin-transform-reserved-words-7.16.7.tgz 4792ms (cache miss)
2420 http fetch GET 200 https://registry.npmjs.org/@babel/plugin-transform-shorthand-properties/-/plugin-transform-shorthand-properties-7.16.7.tgz 4803ms (cache miss)
2421 http fetch GET 200 https://registry.npmjs.org/@babel/plugin-transform-regenerator/-/plugin-transform-regenerator-7.16.7.tgz 4815ms (cache miss)
2422 http fetch GET 200 https://registry.npmjs.org/@jest/fake-timers/-/fake-timers-27.4.6.tgz 4832ms (cache miss)
2423 http fetch GET 200 https://registry.npmjs.org/@babel/plugin-transform-object-super/-/plugin-transform-object-super-7.16.7.tgz 4824ms (cache miss)
2424 http fetch GET 200 https://registry.npmjs.org/@babel/plugin-transform-parameters/-/plugin-transform-parameters-7.16.7.tgz 4825ms (cache miss)
2425 http fetch GET 200 https://registry.npmjs.org/@jridgewell/trace-mapping/-/trace-mapping-0.3.15.tgz 4842ms (cache miss)
2426 http fetch GET 200 https://registry.npmjs.org/enquirer/-/enquirer-2.3.6.tgz 4912ms (cache miss)
2427 http fetch GET 200 https://registry.npmjs.org/@babel/plugin-transform-new-target/-/plugin-transform-new-target-7.16.7.tgz 4863ms (cache miss)
2428 http fetch GET 200 https://registry.npmjs.org/@typescript-eslint/types/-/types-4.29.0.tgz 4901ms (cache miss)
2429 http fetch GET 200 https://registry.npmjs.org/@babel/plugin-transform-named-capturing-groups-regex/-/plugin-transform-named-capturing-groups-regex-7.16.8.tgz 4873ms (cache miss)
2430 http fetch GET 200 https://registry.npmjs.org/argparse/-/argparse-1.0.10.tgz 4919ms (cache miss)
2431 http fetch GET 200 https://registry.npmjs.org/@babel/plugin-transform-modules-umd/-/plugin-transform-modules-umd-7.16.7.tgz 4911ms (cache miss)
2432 http fetch GET 200 https://registry.npmjs.org/@babel/plugin-transform-modules-commonjs/-/plugin-transform-modules-commonjs-7.16.8.tgz 4910ms (cache miss)
2433 http fetch GET 200 https://registry.npmjs.org/@babel/plugin-transform-modules-systemjs/-/plugin-transform-modules-systemjs-7.16.7.tgz 4928ms (cache miss)
2434 http fetch GET 200 https://registry.npmjs.org/@babel/register/-/register-7.16.9.tgz 4959ms (cache miss)
2435 http fetch GET 200 https://registry.npmjs.org/@babel/plugin-transform-modules-amd/-/plugin-transform-modules-amd-7.16.7.tgz 4964ms (cache miss)
2436 http fetch GET 200 https://registry.npmjs.org/@babel/plugin-transform-member-expression-literals/-/plugin-transform-member-expression-literals-7.16.7.tgz 4981ms (cache miss)
2437 http fetch GET 200 https://registry.npmjs.org/enzyme/-/enzyme-3.11.0.tgz 5069ms (cache miss)
2438 http fetch GET 200 https://registry.npmjs.org/@babel/plugin-transform-typeof-symbol/-/plugin-transform-typeof-symbol-7.16.7.tgz 5018ms (cache miss)
2439 http fetch GET 200 https://registry.npmjs.org/@babel/plugin-transform-exponentiation-operator/-/plugin-transform-exponentiation-operator-7.16.7.tgz 5024ms (cache miss)
2440 http fetch GET 200 https://registry.npmjs.org/@babel/plugin-transform-duplicate-keys/-/plugin-transform-duplicate-keys-7.16.7.tgz 5024ms (cache miss)
2441 http fetch GET 200 https://registry.npmjs.org/@babel/plugin-transform-sticky-regex/-/plugin-transform-sticky-regex-7.16.7.tgz 5032ms (cache miss)
2442 http fetch GET 200 https://registry.npmjs.org/@babel/plugin-transform-spread/-/plugin-transform-spread-7.16.7.tgz 5036ms (cache miss)
2443 http fetch GET 200 https://registry.npmjs.org/@babel/plugin-transform-dotall-regex/-/plugin-transform-dotall-regex-7.16.7.tgz 5028ms (cache miss)
2444 http fetch GET 200 https://registry.npmjs.org/@babel/plugin-transform-function-name/-/plugin-transform-function-name-7.16.7.tgz 5029ms (cache miss)
2445 http fetch GET 200 https://registry.npmjs.org/@babel/plugin-transform-for-of/-/plugin-transform-for-of-7.16.7.tgz 5030ms (cache miss)
2446 http fetch GET 200 https://registry.npmjs.org/@babel/plugin-transform-classes/-/plugin-transform-classes-7.16.7.tgz 5029ms (cache miss)
2447 http fetch GET 200 https://registry.npmjs.org/@babel/plugin-transform-destructuring/-/plugin-transform-destructuring-7.16.7.tgz 5030ms (cache miss)
2448 http fetch GET 200 https://registry.npmjs.org/@babel/plugin-transform-block-scoped-functions/-/plugin-transform-block-scoped-functions-7.16.7.tgz 5037ms (cache miss)
2449 http fetch GET 200 https://registry.npmjs.org/axe-core/-/axe-core-4.3.2.tgz 5092ms (cache miss)
2450 http fetch GET 200 https://registry.npmjs.org/@humanwhocodes/object-schema/-/object-schema-1.2.0.tgz 5058ms (cache miss)
2451 http fetch GET 200 https://registry.npmjs.org/@babel/plugin-transform-computed-properties/-/plugin-transform-computed-properties-7.16.7.tgz 5044ms (cache miss)
2452 http fetch GET 200 https://registry.npmjs.org/@babel/plugin-transform-arrow-functions/-/plugin-transform-arrow-functions-7.16.7.tgz 5045ms (cache miss)
2453 http fetch GET 200 https://registry.npmjs.org/@babel/plugin-transform-block-scoping/-/plugin-transform-block-scoping-7.16.7.tgz 5047ms (cache miss)
2454 http fetch GET 200 https://registry.npmjs.org/@babel/plugin-syntax-optional-chaining/-/plugin-syntax-optional-chaining-7.8.3.tgz 5058ms (cache miss)
2455 http fetch GET 200 https://registry.npmjs.org/@babel/plugin-syntax-logical-assignment-operators/-/plugin-syntax-logical-assignment-operators-7.10.4.tgz 5065ms (cache miss)
2456 http fetch GET 200 https://registry.npmjs.org/@babel/plugin-syntax-top-level-await/-/plugin-syntax-top-level-await-7.14.5.tgz 5067ms (cache miss)
2457 http fetch GET 200 https://registry.npmjs.org/@babel/plugin-syntax-numeric-separator/-/plugin-syntax-numeric-separator-7.10.4.tgz 5068ms (cache miss)
2458 http fetch GET 200 https://registry.npmjs.org/@babel/plugin-transform-async-to-generator/-/plugin-transform-async-to-generator-7.16.8.tgz 5071ms (cache miss)
2459 http fetch GET 200 https://registry.npmjs.org/@babel/plugin-syntax-object-rest-spread/-/plugin-syntax-object-rest-spread-7.8.3.tgz 5069ms (cache miss)
2460 http fetch GET 200 https://registry.npmjs.org/@babel/plugin-syntax-optional-catch-binding/-/plugin-syntax-optional-catch-binding-7.8.3.tgz 5071ms (cache miss)
2461 http fetch GET 200 https://registry.npmjs.org/@babel/plugin-syntax-private-property-in-object/-/plugin-syntax-private-property-in-object-7.14.5.tgz 5072ms (cache miss)
2462 http fetch GET 200 https://registry.npmjs.org/@babel/plugin-transform-literals/-/plugin-transform-literals-7.16.7.tgz 5084ms (cache miss)
2463 http fetch GET 200 https://registry.npmjs.org/@babel/plugin-syntax-json-strings/-/plugin-syntax-json-strings-7.8.3.tgz 5077ms (cache miss)
2464 http fetch GET 200 https://registry.npmjs.org/@babel/plugin-syntax-import-meta/-/plugin-syntax-import-meta-7.10.4.tgz 5082ms (cache miss)
2465 http fetch GET 200 https://registry.npmjs.org/@babel/plugin-syntax-dynamic-import/-/plugin-syntax-dynamic-import-7.8.3.tgz 5083ms (cache miss)
2466 http fetch GET 200 https://registry.npmjs.org/@babel/plugin-syntax-export-namespace-from/-/plugin-syntax-export-namespace-from-7.8.3.tgz 5090ms (cache miss)
2467 http fetch GET 200 https://registry.npmjs.org/@babel/plugin-syntax-class-static-block/-/plugin-syntax-class-static-block-7.14.5.tgz 5091ms (cache miss)
2468 http fetch GET 200 https://registry.npmjs.org/@babel/plugin-syntax-class-properties/-/plugin-syntax-class-properties-7.12.13.tgz 5093ms (cache miss)
2469 http fetch GET 200 https://registry.npmjs.org/@babel/plugin-syntax-bigint/-/plugin-syntax-bigint-7.8.3.tgz 5093ms (cache miss)
2470 http fetch GET 200 https://registry.npmjs.org/@babel/plugin-syntax-nullish-coalescing-operator/-/plugin-syntax-nullish-coalescing-operator-7.8.3.tgz 5095ms (cache miss)
2471 http fetch GET 200 https://registry.npmjs.org/@babel/plugin-syntax-async-generators/-/plugin-syntax-async-generators-7.8.4.tgz 5104ms (cache miss)
2472 http fetch GET 200 https://registry.npmjs.org/@babel/plugin-proposal-private-property-in-object/-/plugin-proposal-private-property-in-object-7.16.7.tgz 5106ms (cache miss)
2473 http fetch GET 200 https://registry.npmjs.org/@babel/plugin-proposal-private-methods/-/plugin-proposal-private-methods-7.16.11.tgz 5107ms (cache miss)
2474 http fetch GET 200 https://registry.npmjs.org/@babel/plugin-proposal-optional-catch-binding/-/plugin-proposal-optional-catch-binding-7.16.7.tgz 5112ms (cache miss)
2475 http fetch GET 200 https://registry.npmjs.org/@babel/plugin-proposal-logical-assignment-operators/-/plugin-proposal-logical-assignment-operators-7.16.7.tgz 5120ms (cache miss)
2476 http fetch GET 200 https://registry.npmjs.org/@babel/plugin-proposal-optional-chaining/-/plugin-proposal-optional-chaining-7.16.7.tgz 5125ms (cache miss)
2477 http fetch GET 200 https://registry.npmjs.org/@babel/plugin-proposal-unicode-property-regex/-/plugin-proposal-unicode-property-regex-7.16.7.tgz 5126ms (cache miss)
2478 http fetch GET 200 https://registry.npmjs.org/fast-glob/-/fast-glob-3.2.7.tgz 5229ms (cache miss)
2479 http fetch GET 200 https://registry.npmjs.org/@babel/plugin-proposal-dynamic-import/-/plugin-proposal-dynamic-import-7.16.7.tgz 5131ms (cache miss)
2480 http fetch GET 200 https://registry.npmjs.org/@babel/plugin-proposal-export-namespace-from/-/plugin-proposal-export-namespace-from-7.16.7.tgz 5134ms (cache miss)
2481 http fetch GET 200 https://registry.npmjs.org/@babel/plugin-proposal-numeric-separator/-/plugin-proposal-numeric-separator-7.16.7.tgz 5145ms (cache miss)
2482 http fetch GET 200 https://registry.npmjs.org/@babel/plugin-proposal-class-static-block/-/plugin-proposal-class-static-block-7.16.7.tgz 5150ms (cache miss)
2483 http fetch GET 200 https://registry.npmjs.org/@babel/plugin-bugfix-v8-spread-parameters-in-optional-chaining/-/plugin-bugfix-v8-spread-parameters-in-optional-chaining-7.16.7.tgz 5152ms (cache miss)
2484 http fetch GET 200 https://registry.npmjs.org/@babel/plugin-syntax-typescript/-/plugin-syntax-typescript-7.16.7.tgz 5165ms (cache miss)
2485 http fetch GET 200 https://registry.npmjs.org/@babel/plugin-proposal-async-generator-functions/-/plugin-proposal-async-generator-functions-7.16.8.tgz 5179ms (cache miss)
2486 http fetch GET 200 https://registry.npmjs.org/@babel/plugin-proposal-nullish-coalescing-operator/-/plugin-proposal-nullish-coalescing-operator-7.16.7.tgz 5182ms (cache miss)
2487 http fetch GET 200 https://registry.npmjs.org/@babel/plugin-proposal-class-properties/-/plugin-proposal-class-properties-7.16.7.tgz 5180ms (cache miss)
2488 http fetch GET 200 https://registry.npmjs.org/@babel/highlight/-/highlight-7.14.5.tgz 5191ms (cache miss)
2489 http fetch GET 200 https://registry.npmjs.org/@babel/plugin-bugfix-safari-id-destructuring-collision-in-function-expression/-/plugin-bugfix-safari-id-destructuring-collision-in-function-expression-7.16.7.tgz 5196ms (cache miss)
2490 http fetch GET 200 https://registry.npmjs.org/@webassemblyjs/ast/-/ast-1.11.1.tgz 5245ms (cache miss)
2491 http fetch GET 200 https://registry.npmjs.org/@babel/helper-wrap-function/-/helper-wrap-function-7.16.8.tgz 5219ms (cache miss)
2492 http fetch GET 200 https://registry.npmjs.org/@babel/helper-validator-option/-/helper-validator-option-7.16.7.tgz 5247ms (cache miss)
2493 http fetch GET 200 https://registry.npmjs.org/web-streams-polyfill/-/web-streams-polyfill-3.2.0.tgz 5489ms (cache miss)
2494 http fetch GET 200 https://registry.npmjs.org/@babel/helper-skip-transparent-expression-wrappers/-/helper-skip-transparent-expression-wrappers-7.16.0.tgz 5266ms (cache miss)
2495 http fetch GET 200 https://registry.npmjs.org/@babel/helper-split-export-declaration/-/helper-split-export-declaration-7.16.7.tgz 5270ms (cache miss)
2496 http fetch GET 200 https://registry.npmjs.org/@babel/helper-remap-async-to-generator/-/helper-remap-async-to-generator-7.16.8.tgz 5294ms (cache miss)
2497 http fetch GET 200 https://registry.npmjs.org/@babel/helper-replace-supers/-/helper-replace-supers-7.16.7.tgz 5297ms (cache miss)
2498 http fetch GET 200 https://registry.npmjs.org/@babel/helper-plugin-utils/-/helper-plugin-utils-7.16.5.tgz 5298ms (cache miss)
2499 http fetch GET 200 https://registry.npmjs.org/@eslint/eslintrc/-/eslintrc-0.4.3.tgz 5334ms (cache miss)
2500 http fetch GET 200 https://registry.npmjs.org/@babel/helper-module-imports/-/helper-module-imports-7.16.7.tgz 5307ms (cache miss)
2501 http fetch GET 200 https://registry.npmjs.org/@babel/helper-optimise-call-expression/-/helper-optimise-call-expression-7.16.7.tgz 5323ms (cache miss)
2502 http fetch GET 200 https://registry.npmjs.org/@babel/plugin-proposal-json-strings/-/plugin-proposal-json-strings-7.16.7.tgz 5332ms (cache miss)
2503 http fetch GET 200 https://registry.npmjs.org/@babel/plugin-proposal-object-rest-spread/-/plugin-proposal-object-rest-spread-7.16.7.tgz 5368ms (cache miss)
2504 http fetch GET 200 https://registry.npmjs.org/@babel/helper-hoist-variables/-/helper-hoist-variables-7.16.7.tgz 5376ms (cache miss)
2505 http fetch GET 200 https://registry.npmjs.org/@babel/helper-member-expression-to-functions/-/helper-member-expression-to-functions-7.16.7.tgz 5379ms (cache miss)
2506 http fetch GET 200 https://registry.npmjs.org/@babel/helper-explode-assignable-expression/-/helper-explode-assignable-expression-7.16.7.tgz 5382ms (cache miss)
2507 http fetch GET 200 https://registry.npmjs.org/@babel/helper-function-name/-/helper-function-name-7.16.7.tgz 5392ms (cache miss)
2508 http fetch GET 200 https://registry.npmjs.org/@jest/reporters/-/reporters-27.4.6.tgz 5433ms (cache miss)
2509 http fetch GET 200 https://registry.npmjs.org/@babel/helper-get-function-arity/-/helper-get-function-arity-7.16.7.tgz 5406ms (cache miss)
2510 http fetch GET 200 https://registry.npmjs.org/@babel/helper-simple-access/-/helper-simple-access-7.16.7.tgz 5412ms (cache miss)
2511 http fetch GET 200 https://registry.npmjs.org/@babel/helper-environment-visitor/-/helper-environment-visitor-7.16.7.tgz 5422ms (cache miss)
2512 http fetch GET 200 https://registry.npmjs.org/@babel/helper-create-regexp-features-plugin/-/helper-create-regexp-features-plugin-7.16.7.tgz 5424ms (cache miss)
2513 http fetch GET 200 https://registry.npmjs.org/@babel/helper-validator-identifier/-/helper-validator-identifier-7.14.9.tgz 5437ms (cache miss)
2514 http fetch GET 200 https://registry.npmjs.org/@babel/helper-module-transforms/-/helper-module-transforms-7.16.7.tgz 5445ms (cache miss)
2515 http fetch GET 200 https://registry.npmjs.org/@babel/helper-builder-binary-assignment-operator-visitor/-/helper-builder-binary-assignment-operator-visitor-7.16.7.tgz 5446ms (cache miss)
2516 http fetch GET 200 https://registry.npmjs.org/@babel/code-frame/-/code-frame-7.12.11.tgz 5462ms (cache miss)
2517 http fetch GET 200 https://registry.npmjs.org/chai/-/chai-4.3.6.tgz 5555ms (cache miss)
2518 http fetch GET 200 https://registry.npmjs.org/@types/node/-/node-17.0.5.tgz 5522ms (cache miss)
2519 http fetch GET 200 https://registry.npmjs.org/@babel/helpers/-/helpers-7.16.7.tgz 5511ms (cache miss)
2520 http fetch GET 200 https://registry.npmjs.org/acorn-import-assertions/-/acorn-import-assertions-1.8.0.tgz 5521ms (cache miss)
2521 http fetch GET 200 https://registry.npmjs.org/jsx-ast-utils/-/jsx-ast-utils-3.2.0.tgz 5760ms (cache miss)
2522 http fetch GET 200 https://registry.npmjs.org/@babel/helper-annotate-as-pure/-/helper-annotate-as-pure-7.16.7.tgz 5643ms (cache miss)
2523 http fetch GET 200 https://registry.npmjs.org/@babel/traverse/-/traverse-7.16.10.tgz 5683ms (cache miss)
2524 http fetch GET 200 https://registry.npmjs.org/@babel/parser/-/parser-7.16.12.tgz 5659ms (cache miss)
2525 http fetch GET 200 https://registry.npmjs.org/escape-string-regexp/-/escape-string-regexp-2.0.0.tgz 5647ms (cache miss)
2526 http fetch GET 200 https://registry.npmjs.org/@babel/helper-compilation-targets/-/helper-compilation-targets-7.16.7.tgz 5655ms (cache miss)
2527 http fetch GET 200 https://registry.npmjs.org/path-exists/-/path-exists-3.0.0.tgz 5651ms (cache miss)
2528 http fetch GET 200 https://registry.npmjs.org/jsesc/-/jsesc-0.5.0.tgz 5655ms (cache miss)
2529 http fetch GET 200 https://registry.npmjs.org/acorn/-/acorn-8.8.0.tgz 5662ms (cache miss)
2530 http fetch GET 200 https://registry.npmjs.org/@babel/compat-data/-/compat-data-7.16.8.tgz 5671ms (cache miss)
2531 http fetch GET 200 https://registry.npmjs.org/acorn/-/acorn-8.8.0.tgz 5682ms (cache miss)
2532 http fetch GET 200 https://registry.npmjs.org/@babel/helper-define-polyfill-provider/-/helper-define-polyfill-provider-0.3.1.tgz 5698ms (cache miss)
2533 http fetch GET 200 https://registry.npmjs.org/p-try/-/p-try-1.0.0.tgz 5694ms (cache miss)
2534 http fetch GET 200 https://registry.npmjs.org/p-locate/-/p-locate-2.0.0.tgz 5711ms (cache miss)
2535 http fetch GET 200 https://registry.npmjs.org/p-limit/-/p-limit-1.3.0.tgz 5714ms (cache miss)
2536 http fetch GET 200 https://registry.npmjs.org/@babel/helper-create-class-features-plugin/-/helper-create-class-features-plugin-7.16.10.tgz 5732ms (cache miss)
2537 http fetch GET 200 https://registry.npmjs.org/locate-path/-/locate-path-2.0.0.tgz 5727ms (cache miss)
2538 http fetch GET 200 https://registry.npmjs.org/source-map/-/source-map-0.7.3.tgz 5732ms (cache miss)
2539 http fetch GET 200 https://registry.npmjs.org/ansi-styles/-/ansi-styles-5.2.0.tgz 5728ms (cache miss)
2540 http fetch GET 200 https://registry.npmjs.org/find-up/-/find-up-2.1.0.tgz 5730ms (cache miss)
2541 http fetch GET 200 https://registry.npmjs.org/p-try/-/p-try-1.0.0.tgz 5730ms (cache miss)
2542 http fetch GET 200 https://registry.npmjs.org/react-is/-/react-is-16.13.1.tgz 5732ms (cache miss)
2543 http fetch GET 200 https://registry.npmjs.org/path-type/-/path-type-3.0.0.tgz 5732ms (cache miss)
2544 http fetch GET 200 https://registry.npmjs.org/p-locate/-/p-locate-2.0.0.tgz 5749ms (cache miss)
2545 http fetch GET 200 https://registry.npmjs.org/locate-path/-/locate-path-2.0.0.tgz 5757ms (cache miss)
2546 http fetch GET 200 https://registry.npmjs.org/path-exists/-/path-exists-3.0.0.tgz 5766ms (cache miss)
2547 http fetch GET 200 https://registry.npmjs.org/p-limit/-/p-limit-1.3.0.tgz 5771ms (cache miss)
2548 http fetch GET 200 https://registry.npmjs.org/find-up/-/find-up-2.1.0.tgz 5822ms (cache miss)
2549 http fetch GET 200 https://registry.npmjs.org/json5/-/json5-2.2.0.tgz 5853ms (cache miss)
2550 http fetch GET 200 https://registry.npmjs.org/data-uri-to-buffer/-/data-uri-to-buffer-4.0.0.tgz 5871ms (cache miss)
2551 http fetch GET 200 https://registry.npmjs.org/webidl-conversions/-/webidl-conversions-6.1.0.tgz 5869ms (cache miss)
2552 http fetch GET 200 https://registry.npmjs.org/jest-cli/-/jest-cli-27.4.7.tgz 5866ms (cache miss)
2553 http fetch GET 200 https://registry.npmjs.org/react-is/-/react-is-16.13.1.tgz 5867ms (cache miss)
2554 http fetch GET 200 https://registry.npmjs.org/@babel/highlight/-/highlight-7.16.10.tgz 5871ms (cache miss)
2555 http fetch GET 200 https://registry.npmjs.org/strip-bom/-/strip-bom-4.0.0.tgz 5872ms (cache miss)
2556 http fetch GET 200 https://registry.npmjs.org/@babel/helper-validator-identifier/-/helper-validator-identifier-7.16.7.tgz 5873ms (cache miss)
2557 http fetch GET 200 https://registry.npmjs.org/@babel/code-frame/-/code-frame-7.16.7.tgz 5877ms (cache miss)
2558 http fetch GET 200 https://registry.npmjs.org/estraverse/-/estraverse-5.2.0.tgz 5878ms (cache miss)
2559 http fetch GET 200 https://registry.npmjs.org/@babel/cli/-/cli-7.16.8.tgz 5944ms (cache miss)
2560 http fetch GET 200 https://registry.npmjs.org/debug/-/debug-4.3.3.tgz 5987ms (cache miss)
2561 http fetch GET 200 https://registry.npmjs.org/debug/-/debug-4.3.3.tgz 5989ms (cache miss)
2562 http fetch GET 200 https://registry.npmjs.org/debug/-/debug-4.3.3.tgz 5997ms (cache miss)
2563 http fetch GET 200 https://registry.npmjs.org/tr46/-/tr46-2.1.0.tgz 6013ms (cache miss)
2564 http fetch GET 200 https://registry.npmjs.org/eslint-visitor-keys/-/eslint-visitor-keys-1.3.0.tgz 6004ms (cache miss)
2565 http fetch GET 200 https://registry.npmjs.org/p-try/-/p-try-1.0.0.tgz 6005ms (cache miss)
2566 http fetch GET 200 https://registry.npmjs.org/eslint-visitor-keys/-/eslint-visitor-keys-1.3.0.tgz 6019ms (cache miss)
2567 http fetch GET 200 https://registry.npmjs.org/path-exists/-/path-exists-3.0.0.tgz 6017ms (cache miss)
2568 http fetch GET 200 https://registry.npmjs.org/p-locate/-/p-locate-2.0.0.tgz 6022ms (cache miss)
2569 http fetch GET 200 https://registry.npmjs.org/emoji-regex/-/emoji-regex-9.2.2.tgz 6023ms (cache miss)
2570 http fetch GET 200 https://registry.npmjs.org/locate-path/-/locate-path-2.0.0.tgz 6029ms (cache miss)
2571 http fetch GET 200 https://registry.npmjs.org/pkg-dir/-/pkg-dir-2.0.0.tgz 6032ms (cache miss)
2572 http fetch GET 200 https://registry.npmjs.org/find-up/-/find-up-2.1.0.tgz 6039ms (cache miss)
2573 http fetch GET 200 https://registry.npmjs.org/p-limit/-/p-limit-1.3.0.tgz 6038ms (cache miss)
2574 http fetch GET 200 https://registry.npmjs.org/path-exists/-/path-exists-3.0.0.tgz 6043ms (cache miss)
2575 http fetch GET 200 https://registry.npmjs.org/p-limit/-/p-limit-1.3.0.tgz 6049ms (cache miss)
2576 http fetch GET 200 https://registry.npmjs.org/estraverse/-/estraverse-5.2.0.tgz 6058ms (cache miss)
2577 http fetch GET 200 https://registry.npmjs.org/p-locate/-/p-locate-2.0.0.tgz 6054ms (cache miss)
2578 http fetch GET 200 https://registry.npmjs.org/p-try/-/p-try-1.0.0.tgz 6065ms (cache miss)
2579 http fetch GET 200 https://registry.npmjs.org/locate-path/-/locate-path-2.0.0.tgz 6069ms (cache miss)
2580 http fetch GET 200 https://registry.npmjs.org/find-up/-/find-up-2.1.0.tgz 6078ms (cache miss)
2581 http fetch GET 200 https://registry.npmjs.org/levn/-/levn-0.3.0.tgz 6078ms (cache miss)
2582 http fetch GET 200 https://registry.npmjs.org/@bcoe/v8-coverage/-/v8-coverage-0.2.3.tgz 6146ms (cache miss)
2583 http fetch GET 200 https://registry.npmjs.org/cssom/-/cssom-0.3.8.tgz 6096ms (cache miss)
2584 http fetch GET 200 https://registry.npmjs.org/webidl-conversions/-/webidl-conversions-5.0.0.tgz 6106ms (cache miss)
2585 http fetch GET 200 https://registry.npmjs.org/type-check/-/type-check-0.3.2.tgz 6112ms (cache miss)
2586 http fetch GET 200 https://registry.npmjs.org/doctrine/-/doctrine-2.1.0.tgz 6127ms (cache miss)
2587 http fetch GET 200 https://registry.npmjs.org/webidl-conversions/-/webidl-conversions-6.1.0.tgz 6122ms (cache miss)
2588 http fetch GET 200 https://registry.npmjs.org/doctrine/-/doctrine-2.1.0.tgz 6135ms (cache miss)
2589 http fetch GET 200 https://registry.npmjs.org/acorn/-/acorn-8.7.0.tgz 6147ms (cache miss)
2590 http fetch GET 200 https://registry.npmjs.org/regenerator-runtime/-/regenerator-runtime-0.11.1.tgz 6128ms (cache miss)
2591 http fetch GET 200 https://registry.npmjs.org/optionator/-/optionator-0.8.3.tgz 6134ms (cache miss)
2592 http fetch GET 200 https://registry.npmjs.org/to-fast-properties/-/to-fast-properties-1.0.3.tgz 6131ms (cache miss)
2593 http fetch GET 200 https://registry.npmjs.org/tslib/-/tslib-2.3.1.tgz 6133ms (cache miss)
2594 http fetch GET 200 https://registry.npmjs.org/regenerator-runtime/-/regenerator-runtime-0.10.5.tgz 6136ms (cache miss)
2595 http fetch GET 200 https://registry.npmjs.org/debug/-/debug-4.3.3.tgz 6141ms (cache miss)
2596 http fetch GET 200 https://registry.npmjs.org/whatwg-url/-/whatwg-url-8.7.0.tgz 6173ms (cache miss)
2597 http fetch GET 200 https://registry.npmjs.org/debug/-/debug-3.2.7.tgz 6158ms (cache miss)
2598 http fetch GET 200 https://registry.npmjs.org/prelude-ls/-/prelude-ls-1.1.2.tgz 6167ms (cache miss)
2599 http fetch GET 200 https://registry.npmjs.org/@babel/generator/-/generator-7.16.8.tgz 6206ms (cache miss)
2600 http fetch GET 200 https://registry.npmjs.org/tr46/-/tr46-2.1.0.tgz 6195ms (cache miss)
2601 http fetch GET 200 https://registry.npmjs.org/camelcase/-/camelcase-5.3.1.tgz 6203ms (cache miss)
2602 http fetch GET 200 https://registry.npmjs.org/node-fetch/-/node-fetch-3.2.0.tgz 6231ms (cache miss)
2603 http fetch GET 200 https://registry.npmjs.org/path-exists/-/path-exists-3.0.0.tgz 6202ms (cache miss)
2604 http fetch GET 200 https://registry.npmjs.org/@babel/code-frame/-/code-frame-7.16.7.tgz 6206ms (cache miss)
2605 http fetch GET 200 https://registry.npmjs.org/@babel/code-frame/-/code-frame-7.16.7.tgz 6208ms (cache miss)
2606 http fetch GET 200 https://registry.npmjs.org/@babel/highlight/-/highlight-7.16.10.tgz 6209ms (cache miss)
2607 http fetch GET 200 https://registry.npmjs.org/cssstyle/-/cssstyle-2.3.0.tgz 6350ms (cache miss)
2608 http fetch GET 200 https://registry.npmjs.org/@babel/helper-validator-identifier/-/helper-validator-identifier-7.16.7.tgz 6215ms (cache miss)
2609 http fetch GET 200 https://registry.npmjs.org/@babel/highlight/-/highlight-7.16.10.tgz 6218ms (cache miss)
2610 http fetch GET 200 https://registry.npmjs.org/@babel/helper-validator-identifier/-/helper-validator-identifier-7.16.7.tgz 6230ms (cache miss)
2611 http fetch GET 200 https://registry.npmjs.org/debug/-/debug-4.3.3.tgz 6242ms (cache miss)
2612 http fetch GET 200 https://registry.npmjs.org/p-locate/-/p-locate-3.0.0.tgz 6280ms (cache miss)
2613 http fetch GET 200 https://registry.npmjs.org/pkg-dir/-/pkg-dir-3.0.0.tgz 6384ms (cache miss)
2614 http fetch GET 200 https://registry.npmjs.org/whatwg-url/-/whatwg-url-8.7.0.tgz 6400ms (cache miss)
2615 http fetch GET 200 https://registry.npmjs.org/locate-path/-/locate-path-3.0.0.tgz 6394ms (cache miss)
2616 http fetch GET 200 https://registry.npmjs.org/find-cache-dir/-/find-cache-dir-2.1.0.tgz 6395ms (cache miss)
2617 http fetch GET 200 https://registry.npmjs.org/@babel/helper-plugin-utils/-/helper-plugin-utils-7.16.7.tgz 6394ms (cache miss)
2618 http fetch GET 200 https://registry.npmjs.org/find-up/-/find-up-3.0.0.tgz 6397ms (cache miss)
2619 http fetch GET 200 https://registry.npmjs.org/globals/-/globals-11.12.0.tgz 6404ms (cache miss)
2620 http fetch GET 200 https://registry.npmjs.org/@babel/helper-plugin-utils/-/helper-plugin-utils-7.16.7.tgz 6411ms (cache miss)
2621 http fetch GET 200 https://registry.npmjs.org/@babel/helper-validator-identifier/-/helper-validator-identifier-7.16.7.tgz 6420ms (cache miss)
2622 http fetch GET 200 https://registry.npmjs.org/@babel/helper-plugin-utils/-/helper-plugin-utils-7.16.7.tgz 6419ms (cache miss)
2623 http fetch GET 200 https://registry.npmjs.org/@babel/helper-plugin-utils/-/helper-plugin-utils-7.16.7.tgz 6420ms (cache miss)
2624 http fetch GET 200 https://registry.npmjs.org/@babel/helper-plugin-utils/-/helper-plugin-utils-7.16.7.tgz 6419ms (cache miss)
2625 http fetch GET 200 https://registry.npmjs.org/@babel/helper-plugin-utils/-/helper-plugin-utils-7.16.7.tgz 6420ms (cache miss)
2626 http fetch GET 200 https://registry.npmjs.org/@babel/helper-plugin-utils/-/helper-plugin-utils-7.16.7.tgz 6420ms (cache miss)
2627 http fetch GET 200 https://registry.npmjs.org/@babel/helper-plugin-utils/-/helper-plugin-utils-7.16.7.tgz 6422ms (cache miss)
2628 http fetch GET 200 https://registry.npmjs.org/@babel/helper-plugin-utils/-/helper-plugin-utils-7.16.7.tgz 6422ms (cache miss)
2629 http fetch GET 200 https://registry.npmjs.org/@babel/helper-plugin-utils/-/helper-plugin-utils-7.16.7.tgz 6429ms (cache miss)
2630 http fetch GET 200 https://registry.npmjs.org/@babel/helper-plugin-utils/-/helper-plugin-utils-7.16.7.tgz 6447ms (cache miss)
2631 http fetch GET 200 https://registry.npmjs.org/@babel/helper-plugin-utils/-/helper-plugin-utils-7.16.7.tgz 6448ms (cache miss)
2632 http fetch GET 200 https://registry.npmjs.org/@babel/helper-plugin-utils/-/helper-plugin-utils-7.16.7.tgz 6447ms (cache miss)
2633 http fetch GET 200 https://registry.npmjs.org/@babel/helper-plugin-utils/-/helper-plugin-utils-7.16.7.tgz 6448ms (cache miss)
2634 http fetch GET 200 https://registry.npmjs.org/@babel/helper-validator-identifier/-/helper-validator-identifier-7.16.7.tgz 6457ms (cache miss)
2635 http fetch GET 200 https://registry.npmjs.org/@babel/helper-plugin-utils/-/helper-plugin-utils-7.16.7.tgz 6517ms (cache miss)
2636 http fetch GET 200 https://registry.npmjs.org/@babel/helper-plugin-utils/-/helper-plugin-utils-7.16.7.tgz 6516ms (cache miss)
2637 http fetch GET 200 https://registry.npmjs.org/@babel/helper-plugin-utils/-/helper-plugin-utils-7.16.7.tgz 6519ms (cache miss)
2638 http fetch GET 200 https://registry.npmjs.org/@babel/helper-plugin-utils/-/helper-plugin-utils-7.16.7.tgz 6518ms (cache miss)
2639 http fetch GET 200 https://registry.npmjs.org/@babel/helper-plugin-utils/-/helper-plugin-utils-7.16.7.tgz 6520ms (cache miss)
2640 http fetch GET 200 https://registry.npmjs.org/@babel/helper-plugin-utils/-/helper-plugin-utils-7.16.7.tgz 6522ms (cache miss)
2641 http fetch GET 200 https://registry.npmjs.org/@babel/helper-plugin-utils/-/helper-plugin-utils-7.16.7.tgz 6522ms (cache miss)
2642 http fetch GET 200 https://registry.npmjs.org/@babel/helper-plugin-utils/-/helper-plugin-utils-7.16.7.tgz 6521ms (cache miss)
2643 http fetch GET 200 https://registry.npmjs.org/@babel/helper-plugin-utils/-/helper-plugin-utils-7.16.7.tgz 6520ms (cache miss)
2644 http fetch GET 200 https://registry.npmjs.org/@babel/helper-plugin-utils/-/helper-plugin-utils-7.16.7.tgz 6521ms (cache miss)
2645 http fetch GET 200 https://registry.npmjs.org/@babel/helper-plugin-utils/-/helper-plugin-utils-7.16.7.tgz 6520ms (cache miss)
2646 http fetch GET 200 https://registry.npmjs.org/@babel/helper-plugin-utils/-/helper-plugin-utils-7.16.7.tgz 6522ms (cache miss)
2647 http fetch GET 200 https://registry.npmjs.org/@babel/helper-plugin-utils/-/helper-plugin-utils-7.16.7.tgz 6524ms (cache miss)
2648 http fetch GET 200 https://registry.npmjs.org/@typescript-eslint/typescript-estree/-/typescript-estree-4.29.0.tgz 6665ms (cache miss)
2649 http fetch GET 200 https://registry.npmjs.org/@babel/helper-plugin-utils/-/helper-plugin-utils-7.16.7.tgz 6569ms (cache miss)
2650 http fetch GET 200 https://registry.npmjs.org/@babel/helper-plugin-utils/-/helper-plugin-utils-7.16.7.tgz 6583ms (cache miss)
2651 http fetch GET 200 https://registry.npmjs.org/@babel/helper-plugin-utils/-/helper-plugin-utils-7.16.7.tgz 6583ms (cache miss)
2652 http fetch GET 200 https://registry.npmjs.org/@babel/helper-plugin-utils/-/helper-plugin-utils-7.16.7.tgz 6583ms (cache miss)
2653 http fetch GET 200 https://registry.npmjs.org/@babel/helper-plugin-utils/-/helper-plugin-utils-7.16.7.tgz 6583ms (cache miss)
2654 http fetch GET 200 https://registry.npmjs.org/@babel/helper-plugin-utils/-/helper-plugin-utils-7.16.7.tgz 6585ms (cache miss)
2655 http fetch GET 200 https://registry.npmjs.org/@babel/helper-plugin-utils/-/helper-plugin-utils-7.16.7.tgz 6612ms (cache miss)
2656 http fetch GET 200 https://registry.npmjs.org/@babel/helper-plugin-utils/-/helper-plugin-utils-7.16.7.tgz 6615ms (cache miss)
2657 http fetch GET 200 https://registry.npmjs.org/@babel/helper-plugin-utils/-/helper-plugin-utils-7.16.7.tgz 6615ms (cache miss)
2658 http fetch GET 200 https://registry.npmjs.org/@babel/helper-plugin-utils/-/helper-plugin-utils-7.16.7.tgz 6615ms (cache miss)
2659 http fetch GET 200 https://registry.npmjs.org/@babel/helper-plugin-utils/-/helper-plugin-utils-7.16.7.tgz 6615ms (cache miss)
2660 http fetch GET 200 https://registry.npmjs.org/@babel/helper-plugin-utils/-/helper-plugin-utils-7.16.7.tgz 6614ms (cache miss)
2661 http fetch GET 200 https://registry.npmjs.org/@babel/helper-plugin-utils/-/helper-plugin-utils-7.16.7.tgz 6613ms (cache miss)
2662 http fetch GET 200 https://registry.npmjs.org/@babel/helper-plugin-utils/-/helper-plugin-utils-7.16.7.tgz 6615ms (cache miss)
2663 http fetch GET 200 https://registry.npmjs.org/@babel/helper-plugin-utils/-/helper-plugin-utils-7.16.7.tgz 6616ms (cache miss)
2664 http fetch GET 200 https://registry.npmjs.org/@babel/helper-plugin-utils/-/helper-plugin-utils-7.16.7.tgz 6615ms (cache miss)
2665 http fetch GET 200 https://registry.npmjs.org/@babel/helper-plugin-utils/-/helper-plugin-utils-7.16.7.tgz 6615ms (cache miss)
2666 http fetch GET 200 https://registry.npmjs.org/globals/-/globals-11.12.0.tgz 6625ms (cache miss)
2667 http fetch GET 200 https://registry.npmjs.org/@babel/helper-plugin-utils/-/helper-plugin-utils-7.16.7.tgz 6629ms (cache miss)
2668 http fetch GET 200 https://registry.npmjs.org/@babel/helper-plugin-utils/-/helper-plugin-utils-7.16.7.tgz 6630ms (cache miss)
2669 http fetch GET 200 https://registry.npmjs.org/@babel/helper-plugin-utils/-/helper-plugin-utils-7.16.7.tgz 6630ms (cache miss)
2670 http fetch GET 200 https://registry.npmjs.org/@babel/helper-plugin-utils/-/helper-plugin-utils-7.16.7.tgz 6638ms (cache miss)
2671 http fetch GET 200 https://registry.npmjs.org/@babel/helper-validator-identifier/-/helper-validator-identifier-7.16.7.tgz 6635ms (cache miss)
2672 http fetch GET 200 https://registry.npmjs.org/@babel/helper-validator-identifier/-/helper-validator-identifier-7.16.7.tgz 6662ms (cache miss)
2673 http fetch GET 200 https://registry.npmjs.org/@babel/helper-plugin-utils/-/helper-plugin-utils-7.16.7.tgz 6664ms (cache miss)
2674 http fetch GET 200 https://registry.npmjs.org/@babel/helper-validator-identifier/-/helper-validator-identifier-7.16.7.tgz 6663ms (cache miss)
2675 http fetch GET 200 https://registry.npmjs.org/@babel/helper-validator-identifier/-/helper-validator-identifier-7.16.7.tgz 6663ms (cache miss)
2676 http fetch GET 200 https://registry.npmjs.org/eslint-plugin-import/-/eslint-plugin-import-2.23.4.tgz 6839ms (cache miss)
2677 http fetch GET 200 https://registry.npmjs.org/@babel/helper-validator-identifier/-/helper-validator-identifier-7.16.7.tgz 6689ms (cache miss)
2678 http fetch GET 200 https://registry.npmjs.org/@babel/helper-validator-identifier/-/helper-validator-identifier-7.16.7.tgz 6689ms (cache miss)
2679 http fetch GET 200 https://registry.npmjs.org/ajv/-/ajv-6.12.6.tgz 6834ms (cache miss)
2680 http fetch GET 200 https://registry.npmjs.org/@jest/core/-/core-27.4.7.tgz 6812ms (cache miss)
2681 http fetch GET 200 https://registry.npmjs.org/@babel/helper-validator-identifier/-/helper-validator-identifier-7.16.7.tgz 6707ms (cache miss)
2682 http fetch GET 200 https://registry.npmjs.org/@babel/helper-validator-identifier/-/helper-validator-identifier-7.16.7.tgz 6708ms (cache miss)
2683 http fetch GET 200 https://registry.npmjs.org/@babel/helper-validator-identifier/-/helper-validator-identifier-7.16.7.tgz 6723ms (cache miss)
2684 http fetch GET 200 https://registry.npmjs.org/@babel/helper-validator-identifier/-/helper-validator-identifier-7.16.7.tgz 6723ms (cache miss)
2685 http fetch GET 200 https://registry.npmjs.org/@babel/helper-validator-identifier/-/helper-validator-identifier-7.16.7.tgz 6735ms (cache miss)
2686 http fetch GET 200 https://registry.npmjs.org/@babel/helper-validator-identifier/-/helper-validator-identifier-7.16.7.tgz 6744ms (cache miss)
2687 http fetch GET 200 https://registry.npmjs.org/react-test-renderer/-/react-test-renderer-17.0.2.tgz 6786ms (cache miss)
2688 http fetch GET 200 https://registry.npmjs.org/@babel/helper-validator-identifier/-/helper-validator-identifier-7.16.7.tgz 6783ms (cache miss)
2689 http fetch GET 200 https://registry.npmjs.org/@babel/helper-validator-identifier/-/helper-validator-identifier-7.16.7.tgz 6778ms (cache miss)
2690 http fetch GET 200 https://registry.npmjs.org/@babel/helper-validator-identifier/-/helper-validator-identifier-7.16.7.tgz 6779ms (cache miss)
2691 http fetch GET 200 https://registry.npmjs.org/@babel/helper-validator-identifier/-/helper-validator-identifier-7.16.7.tgz 6795ms (cache miss)
2692 http fetch GET 200 https://registry.npmjs.org/debug/-/debug-4.3.3.tgz 6796ms (cache miss)
2693 http fetch GET 200 https://registry.npmjs.org/eslint-plugin-react/-/eslint-plugin-react-7.24.0.tgz 7067ms (cache miss)
2694 http fetch GET 200 https://registry.npmjs.org/type-fest/-/type-fest-0.20.2.tgz 6944ms (cache miss)
2695 http fetch GET 200 https://registry.npmjs.org/@babel/helper-validator-identifier/-/helper-validator-identifier-7.16.7.tgz 6890ms (cache miss)
2696 http fetch GET 200 https://registry.npmjs.org/@babel/helper-validator-identifier/-/helper-validator-identifier-7.16.7.tgz 6890ms (cache miss)
2697 http fetch GET 200 https://registry.npmjs.org/@babel/code-frame/-/code-frame-7.16.7.tgz 6911ms (cache miss)
2698 http fetch GET 200 https://registry.npmjs.org/@babel/highlight/-/highlight-7.16.10.tgz 6913ms (cache miss)
2699 http fetch GET 200 https://registry.npmjs.org/slash/-/slash-2.0.0.tgz 6940ms (cache miss)
2700 http fetch GET 200 https://registry.npmjs.org/@babel/helper-validator-identifier/-/helper-validator-identifier-7.16.7.tgz 6960ms (cache miss)
2701 http fetch GET 200 https://registry.npmjs.org/get-func-name 6523ms (cache miss)
2702 silly packumentCache corgi:https://registry.npmjs.org/get-func-name set size:undefined disposed:false
2703 http fetch GET 200 https://registry.npmjs.org/flatted 6541ms (cache miss)
2704 silly packumentCache corgi:https://registry.npmjs.org/flatted set size:undefined disposed:false
2705 http fetch GET 200 https://registry.npmjs.org/js-yaml 6576ms (cache miss)
2706 silly packumentCache corgi:https://registry.npmjs.org/js-yaml set size:undefined disposed:false
2707 http fetch GET 200 https://registry.npmjs.org/@babel/helper-validator-identifier/-/helper-validator-identifier-7.16.7.tgz 7037ms (cache miss)
2708 http fetch GET 200 https://registry.npmjs.org/@tootallnate%2fonce 6604ms (cache miss)
2709 silly packumentCache corgi:https://registry.npmjs.org/@tootallnate%2fonce set size:undefined disposed:false
2710 http fetch GET 200 https://registry.npmjs.org/serialize-javascript 6602ms (cache miss)
2711 silly packumentCache corgi:https://registry.npmjs.org/serialize-javascript set size:undefined disposed:false
2712 http fetch GET 200 https://registry.npmjs.org/semver 6625ms (cache revalidated)
2713 silly packumentCache corgi:https://registry.npmjs.org/semver set size:101435 disposed:false
2714 http fetch GET 200 https://registry.npmjs.org/braces 6621ms (cache revalidated)
2715 silly packumentCache corgi:https://registry.npmjs.org/braces set size:35919 disposed:false
2716 http fetch GET 200 https://registry.npmjs.org/form-data 6626ms (cache miss)
2717 silly packumentCache corgi:https://registry.npmjs.org/form-data set size:undefined disposed:false
2718 http fetch GET 200 https://registry.npmjs.org/tough-cookie 6624ms (cache miss)
2719 silly packumentCache corgi:https://registry.npmjs.org/tough-cookie set size:undefined disposed:false
2720 http fetch GET 200 https://registry.npmjs.org/brace-expansion 6633ms (cache revalidated)
2721 silly packumentCache corgi:https://registry.npmjs.org/brace-expansion set size:34964 disposed:false
2722 http fetch GET 200 https://registry.npmjs.org/word-wrap 6626ms (cache miss)
2723 silly packumentCache corgi:https://registry.npmjs.org/word-wrap set size:undefined disposed:false
2724 http fetch GET 200 https://registry.npmjs.org/whatwg-url/-/whatwg-url-5.0.0.tgz 7402ms (cache miss)
2725 http fetch GET 200 https://registry.npmjs.org/debug/-/debug-4.3.3.tgz 7085ms (cache miss)
2726 http fetch GET 200 https://registry.npmjs.org/webidl-conversions/-/webidl-conversions-3.0.1.tgz 7407ms (cache miss)
2727 http fetch GET 200 https://registry.npmjs.org/follow-redirects 6641ms (cache revalidated)
2728 silly packumentCache corgi:https://registry.npmjs.org/follow-redirects set size:88479 disposed:false
2729 http fetch GET 200 https://registry.npmjs.org/@babel%2fplugin-transform-modules-systemjs 6652ms (cache miss)
2730 silly packumentCache corgi:https://registry.npmjs.org/@babel%2fplugin-transform-modules-systemjs set size:undefined disposed:false
2731 http fetch GET 200 https://registry.npmjs.org/micromatch 6652ms (cache revalidated)
2732 silly packumentCache corgi:https://registry.npmjs.org/micromatch set size:71776 disposed:false
2733 http fetch GET 200 https://registry.npmjs.org/axios 6661ms (cache revalidated)
2734 silly packumentCache corgi:https://registry.npmjs.org/axios set size:299759 disposed:false
2735 http fetch GET 200 https://registry.npmjs.org/lodash.isboolean/-/lodash.isboolean-3.0.3.tgz 7373ms (cache miss)
2736 http fetch GET 200 https://registry.npmjs.org/lodash.isnumber/-/lodash.isnumber-3.0.3.tgz 7371ms (cache miss)
2737 http fetch GET 200 https://registry.npmjs.org/lodash.isstring/-/lodash.isstring-4.0.1.tgz 7376ms (cache miss)
2738 http fetch GET 200 https://registry.npmjs.org/jws 6669ms (cache revalidated)
2739 silly packumentCache corgi:https://registry.npmjs.org/jws set size:20153 disposed:false
2740 http fetch GET 200 https://registry.npmjs.org/lodash.includes/-/lodash.includes-4.3.0.tgz 7380ms (cache miss)
2741 http fetch GET 200 https://registry.npmjs.org/minimatch 6674ms (cache revalidated)
2742 silly packumentCache corgi:https://registry.npmjs.org/minimatch set size:169442 disposed:false
2743 http fetch GET 200 https://registry.npmjs.org/@babel%2fruntime 6688ms (cache revalidated)
2744 silly packumentCache corgi:https://registry.npmjs.org/@babel%2fruntime set size:225384 disposed:false
2745 http fetch GET 200 https://registry.npmjs.org/@babel%2fhelpers 6691ms (cache miss)
2746 silly packumentCache corgi:https://registry.npmjs.org/@babel%2fhelpers set size:undefined disposed:false
2747 http fetch GET 200 https://registry.npmjs.org/lodash.isinteger/-/lodash.isinteger-4.0.4.tgz 7394ms (cache miss)
2748 http fetch GET 200 https://registry.npmjs.org/lodash.isplainobject/-/lodash.isplainobject-4.0.6.tgz 7399ms (cache miss)
2749 http fetch GET 200 https://registry.npmjs.org/commander/-/commander-4.1.1.tgz 7134ms (cache miss)
2750 http fetch GET 200 https://registry.npmjs.org/lodash.once/-/lodash.once-4.1.1.tgz 7408ms (cache miss)
2751 http fetch GET 200 https://registry.npmjs.org/jsonwebtoken 6704ms (cache revalidated)
2752 silly packumentCache corgi:https://registry.npmjs.org/jsonwebtoken set size:67367 disposed:false
2753 http fetch GET 200 https://registry.npmjs.org/isobject/-/isobject-3.0.1.tgz 7383ms (cache miss)
2754 http fetch GET 200 https://registry.npmjs.org/isexe/-/isexe-2.0.0.tgz 7387ms (cache miss)
2755 http fetch GET 200 https://registry.npmjs.org/lodash 6714ms (cache revalidated)
2756 silly packumentCache corgi:https://registry.npmjs.org/lodash set size:69555 disposed:false
2757 http fetch GET 200 https://registry.npmjs.org/ws 6712ms (cache revalidated)
2758 silly packumentCache corgi:https://registry.npmjs.org/ws set size:207962 disposed:false
2759 http fetch GET 200 https://registry.npmjs.org/picomatch 6717ms (cache revalidated)
2760 silly packumentCache corgi:https://registry.npmjs.org/picomatch set size:45123 disposed:false
2761 http fetch GET 200 https://registry.npmjs.org/buffer-equal-constant-time/-/buffer-equal-constant-time-1.0.1.tgz 7334ms (cache miss)
2762 http fetch GET 200 https://registry.npmjs.org/node-fetch 6722ms (cache revalidated)
2763 silly packumentCache corgi:https://registry.npmjs.org/node-fetch set size:137975 disposed:false
2764 http fetch GET 200 https://registry.npmjs.org/json5 6738ms (cache miss)
2765 silly packumentCache corgi:https://registry.npmjs.org/json5 set size:undefined disposed:false
2766 http fetch GET 200 https://registry.npmjs.org/cross-spawn 6735ms (cache miss)
2767 silly packumentCache corgi:https://registry.npmjs.org/cross-spawn set size:undefined disposed:false
2768 http fetch GET 200 https://registry.npmjs.org/@babel%2fruntime-corejs3 6742ms (cache miss)
2769 silly packumentCache corgi:https://registry.npmjs.org/@babel%2fruntime-corejs3 set size:undefined disposed:false
2770 http fetch GET 200 https://registry.npmjs.org/@babel%2ftraverse 6761ms (cache miss)
2771 silly packumentCache corgi:https://registry.npmjs.org/@babel%2ftraverse set size:undefined disposed:false
2772 http fetch GET 200 https://registry.npmjs.org/nanoid 6803ms (cache miss)
2773 silly packumentCache corgi:https://registry.npmjs.org/nanoid set size:undefined disposed:false
2774 http fetch GET 200 https://registry.npmjs.org/tr46/-/tr46-0.0.3.tgz 7575ms (cache miss)
2775 http fetch GET 200 https://registry.npmjs.org/@babel%2fcore 6850ms (cache miss)
2776 silly packumentCache corgi:https://registry.npmjs.org/@babel%2fcore set size:undefined disposed:false
2777 http fetch GET 200 https://registry.npmjs.org/postcss 6850ms (cache miss)
2778 silly packumentCache corgi:https://registry.npmjs.org/postcss set size:undefined disposed:false
2779 http fetch GET 200 https://registry.npmjs.org/ajv 6876ms (cache miss)
2780 silly packumentCache corgi:https://registry.npmjs.org/ajv set size:undefined disposed:false
2781 http fetch GET 200 https://registry.npmjs.org/type-fest/-/type-fest-0.21.3.tgz 7390ms (cache miss)
2782 http fetch GET 200 https://registry.npmjs.org/semver/-/semver-7.0.0.tgz 7399ms (cache miss)
2783 http fetch GET 200 https://registry.npmjs.org/@babel/core/-/core-7.16.12.tgz 7466ms (cache miss)
2784 http fetch GET 200 https://registry.npmjs.org/json5/-/json5-2.2.0.tgz 7469ms (cache miss)
2785 http fetch GET 200 https://registry.npmjs.org/source-map/-/source-map-0.5.7.tgz 7492ms (cache miss)
2786 http fetch GET 200 https://registry.npmjs.org/source-map/-/source-map-0.5.7.tgz 7530ms (cache miss)
2787 http fetch GET 200 https://registry.npmjs.org/source-map/-/source-map-0.5.7.tgz 7530ms (cache miss)
2788 http fetch GET 200 https://registry.npmjs.org/webpack 7138ms (cache miss)
2789 silly packumentCache corgi:https://registry.npmjs.org/webpack set size:undefined disposed:false
2790 http fetch GET 200 https://registry.npmjs.org/@babel/types/-/types-7.15.0.tgz 7844ms (cache miss)
2791 http fetch GET 200 https://registry.npmjs.org/axobject-query/-/axobject-query-2.2.0.tgz 8506ms (cache miss)
2792 http fetch GET 200 https://registry.npmjs.org/resolve/-/resolve-2.0.0-next.3.tgz 8476ms (cache miss)
2793 http fetch GET 200 https://registry.npmjs.org/@babel/runtime/-/runtime-7.12.5.tgz 8545ms (cache miss)
2794 http fetch GET 200 https://registry.npmjs.org/@babel/types/-/types-7.16.8.tgz 8969ms (cache miss)
2795 http fetch GET 200 https://registry.npmjs.org/@babel/types/-/types-7.16.8.tgz 8979ms (cache miss)
2796 http fetch GET 200 https://registry.npmjs.org/@babel/types/-/types-7.16.8.tgz 8982ms (cache miss)
2797 http fetch GET 200 https://registry.npmjs.org/@babel/types/-/types-7.16.8.tgz 9078ms (cache miss)
2798 http fetch GET 200 https://registry.npmjs.org/@babel/types/-/types-7.16.8.tgz 9085ms (cache miss)
2799 http fetch GET 200 https://registry.npmjs.org/@babel/types/-/types-7.16.8.tgz 9094ms (cache miss)
2800 http fetch GET 200 https://registry.npmjs.org/@babel/types/-/types-7.16.8.tgz 9098ms (cache miss)
2801 http fetch GET 200 https://registry.npmjs.org/@babel/types/-/types-7.16.8.tgz 9098ms (cache miss)
2802 http fetch GET 200 https://registry.npmjs.org/@babel/types/-/types-7.16.8.tgz 9102ms (cache miss)
2803 http fetch GET 200 https://registry.npmjs.org/@babel/types/-/types-7.16.8.tgz 9104ms (cache miss)
2804 http fetch GET 200 https://registry.npmjs.org/@babel/types/-/types-7.16.8.tgz 9107ms (cache miss)
2805 http fetch GET 200 https://registry.npmjs.org/@babel/types/-/types-7.16.8.tgz 9109ms (cache miss)
2806 http fetch GET 200 https://registry.npmjs.org/@babel/types/-/types-7.16.8.tgz 9110ms (cache miss)
2807 http fetch GET 200 https://registry.npmjs.org/@babel/types/-/types-7.16.8.tgz 9118ms (cache miss)
2808 http fetch GET 200 https://registry.npmjs.org/@babel/types/-/types-7.16.8.tgz 9117ms (cache miss)
2809 http fetch GET 200 https://registry.npmjs.org/@babel/types/-/types-7.16.8.tgz 9121ms (cache miss)
2810 http fetch GET 200 https://registry.npmjs.org/@babel/types/-/types-7.16.8.tgz 9124ms (cache miss)
2811 http fetch GET 200 https://registry.npmjs.org/@babel/types/-/types-7.16.8.tgz 9127ms (cache miss)
2812 http fetch GET 200 https://registry.npmjs.org/@babel/types/-/types-7.16.8.tgz 9140ms (cache miss)
2813 http fetch GET 200 https://registry.npmjs.org/@babel/types/-/types-7.16.8.tgz 9147ms (cache miss)
2814 http fetch GET 200 https://registry.npmjs.org/@babel/types/-/types-7.16.8.tgz 9148ms (cache miss)
2815 http fetch GET 200 https://registry.npmjs.org/@babel/types/-/types-7.16.8.tgz 9152ms (cache miss)
2816 http fetch GET 200 https://registry.npmjs.org/@babel/types/-/types-7.16.8.tgz 9190ms (cache miss)
2817 http fetch GET 200 https://registry.npmjs.org/aria-query/-/aria-query-4.2.2.tgz 9361ms (cache miss)
2818 http fetch GET 200 https://registry.npmjs.org/eslint-plugin-jsx-a11y/-/eslint-plugin-jsx-a11y-6.4.1.tgz 9453ms (cache miss)
2819 http fetch GET 200 https://registry.npmjs.org/@microsoft/signalr/-/signalr-6.0.9.tgz 9427ms (cache miss)
2820 http fetch GET 200 https://registry.npmjs.org/bootstrap/-/bootstrap-5.1.0.tgz 9874ms (cache miss)
2821 http fetch GET 200 https://registry.npmjs.org/regenerate-unicode-properties/-/regenerate-unicode-properties-9.0.0.tgz 10054ms (cache miss)
2822 http fetch GET 200 https://registry.npmjs.org/next 9580ms (cache miss)
2823 silly packumentCache corgi:https://registry.npmjs.org/next set size:undefined disposed:false
2824 silly packumentCache corgi:https://registry.npmjs.org/make-dir cache-miss
2825 silly packumentCache corgi:https://registry.npmjs.org/normalize-package-data cache-miss
2826 http fetch GET 200 https://registry.npmjs.org/make-dir 55ms (cache revalidated)
2827 silly packumentCache corgi:https://registry.npmjs.org/make-dir set size:16389 disposed:false
2828 http fetch GET 200 https://registry.npmjs.org/normalize-package-data 79ms (cache miss)
2829 silly packumentCache corgi:https://registry.npmjs.org/normalize-package-data set size:undefined disposed:false
2830 silly packumentCache corgi:https://registry.npmjs.org/@typescript-eslint%2ftypescript-estree cache-miss
2831 silly packumentCache corgi:https://registry.npmjs.org/core-js-compat cache-miss
2832 silly packumentCache corgi:https://registry.npmjs.org/eslint cache-miss
2833 silly packumentCache corgi:https://registry.npmjs.org/jest-snapshot cache-miss
2834 http fetch GET 200 https://registry.npmjs.org/@popperjs/core/-/core-2.11.6.tgz 12714ms (cache miss)
2835 http fetch GET 200 https://registry.npmjs.org/core-js-compat 98ms (cache miss)
2836 silly packumentCache corgi:https://registry.npmjs.org/core-js-compat set size:undefined disposed:false
2837 http fetch GET 200 https://registry.npmjs.org/jest-snapshot 140ms (cache miss)
2838 silly packumentCache corgi:https://registry.npmjs.org/jest-snapshot set size:undefined disposed:false
2839 http fetch GET 200 https://registry.npmjs.org/eslint 178ms (cache miss)
2840 silly packumentCache corgi:https://registry.npmjs.org/eslint set size:undefined disposed:false
2841 http fetch GET 200 https://registry.npmjs.org/dayjs/-/dayjs-1.10.6.tgz 13264ms (cache miss)
2842 http fetch GET 200 https://registry.npmjs.org/@typescript-eslint%2ftypescript-estree 591ms (cache miss)
2843 silly packumentCache corgi:https://registry.npmjs.org/@typescript-eslint%2ftypescript-estree set size:undefined disposed:false
2844 silly packumentCache corgi:https://registry.npmjs.org/@babel%2fhelper-compilation-targets cache-miss
2845 silly packumentCache corgi:https://registry.npmjs.org/@babel%2fhelper-define-polyfill-provider cache-miss
2846 silly packumentCache corgi:https://registry.npmjs.org/@babel%2fpreset-env cache-miss
2847 silly packumentCache corgi:https://registry.npmjs.org/babel-plugin-polyfill-corejs2 cache-miss
2848 silly packumentCache corgi:https://registry.npmjs.org/istanbul-lib-instrument cache-miss
2849 http fetch GET 200 https://registry.npmjs.org/babel-plugin-polyfill-corejs2 79ms (cache miss)
2850 silly packumentCache corgi:https://registry.npmjs.org/babel-plugin-polyfill-corejs2 set size:undefined disposed:false
2851 http fetch GET 200 https://registry.npmjs.org/istanbul-lib-instrument 99ms (cache miss)
2852 silly packumentCache corgi:https://registry.npmjs.org/istanbul-lib-instrument set size:undefined disposed:false
2853 http fetch GET 200 https://registry.npmjs.org/@babel%2fhelper-define-polyfill-provider 109ms (cache miss)
2854 silly packumentCache corgi:https://registry.npmjs.org/@babel%2fhelper-define-polyfill-provider set size:undefined disposed:false
2855 http fetch GET 200 https://registry.npmjs.org/@babel%2fhelper-compilation-targets 118ms (cache miss)
2856 silly packumentCache corgi:https://registry.npmjs.org/@babel%2fhelper-compilation-targets set size:undefined disposed:false
2857 http fetch GET 200 https://registry.npmjs.org/@babel%2fpreset-env 152ms (cache miss)
2858 silly packumentCache corgi:https://registry.npmjs.org/@babel%2fpreset-env set size:undefined disposed:false
2859 silly packumentCache corgi:https://registry.npmjs.org/@babel%2fcli cache-miss
2860 silly packumentCache corgi:https://registry.npmjs.org/@babel%2fhelper-create-class-features-plugin cache-miss
2861 silly packumentCache corgi:https://registry.npmjs.org/@babel%2fhelper-create-regexp-features-plugin cache-miss
2862 silly packumentCache corgi:https://registry.npmjs.org/@babel%2fplugin-bugfix-safari-id-destructuring-collision-in-function-expression cache-miss
2863 silly packumentCache corgi:https://registry.npmjs.org/@babel%2fplugin-bugfix-v8-spread-parameters-in-optional-chaining cache-miss
2864 silly packumentCache corgi:https://registry.npmjs.org/@babel%2fplugin-proposal-async-generator-functions cache-miss
2865 silly packumentCache corgi:https://registry.npmjs.org/@babel%2fplugin-proposal-class-properties cache-miss
2866 silly packumentCache corgi:https://registry.npmjs.org/@babel%2fplugin-proposal-class-static-block cache-miss
2867 silly packumentCache corgi:https://registry.npmjs.org/@babel%2fplugin-proposal-dynamic-import cache-miss
2868 silly packumentCache corgi:https://registry.npmjs.org/@babel%2fplugin-proposal-export-namespace-from cache-miss
2869 silly packumentCache corgi:https://registry.npmjs.org/@babel%2fplugin-proposal-json-strings cache-miss
2870 silly packumentCache corgi:https://registry.npmjs.org/@babel%2fplugin-proposal-logical-assignment-operators cache-miss
2871 silly packumentCache corgi:https://registry.npmjs.org/@babel%2fplugin-proposal-nullish-coalescing-operator cache-miss
2872 silly packumentCache corgi:https://registry.npmjs.org/@babel%2fplugin-proposal-numeric-separator cache-miss
2873 silly packumentCache corgi:https://registry.npmjs.org/@babel%2fplugin-proposal-object-rest-spread cache-miss
2874 silly packumentCache corgi:https://registry.npmjs.org/@babel%2fplugin-proposal-optional-catch-binding cache-miss
2875 silly packumentCache corgi:https://registry.npmjs.org/@babel%2fplugin-proposal-optional-chaining cache-miss
2876 silly packumentCache corgi:https://registry.npmjs.org/@babel%2fplugin-proposal-private-methods cache-miss
2877 silly packumentCache corgi:https://registry.npmjs.org/@babel%2fplugin-proposal-private-property-in-object cache-miss
2878 silly packumentCache corgi:https://registry.npmjs.org/@babel%2fplugin-proposal-unicode-property-regex cache-miss
2879 silly packumentCache corgi:https://registry.npmjs.org/@babel%2fplugin-syntax-async-generators cache-miss
2880 silly packumentCache corgi:https://registry.npmjs.org/@babel%2fplugin-syntax-bigint cache-miss
2881 silly packumentCache corgi:https://registry.npmjs.org/@babel%2fplugin-syntax-class-properties cache-miss
2882 silly packumentCache corgi:https://registry.npmjs.org/@babel%2fplugin-syntax-class-static-block cache-miss
2883 silly packumentCache corgi:https://registry.npmjs.org/@babel%2fplugin-syntax-dynamic-import cache-miss
2884 silly packumentCache corgi:https://registry.npmjs.org/@babel%2fplugin-syntax-export-namespace-from cache-miss
2885 silly packumentCache corgi:https://registry.npmjs.org/@babel%2fplugin-syntax-import-meta cache-miss
2886 silly packumentCache corgi:https://registry.npmjs.org/@babel%2fplugin-syntax-json-strings cache-miss
2887 silly packumentCache corgi:https://registry.npmjs.org/@babel%2fplugin-syntax-logical-assignment-operators cache-miss
2888 silly packumentCache corgi:https://registry.npmjs.org/@babel%2fplugin-syntax-nullish-coalescing-operator cache-miss
2889 silly packumentCache corgi:https://registry.npmjs.org/@babel%2fplugin-syntax-numeric-separator cache-miss
2890 silly packumentCache corgi:https://registry.npmjs.org/@babel%2fplugin-syntax-object-rest-spread cache-miss
2891 silly packumentCache corgi:https://registry.npmjs.org/@babel%2fplugin-syntax-optional-catch-binding cache-miss
2892 silly packumentCache corgi:https://registry.npmjs.org/@babel%2fplugin-syntax-optional-chaining cache-miss
2893 silly packumentCache corgi:https://registry.npmjs.org/@babel%2fplugin-syntax-private-property-in-object cache-miss
2894 silly packumentCache corgi:https://registry.npmjs.org/@babel%2fplugin-syntax-top-level-await cache-miss
2895 silly packumentCache corgi:https://registry.npmjs.org/@babel%2fplugin-syntax-typescript cache-miss
2896 silly packumentCache corgi:https://registry.npmjs.org/@babel%2fplugin-transform-arrow-functions cache-miss
2897 silly packumentCache corgi:https://registry.npmjs.org/@babel%2fplugin-transform-async-to-generator cache-miss
2898 silly packumentCache corgi:https://registry.npmjs.org/@babel%2fplugin-transform-block-scoped-functions cache-miss
2899 silly packumentCache corgi:https://registry.npmjs.org/@babel%2fplugin-transform-block-scoping cache-miss
2900 silly packumentCache corgi:https://registry.npmjs.org/@babel%2fplugin-transform-classes cache-miss
2901 silly packumentCache corgi:https://registry.npmjs.org/@babel%2fplugin-transform-computed-properties cache-miss
2902 silly packumentCache corgi:https://registry.npmjs.org/@babel%2fplugin-transform-destructuring cache-miss
2903 silly packumentCache corgi:https://registry.npmjs.org/@babel%2fplugin-transform-dotall-regex cache-miss
2904 silly packumentCache corgi:https://registry.npmjs.org/@babel%2fplugin-transform-duplicate-keys cache-miss
2905 silly packumentCache corgi:https://registry.npmjs.org/@babel%2fplugin-transform-exponentiation-operator cache-miss
2906 silly packumentCache corgi:https://registry.npmjs.org/@babel%2fplugin-transform-for-of cache-miss
2907 silly packumentCache corgi:https://registry.npmjs.org/@babel%2fplugin-transform-function-name cache-miss
2908 silly packumentCache corgi:https://registry.npmjs.org/@babel%2fplugin-transform-literals cache-miss
2909 silly packumentCache corgi:https://registry.npmjs.org/@babel%2fplugin-transform-member-expression-literals cache-miss
2910 silly packumentCache corgi:https://registry.npmjs.org/@babel%2fplugin-transform-modules-amd cache-miss
2911 silly packumentCache corgi:https://registry.npmjs.org/@babel%2fplugin-transform-modules-commonjs cache-miss
2912 silly packumentCache corgi:https://registry.npmjs.org/@babel%2fplugin-transform-modules-umd cache-miss
2913 silly packumentCache corgi:https://registry.npmjs.org/@babel%2fplugin-transform-named-capturing-groups-regex cache-miss
2914 silly packumentCache corgi:https://registry.npmjs.org/@babel%2fplugin-transform-new-target cache-miss
2915 silly packumentCache corgi:https://registry.npmjs.org/@babel%2fplugin-transform-object-super cache-miss
2916 silly packumentCache corgi:https://registry.npmjs.org/@babel%2fplugin-transform-parameters cache-miss
2917 silly packumentCache corgi:https://registry.npmjs.org/@babel%2fplugin-transform-property-literals cache-miss
2918 silly packumentCache corgi:https://registry.npmjs.org/@babel%2fplugin-transform-regenerator cache-miss
2919 silly packumentCache corgi:https://registry.npmjs.org/@babel%2fplugin-transform-reserved-words cache-miss
2920 silly packumentCache corgi:https://registry.npmjs.org/@babel%2fplugin-transform-shorthand-properties cache-miss
2921 silly packumentCache corgi:https://registry.npmjs.org/@babel%2fplugin-transform-spread cache-miss
2922 silly packumentCache corgi:https://registry.npmjs.org/@babel%2fplugin-transform-sticky-regex cache-miss
2923 silly packumentCache corgi:https://registry.npmjs.org/@babel%2fplugin-transform-template-literals cache-miss
2924 silly packumentCache corgi:https://registry.npmjs.org/@babel%2fplugin-transform-typeof-symbol cache-miss
2925 silly packumentCache corgi:https://registry.npmjs.org/@babel%2fplugin-transform-unicode-escapes cache-miss
2926 silly packumentCache corgi:https://registry.npmjs.org/@babel%2fplugin-transform-unicode-regex cache-miss
2927 silly packumentCache corgi:https://registry.npmjs.org/@babel%2fpreset-modules cache-miss
2928 silly packumentCache corgi:https://registry.npmjs.org/@babel%2fregister cache-miss
2929 silly packumentCache corgi:https://registry.npmjs.org/@jest%2ftransform cache-miss
2930 silly packumentCache corgi:https://registry.npmjs.org/babel-jest cache-miss
2931 silly packumentCache corgi:https://registry.npmjs.org/babel-plugin-polyfill-corejs3 cache-miss
2932 silly packumentCache corgi:https://registry.npmjs.org/babel-plugin-polyfill-regenerator cache-miss
2933 silly packumentCache corgi:https://registry.npmjs.org/babel-preset-current-node-syntax cache-miss
2934 silly packumentCache corgi:https://registry.npmjs.org/babel-preset-jest cache-miss
2935 silly packumentCache corgi:https://registry.npmjs.org/jest-config cache-miss
2936 http fetch GET 200 https://registry.npmjs.org/eslint/-/eslint-7.32.0.tgz 13770ms (cache miss)
2937 http fetch GET 200 https://registry.npmjs.org/@babel%2fplugin-proposal-class-properties 151ms (cache miss)
2938 silly packumentCache corgi:https://registry.npmjs.org/@babel%2fplugin-proposal-class-properties set size:undefined disposed:false
2939 http fetch GET 200 https://registry.npmjs.org/@babel%2fplugin-bugfix-v8-spread-parameters-in-optional-chaining 166ms (cache miss)
2940 silly packumentCache corgi:https://registry.npmjs.org/@babel%2fplugin-bugfix-v8-spread-parameters-in-optional-chaining set size:undefined disposed:false
2941 http fetch GET 200 https://registry.npmjs.org/@babel%2fplugin-proposal-export-namespace-from 174ms (cache miss)
2942 silly packumentCache corgi:https://registry.npmjs.org/@babel%2fplugin-proposal-export-namespace-from set size:undefined disposed:false
2943 http fetch GET 200 https://registry.npmjs.org/@babel%2fplugin-proposal-numeric-separator 179ms (cache miss)
2944 silly packumentCache corgi:https://registry.npmjs.org/@babel%2fplugin-proposal-numeric-separator set size:undefined disposed:false
2945 http fetch GET 200 https://registry.npmjs.org/@babel%2fhelper-create-regexp-features-plugin 193ms (cache miss)
2946 silly packumentCache corgi:https://registry.npmjs.org/@babel%2fhelper-create-regexp-features-plugin set size:undefined disposed:false
2947 http fetch GET 200 https://registry.npmjs.org/@next/swc-win32-x64-msvc/-/swc-win32-x64-msvc-12.1.0.tgz 13765ms (cache miss)
2948 http fetch GET 200 https://registry.npmjs.org/@babel%2fplugin-proposal-class-static-block 202ms (cache miss)
2949 silly packumentCache corgi:https://registry.npmjs.org/@babel%2fplugin-proposal-class-static-block set size:undefined disposed:false
2950 http fetch GET 200 https://registry.npmjs.org/@babel%2fplugin-proposal-logical-assignment-operators 206ms (cache miss)
2951 silly packumentCache corgi:https://registry.npmjs.org/@babel%2fplugin-proposal-logical-assignment-operators set size:undefined disposed:false
2952 http fetch GET 200 https://registry.npmjs.org/@babel%2fplugin-bugfix-safari-id-destructuring-collision-in-function-expression 212ms (cache miss)
2953 silly packumentCache corgi:https://registry.npmjs.org/@babel%2fplugin-bugfix-safari-id-destructuring-collision-in-function-expression set size:undefined disposed:false
2954 http fetch GET 200 https://registry.npmjs.org/@babel%2fplugin-proposal-dynamic-import 225ms (cache miss)
2955 silly packumentCache corgi:https://registry.npmjs.org/@babel%2fplugin-proposal-dynamic-import set size:undefined disposed:false
2956 http fetch GET 200 https://registry.npmjs.org/@babel%2fplugin-proposal-json-strings 227ms (cache miss)
2957 silly packumentCache corgi:https://registry.npmjs.org/@babel%2fplugin-proposal-json-strings set size:undefined disposed:false
2958 http fetch GET 200 https://registry.npmjs.org/@babel%2fcli 237ms (cache miss)
2959 silly packumentCache corgi:https://registry.npmjs.org/@babel%2fcli set size:undefined disposed:false
2960 http fetch GET 200 https://registry.npmjs.org/@babel%2fplugin-proposal-object-rest-spread 239ms (cache miss)
2961 silly packumentCache corgi:https://registry.npmjs.org/@babel%2fplugin-proposal-object-rest-spread set size:undefined disposed:false
2962 http fetch GET 200 https://registry.npmjs.org/@babel%2fplugin-proposal-nullish-coalescing-operator 248ms (cache miss)
2963 silly packumentCache corgi:https://registry.npmjs.org/@babel%2fplugin-proposal-nullish-coalescing-operator set size:undefined disposed:false
2964 http fetch GET 200 https://registry.npmjs.org/@babel%2fplugin-proposal-async-generator-functions 260ms (cache miss)
2965 silly packumentCache corgi:https://registry.npmjs.org/@babel%2fplugin-proposal-async-generator-functions set size:undefined disposed:false
2966 http fetch GET 200 https://registry.npmjs.org/@babel%2fplugin-proposal-private-property-in-object 267ms (cache miss)
2967 silly packumentCache corgi:https://registry.npmjs.org/@babel%2fplugin-proposal-private-property-in-object set size:undefined disposed:false
2968 http fetch GET 200 https://registry.npmjs.org/@babel%2fplugin-proposal-private-methods 270ms (cache miss)
2969 silly packumentCache corgi:https://registry.npmjs.org/@babel%2fplugin-proposal-private-methods set size:undefined disposed:false
2970 http fetch GET 200 https://registry.npmjs.org/@babel%2fhelper-create-class-features-plugin 283ms (cache miss)
2971 silly packumentCache corgi:https://registry.npmjs.org/@babel%2fhelper-create-class-features-plugin set size:undefined disposed:false
2972 http fetch GET 200 https://registry.npmjs.org/@babel%2fplugin-proposal-optional-catch-binding 283ms (cache miss)
2973 silly packumentCache corgi:https://registry.npmjs.org/@babel%2fplugin-proposal-optional-catch-binding set size:undefined disposed:false
2974 http fetch GET 200 https://registry.npmjs.org/@babel%2fplugin-syntax-class-static-block 289ms (cache miss)
2975 silly packumentCache corgi:https://registry.npmjs.org/@babel%2fplugin-syntax-class-static-block set size:undefined disposed:false
2976 http fetch GET 200 https://registry.npmjs.org/@babel%2fplugin-proposal-optional-chaining 292ms (cache miss)
2977 silly packumentCache corgi:https://registry.npmjs.org/@babel%2fplugin-proposal-optional-chaining set size:undefined disposed:false
2978 http fetch GET 200 https://registry.npmjs.org/@babel%2fplugin-syntax-bigint 296ms (cache miss)
2979 silly packumentCache corgi:https://registry.npmjs.org/@babel%2fplugin-syntax-bigint set size:undefined disposed:false
2980 http fetch GET 200 https://registry.npmjs.org/@babel%2fplugin-syntax-import-meta 303ms (cache miss)
2981 silly packumentCache corgi:https://registry.npmjs.org/@babel%2fplugin-syntax-import-meta set size:undefined disposed:false
2982 http fetch GET 200 https://registry.npmjs.org/@babel%2fplugin-syntax-async-generators 307ms (cache miss)
2983 silly packumentCache corgi:https://registry.npmjs.org/@babel%2fplugin-syntax-async-generators set size:undefined disposed:false
2984 http fetch GET 200 https://registry.npmjs.org/@babel%2fplugin-syntax-dynamic-import 307ms (cache miss)
2985 silly packumentCache corgi:https://registry.npmjs.org/@babel%2fplugin-syntax-dynamic-import set size:undefined disposed:false
2986 http fetch GET 200 https://registry.npmjs.org/@babel%2fplugin-syntax-class-properties 308ms (cache miss)
2987 silly packumentCache corgi:https://registry.npmjs.org/@babel%2fplugin-syntax-class-properties set size:undefined disposed:false
2988 http fetch GET 200 https://registry.npmjs.org/@babel%2fplugin-syntax-export-namespace-from 316ms (cache miss)
2989 silly packumentCache corgi:https://registry.npmjs.org/@babel%2fplugin-syntax-export-namespace-from set size:undefined disposed:false
2990 http fetch GET 200 https://registry.npmjs.org/@babel%2fplugin-proposal-unicode-property-regex 324ms (cache miss)
2991 silly packumentCache corgi:https://registry.npmjs.org/@babel%2fplugin-proposal-unicode-property-regex set size:undefined disposed:false
2992 http fetch GET 200 https://registry.npmjs.org/@babel%2fplugin-syntax-nullish-coalescing-operator 324ms (cache miss)
2993 silly packumentCache corgi:https://registry.npmjs.org/@babel%2fplugin-syntax-nullish-coalescing-operator set size:undefined disposed:false
2994 http fetch GET 200 https://registry.npmjs.org/@babel%2fplugin-syntax-object-rest-spread 325ms (cache miss)
2995 silly packumentCache corgi:https://registry.npmjs.org/@babel%2fplugin-syntax-object-rest-spread set size:undefined disposed:false
2996 http fetch GET 200 https://registry.npmjs.org/@babel%2fplugin-syntax-json-strings 329ms (cache miss)
2997 silly packumentCache corgi:https://registry.npmjs.org/@babel%2fplugin-syntax-json-strings set size:undefined disposed:false
2998 http fetch GET 200 https://registry.npmjs.org/@babel%2fplugin-syntax-logical-assignment-operators 338ms (cache miss)
2999 silly packumentCache corgi:https://registry.npmjs.org/@babel%2fplugin-syntax-logical-assignment-operators set size:undefined disposed:false
3000 http fetch GET 200 https://registry.npmjs.org/@babel%2fplugin-syntax-top-level-await 341ms (cache miss)
3001 silly packumentCache corgi:https://registry.npmjs.org/@babel%2fplugin-syntax-top-level-await set size:undefined disposed:false
3002 http fetch GET 200 https://registry.npmjs.org/@babel%2fplugin-syntax-optional-catch-binding 344ms (cache miss)
3003 silly packumentCache corgi:https://registry.npmjs.org/@babel%2fplugin-syntax-optional-catch-binding set size:undefined disposed:false
3004 http fetch GET 200 https://registry.npmjs.org/@babel%2fplugin-syntax-private-property-in-object 352ms (cache miss)
3005 silly packumentCache corgi:https://registry.npmjs.org/@babel%2fplugin-syntax-private-property-in-object set size:undefined disposed:false
3006 http fetch GET 200 https://registry.npmjs.org/@babel%2fplugin-syntax-numeric-separator 364ms (cache miss)
3007 silly packumentCache corgi:https://registry.npmjs.org/@babel%2fplugin-syntax-numeric-separator set size:undefined disposed:false
3008 http fetch GET 200 https://registry.npmjs.org/@babel%2fplugin-syntax-optional-chaining 369ms (cache miss)
3009 silly packumentCache corgi:https://registry.npmjs.org/@babel%2fplugin-syntax-optional-chaining set size:undefined disposed:false
3010 http fetch GET 200 https://registry.npmjs.org/@babel%2fplugin-syntax-typescript 384ms (cache miss)
3011 silly packumentCache corgi:https://registry.npmjs.org/@babel%2fplugin-syntax-typescript set size:undefined disposed:false
3012 http fetch GET 200 https://registry.npmjs.org/@babel%2fplugin-transform-arrow-functions 398ms (cache miss)
3013 silly packumentCache corgi:https://registry.npmjs.org/@babel%2fplugin-transform-arrow-functions set size:undefined disposed:false
3014 http fetch GET 200 https://registry.npmjs.org/@babel%2fplugin-transform-block-scoped-functions 400ms (cache miss)
3015 silly packumentCache corgi:https://registry.npmjs.org/@babel%2fplugin-transform-block-scoped-functions set size:undefined disposed:false
3016 http fetch GET 200 https://registry.npmjs.org/@babel%2fplugin-transform-async-to-generator 405ms (cache miss)
3017 silly packumentCache corgi:https://registry.npmjs.org/@babel%2fplugin-transform-async-to-generator set size:undefined disposed:false
3018 http fetch GET 200 https://registry.npmjs.org/@babel%2fplugin-transform-duplicate-keys 415ms (cache miss)
3019 silly packumentCache corgi:https://registry.npmjs.org/@babel%2fplugin-transform-duplicate-keys set size:undefined disposed:false
3020 http fetch GET 200 https://registry.npmjs.org/@babel%2fplugin-transform-block-scoping 423ms (cache miss)
3021 silly packumentCache corgi:https://registry.npmjs.org/@babel%2fplugin-transform-block-scoping set size:undefined disposed:false
3022 http fetch GET 200 https://registry.npmjs.org/@babel%2fplugin-transform-classes 436ms (cache miss)
3023 silly packumentCache corgi:https://registry.npmjs.org/@babel%2fplugin-transform-classes set size:undefined disposed:false
3024 http fetch GET 200 https://registry.npmjs.org/@babel%2fplugin-transform-computed-properties 440ms (cache miss)
3025 silly packumentCache corgi:https://registry.npmjs.org/@babel%2fplugin-transform-computed-properties set size:undefined disposed:false
3026 http fetch GET 200 https://registry.npmjs.org/@babel%2fplugin-transform-exponentiation-operator 445ms (cache miss)
3027 silly packumentCache corgi:https://registry.npmjs.org/@babel%2fplugin-transform-exponentiation-operator set size:undefined disposed:false
3028 http fetch GET 200 https://registry.npmjs.org/@babel%2fplugin-transform-destructuring 458ms (cache miss)
3029 silly packumentCache corgi:https://registry.npmjs.org/@babel%2fplugin-transform-destructuring set size:undefined disposed:false
3030 http fetch GET 200 https://registry.npmjs.org/@babel%2fplugin-transform-dotall-regex 470ms (cache miss)
3031 silly packumentCache corgi:https://registry.npmjs.org/@babel%2fplugin-transform-dotall-regex set size:undefined disposed:false
3032 http fetch GET 200 https://registry.npmjs.org/@babel%2fplugin-transform-member-expression-literals 483ms (cache miss)
3033 silly packumentCache corgi:https://registry.npmjs.org/@babel%2fplugin-transform-member-expression-literals set size:undefined disposed:false
3034 http fetch GET 200 https://registry.npmjs.org/@babel%2fplugin-transform-for-of 490ms (cache miss)
3035 silly packumentCache corgi:https://registry.npmjs.org/@babel%2fplugin-transform-for-of set size:undefined disposed:false
3036 http fetch GET 200 https://registry.npmjs.org/@babel%2fplugin-transform-function-name 535ms (cache miss)
3037 silly packumentCache corgi:https://registry.npmjs.org/@babel%2fplugin-transform-function-name set size:undefined disposed:false
3038 http fetch GET 200 https://registry.npmjs.org/@babel%2fplugin-transform-literals 561ms (cache miss)
3039 silly packumentCache corgi:https://registry.npmjs.org/@babel%2fplugin-transform-literals set size:undefined disposed:false
3040 http fetch GET 200 https://registry.npmjs.org/@babel%2fplugin-transform-modules-amd 567ms (cache miss)
3041 silly packumentCache corgi:https://registry.npmjs.org/@babel%2fplugin-transform-modules-amd set size:undefined disposed:false
3042 http fetch GET 200 https://registry.npmjs.org/@babel%2fplugin-transform-new-target 575ms (cache miss)
3043 silly packumentCache corgi:https://registry.npmjs.org/@babel%2fplugin-transform-new-target set size:undefined disposed:false
3044 http fetch GET 200 https://registry.npmjs.org/@babel%2fplugin-transform-property-literals 579ms (cache miss)
3045 silly packumentCache corgi:https://registry.npmjs.org/@babel%2fplugin-transform-property-literals set size:undefined disposed:false
3046 http fetch GET 200 https://registry.npmjs.org/@babel%2fplugin-transform-modules-umd 589ms (cache miss)
3047 silly packumentCache corgi:https://registry.npmjs.org/@babel%2fplugin-transform-modules-umd set size:undefined disposed:false
3048 http fetch GET 200 https://registry.npmjs.org/@babel%2fplugin-transform-named-capturing-groups-regex 595ms (cache miss)
3049 silly packumentCache corgi:https://registry.npmjs.org/@babel%2fplugin-transform-named-capturing-groups-regex set size:undefined disposed:false
3050 http fetch GET 200 https://registry.npmjs.org/@babel%2fplugin-transform-reserved-words 603ms (cache miss)
3051 silly packumentCache corgi:https://registry.npmjs.org/@babel%2fplugin-transform-reserved-words set size:undefined disposed:false
3052 http fetch GET 200 https://registry.npmjs.org/@babel%2fplugin-transform-object-super 610ms (cache miss)
3053 silly packumentCache corgi:https://registry.npmjs.org/@babel%2fplugin-transform-object-super set size:undefined disposed:false
3054 http fetch GET 200 https://registry.npmjs.org/@babel%2fplugin-transform-modules-commonjs 617ms (cache miss)
3055 silly packumentCache corgi:https://registry.npmjs.org/@babel%2fplugin-transform-modules-commonjs set size:undefined disposed:false
3056 http fetch GET 200 https://registry.npmjs.org/@babel%2fplugin-transform-parameters 628ms (cache miss)
3057 silly packumentCache corgi:https://registry.npmjs.org/@babel%2fplugin-transform-parameters set size:undefined disposed:false
3058 http fetch GET 200 https://registry.npmjs.org/babel-preset-current-node-syntax 637ms (cache miss)
3059 silly packumentCache corgi:https://registry.npmjs.org/babel-preset-current-node-syntax set size:undefined disposed:false
3060 http fetch GET 200 https://registry.npmjs.org/@babel%2fplugin-transform-shorthand-properties 646ms (cache miss)
3061 silly packumentCache corgi:https://registry.npmjs.org/@babel%2fplugin-transform-shorthand-properties set size:undefined disposed:false
3062 http fetch GET 200 https://registry.npmjs.org/@babel%2fplugin-transform-regenerator 654ms (cache miss)
3063 silly packumentCache corgi:https://registry.npmjs.org/@babel%2fplugin-transform-regenerator set size:undefined disposed:false
3064 http fetch GET 200 https://registry.npmjs.org/@babel%2fpreset-modules 658ms (cache miss)
3065 silly packumentCache corgi:https://registry.npmjs.org/@babel%2fpreset-modules set size:undefined disposed:false
3066 http fetch GET 200 https://registry.npmjs.org/@babel%2fplugin-transform-spread 664ms (cache miss)
3067 silly packumentCache corgi:https://registry.npmjs.org/@babel%2fplugin-transform-spread set size:undefined disposed:false
3068 http fetch GET 200 https://registry.npmjs.org/@babel%2fplugin-transform-unicode-escapes 671ms (cache miss)
3069 silly packumentCache corgi:https://registry.npmjs.org/@babel%2fplugin-transform-unicode-escapes set size:undefined disposed:false
3070 http fetch GET 200 https://registry.npmjs.org/@babel%2fplugin-transform-template-literals 674ms (cache miss)
3071 silly packumentCache corgi:https://registry.npmjs.org/@babel%2fplugin-transform-template-literals set size:undefined disposed:false
3072 http fetch GET 200 https://registry.npmjs.org/babel-plugin-polyfill-regenerator 687ms (cache miss)
3073 silly packumentCache corgi:https://registry.npmjs.org/babel-plugin-polyfill-regenerator set size:undefined disposed:false
3074 http fetch GET 200 https://registry.npmjs.org/babel-plugin-polyfill-corejs3 693ms (cache miss)
3075 silly packumentCache corgi:https://registry.npmjs.org/babel-plugin-polyfill-corejs3 set size:undefined disposed:false
3076 http fetch GET 200 https://registry.npmjs.org/@babel%2fplugin-transform-typeof-symbol 699ms (cache miss)
3077 silly packumentCache corgi:https://registry.npmjs.org/@babel%2fplugin-transform-typeof-symbol set size:undefined disposed:false
3078 http fetch GET 200 https://registry.npmjs.org/@babel%2fplugin-transform-unicode-regex 707ms (cache miss)
3079 silly packumentCache corgi:https://registry.npmjs.org/@babel%2fplugin-transform-unicode-regex set size:undefined disposed:false
3080 http fetch GET 200 https://registry.npmjs.org/@babel%2fplugin-transform-sticky-regex 714ms (cache miss)
3081 silly packumentCache corgi:https://registry.npmjs.org/@babel%2fplugin-transform-sticky-regex set size:undefined disposed:false
3082 http fetch GET 200 https://registry.npmjs.org/@babel%2fregister 721ms (cache miss)
3083 silly packumentCache corgi:https://registry.npmjs.org/@babel%2fregister set size:undefined disposed:false
3084 http fetch GET 200 https://registry.npmjs.org/babel-preset-jest 742ms (cache miss)
3085 silly packumentCache corgi:https://registry.npmjs.org/babel-preset-jest set size:undefined disposed:false
3086 http fetch GET 200 https://registry.npmjs.org/@jest%2ftransform 755ms (cache miss)
3087 silly packumentCache corgi:https://registry.npmjs.org/@jest%2ftransform set size:undefined disposed:false
3088 http fetch GET 200 https://registry.npmjs.org/babel-jest 771ms (cache miss)
3089 silly packumentCache corgi:https://registry.npmjs.org/babel-jest set size:undefined disposed:false
3090 http fetch GET 200 https://registry.npmjs.org/jest-config 791ms (cache miss)
3091 silly packumentCache corgi:https://registry.npmjs.org/jest-config set size:undefined disposed:false
3092 silly packumentCache corgi:https://registry.npmjs.org/tsconfig-paths cache-miss
3093 http fetch GET 200 https://registry.npmjs.org/tsconfig-paths 58ms (cache miss)
3094 silly packumentCache corgi:https://registry.npmjs.org/tsconfig-paths set size:undefined disposed:false
3095 silly packumentCache corgi:https://registry.npmjs.org/aria-query cache-miss
3096 silly packumentCache corgi:https://registry.npmjs.org/css-jss cache-miss
3097 silly packumentCache corgi:https://registry.npmjs.org/css-vendor cache-miss
3098 silly packumentCache corgi:https://registry.npmjs.org/eslint-plugin-jsx-a11y cache-miss
3099 silly packumentCache corgi:https://registry.npmjs.org/jss cache-miss
3100 silly packumentCache corgi:https://registry.npmjs.org/jss-plugin-camel-case cache-miss
3101 silly packumentCache corgi:https://registry.npmjs.org/jss-plugin-compose cache-miss
3102 silly packumentCache corgi:https://registry.npmjs.org/jss-plugin-default-unit cache-miss
3103 silly packumentCache corgi:https://registry.npmjs.org/jss-plugin-expand cache-miss
3104 silly packumentCache corgi:https://registry.npmjs.org/jss-plugin-extend cache-miss
3105 silly packumentCache corgi:https://registry.npmjs.org/jss-plugin-global cache-miss
3106 silly packumentCache corgi:https://registry.npmjs.org/jss-plugin-nested cache-miss
3107 silly packumentCache corgi:https://registry.npmjs.org/jss-plugin-props-sort cache-miss
3108 silly packumentCache corgi:https://registry.npmjs.org/jss-plugin-rule-value-function cache-miss
3109 silly packumentCache corgi:https://registry.npmjs.org/jss-plugin-rule-value-observable cache-miss
3110 silly packumentCache corgi:https://registry.npmjs.org/jss-plugin-template cache-miss
3111 silly packumentCache corgi:https://registry.npmjs.org/jss-plugin-vendor-prefixer cache-miss
3112 silly packumentCache corgi:https://registry.npmjs.org/jss-preset-default cache-miss
3113 silly packumentCache corgi:https://registry.npmjs.org/react-jss cache-miss
3114 silly packumentCache corgi:https://registry.npmjs.org/regenerator-transform cache-miss
3115 http fetch GET 200 https://registry.npmjs.org/aria-query 70ms (cache miss)
3116 silly packumentCache corgi:https://registry.npmjs.org/aria-query set size:undefined disposed:false
3117 http fetch GET 200 https://registry.npmjs.org/css-vendor 73ms (cache miss)
3118 silly packumentCache corgi:https://registry.npmjs.org/css-vendor set size:undefined disposed:false
3119 http fetch GET 200 https://registry.npmjs.org/jss-plugin-expand 119ms (cache miss)
3120 silly packumentCache corgi:https://registry.npmjs.org/jss-plugin-expand set size:undefined disposed:false
3121 http fetch GET 200 https://registry.npmjs.org/jss 131ms (cache miss)
3122 silly packumentCache corgi:https://registry.npmjs.org/jss set size:undefined disposed:false
3123 http fetch GET 200 https://registry.npmjs.org/css-jss 139ms (cache miss)
3124 silly packumentCache corgi:https://registry.npmjs.org/css-jss set size:undefined disposed:false
3125 http fetch GET 200 https://registry.npmjs.org/jss-plugin-compose 141ms (cache miss)
3126 silly packumentCache corgi:https://registry.npmjs.org/jss-plugin-compose set size:undefined disposed:false
3127 http fetch GET 200 https://registry.npmjs.org/jss-plugin-camel-case 144ms (cache miss)
3128 silly packumentCache corgi:https://registry.npmjs.org/jss-plugin-camel-case set size:undefined disposed:false
3129 http fetch GET 200 https://registry.npmjs.org/jss-plugin-global 145ms (cache miss)
3130 silly packumentCache corgi:https://registry.npmjs.org/jss-plugin-global set size:undefined disposed:false
3131 http fetch GET 200 https://registry.npmjs.org/jss-plugin-rule-value-observable 146ms (cache miss)
3132 silly packumentCache corgi:https://registry.npmjs.org/jss-plugin-rule-value-observable set size:undefined disposed:false
3133 http fetch GET 200 https://registry.npmjs.org/jss-plugin-default-unit 151ms (cache miss)
3134 silly packumentCache corgi:https://registry.npmjs.org/jss-plugin-default-unit set size:undefined disposed:false
3135 http fetch GET 200 https://registry.npmjs.org/eslint-plugin-jsx-a11y 162ms (cache miss)
3136 silly packumentCache corgi:https://registry.npmjs.org/eslint-plugin-jsx-a11y set size:undefined disposed:false
3137 http fetch GET 200 https://registry.npmjs.org/jss-plugin-props-sort 165ms (cache miss)
3138 silly packumentCache corgi:https://registry.npmjs.org/jss-plugin-props-sort set size:undefined disposed:false
3139 http fetch GET 200 https://registry.npmjs.org/jss-plugin-nested 168ms (cache miss)
3140 silly packumentCache corgi:https://registry.npmjs.org/jss-plugin-nested set size:undefined disposed:false
3141 http fetch GET 200 https://registry.npmjs.org/jss-plugin-extend 170ms (cache miss)
3142 silly packumentCache corgi:https://registry.npmjs.org/jss-plugin-extend set size:undefined disposed:false
3143 http fetch GET 200 https://registry.npmjs.org/jss-plugin-template 170ms (cache miss)
3144 silly packumentCache corgi:https://registry.npmjs.org/jss-plugin-template set size:undefined disposed:false
3145 http fetch GET 200 https://registry.npmjs.org/jss-plugin-rule-value-function 173ms (cache miss)
3146 silly packumentCache corgi:https://registry.npmjs.org/jss-plugin-rule-value-function set size:undefined disposed:false
3147 http fetch GET 200 https://registry.npmjs.org/regenerator-transform 174ms (cache miss)
3148 silly packumentCache corgi:https://registry.npmjs.org/regenerator-transform set size:undefined disposed:false
3149 http fetch GET 200 https://registry.npmjs.org/jss-plugin-vendor-prefixer 180ms (cache miss)
3150 silly packumentCache corgi:https://registry.npmjs.org/jss-plugin-vendor-prefixer set size:undefined disposed:false
3151 http fetch GET 200 https://registry.npmjs.org/jss-preset-default 183ms (cache miss)
3152 silly packumentCache corgi:https://registry.npmjs.org/jss-preset-default set size:undefined disposed:false
3153 http fetch GET 200 https://registry.npmjs.org/react-jss 200ms (cache miss)
3154 silly packumentCache corgi:https://registry.npmjs.org/react-jss set size:undefined disposed:false
3155 silly packumentCache corgi:https://registry.npmjs.org/@babel%2fhelper-module-transforms cache-miss
3156 silly packumentCache corgi:https://registry.npmjs.org/@babel%2fhelper-replace-supers cache-miss
3157 silly packumentCache corgi:https://registry.npmjs.org/@babel%2fhelper-wrap-function cache-miss
3158 http fetch GET 200 https://registry.npmjs.org/@babel%2fhelper-wrap-function 344ms (cache miss)
3159 silly packumentCache corgi:https://registry.npmjs.org/@babel%2fhelper-wrap-function set size:undefined disposed:false
3160 http fetch GET 200 https://registry.npmjs.org/@babel%2fhelper-replace-supers 383ms (cache miss)
3161 silly packumentCache corgi:https://registry.npmjs.org/@babel%2fhelper-replace-supers set size:undefined disposed:false
3162 http fetch GET 200 https://registry.npmjs.org/@babel%2fhelper-module-transforms 396ms (cache miss)
3163 silly packumentCache corgi:https://registry.npmjs.org/@babel%2fhelper-module-transforms set size:undefined disposed:false
3164 silly packumentCache corgi:https://registry.npmjs.org/http-proxy-agent cache-miss
3165 http fetch GET 200 https://registry.npmjs.org/@babel/runtime-corejs3/-/runtime-corejs3-7.14.9.tgz 15336ms (cache miss)
3166 http fetch GET 200 https://registry.npmjs.org/http-proxy-agent 74ms (cache miss)
3167 silly packumentCache corgi:https://registry.npmjs.org/http-proxy-agent set size:undefined disposed:false
3168 silly packumentCache corgi:https://registry.npmjs.org/@eslint%2feslintrc cache-miss
3169 silly packumentCache corgi:https://registry.npmjs.org/ajv-keywords cache-miss
3170 silly packumentCache corgi:https://registry.npmjs.org/schema-utils cache-miss
3171 http fetch GET 200 https://registry.npmjs.org/ajv-keywords 87ms (cache miss)
3172 silly packumentCache corgi:https://registry.npmjs.org/ajv-keywords set size:undefined disposed:false
3173 http fetch GET 200 https://registry.npmjs.org/@eslint%2feslintrc 104ms (cache miss)
3174 silly packumentCache corgi:https://registry.npmjs.org/@eslint%2feslintrc set size:undefined disposed:false
3175 http fetch GET 200 https://registry.npmjs.org/schema-utils 111ms (cache miss)
3176 silly packumentCache corgi:https://registry.npmjs.org/schema-utils set size:undefined disposed:false
3177 silly packumentCache corgi:https://registry.npmjs.org/table cache-miss
3178 http fetch GET 200 https://registry.npmjs.org/@typescript-eslint/scope-manager/-/scope-manager-4.29.0.tgz 15547ms (cache miss)
3179 http fetch GET 200 https://registry.npmjs.org/table 49ms (cache miss)
3180 silly packumentCache corgi:https://registry.npmjs.org/table set size:undefined disposed:false
3181 silly packumentCache corgi:https://registry.npmjs.org/chokidar cache-miss
3182 http fetch GET 200 https://registry.npmjs.org/chokidar 76ms (cache miss)
3183 silly packumentCache corgi:https://registry.npmjs.org/chokidar set size:undefined disposed:false
3184 silly packumentCache corgi:https://registry.npmjs.org/cross-env cache-miss
3185 silly packumentCache corgi:https://registry.npmjs.org/execa cache-miss
3186 http fetch GET 200 https://registry.npmjs.org/cross-env 79ms (cache miss)
3187 silly packumentCache corgi:https://registry.npmjs.org/cross-env set size:undefined disposed:false
3188 http fetch GET 200 https://registry.npmjs.org/execa 83ms (cache miss)
3189 silly packumentCache corgi:https://registry.npmjs.org/execa set size:undefined disposed:false
3190 silly packumentCache corgi:https://registry.npmjs.org/flat-cache cache-miss
3191 http fetch GET 200 https://registry.npmjs.org/flat-cache 51ms (cache miss)
3192 silly packumentCache corgi:https://registry.npmjs.org/flat-cache set size:undefined disposed:false
3193 silly packumentCache corgi:https://registry.npmjs.org/jsdom cache-miss
3194 http fetch GET 200 https://registry.npmjs.org/jsdom 81ms (cache miss)
3195 silly packumentCache corgi:https://registry.npmjs.org/jsdom set size:undefined disposed:false
3196 silly packumentCache corgi:https://registry.npmjs.org/chai cache-miss
3197 silly packumentCache corgi:https://registry.npmjs.org/loupe cache-miss
3198 http fetch GET 200 https://registry.npmjs.org/ajv/-/ajv-8.6.2.tgz 15941ms (cache miss)
3199 http fetch GET 200 https://registry.npmjs.org/loupe 42ms (cache miss)
3200 silly packumentCache corgi:https://registry.npmjs.org/loupe set size:undefined disposed:false
3201 http fetch GET 200 https://registry.npmjs.org/chai 52ms (cache miss)
3202 silly packumentCache corgi:https://registry.npmjs.org/chai set size:undefined disposed:false
3203 silly packumentCache corgi:https://registry.npmjs.org/@istanbuljs%2fload-nyc-config cache-miss
3204 http fetch GET 200 https://registry.npmjs.org/webpack/-/webpack-5.74.0.tgz 16251ms (cache miss)
3205 http fetch GET 200 https://registry.npmjs.org/@istanbuljs%2fload-nyc-config 80ms (cache miss)
3206 silly packumentCache corgi:https://registry.npmjs.org/@istanbuljs%2fload-nyc-config set size:undefined disposed:false
3207 silly packumentCache corgi:https://registry.npmjs.org/babel-types cache-miss
3208 silly packumentCache corgi:https://registry.npmjs.org/whatwg-url cache-miss
3209 http fetch GET 200 https://registry.npmjs.org/babel-types 60ms (cache miss)
3210 silly packumentCache corgi:https://registry.npmjs.org/babel-types set size:undefined disposed:false
3211 http fetch GET 200 https://registry.npmjs.org/whatwg-url 64ms (cache miss)
3212 silly packumentCache corgi:https://registry.npmjs.org/whatwg-url set size:undefined disposed:false
3213 silly packumentCache corgi:https://registry.npmjs.org/@jest%2fcore cache-miss
3214 silly packumentCache corgi:https://registry.npmjs.org/fast-glob cache-miss
3215 silly packumentCache corgi:https://registry.npmjs.org/jest-haste-map cache-miss
3216 silly packumentCache corgi:https://registry.npmjs.org/jest-message-util cache-miss
3217 http fetch GET 200 https://registry.npmjs.org/fast-glob 69ms (cache revalidated)
3218 silly packumentCache corgi:https://registry.npmjs.org/fast-glob set size:86036 disposed:false
3219 http fetch GET 200 https://registry.npmjs.org/jest-message-util 110ms (cache miss)
3220 silly packumentCache corgi:https://registry.npmjs.org/jest-message-util set size:undefined disposed:false
3221 http fetch GET 200 https://registry.npmjs.org/@jest%2fcore 140ms (cache miss)
3222 silly packumentCache corgi:https://registry.npmjs.org/@jest%2fcore set size:undefined disposed:false
3223 http fetch GET 200 https://registry.npmjs.org/jest-haste-map 153ms (cache miss)
3224 silly packumentCache corgi:https://registry.npmjs.org/jest-haste-map set size:undefined disposed:false
3225 http fetch GET 200 https://registry.npmjs.org/jsdom/-/jsdom-16.7.0.tgz 16480ms (cache miss)
3226 silly packumentCache corgi:https://registry.npmjs.org/@humanwhocodes%2fconfig-array cache-miss
3227 silly packumentCache corgi:https://registry.npmjs.org/eslint-plugin-import cache-miss
3228 silly packumentCache corgi:https://registry.npmjs.org/eslint-plugin-react cache-miss
3229 silly packumentCache corgi:https://registry.npmjs.org/glob cache-miss
3230 silly packumentCache corgi:https://registry.npmjs.org/test-exclude cache-miss
3231 http fetch GET 200 https://registry.npmjs.org/typescript/-/typescript-4.7.4.tgz 16567ms (cache miss)
3232 http fetch GET 200 https://registry.npmjs.org/es-abstract/-/es-abstract-1.18.5.tgz 16467ms (cache miss)
3233 http fetch GET 200 https://registry.npmjs.org/glob 50ms (cache revalidated)
3234 silly packumentCache corgi:https://registry.npmjs.org/glob set size:199194 disposed:false
3235 http fetch GET 200 https://registry.npmjs.org/@humanwhocodes%2fconfig-array 64ms (cache miss)
3236 silly packumentCache corgi:https://registry.npmjs.org/@humanwhocodes%2fconfig-array set size:undefined disposed:false
3237 http fetch GET 200 https://registry.npmjs.org/test-exclude 78ms (cache miss)
3238 silly packumentCache corgi:https://registry.npmjs.org/test-exclude set size:undefined disposed:false
3239 http fetch GET 200 https://registry.npmjs.org/eslint-plugin-import 95ms (cache miss)
3240 silly packumentCache corgi:https://registry.npmjs.org/eslint-plugin-import set size:undefined disposed:false
3241 http fetch GET 200 https://registry.npmjs.org/eslint-plugin-react 126ms (cache miss)
3242 silly packumentCache corgi:https://registry.npmjs.org/eslint-plugin-react set size:undefined disposed:false
3243 silly packumentCache corgi:https://registry.npmjs.org/eslint-config-next cache-miss
3244 silly packumentCache corgi:https://registry.npmjs.org/nextjs-progressbar cache-miss
3245 http fetch GET 200 https://registry.npmjs.org/nextjs-progressbar 54ms (cache miss)
3246 silly packumentCache corgi:https://registry.npmjs.org/nextjs-progressbar set size:undefined disposed:false
3247 http fetch GET 200 https://registry.npmjs.org/eslint-config-next 260ms (cache miss)
3248 silly packumentCache corgi:https://registry.npmjs.org/eslint-config-next set size:undefined disposed:false
3249 silly packumentCache corgi:https://registry.npmjs.org/parse-domain cache-miss
3250 http fetch GET 200 https://registry.npmjs.org/caniuse-lite/-/caniuse-lite-1.0.30001378.tgz 16980ms (cache miss)
3251 http fetch GET 200 https://registry.npmjs.org/parse-domain 201ms (cache miss)
3252 silly packumentCache corgi:https://registry.npmjs.org/parse-domain set size:undefined disposed:false
3253 silly packumentCache corgi:https://registry.npmjs.org/anymatch cache-miss
3254 silly packumentCache corgi:https://registry.npmjs.org/jest-util cache-miss
3255 silly packumentCache corgi:https://registry.npmjs.org/readdirp cache-miss
3256 http fetch GET 200 https://registry.npmjs.org/anymatch 60ms (cache miss)
3257 silly packumentCache corgi:https://registry.npmjs.org/anymatch set size:undefined disposed:false
3258 http fetch GET 200 https://registry.npmjs.org/readdirp 66ms (cache miss)
3259 silly packumentCache corgi:https://registry.npmjs.org/readdirp set size:undefined disposed:false
3260 http fetch GET 200 https://registry.npmjs.org/jest-util 74ms (cache miss)
3261 silly packumentCache corgi:https://registry.npmjs.org/jest-util set size:undefined disposed:false
3262 silly packumentCache corgi:https://registry.npmjs.org/terser-webpack-plugin cache-miss
3263 http fetch GET 200 https://registry.npmjs.org/es-abstract/-/es-abstract-1.19.1.tgz 17324ms (cache miss)
3264 http fetch GET 200 https://registry.npmjs.org/es-abstract/-/es-abstract-1.19.1.tgz 17344ms (cache miss)
3265 http fetch GET 200 https://registry.npmjs.org/es-abstract/-/es-abstract-1.19.1.tgz 17345ms (cache miss)
3266 http fetch GET 200 https://registry.npmjs.org/terser-webpack-plugin 76ms (cache miss)
3267 silly packumentCache corgi:https://registry.npmjs.org/terser-webpack-plugin set size:undefined disposed:false
3268 silly packumentCache corgi:https://registry.npmjs.org/fetch-cookie cache-miss
3269 http fetch GET 200 https://registry.npmjs.org/fetch-cookie 62ms (cache miss)
3270 silly packumentCache corgi:https://registry.npmjs.org/fetch-cookie set size:undefined disposed:false
3271 silly packumentCache corgi:https://registry.npmjs.org/expose-loader cache-miss
3272 http fetch GET 200 https://registry.npmjs.org/expose-loader 218ms (cache miss)
3273 silly packumentCache corgi:https://registry.npmjs.org/expose-loader set size:undefined disposed:false
3274 silly packumentCache corgi:https://registry.npmjs.org/optionator cache-miss
3275 http fetch GET 200 https://registry.npmjs.org/optionator 35ms (cache miss)
3276 silly packumentCache corgi:https://registry.npmjs.org/optionator set size:undefined disposed:false
3277 silly packumentCache corgi:https://registry.npmjs.org/@microsoft%2fsignalr cache-miss
3278 http fetch GET 200 https://registry.npmjs.org/@microsoft%2fsignalr 83ms (cache miss)
3279 silly packumentCache corgi:https://registry.npmjs.org/@microsoft%2fsignalr set size:undefined disposed:false
3280 silly packumentCache corgi:https://registry.npmjs.org/jest-environment-jsdom cache-miss
3281 http fetch GET 200 https://registry.npmjs.org/jest-environment-jsdom 61ms (cache miss)
3282 silly packumentCache corgi:https://registry.npmjs.org/jest-environment-jsdom set size:undefined disposed:false
3283 silly packumentCache corgi:https://registry.npmjs.org/jest-runner cache-miss
3284 http fetch GET 200 https://registry.npmjs.org/jest-runner 238ms (cache miss)
3285 silly packumentCache corgi:https://registry.npmjs.org/jest-runner set size:undefined disposed:false
3286 silly packumentCache corgi:https://registry.npmjs.org/jest-cli cache-miss
3287 http fetch GET 200 https://registry.npmjs.org/jest-cli 267ms (cache miss)
3288 silly packumentCache corgi:https://registry.npmjs.org/jest-cli set size:undefined disposed:false
3289 silly packumentCache corgi:https://registry.npmjs.org/jest cache-miss
3290 http fetch GET 200 https://registry.npmjs.org/core-js/-/core-js-2.6.12.tgz 18806ms (cache miss)
3291 warn deprecated core-js@2.6.12: core-js@<3.4 is no longer maintained and not recommended for usage due to the number of issues. Because of the V8 engine whims, feature detection in old core-js versions could cause a slowdown up to 100x even if nothing is polyfilled. Please, upgrade your dependencies to the actual version of core-js.
3292 http fetch GET 200 https://registry.npmjs.org/jest 237ms (cache miss)
3293 silly packumentCache corgi:https://registry.npmjs.org/jest set size:undefined disposed:false
3294 http fetch GET 200 https://registry.npmjs.org/core-js-pure/-/core-js-pure-3.16.0.tgz 19357ms (cache miss)
3295 http fetch GET 200 https://registry.npmjs.org/next/-/next-12.1.0.tgz 20701ms (cache miss)
3296 info run core-js@2.6.12 postinstall node_modules/core-js node -e "try{require('./postinstall')}catch(e){}"
3297 info run core-js@2.6.12 postinstall { code: 0, signal: null }
3298 info run core-js-pure@3.16.0 postinstall node_modules/core-js-pure node -e "try{require('./postinstall')}catch(e){}"
3299 info run core-js-pure@3.16.0 postinstall { code: 0, signal: null }
3300 silly ADD node_modules/yargs-parser
3301 silly ADD node_modules/yargs
3302 silly ADD node_modules/yallist
3303 silly ADD node_modules/y18n
3304 silly ADD node_modules/xmlchars
3305 silly ADD node_modules/xml-name-validator
3306 silly ADD node_modules/ws
3307 silly ADD node_modules/write-file-atomic
3308 silly ADD node_modules/wrappy
3309 silly ADD node_modules/wrap-ansi
3310 silly ADD node_modules/wrap-ansi/node_modules/color-name
3311 silly ADD node_modules/wrap-ansi/node_modules/color-convert
3312 silly ADD node_modules/wrap-ansi/node_modules/ansi-styles
3313 silly ADD node_modules/word-wrap
3314 silly ADD node_modules/which-boxed-primitive
3315 silly ADD node_modules/which
3316 silly ADD node_modules/whatwg-url
3317 silly ADD node_modules/whatwg-mimetype
3318 silly ADD node_modules/whatwg-encoding
3319 silly ADD node_modules/whatwg-encoding/node_modules/iconv-lite
3320 silly ADD node_modules/webpack-sources
3321 silly ADD node_modules/webpack
3322 silly ADD node_modules/webpack/node_modules/acorn-import-assertions
3323 silly ADD node_modules/webpack/node_modules/acorn
3324 silly ADD node_modules/webidl-conversions
3325 silly ADD node_modules/web-streams-polyfill
3326 silly ADD node_modules/watchpack
3327 silly ADD node_modules/walker
3328 silly ADD node_modules/w3c-xmlserializer
3329 silly ADD node_modules/w3c-hr-time
3330 silly ADD node_modules/validate-npm-package-license
3331 silly ADD node_modules/v8-to-istanbul
3332 silly ADD node_modules/v8-to-istanbul/node_modules/source-map
3333 silly ADD node_modules/v8-compile-cache
3334 silly ADD node_modules/use-subscription
3335 silly ADD node_modules/uri-js
3336 silly ADD node_modules/update-browserslist-db
3337 silly ADD node_modules/unstated-next
3338 silly ADD node_modules/universalify
3339 silly ADD node_modules/unicode-property-aliases-ecmascript
3340 silly ADD node_modules/unicode-match-property-value-ecmascript
3341 silly ADD node_modules/unicode-match-property-ecmascript
3342 silly ADD node_modules/unicode-canonical-property-names-ecmascript
3343 silly ADD node_modules/unbox-primitive
3344 silly ADD node_modules/typescript
3345 silly ADD node_modules/typedarray-to-buffer
3346 silly ADD node_modules/type-detect
3347 silly ADD node_modules/type-check
3348 silly ADD node_modules/tsutils
3349 silly ADD node_modules/tslib
3350 silly ADD node_modules/tsconfig-paths
3351 silly ADD node_modules/tsconfig-paths/node_modules/json5
3352 silly ADD node_modules/tr46
3353 silly ADD node_modules/tough-cookie
3354 silly ADD node_modules/to-regex-range
3355 silly ADD node_modules/to-fast-properties
3356 silly ADD node_modules/tmpl
3357 silly ADD node_modules/tiny-warning
3358 silly ADD node_modules/throat
3359 silly ADD node_modules/theming
3360 silly ADD node_modules/text-table
3361 silly ADD node_modules/test-exclude
3362 silly ADD node_modules/terser-webpack-plugin
3363 silly ADD node_modules/terser
3364 silly ADD node_modules/terser/node_modules/acorn
3365 silly ADD node_modules/terminal-link
3366 silly ADD node_modules/tapable
3367 silly ADD node_modules/table
3368 silly ADD node_modules/table/node_modules/json-schema-traverse
3369 silly ADD node_modules/table/node_modules/ajv
3370 silly ADD node_modules/symbol-tree
3371 silly ADD node_modules/symbol-observable
3372 silly ADD node_modules/supports-hyperlinks
3373 silly ADD node_modules/supports-hyperlinks/node_modules/supports-color
3374 silly ADD node_modules/supports-hyperlinks/node_modules/has-flag
3375 silly ADD node_modules/supports-color
3376 silly ADD node_modules/styled-jsx
3377 silly ADD node_modules/strip-json-comments
3378 silly ADD node_modules/strip-final-newline
3379 silly ADD node_modules/strip-bom
3380 silly ADD node_modules/strip-ansi
3381 silly ADD node_modules/string.prototype.trimstart
3382 silly ADD node_modules/string.prototype.trimend
3383 silly ADD node_modules/string.prototype.trim
3384 silly ADD node_modules/string.prototype.trim/node_modules/es-abstract
3385 silly ADD node_modules/string.prototype.matchall
3386 silly ADD node_modules/string-width
3387 silly ADD node_modules/string-length
3388 silly ADD node_modules/stack-utils
3389 silly ADD node_modules/stack-utils/node_modules/escape-string-regexp
3390 silly ADD node_modules/sprintf-js
3391 silly ADD node_modules/spdx-license-ids
3392 silly ADD node_modules/spdx-expression-parse
3393 silly ADD node_modules/spdx-exceptions
3394 silly ADD node_modules/spdx-correct
3395 silly ADD node_modules/source-map-support
3396 silly ADD node_modules/source-map-support/node_modules/source-map
3397 silly ADD node_modules/source-map-js
3398 silly ADD node_modules/slice-ansi
3399 silly ADD node_modules/slice-ansi/node_modules/color-name
3400 silly ADD node_modules/slice-ansi/node_modules/color-convert
3401 silly ADD node_modules/slice-ansi/node_modules/ansi-styles
3402 silly ADD node_modules/slash
3403 silly ADD node_modules/sisteransi
3404 silly ADD node_modules/signal-exit
3405 silly ADD node_modules/side-channel
3406 silly ADD node_modules/shebang-regex
3407 silly ADD node_modules/shebang-command
3408 silly ADD node_modules/shallow-equal
3409 silly ADD node_modules/shallow-clone
3410 silly ADD node_modules/serialize-javascript
3411 silly ADD node_modules/semver
3412 silly ADD node_modules/schema-utils
3413 silly ADD node_modules/scheduler
3414 silly ADD node_modules/saxes
3415 silly ADD node_modules/safer-buffer
3416 silly ADD node_modules/safe-buffer
3417 silly ADD node_modules/run-parallel
3418 silly ADD node_modules/rst-selector-parser
3419 silly ADD node_modules/rimraf
3420 silly ADD node_modules/reusify
3421 silly ADD node_modules/ret
3422 silly ADD node_modules/resolve.exports
3423 silly ADD node_modules/resolve-from
3424 silly ADD node_modules/resolve-cwd
3425 silly ADD node_modules/resolve-cwd/node_modules/resolve-from
3426 silly ADD node_modules/resolve
3427 silly ADD node_modules/require-from-string
3428 silly ADD node_modules/require-directory
3429 silly ADD node_modules/regjsparser
3430 silly ADD node_modules/regjsparser/node_modules/jsesc
3431 silly ADD node_modules/regjsgen
3432 silly ADD node_modules/regexpu-core
3433 silly ADD node_modules/regexpp
3434 silly ADD node_modules/regexp.prototype.flags
3435 silly ADD node_modules/regenerator-transform
3436 silly ADD node_modules/regenerator-runtime
3437 silly ADD node_modules/regenerate-unicode-properties
3438 silly ADD node_modules/regenerate
3439 silly ADD node_modules/readdirp
3440 silly ADD node_modules/read-pkg-up
3441 silly ADD node_modules/read-pkg-up/node_modules/path-exists
3442 silly ADD node_modules/read-pkg-up/node_modules/p-try
3443 silly ADD node_modules/read-pkg-up/node_modules/p-locate
3444 silly ADD node_modules/read-pkg-up/node_modules/p-limit
3445 silly ADD node_modules/read-pkg-up/node_modules/locate-path
3446 silly ADD node_modules/read-pkg-up/node_modules/find-up
3447 silly ADD node_modules/read-pkg
3448 silly ADD node_modules/read-pkg/node_modules/path-type
3449 silly ADD node_modules/react-shallow-renderer
3450 silly ADD node_modules/react-jss
3451 silly ADD node_modules/react-is
3452 silly ADD node_modules/react-dom
3453 silly ADD node_modules/react-display-name
3454 silly ADD node_modules/react
3455 silly ADD node_modules/randombytes
3456 silly ADD node_modules/randexp
3457 silly ADD node_modules/railroad-diagrams
3458 silly ADD node_modules/raf
3459 silly ADD node_modules/queue-microtask
3460 silly ADD node_modules/punycode
3461 silly ADD node_modules/psl
3462 silly ADD node_modules/prop-types
3463 silly ADD node_modules/prop-types/node_modules/react-is
3464 silly ADD node_modules/prompts
3465 silly ADD node_modules/progress
3466 silly ADD node_modules/pretty-format
3467 silly ADD node_modules/pretty-format/node_modules/ansi-styles
3468 silly ADD node_modules/prelude-ls
3469 silly ADD node_modules/postcss
3470 silly ADD node_modules/pkg-up
3471 silly ADD node_modules/pkg-up/node_modules/path-exists
3472 silly ADD node_modules/pkg-up/node_modules/p-try
3473 silly ADD node_modules/pkg-up/node_modules/p-locate
3474 silly ADD node_modules/pkg-up/node_modules/p-limit
3475 silly ADD node_modules/pkg-up/node_modules/locate-path
3476 silly ADD node_modules/pkg-up/node_modules/find-up
3477 silly ADD node_modules/pkg-dir
3478 silly ADD node_modules/pirates
3479 silly ADD node_modules/pify
3480 silly ADD node_modules/picomatch
3481 silly ADD node_modules/picocolors
3482 silly ADD node_modules/performance-now
3483 silly ADD node_modules/pathval
3484 silly ADD node_modules/path-type
3485 silly ADD node_modules/path-parse
3486 silly ADD node_modules/path-key
3487 silly ADD node_modules/path-is-absolute
3488 silly ADD node_modules/path-exists
3489 silly ADD node_modules/parse5-htmlparser2-tree-adapter
3490 silly ADD node_modules/parse5
3491 silly ADD node_modules/parse-json
3492 silly ADD node_modules/parse-domain
3493 silly ADD node_modules/parse-domain/node_modules/node-fetch
3494 silly ADD node_modules/parse-domain/node_modules/data-uri-to-buffer
3495 silly ADD node_modules/parent-module
3496 silly ADD node_modules/p-try
3497 silly ADD node_modules/p-locate
3498 silly ADD node_modules/p-locate/node_modules/p-limit
3499 silly ADD node_modules/optionator
3500 silly ADD node_modules/onetime
3501 silly ADD node_modules/once
3502 silly ADD node_modules/object.values
3503 silly ADD node_modules/object.fromentries
3504 silly ADD node_modules/object.entries
3505 silly ADD node_modules/object.assign
3506 silly ADD node_modules/object-keys
3507 silly ADD node_modules/object-is
3508 silly ADD node_modules/object-inspect
3509 silly ADD node_modules/object-assign
3510 silly ADD node_modules/nwsapi
3511 silly ADD node_modules/nth-check
3512 silly ADD node_modules/nprogress
3513 silly ADD node_modules/npm-run-path
3514 silly ADD node_modules/normalize-path
3515 silly ADD node_modules/normalize-package-data
3516 silly ADD node_modules/normalize-package-data/node_modules/semver
3517 silly ADD node_modules/node-releases
3518 silly ADD node_modules/node-int64
3519 silly ADD node_modules/node-fetch
3520 silly ADD node_modules/node-domexception
3521 silly ADD node_modules/nextjs-progressbar
3522 silly ADD node_modules/next
3523 silly ADD node_modules/neo-async
3524 silly ADD node_modules/nearley
3525 silly ADD node_modules/natural-compare
3526 silly ADD node_modules/nanoid
3527 silly ADD node_modules/ms
3528 silly ADD node_modules/moo
3529 silly ADD node_modules/minimist
3530 silly ADD node_modules/minimatch
3531 silly ADD node_modules/mimic-fn
3532 silly ADD node_modules/mime-types
3533 silly ADD node_modules/mime-db
3534 silly ADD node_modules/micromatch
3535 silly ADD node_modules/merge2
3536 silly ADD node_modules/merge-stream
3537 silly ADD node_modules/makeerror
3538 silly ADD node_modules/make-dir
3539 silly ADD node_modules/lru-cache
3540 silly ADD node_modules/loupe
3541 silly ADD node_modules/loose-envify
3542 silly ADD node_modules/lodash.truncate
3543 silly ADD node_modules/lodash.once
3544 silly ADD node_modules/lodash.merge
3545 silly ADD node_modules/lodash.isstring
3546 silly ADD node_modules/lodash.isplainobject
3547 silly ADD node_modules/lodash.isnumber
3548 silly ADD node_modules/lodash.isinteger
3549 silly ADD node_modules/lodash.isequal
3550 silly ADD node_modules/lodash.isboolean
3551 silly ADD node_modules/lodash.includes
3552 silly ADD node_modules/lodash.flattendeep
3553 silly ADD node_modules/lodash.escape
3554 silly ADD node_modules/lodash.debounce
3555 silly ADD node_modules/lodash.clonedeep
3556 silly ADD node_modules/lodash
3557 silly ADD node_modules/locate-path
3558 silly ADD node_modules/loader-runner
3559 silly ADD node_modules/load-json-file
3560 silly ADD node_modules/levn
3561 silly ADD node_modules/leven
3562 silly ADD node_modules/language-tags
3563 silly ADD node_modules/language-subtag-registry
3564 silly ADD node_modules/kleur
3565 silly ADD node_modules/kind-of
3566 silly ADD node_modules/jws
3567 silly ADD node_modules/jwa
3568 silly ADD node_modules/jsx-ast-utils
3569 silly ADD node_modules/jss-preset-default
3570 silly ADD node_modules/jss-plugin-vendor-prefixer
3571 silly ADD node_modules/jss-plugin-template
3572 silly ADD node_modules/jss-plugin-rule-value-observable
3573 silly ADD node_modules/jss-plugin-rule-value-function
3574 silly ADD node_modules/jss-plugin-props-sort
3575 silly ADD node_modules/jss-plugin-nested
3576 silly ADD node_modules/jss-plugin-global
3577 silly ADD node_modules/jss-plugin-extend
3578 silly ADD node_modules/jss-plugin-expand
3579 silly ADD node_modules/jss-plugin-default-unit
3580 silly ADD node_modules/jss-plugin-compose
3581 silly ADD node_modules/jss-plugin-camel-case
3582 silly ADD node_modules/jss
3583 silly ADD node_modules/jsonwebtoken
3584 silly ADD node_modules/jsonwebtoken/node_modules/semver
3585 silly ADD node_modules/jsonwebtoken/node_modules/ms
3586 silly ADD node_modules/json-stable-stringify-without-jsonify
3587 silly ADD node_modules/json-schema-traverse
3588 silly ADD node_modules/json-parse-even-better-errors
3589 silly ADD node_modules/json-parse-better-errors
3590 silly ADD node_modules/jsesc
3591 silly ADD node_modules/jsdom
3592 silly ADD node_modules/jsdom/node_modules/whatwg-url
3593 silly ADD node_modules/jsdom/node_modules/webidl-conversions
3594 silly ADD node_modules/jsdom/node_modules/tr46
3595 silly ADD node_modules/jsdom/node_modules/acorn
3596 silly ADD node_modules/js-yaml
3597 silly ADD node_modules/js-tokens
3598 silly ADD node_modules/jest-worker
3599 silly ADD node_modules/jest-worker/node_modules/supports-color
3600 silly ADD node_modules/jest-worker/node_modules/has-flag
3601 silly ADD node_modules/jest-watcher
3602 silly ADD node_modules/jest-watcher/node_modules/supports-color
3603 silly ADD node_modules/jest-watcher/node_modules/has-flag
3604 silly ADD node_modules/jest-watcher/node_modules/color-name
3605 silly ADD node_modules/jest-watcher/node_modules/color-convert
3606 silly ADD node_modules/jest-watcher/node_modules/chalk
3607 silly ADD node_modules/jest-watcher/node_modules/ansi-styles
3608 silly ADD node_modules/jest-validate
3609 silly ADD node_modules/jest-validate/node_modules/supports-color
3610 silly ADD node_modules/jest-validate/node_modules/has-flag
3611 silly ADD node_modules/jest-validate/node_modules/color-name
3612 silly ADD node_modules/jest-validate/node_modules/color-convert
3613 silly ADD node_modules/jest-validate/node_modules/chalk
3614 silly ADD node_modules/jest-validate/node_modules/ansi-styles
3615 silly ADD node_modules/jest-util
3616 silly ADD node_modules/jest-util/node_modules/supports-color
3617 silly ADD node_modules/jest-util/node_modules/has-flag
3618 silly ADD node_modules/jest-util/node_modules/color-name
3619 silly ADD node_modules/jest-util/node_modules/color-convert
3620 silly ADD node_modules/jest-util/node_modules/chalk
3621 silly ADD node_modules/jest-util/node_modules/ansi-styles
3622 silly ADD node_modules/jest-snapshot
3623 silly ADD node_modules/jest-snapshot/node_modules/supports-color
3624 silly ADD node_modules/jest-snapshot/node_modules/semver
3625 silly ADD node_modules/jest-snapshot/node_modules/has-flag
3626 silly ADD node_modules/jest-snapshot/node_modules/color-name
3627 silly ADD node_modules/jest-snapshot/node_modules/color-convert
3628 silly ADD node_modules/jest-snapshot/node_modules/chalk
3629 silly ADD node_modules/jest-snapshot/node_modules/ansi-styles
3630 silly ADD node_modules/jest-serializer
3631 silly ADD node_modules/jest-runtime
3632 silly ADD node_modules/jest-runtime/node_modules/supports-color
3633 silly ADD node_modules/jest-runtime/node_modules/strip-bom
3634 silly ADD node_modules/jest-runtime/node_modules/has-flag
3635 silly ADD node_modules/jest-runtime/node_modules/color-name
3636 silly ADD node_modules/jest-runtime/node_modules/color-convert
3637 silly ADD node_modules/jest-runtime/node_modules/chalk
3638 silly ADD node_modules/jest-runtime/node_modules/ansi-styles
3639 silly ADD node_modules/jest-runner
3640 silly ADD node_modules/jest-runner/node_modules/supports-color
3641 silly ADD node_modules/jest-runner/node_modules/has-flag
3642 silly ADD node_modules/jest-runner/node_modules/color-name
3643 silly ADD node_modules/jest-runner/node_modules/color-convert
3644 silly ADD node_modules/jest-runner/node_modules/chalk
3645 silly ADD node_modules/jest-runner/node_modules/ansi-styles
3646 silly ADD node_modules/jest-resolve-dependencies
3647 silly ADD node_modules/jest-resolve
3648 silly ADD node_modules/jest-resolve/node_modules/supports-color
3649 silly ADD node_modules/jest-resolve/node_modules/has-flag
3650 silly ADD node_modules/jest-resolve/node_modules/color-name
3651 silly ADD node_modules/jest-resolve/node_modules/color-convert
3652 silly ADD node_modules/jest-resolve/node_modules/chalk
3653 silly ADD node_modules/jest-resolve/node_modules/ansi-styles
3654 silly ADD node_modules/jest-regex-util
3655 silly ADD node_modules/jest-pnp-resolver
3656 silly ADD node_modules/jest-mock
3657 silly ADD node_modules/jest-message-util
3658 silly ADD node_modules/jest-message-util/node_modules/has-flag
3659 silly ADD node_modules/jest-message-util/node_modules/color-name
3660 silly ADD node_modules/jest-message-util/node_modules/color-convert
3661 silly ADD node_modules/jest-message-util/node_modules/chalk
3662 silly ADD node_modules/jest-message-util/node_modules/chalk/node_modules/supports-color
3663 silly ADD node_modules/jest-message-util/node_modules/chalk/node_modules/ansi-styles
3664 silly ADD node_modules/jest-message-util/node_modules/@babel/highlight
3665 silly ADD node_modules/jest-message-util/node_modules/@babel/highlight/node_modules/chalk
3666 silly ADD node_modules/jest-message-util/node_modules/@babel/helper-validator-identifier
3667 silly ADD node_modules/jest-message-util/node_modules/@babel/code-frame
3668 silly ADD node_modules/jest-matcher-utils
3669 silly ADD node_modules/jest-matcher-utils/node_modules/supports-color
3670 silly ADD node_modules/jest-matcher-utils/node_modules/has-flag
3671 silly ADD node_modules/jest-matcher-utils/node_modules/color-name
3672 silly ADD node_modules/jest-matcher-utils/node_modules/color-convert
3673 silly ADD node_modules/jest-matcher-utils/node_modules/chalk
3674 silly ADD node_modules/jest-matcher-utils/node_modules/ansi-styles
3675 silly ADD node_modules/jest-leak-detector
3676 silly ADD node_modules/jest-jasmine2
3677 silly ADD node_modules/jest-jasmine2/node_modules/supports-color
3678 silly ADD node_modules/jest-jasmine2/node_modules/has-flag
3679 silly ADD node_modules/jest-jasmine2/node_modules/color-name
3680 silly ADD node_modules/jest-jasmine2/node_modules/color-convert
3681 silly ADD node_modules/jest-jasmine2/node_modules/chalk
3682 silly ADD node_modules/jest-jasmine2/node_modules/ansi-styles
3683 silly ADD node_modules/jest-haste-map
3684 silly ADD node_modules/jest-get-type
3685 silly ADD node_modules/jest-environment-node
3686 silly ADD node_modules/jest-environment-jsdom
3687 silly ADD node_modules/jest-each
3688 silly ADD node_modules/jest-each/node_modules/supports-color
3689 silly ADD node_modules/jest-each/node_modules/has-flag
3690 silly ADD node_modules/jest-each/node_modules/color-name
3691 silly ADD node_modules/jest-each/node_modules/color-convert
3692 silly ADD node_modules/jest-each/node_modules/chalk
3693 silly ADD node_modules/jest-each/node_modules/ansi-styles
3694 silly ADD node_modules/jest-docblock
3695 silly ADD node_modules/jest-diff
3696 silly ADD node_modules/jest-diff/node_modules/supports-color
3697 silly ADD node_modules/jest-diff/node_modules/has-flag
3698 silly ADD node_modules/jest-diff/node_modules/color-name
3699 silly ADD node_modules/jest-diff/node_modules/color-convert
3700 silly ADD node_modules/jest-diff/node_modules/chalk
3701 silly ADD node_modules/jest-diff/node_modules/ansi-styles
3702 silly ADD node_modules/jest-config
3703 silly ADD node_modules/jest-config/node_modules/supports-color
3704 silly ADD node_modules/jest-config/node_modules/has-flag
3705 silly ADD node_modules/jest-config/node_modules/color-name
3706 silly ADD node_modules/jest-config/node_modules/color-convert
3707 silly ADD node_modules/jest-config/node_modules/chalk
3708 silly ADD node_modules/jest-config/node_modules/ansi-styles
3709 silly ADD node_modules/jest-circus
3710 silly ADD node_modules/jest-circus/node_modules/supports-color
3711 silly ADD node_modules/jest-circus/node_modules/has-flag
3712 silly ADD node_modules/jest-circus/node_modules/color-name
3713 silly ADD node_modules/jest-circus/node_modules/color-convert
3714 silly ADD node_modules/jest-circus/node_modules/chalk
3715 silly ADD node_modules/jest-circus/node_modules/ansi-styles
3716 silly ADD node_modules/jest-changed-files
3717 silly ADD node_modules/jest
3718 silly ADD node_modules/jest/node_modules/supports-color
3719 silly ADD node_modules/jest/node_modules/jest-cli
3720 silly ADD node_modules/jest/node_modules/has-flag
3721 silly ADD node_modules/jest/node_modules/color-name
3722 silly ADD node_modules/jest/node_modules/color-convert
3723 silly ADD node_modules/jest/node_modules/chalk
3724 silly ADD node_modules/jest/node_modules/ansi-styles
3725 silly ADD node_modules/istanbul-reports
3726 silly ADD node_modules/istanbul-lib-source-maps
3727 silly ADD node_modules/istanbul-lib-source-maps/node_modules/source-map
3728 silly ADD node_modules/istanbul-lib-source-maps/node_modules/ms
3729 silly ADD node_modules/istanbul-lib-source-maps/node_modules/debug
3730 silly ADD node_modules/istanbul-lib-report
3731 silly ADD node_modules/istanbul-lib-report/node_modules/supports-color
3732 silly ADD node_modules/istanbul-lib-report/node_modules/has-flag
3733 silly ADD node_modules/istanbul-lib-instrument
3734 silly ADD node_modules/istanbul-lib-coverage
3735 silly ADD node_modules/isobject
3736 silly ADD node_modules/isexe
3737 silly ADD node_modules/is-weakref
3738 silly ADD node_modules/is-typedarray
3739 silly ADD node_modules/is-symbol
3740 silly ADD node_modules/is-subset
3741 silly ADD node_modules/is-string
3742 silly ADD node_modules/is-stream
3743 silly ADD node_modules/is-shared-array-buffer
3744 silly ADD node_modules/is-regex
3745 silly ADD node_modules/is-potential-custom-element-name
3746 silly ADD node_modules/is-plain-object
3747 silly ADD node_modules/is-number-object
3748 silly ADD node_modules/is-number
3749 silly ADD node_modules/is-negative-zero
3750 silly ADD node_modules/is-ip
3751 silly ADD node_modules/is-in-browser
3752 silly ADD node_modules/is-glob
3753 silly ADD node_modules/is-generator-fn
3754 silly ADD node_modules/is-fullwidth-code-point
3755 silly ADD node_modules/is-extglob
3756 silly ADD node_modules/is-date-object
3757 silly ADD node_modules/is-core-module
3758 silly ADD node_modules/is-callable
3759 silly ADD node_modules/is-boolean-object
3760 silly ADD node_modules/is-binary-path
3761 silly ADD node_modules/is-bigint
3762 silly ADD node_modules/is-arrayish
3763 silly ADD node_modules/ip-regex
3764 silly ADD node_modules/internal-slot
3765 silly ADD node_modules/inherits
3766 silly ADD node_modules/inflight
3767 silly ADD node_modules/imurmurhash
3768 silly ADD node_modules/import-local
3769 silly ADD node_modules/import-fresh
3770 silly ADD node_modules/ignore
3771 silly ADD node_modules/hyphenate-style-name
3772 silly ADD node_modules/human-signals
3773 silly ADD node_modules/https-proxy-agent
3774 silly ADD node_modules/https-proxy-agent/node_modules/ms
3775 silly ADD node_modules/https-proxy-agent/node_modules/debug
3776 silly ADD node_modules/http-proxy-agent
3777 silly ADD node_modules/http-proxy-agent/node_modules/ms
3778 silly ADD node_modules/http-proxy-agent/node_modules/debug
3779 silly ADD node_modules/htmlparser2
3780 silly ADD node_modules/html-escaper
3781 silly ADD node_modules/html-encoding-sniffer
3782 silly ADD node_modules/html-element-map
3783 silly ADD node_modules/hosted-git-info
3784 silly ADD node_modules/hoist-non-react-statics
3785 silly ADD node_modules/hoist-non-react-statics/node_modules/react-is
3786 silly ADD node_modules/has-tostringtag
3787 silly ADD node_modules/has-symbols
3788 silly ADD node_modules/has-flag
3789 silly ADD node_modules/has-bigints
3790 silly ADD node_modules/has
3791 silly ADD node_modules/graceful-fs
3792 silly ADD node_modules/globby
3793 silly ADD node_modules/globby/node_modules/ignore
3794 silly ADD node_modules/globals
3795 silly ADD node_modules/globals/node_modules/type-fest
3796 silly ADD node_modules/glob-to-regexp
3797 silly ADD node_modules/glob-parent
3798 silly ADD node_modules/glob
3799 silly ADD node_modules/get-symbol-description
3800 silly ADD node_modules/get-stream
3801 silly ADD node_modules/get-package-type
3802 silly ADD node_modules/get-intrinsic
3803 silly ADD node_modules/get-func-name
3804 silly ADD node_modules/get-caller-file
3805 silly ADD node_modules/gensync
3806 silly ADD node_modules/functions-have-names
3807 silly ADD node_modules/functional-red-black-tree
3808 silly ADD node_modules/function.prototype.name
3809 silly ADD node_modules/function.prototype.name/node_modules/es-abstract
3810 silly ADD node_modules/function-bind
3811 silly ADD node_modules/fs.realpath
3812 silly ADD node_modules/fs-readdir-recursive
3813 silly ADD node_modules/formdata-polyfill
3814 silly ADD node_modules/form-data
3815 silly ADD node_modules/follow-redirects
3816 silly ADD node_modules/flatted
3817 silly ADD node_modules/flat-cache
3818 silly ADD node_modules/find-up
3819 silly ADD node_modules/fill-range
3820 silly ADD node_modules/file-entry-cache
3821 silly ADD node_modules/fetch-cookie
3822 silly ADD node_modules/fetch-blob
3823 silly ADD node_modules/fb-watchman
3824 silly ADD node_modules/fastq
3825 silly ADD node_modules/fast-levenshtein
3826 silly ADD node_modules/fast-json-stable-stringify
3827 silly ADD node_modules/fast-glob
3828 silly ADD node_modules/fast-deep-equal
3829 silly ADD node_modules/expose-loader
3830 silly ADD node_modules/expect
3831 silly ADD node_modules/exit
3832 silly ADD node_modules/execa
3833 silly ADD node_modules/eventsource
3834 silly ADD node_modules/events
3835 silly ADD node_modules/event-target-shim
3836 silly ADD node_modules/esutils
3837 silly ADD node_modules/estraverse
3838 silly ADD node_modules/esrecurse
3839 silly ADD node_modules/esrecurse/node_modules/estraverse
3840 silly ADD node_modules/esquery
3841 silly ADD node_modules/esquery/node_modules/estraverse
3842 silly ADD node_modules/esprima
3843 silly ADD node_modules/espree
3844 silly ADD node_modules/espree/node_modules/eslint-visitor-keys
3845 silly ADD node_modules/eslint-visitor-keys
3846 silly ADD node_modules/eslint-utils
3847 silly ADD node_modules/eslint-utils/node_modules/eslint-visitor-keys
3848 silly ADD node_modules/eslint-scope
3849 silly ADD node_modules/eslint-plugin-react-hooks
3850 silly ADD node_modules/eslint-plugin-react
3851 silly ADD node_modules/eslint-plugin-react/node_modules/resolve
3852 silly ADD node_modules/eslint-plugin-react/node_modules/doctrine
3853 silly ADD node_modules/eslint-plugin-jsx-a11y
3854 silly ADD node_modules/eslint-plugin-jsx-a11y/node_modules/emoji-regex
3855 silly ADD node_modules/eslint-plugin-import
3856 silly ADD node_modules/eslint-plugin-import/node_modules/path-exists
3857 silly ADD node_modules/eslint-plugin-import/node_modules/p-try
3858 silly ADD node_modules/eslint-plugin-import/node_modules/p-locate
3859 silly ADD node_modules/eslint-plugin-import/node_modules/p-limit
3860 silly ADD node_modules/eslint-plugin-import/node_modules/locate-path
3861 silly ADD node_modules/eslint-plugin-import/node_modules/find-up
3862 silly ADD node_modules/eslint-plugin-import/node_modules/doctrine
3863 silly ADD node_modules/eslint-module-utils
3864 silly ADD node_modules/eslint-module-utils/node_modules/pkg-dir
3865 silly ADD node_modules/eslint-module-utils/node_modules/path-exists
3866 silly ADD node_modules/eslint-module-utils/node_modules/p-try
3867 silly ADD node_modules/eslint-module-utils/node_modules/p-locate
3868 silly ADD node_modules/eslint-module-utils/node_modules/p-limit
3869 silly ADD node_modules/eslint-module-utils/node_modules/ms
3870 silly ADD node_modules/eslint-module-utils/node_modules/locate-path
3871 silly ADD node_modules/eslint-module-utils/node_modules/find-up
3872 silly ADD node_modules/eslint-module-utils/node_modules/debug
3873 silly ADD node_modules/eslint-import-resolver-typescript
3874 silly ADD node_modules/eslint-import-resolver-typescript/node_modules/ms
3875 silly ADD node_modules/eslint-import-resolver-typescript/node_modules/debug
3876 silly ADD node_modules/eslint-import-resolver-node
3877 silly ADD node_modules/eslint-config-next
3878 silly ADD node_modules/eslint
3879 silly ADD node_modules/eslint/node_modules/supports-color
3880 silly ADD node_modules/eslint/node_modules/semver
3881 silly ADD node_modules/eslint/node_modules/ms
3882 silly ADD node_modules/eslint/node_modules/has-flag
3883 silly ADD node_modules/eslint/node_modules/escape-string-regexp
3884 silly ADD node_modules/eslint/node_modules/debug
3885 silly ADD node_modules/eslint/node_modules/color-name
3886 silly ADD node_modules/eslint/node_modules/color-convert
3887 silly ADD node_modules/eslint/node_modules/chalk
3888 silly ADD node_modules/eslint/node_modules/ansi-styles
3889 silly ADD node_modules/escodegen
3890 silly ADD node_modules/escodegen/node_modules/type-check
3891 silly ADD node_modules/escodegen/node_modules/source-map
3892 silly ADD node_modules/escodegen/node_modules/prelude-ls
3893 silly ADD node_modules/escodegen/node_modules/optionator
3894 silly ADD node_modules/escodegen/node_modules/levn
3895 silly ADD node_modules/escodegen/node_modules/estraverse
3896 silly ADD node_modules/escape-string-regexp
3897 silly ADD node_modules/escalade
3898 silly ADD node_modules/es-to-primitive
3899 silly ADD node_modules/es-module-lexer
3900 silly ADD node_modules/es-array-method-boxes-properly
3901 silly ADD node_modules/es-abstract
3902 silly ADD node_modules/error-ex
3903 silly ADD node_modules/enzyme-shallow-equal
3904 silly ADD node_modules/enzyme
3905 silly ADD node_modules/entities
3906 silly ADD node_modules/enquirer
3907 silly ADD node_modules/enhanced-resolve
3908 silly ADD node_modules/emoji-regex
3909 silly ADD node_modules/emittery
3910 silly ADD node_modules/electron-to-chromium
3911 silly ADD node_modules/ecdsa-sig-formatter
3912 silly ADD node_modules/domutils
3913 silly ADD node_modules/domhandler
3914 silly ADD node_modules/domexception
3915 silly ADD node_modules/domexception/node_modules/webidl-conversions
3916 silly ADD node_modules/domelementtype
3917 silly ADD node_modules/dom-serializer
3918 silly ADD node_modules/doctrine
3919 silly ADD node_modules/discontinuous-range
3920 silly ADD node_modules/dir-glob
3921 silly ADD node_modules/diff-sequences
3922 silly ADD node_modules/detect-newline
3923 silly ADD node_modules/delayed-stream
3924 silly ADD node_modules/define-properties
3925 silly ADD node_modules/deepmerge
3926 silly ADD node_modules/deep-is
3927 silly ADD node_modules/deep-eql
3928 silly ADD node_modules/dedent
3929 silly ADD node_modules/decimal.js
3930 silly ADD node_modules/debug
3931 silly ADD node_modules/dayjs
3932 silly ADD node_modules/data-urls
3933 silly ADD node_modules/data-urls/node_modules/whatwg-url
3934 silly ADD node_modules/data-urls/node_modules/webidl-conversions
3935 silly ADD node_modules/data-urls/node_modules/tr46
3936 silly ADD node_modules/damerau-levenshtein
3937 silly ADD node_modules/csstype
3938 silly ADD node_modules/cssstyle
3939 silly ADD node_modules/cssstyle/node_modules/cssom
3940 silly ADD node_modules/cssom
3941 silly ADD node_modules/css-what
3942 silly ADD node_modules/css-vendor
3943 silly ADD node_modules/css-select
3944 silly ADD node_modules/css-jss
3945 silly ADD node_modules/cross-spawn
3946 silly ADD node_modules/cross-env
3947 silly ADD node_modules/core-js-pure
3948 silly ADD node_modules/core-js-compat
3949 silly ADD node_modules/core-js-compat/node_modules/semver
3950 silly ADD node_modules/core-js
3951 silly ADD node_modules/convert-source-map
3952 silly ADD node_modules/convert-source-map/node_modules/safe-buffer
3953 silly ADD node_modules/concat-map
3954 silly ADD node_modules/commondir
3955 silly ADD node_modules/commander
3956 silly ADD node_modules/combined-stream
3957 silly ADD node_modules/color-name
3958 silly ADD node_modules/color-convert
3959 silly ADD node_modules/collect-v8-coverage
3960 silly ADD node_modules/co
3961 silly ADD node_modules/clone-deep
3962 silly ADD node_modules/cliui
3963 silly ADD node_modules/cjs-module-lexer
3964 silly ADD node_modules/ci-info
3965 silly ADD node_modules/chrome-trace-event
3966 silly ADD node_modules/chokidar
3967 silly ADD node_modules/cheerio-select
3968 silly ADD node_modules/cheerio
3969 silly ADD node_modules/cheerio/node_modules/tslib
3970 silly ADD node_modules/check-error
3971 silly ADD node_modules/char-regex
3972 silly ADD node_modules/chalk
3973 silly ADD node_modules/chai
3974 silly ADD node_modules/caniuse-lite
3975 silly ADD node_modules/camelcase
3976 silly ADD node_modules/callsites
3977 silly ADD node_modules/call-bind
3978 silly ADD node_modules/buffer-from
3979 silly ADD node_modules/buffer-equal-constant-time
3980 silly ADD node_modules/bser
3981 silly ADD node_modules/browserslist
3982 silly ADD node_modules/browser-process-hrtime
3983 silly ADD node_modules/braces
3984 silly ADD node_modules/brace-expansion
3985 silly ADD node_modules/bootstrap
3986 silly ADD node_modules/boolbase
3987 silly ADD node_modules/binary-extensions
3988 silly ADD node_modules/balanced-match
3989 silly ADD node_modules/babel-types
3990 silly ADD node_modules/babel-types/node_modules/to-fast-properties
3991 silly ADD node_modules/babel-runtime
3992 silly ADD node_modules/babel-runtime/node_modules/regenerator-runtime
3993 silly ADD node_modules/babel-preset-react
3994 silly ADD node_modules/babel-preset-jest
3995 silly ADD node_modules/babel-preset-flow
3996 silly ADD node_modules/babel-preset-current-node-syntax
3997 silly ADD node_modules/babel-polyfill
3998 silly ADD node_modules/babel-polyfill/node_modules/regenerator-runtime
3999 silly ADD node_modules/babel-plugin-transform-react-jsx-source
4000 silly ADD node_modules/babel-plugin-transform-react-jsx-self
4001 silly ADD node_modules/babel-plugin-transform-react-jsx
4002 silly ADD node_modules/babel-plugin-transform-react-display-name
4003 silly ADD node_modules/babel-plugin-transform-flow-strip-types
4004 silly ADD node_modules/babel-plugin-syntax-jsx
4005 silly ADD node_modules/babel-plugin-syntax-flow
4006 silly ADD node_modules/babel-plugin-polyfill-regenerator
4007 silly ADD node_modules/babel-plugin-polyfill-corejs3
4008 silly ADD node_modules/babel-plugin-polyfill-corejs2
4009 silly ADD node_modules/babel-plugin-jest-hoist
4010 silly ADD node_modules/babel-plugin-istanbul
4011 silly ADD node_modules/babel-plugin-dynamic-import-node
4012 silly ADD node_modules/babel-jest
4013 silly ADD node_modules/babel-jest/node_modules/supports-color
4014 silly ADD node_modules/babel-jest/node_modules/has-flag
4015 silly ADD node_modules/babel-jest/node_modules/color-name
4016 silly ADD node_modules/babel-jest/node_modules/color-convert
4017 silly ADD node_modules/babel-jest/node_modules/chalk
4018 silly ADD node_modules/babel-jest/node_modules/ansi-styles
4019 silly ADD node_modules/babel-helper-builder-react-jsx
4020 silly ADD node_modules/babel
4021 silly ADD node_modules/axobject-query
4022 silly ADD node_modules/axios
4023 silly ADD node_modules/axe-core
4024 silly ADD node_modules/asynckit
4025 silly ADD node_modules/astral-regex
4026 silly ADD node_modules/ast-types-flow
4027 silly ADD node_modules/assertion-error
4028 silly ADD node_modules/array.prototype.flatmap
4029 silly ADD node_modules/array.prototype.flat
4030 silly ADD node_modules/array.prototype.filter
4031 silly ADD node_modules/array.prototype.filter/node_modules/es-abstract
4032 silly ADD node_modules/array-union
4033 silly ADD node_modules/array-includes
4034 silly ADD node_modules/aria-query
4035 silly ADD node_modules/argparse
4036 silly ADD node_modules/anymatch
4037 silly ADD node_modules/ansi-styles
4038 silly ADD node_modules/ansi-regex
4039 silly ADD node_modules/ansi-escapes
4040 silly ADD node_modules/ansi-escapes/node_modules/type-fest
4041 silly ADD node_modules/ansi-colors
4042 silly ADD node_modules/ajv-keywords
4043 silly ADD node_modules/ajv
4044 silly ADD node_modules/agent-base
4045 silly ADD node_modules/agent-base/node_modules/ms
4046 silly ADD node_modules/agent-base/node_modules/debug
4047 silly ADD node_modules/acorn-walk
4048 silly ADD node_modules/acorn-jsx
4049 silly ADD node_modules/acorn-globals
4050 silly ADD node_modules/acorn
4051 silly ADD node_modules/abort-controller
4052 silly ADD node_modules/abab
4053 silly ADD node_modules/@xtuc/long
4054 silly ADD node_modules/@xtuc/ieee754
4055 silly ADD node_modules/@wojtekmaj/enzyme-adapter-utils
4056 silly ADD node_modules/@wojtekmaj/enzyme-adapter-react-17
4057 silly ADD node_modules/@wojtekmaj/enzyme-adapter-react-17/node_modules/react-test-renderer
4058 silly ADD node_modules/@webassemblyjs/wast-printer
4059 silly ADD node_modules/@webassemblyjs/wasm-parser
4060 silly ADD node_modules/@webassemblyjs/wasm-opt
4061 silly ADD node_modules/@webassemblyjs/wasm-gen
4062 silly ADD node_modules/@webassemblyjs/wasm-edit
4063 silly ADD node_modules/@webassemblyjs/utf8
4064 silly ADD node_modules/@webassemblyjs/leb128
4065 silly ADD node_modules/@webassemblyjs/ieee754
4066 silly ADD node_modules/@webassemblyjs/helper-wasm-section
4067 silly ADD node_modules/@webassemblyjs/helper-wasm-bytecode
4068 silly ADD node_modules/@webassemblyjs/helper-numbers
4069 silly ADD node_modules/@webassemblyjs/helper-buffer
4070 silly ADD node_modules/@webassemblyjs/helper-api-error
4071 silly ADD node_modules/@webassemblyjs/floating-point-hex-parser
4072 silly ADD node_modules/@webassemblyjs/ast
4073 silly ADD node_modules/@typescript-eslint/visitor-keys
4074 silly ADD node_modules/@typescript-eslint/typescript-estree
4075 silly ADD node_modules/@typescript-eslint/typescript-estree/node_modules/semver
4076 silly ADD node_modules/@typescript-eslint/typescript-estree/node_modules/ms
4077 silly ADD node_modules/@typescript-eslint/typescript-estree/node_modules/debug
4078 silly ADD node_modules/@typescript-eslint/types
4079 silly ADD node_modules/@typescript-eslint/scope-manager
4080 silly ADD node_modules/@typescript-eslint/parser
4081 silly ADD node_modules/@typescript-eslint/parser/node_modules/ms
4082 silly ADD node_modules/@typescript-eslint/parser/node_modules/debug
4083 silly ADD node_modules/@types/yargs-parser
4084 silly ADD node_modules/@types/yargs
4085 silly ADD node_modules/@types/stack-utils
4086 silly ADD node_modules/@types/prettier
4087 silly ADD node_modules/@types/node
4088 silly ADD node_modules/@types/json-schema
4089 silly ADD node_modules/@types/jest
4090 silly ADD node_modules/@types/istanbul-reports
4091 silly ADD node_modules/@types/istanbul-lib-report
4092 silly ADD node_modules/@types/istanbul-lib-coverage
4093 silly ADD node_modules/@types/graceful-fs
4094 silly ADD node_modules/@types/estree
4095 silly ADD node_modules/@types/eslint-scope
4096 silly ADD node_modules/@types/eslint
4097 silly ADD node_modules/@types/babel__traverse
4098 silly ADD node_modules/@types/babel__template
4099 silly ADD node_modules/@types/babel__generator
4100 silly ADD node_modules/@types/babel__core
4101 silly ADD node_modules/@tootallnate/once
4102 silly ADD node_modules/@sinonjs/fake-timers
4103 silly ADD node_modules/@sinonjs/commons
4104 silly ADD node_modules/@rushstack/eslint-patch
4105 silly ADD node_modules/@popperjs/core
4106 silly ADD node_modules/@nodelib/fs.walk
4107 silly ADD node_modules/@nodelib/fs.stat
4108 silly ADD node_modules/@nodelib/fs.scandir
4109 silly ADD node_modules/@nicolo-ribaudo/chokidar-2
4110 silly ADD node_modules/@next/swc-win32-x64-msvc
4111 silly ADD node_modules/@next/eslint-plugin-next
4112 silly ADD node_modules/@next/env
4113 silly ADD node_modules/@microsoft/signalr
4114 silly ADD node_modules/@jridgewell/trace-mapping
4115 silly ADD node_modules/@jridgewell/sourcemap-codec
4116 silly ADD node_modules/@jridgewell/source-map
4117 silly ADD node_modules/@jridgewell/set-array
4118 silly ADD node_modules/@jridgewell/resolve-uri
4119 silly ADD node_modules/@jridgewell/gen-mapping
4120 silly ADD node_modules/@jest/types
4121 silly ADD node_modules/@jest/types/node_modules/supports-color
4122 silly ADD node_modules/@jest/types/node_modules/has-flag
4123 silly ADD node_modules/@jest/types/node_modules/color-name
4124 silly ADD node_modules/@jest/types/node_modules/color-convert
4125 silly ADD node_modules/@jest/types/node_modules/chalk
4126 silly ADD node_modules/@jest/types/node_modules/ansi-styles
4127 silly ADD node_modules/@jest/transform
4128 silly ADD node_modules/@jest/transform/node_modules/supports-color
4129 silly ADD node_modules/@jest/transform/node_modules/source-map
4130 silly ADD node_modules/@jest/transform/node_modules/has-flag
4131 silly ADD node_modules/@jest/transform/node_modules/color-name
4132 silly ADD node_modules/@jest/transform/node_modules/color-convert
4133 silly ADD node_modules/@jest/transform/node_modules/chalk
4134 silly ADD node_modules/@jest/transform/node_modules/ansi-styles
4135 silly ADD node_modules/@jest/test-sequencer
4136 silly ADD node_modules/@jest/test-result
4137 silly ADD node_modules/@jest/source-map
4138 silly ADD node_modules/@jest/source-map/node_modules/source-map
4139 silly ADD node_modules/@jest/reporters
4140 silly ADD node_modules/@jest/reporters/node_modules/supports-color
4141 silly ADD node_modules/@jest/reporters/node_modules/source-map
4142 silly ADD node_modules/@jest/reporters/node_modules/has-flag
4143 silly ADD node_modules/@jest/reporters/node_modules/color-name
4144 silly ADD node_modules/@jest/reporters/node_modules/color-convert
4145 silly ADD node_modules/@jest/reporters/node_modules/chalk
4146 silly ADD node_modules/@jest/reporters/node_modules/ansi-styles
4147 silly ADD node_modules/@jest/globals
4148 silly ADD node_modules/@jest/fake-timers
4149 silly ADD node_modules/@jest/environment
4150 silly ADD node_modules/@jest/core
4151 silly ADD node_modules/@jest/core/node_modules/supports-color
4152 silly ADD node_modules/@jest/core/node_modules/has-flag
4153 silly ADD node_modules/@jest/core/node_modules/color-name
4154 silly ADD node_modules/@jest/core/node_modules/color-convert
4155 silly ADD node_modules/@jest/core/node_modules/chalk
4156 silly ADD node_modules/@jest/core/node_modules/ansi-styles
4157 silly ADD node_modules/@jest/console
4158 silly ADD node_modules/@jest/console/node_modules/supports-color
4159 silly ADD node_modules/@jest/console/node_modules/has-flag
4160 silly ADD node_modules/@jest/console/node_modules/color-name
4161 silly ADD node_modules/@jest/console/node_modules/color-convert
4162 silly ADD node_modules/@jest/console/node_modules/chalk
4163 silly ADD node_modules/@jest/console/node_modules/ansi-styles
4164 silly ADD node_modules/@istanbuljs/schema
4165 silly ADD node_modules/@istanbuljs/load-nyc-config
4166 silly ADD node_modules/@istanbuljs/load-nyc-config/node_modules/resolve-from
4167 silly ADD node_modules/@istanbuljs/load-nyc-config/node_modules/camelcase
4168 silly ADD node_modules/@humanwhocodes/object-schema
4169 silly ADD node_modules/@humanwhocodes/config-array
4170 silly ADD node_modules/@humanwhocodes/config-array/node_modules/ms
4171 silly ADD node_modules/@humanwhocodes/config-array/node_modules/debug
4172 silly ADD node_modules/@eslint/eslintrc
4173 silly ADD node_modules/@eslint/eslintrc/node_modules/ms
4174 silly ADD node_modules/@eslint/eslintrc/node_modules/debug
4175 silly ADD node_modules/@emotion/memoize
4176 silly ADD node_modules/@emotion/is-prop-valid
4177 silly ADD node_modules/@bcoe/v8-coverage
4178 silly ADD node_modules/@babel/types
4179 silly ADD node_modules/@babel/traverse
4180 silly ADD node_modules/@babel/traverse/node_modules/ms
4181 silly ADD node_modules/@babel/traverse/node_modules/globals
4182 silly ADD node_modules/@babel/traverse/node_modules/debug
4183 silly ADD node_modules/@babel/traverse/node_modules/@babel/types
4184 silly ADD node_modules/@babel/traverse/node_modules/@babel/highlight
4185 silly ADD node_modules/@babel/traverse/node_modules/@babel/helper-validator-identifier
4186 silly ADD node_modules/@babel/traverse/node_modules/@babel/code-frame
4187 silly ADD node_modules/@babel/template
4188 silly ADD node_modules/@babel/template/node_modules/@babel/types
4189 silly ADD node_modules/@babel/template/node_modules/@babel/highlight
4190 silly ADD node_modules/@babel/template/node_modules/@babel/helper-validator-identifier
4191 silly ADD node_modules/@babel/template/node_modules/@babel/code-frame
4192 silly ADD node_modules/@babel/runtime-corejs3
4193 silly ADD node_modules/@babel/runtime
4194 silly ADD node_modules/@babel/register
4195 silly ADD node_modules/@babel/register/node_modules/semver
4196 silly ADD node_modules/@babel/register/node_modules/pkg-dir
4197 silly ADD node_modules/@babel/register/node_modules/pify
4198 silly ADD node_modules/@babel/register/node_modules/path-exists
4199 silly ADD node_modules/@babel/register/node_modules/p-locate
4200 silly ADD node_modules/@babel/register/node_modules/p-limit
4201 silly ADD node_modules/@babel/register/node_modules/make-dir
4202 silly ADD node_modules/@babel/register/node_modules/locate-path
4203 silly ADD node_modules/@babel/register/node_modules/find-up
4204 silly ADD node_modules/@babel/register/node_modules/find-cache-dir
4205 silly ADD node_modules/@babel/preset-modules
4206 silly ADD node_modules/@babel/preset-env
4207 silly ADD node_modules/@babel/preset-env/node_modules/@babel/types
4208 silly ADD node_modules/@babel/preset-env/node_modules/@babel/helper-validator-identifier
4209 silly ADD node_modules/@babel/preset-env/node_modules/@babel/helper-plugin-utils
4210 silly ADD node_modules/@babel/plugin-transform-unicode-regex
4211 silly ADD node_modules/@babel/plugin-transform-unicode-regex/node_modules/@babel/helper-plugin-utils
4212 silly ADD node_modules/@babel/plugin-transform-unicode-escapes
4213 silly ADD node_modules/@babel/plugin-transform-unicode-escapes/node_modules/@babel/helper-plugin-utils
4214 silly ADD node_modules/@babel/plugin-transform-typeof-symbol
4215 silly ADD node_modules/@babel/plugin-transform-typeof-symbol/node_modules/@babel/helper-plugin-utils
4216 silly ADD node_modules/@babel/plugin-transform-template-literals
4217 silly ADD node_modules/@babel/plugin-transform-template-literals/node_modules/@babel/helper-plugin-utils
4218 silly ADD node_modules/@babel/plugin-transform-sticky-regex
4219 silly ADD node_modules/@babel/plugin-transform-sticky-regex/node_modules/@babel/helper-plugin-utils
4220 silly ADD node_modules/@babel/plugin-transform-spread
4221 silly ADD node_modules/@babel/plugin-transform-spread/node_modules/@babel/helper-plugin-utils
4222 silly ADD node_modules/@babel/plugin-transform-shorthand-properties
4223 silly ADD node_modules/@babel/plugin-transform-shorthand-properties/node_modules/@babel/helper-plugin-utils
4224 silly ADD node_modules/@babel/plugin-transform-reserved-words
4225 silly ADD node_modules/@babel/plugin-transform-reserved-words/node_modules/@babel/helper-plugin-utils
4226 silly ADD node_modules/@babel/plugin-transform-regenerator
4227 silly ADD node_modules/@babel/plugin-transform-property-literals
4228 silly ADD node_modules/@babel/plugin-transform-property-literals/node_modules/@babel/helper-plugin-utils
4229 silly ADD node_modules/@babel/plugin-transform-parameters
4230 silly ADD node_modules/@babel/plugin-transform-parameters/node_modules/@babel/helper-plugin-utils
4231 silly ADD node_modules/@babel/plugin-transform-object-super
4232 silly ADD node_modules/@babel/plugin-transform-object-super/node_modules/@babel/helper-plugin-utils
4233 silly ADD node_modules/@babel/plugin-transform-new-target
4234 silly ADD node_modules/@babel/plugin-transform-new-target/node_modules/@babel/helper-plugin-utils
4235 silly ADD node_modules/@babel/plugin-transform-named-capturing-groups-regex
4236 silly ADD node_modules/@babel/plugin-transform-modules-umd
4237 silly ADD node_modules/@babel/plugin-transform-modules-umd/node_modules/@babel/helper-plugin-utils
4238 silly ADD node_modules/@babel/plugin-transform-modules-systemjs
4239 silly ADD node_modules/@babel/plugin-transform-modules-systemjs/node_modules/@babel/helper-validator-identifier
4240 silly ADD node_modules/@babel/plugin-transform-modules-systemjs/node_modules/@babel/helper-plugin-utils
4241 silly ADD node_modules/@babel/plugin-transform-modules-commonjs
4242 silly ADD node_modules/@babel/plugin-transform-modules-commonjs/node_modules/@babel/helper-plugin-utils
4243 silly ADD node_modules/@babel/plugin-transform-modules-amd
4244 silly ADD node_modules/@babel/plugin-transform-modules-amd/node_modules/@babel/helper-plugin-utils
4245 silly ADD node_modules/@babel/plugin-transform-member-expression-literals
4246 silly ADD node_modules/@babel/plugin-transform-member-expression-literals/node_modules/@babel/helper-plugin-utils
4247 silly ADD node_modules/@babel/plugin-transform-literals
4248 silly ADD node_modules/@babel/plugin-transform-literals/node_modules/@babel/helper-plugin-utils
4249 silly ADD node_modules/@babel/plugin-transform-function-name
4250 silly ADD node_modules/@babel/plugin-transform-function-name/node_modules/@babel/helper-plugin-utils
4251 silly ADD node_modules/@babel/plugin-transform-for-of
4252 silly ADD node_modules/@babel/plugin-transform-for-of/node_modules/@babel/helper-plugin-utils
4253 silly ADD node_modules/@babel/plugin-transform-exponentiation-operator
4254 silly ADD node_modules/@babel/plugin-transform-exponentiation-operator/node_modules/@babel/helper-plugin-utils
4255 silly ADD node_modules/@babel/plugin-transform-duplicate-keys
4256 silly ADD node_modules/@babel/plugin-transform-duplicate-keys/node_modules/@babel/helper-plugin-utils
4257 silly ADD node_modules/@babel/plugin-transform-dotall-regex
4258 silly ADD node_modules/@babel/plugin-transform-dotall-regex/node_modules/@babel/helper-plugin-utils
4259 silly ADD node_modules/@babel/plugin-transform-destructuring
4260 silly ADD node_modules/@babel/plugin-transform-destructuring/node_modules/@babel/helper-plugin-utils
4261 silly ADD node_modules/@babel/plugin-transform-computed-properties
4262 silly ADD node_modules/@babel/plugin-transform-computed-properties/node_modules/@babel/helper-plugin-utils
4263 silly ADD node_modules/@babel/plugin-transform-classes
4264 silly ADD node_modules/@babel/plugin-transform-classes/node_modules/globals
4265 silly ADD node_modules/@babel/plugin-transform-classes/node_modules/@babel/helper-plugin-utils
4266 silly ADD node_modules/@babel/plugin-transform-block-scoping
4267 silly ADD node_modules/@babel/plugin-transform-block-scoping/node_modules/@babel/helper-plugin-utils
4268 silly ADD node_modules/@babel/plugin-transform-block-scoped-functions
4269 silly ADD node_modules/@babel/plugin-transform-block-scoped-functions/node_modules/@babel/helper-plugin-utils
4270 silly ADD node_modules/@babel/plugin-transform-async-to-generator
4271 silly ADD node_modules/@babel/plugin-transform-async-to-generator/node_modules/@babel/helper-plugin-utils
4272 silly ADD node_modules/@babel/plugin-transform-arrow-functions
4273 silly ADD node_modules/@babel/plugin-transform-arrow-functions/node_modules/@babel/helper-plugin-utils
4274 silly ADD node_modules/@babel/plugin-syntax-typescript
4275 silly ADD node_modules/@babel/plugin-syntax-typescript/node_modules/@babel/helper-plugin-utils
4276 silly ADD node_modules/@babel/plugin-syntax-top-level-await
4277 silly ADD node_modules/@babel/plugin-syntax-private-property-in-object
4278 silly ADD node_modules/@babel/plugin-syntax-optional-chaining
4279 silly ADD node_modules/@babel/plugin-syntax-optional-catch-binding
4280 silly ADD node_modules/@babel/plugin-syntax-object-rest-spread
4281 silly ADD node_modules/@babel/plugin-syntax-numeric-separator
4282 silly ADD node_modules/@babel/plugin-syntax-nullish-coalescing-operator
4283 silly ADD node_modules/@babel/plugin-syntax-logical-assignment-operators
4284 silly ADD node_modules/@babel/plugin-syntax-json-strings
4285 silly ADD node_modules/@babel/plugin-syntax-import-meta
4286 silly ADD node_modules/@babel/plugin-syntax-export-namespace-from
4287 silly ADD node_modules/@babel/plugin-syntax-dynamic-import
4288 silly ADD node_modules/@babel/plugin-syntax-class-static-block
4289 silly ADD node_modules/@babel/plugin-syntax-class-properties
4290 silly ADD node_modules/@babel/plugin-syntax-bigint
4291 silly ADD node_modules/@babel/plugin-syntax-async-generators
4292 silly ADD node_modules/@babel/plugin-proposal-unicode-property-regex
4293 silly ADD node_modules/@babel/plugin-proposal-unicode-property-regex/node_modules/@babel/helper-plugin-utils
4294 silly ADD node_modules/@babel/plugin-proposal-private-property-in-object
4295 silly ADD node_modules/@babel/plugin-proposal-private-property-in-object/node_modules/@babel/helper-plugin-utils
4296 silly ADD node_modules/@babel/plugin-proposal-private-methods
4297 silly ADD node_modules/@babel/plugin-proposal-private-methods/node_modules/@babel/helper-plugin-utils
4298 silly ADD node_modules/@babel/plugin-proposal-optional-chaining
4299 silly ADD node_modules/@babel/plugin-proposal-optional-chaining/node_modules/@babel/helper-plugin-utils
4300 silly ADD node_modules/@babel/plugin-proposal-optional-catch-binding
4301 silly ADD node_modules/@babel/plugin-proposal-optional-catch-binding/node_modules/@babel/helper-plugin-utils
4302 silly ADD node_modules/@babel/plugin-proposal-object-rest-spread
4303 silly ADD node_modules/@babel/plugin-proposal-object-rest-spread/node_modules/@babel/helper-plugin-utils
4304 silly ADD node_modules/@babel/plugin-proposal-numeric-separator
4305 silly ADD node_modules/@babel/plugin-proposal-numeric-separator/node_modules/@babel/helper-plugin-utils
4306 silly ADD node_modules/@babel/plugin-proposal-nullish-coalescing-operator
4307 silly ADD node_modules/@babel/plugin-proposal-nullish-coalescing-operator/node_modules/@babel/helper-plugin-utils
4308 silly ADD node_modules/@babel/plugin-proposal-logical-assignment-operators
4309 silly ADD node_modules/@babel/plugin-proposal-logical-assignment-operators/node_modules/@babel/helper-plugin-utils
4310 silly ADD node_modules/@babel/plugin-proposal-json-strings
4311 silly ADD node_modules/@babel/plugin-proposal-json-strings/node_modules/@babel/helper-plugin-utils
4312 silly ADD node_modules/@babel/plugin-proposal-export-namespace-from
4313 silly ADD node_modules/@babel/plugin-proposal-export-namespace-from/node_modules/@babel/helper-plugin-utils
4314 silly ADD node_modules/@babel/plugin-proposal-dynamic-import
4315 silly ADD node_modules/@babel/plugin-proposal-dynamic-import/node_modules/@babel/helper-plugin-utils
4316 silly ADD node_modules/@babel/plugin-proposal-class-static-block
4317 silly ADD node_modules/@babel/plugin-proposal-class-static-block/node_modules/@babel/helper-plugin-utils
4318 silly ADD node_modules/@babel/plugin-proposal-class-properties
4319 silly ADD node_modules/@babel/plugin-proposal-class-properties/node_modules/@babel/helper-plugin-utils
4320 silly ADD node_modules/@babel/plugin-proposal-async-generator-functions
4321 silly ADD node_modules/@babel/plugin-proposal-async-generator-functions/node_modules/@babel/helper-plugin-utils
4322 silly ADD node_modules/@babel/plugin-bugfix-v8-spread-parameters-in-optional-chaining
4323 silly ADD node_modules/@babel/plugin-bugfix-v8-spread-parameters-in-optional-chaining/node_modules/@babel/helper-plugin-utils
4324 silly ADD node_modules/@babel/plugin-bugfix-safari-id-destructuring-collision-in-function-expression
4325 silly ADD node_modules/@babel/plugin-bugfix-safari-id-destructuring-collision-in-function-expression/node_modules/@babel/helper-plugin-utils
4326 silly ADD node_modules/@babel/parser
4327 silly ADD node_modules/@babel/highlight
4328 silly ADD node_modules/@babel/helpers
4329 silly ADD node_modules/@babel/helpers/node_modules/@babel/types
4330 silly ADD node_modules/@babel/helpers/node_modules/@babel/helper-validator-identifier
4331 silly ADD node_modules/@babel/helper-wrap-function
4332 silly ADD node_modules/@babel/helper-wrap-function/node_modules/@babel/types
4333 silly ADD node_modules/@babel/helper-wrap-function/node_modules/@babel/helper-validator-identifier
4334 silly ADD node_modules/@babel/helper-validator-option
4335 silly ADD node_modules/@babel/helper-validator-identifier
4336 silly ADD node_modules/@babel/helper-split-export-declaration
4337 silly ADD node_modules/@babel/helper-split-export-declaration/node_modules/@babel/types
4338 silly ADD node_modules/@babel/helper-split-export-declaration/node_modules/@babel/helper-validator-identifier
4339 silly ADD node_modules/@babel/helper-skip-transparent-expression-wrappers
4340 silly ADD node_modules/@babel/helper-skip-transparent-expression-wrappers/node_modules/@babel/types
4341 silly ADD node_modules/@babel/helper-skip-transparent-expression-wrappers/node_modules/@babel/helper-validator-identifier
4342 silly ADD node_modules/@babel/helper-simple-access
4343 silly ADD node_modules/@babel/helper-simple-access/node_modules/@babel/types
4344 silly ADD node_modules/@babel/helper-simple-access/node_modules/@babel/helper-validator-identifier
4345 silly ADD node_modules/@babel/helper-replace-supers
4346 silly ADD node_modules/@babel/helper-replace-supers/node_modules/@babel/types
4347 silly ADD node_modules/@babel/helper-replace-supers/node_modules/@babel/helper-validator-identifier
4348 silly ADD node_modules/@babel/helper-remap-async-to-generator
4349 silly ADD node_modules/@babel/helper-remap-async-to-generator/node_modules/@babel/types
4350 silly ADD node_modules/@babel/helper-remap-async-to-generator/node_modules/@babel/helper-validator-identifier
4351 silly ADD node_modules/@babel/helper-plugin-utils
4352 silly ADD node_modules/@babel/helper-optimise-call-expression
4353 silly ADD node_modules/@babel/helper-optimise-call-expression/node_modules/@babel/types
4354 silly ADD node_modules/@babel/helper-optimise-call-expression/node_modules/@babel/helper-validator-identifier
4355 silly ADD node_modules/@babel/helper-module-transforms
4356 silly ADD node_modules/@babel/helper-module-transforms/node_modules/@babel/types
4357 silly ADD node_modules/@babel/helper-module-transforms/node_modules/@babel/helper-validator-identifier
4358 silly ADD node_modules/@babel/helper-module-imports
4359 silly ADD node_modules/@babel/helper-module-imports/node_modules/@babel/types
4360 silly ADD node_modules/@babel/helper-module-imports/node_modules/@babel/helper-validator-identifier
4361 silly ADD node_modules/@babel/helper-member-expression-to-functions
4362 silly ADD node_modules/@babel/helper-member-expression-to-functions/node_modules/@babel/types
4363 silly ADD node_modules/@babel/helper-member-expression-to-functions/node_modules/@babel/helper-validator-identifier
4364 silly ADD node_modules/@babel/helper-hoist-variables
4365 silly ADD node_modules/@babel/helper-hoist-variables/node_modules/@babel/types
4366 silly ADD node_modules/@babel/helper-hoist-variables/node_modules/@babel/helper-validator-identifier
4367 silly ADD node_modules/@babel/helper-get-function-arity
4368 silly ADD node_modules/@babel/helper-get-function-arity/node_modules/@babel/types
4369 silly ADD node_modules/@babel/helper-get-function-arity/node_modules/@babel/helper-validator-identifier
4370 silly ADD node_modules/@babel/helper-function-name
4371 silly ADD node_modules/@babel/helper-function-name/node_modules/@babel/types
4372 silly ADD node_modules/@babel/helper-function-name/node_modules/@babel/helper-validator-identifier
4373 silly ADD node_modules/@babel/helper-explode-assignable-expression
4374 silly ADD node_modules/@babel/helper-explode-assignable-expression/node_modules/@babel/types
4375 silly ADD node_modules/@babel/helper-explode-assignable-expression/node_modules/@babel/helper-validator-identifier
4376 silly ADD node_modules/@babel/helper-environment-visitor
4377 silly ADD node_modules/@babel/helper-environment-visitor/node_modules/@babel/types
4378 silly ADD node_modules/@babel/helper-environment-visitor/node_modules/@babel/helper-validator-identifier
4379 silly ADD node_modules/@babel/helper-define-polyfill-provider
4380 silly ADD node_modules/@babel/helper-define-polyfill-provider/node_modules/ms
4381 silly ADD node_modules/@babel/helper-define-polyfill-provider/node_modules/debug
4382 silly ADD node_modules/@babel/helper-create-regexp-features-plugin
4383 silly ADD node_modules/@babel/helper-create-class-features-plugin
4384 silly ADD node_modules/@babel/helper-compilation-targets
4385 silly ADD node_modules/@babel/helper-builder-binary-assignment-operator-visitor
4386 silly ADD node_modules/@babel/helper-builder-binary-assignment-operator-visitor/node_modules/@babel/types
4387 silly ADD node_modules/@babel/helper-builder-binary-assignment-operator-visitor/node_modules/@babel/helper-validator-identifier
4388 silly ADD node_modules/@babel/helper-annotate-as-pure
4389 silly ADD node_modules/@babel/helper-annotate-as-pure/node_modules/@babel/types
4390 silly ADD node_modules/@babel/helper-annotate-as-pure/node_modules/@babel/helper-validator-identifier
4391 silly ADD node_modules/@babel/generator
4392 silly ADD node_modules/@babel/generator/node_modules/source-map
4393 silly ADD node_modules/@babel/generator/node_modules/@babel/types
4394 silly ADD node_modules/@babel/generator/node_modules/@babel/helper-validator-identifier
4395 silly ADD node_modules/@babel/core
4396 silly ADD node_modules/@babel/core/node_modules/source-map
4397 silly ADD node_modules/@babel/core/node_modules/ms
4398 silly ADD node_modules/@babel/core/node_modules/json5
4399 silly ADD node_modules/@babel/core/node_modules/debug
4400 silly ADD node_modules/@babel/core/node_modules/@babel/types
4401 silly ADD node_modules/@babel/core/node_modules/@babel/highlight
4402 silly ADD node_modules/@babel/core/node_modules/@babel/helper-validator-identifier
4403 silly ADD node_modules/@babel/core/node_modules/@babel/code-frame
4404 silly ADD node_modules/@babel/compat-data
4405 silly ADD node_modules/@babel/code-frame
4406 silly ADD node_modules/@babel/cli
4407 silly ADD node_modules/@babel/cli/node_modules/source-map
4408 silly ADD node_modules/@babel/cli/node_modules/slash
4409 silly ADD node_modules/@babel/cli/node_modules/semver
4410 silly ADD node_modules/@babel/cli/node_modules/pify
4411 silly ADD node_modules/@babel/cli/node_modules/make-dir
4412 silly ADD node_modules/@babel/cli/node_modules/commander
4413 verbose cwd C:\Users\joshc\Downloads\economy-simulator\services\2016-roblox-main
4414 verbose os Windows_NT 10.0.26200
4415 verbose node v24.14.0
4416 verbose npm  v11.9.0
4417 verbose exit 0
4418 info ok
