0 verbose cli C:\Program Files\nodejs\node.exe C:\Program Files\nodejs\node_modules\npm\bin\npm-cli.js
1 info using npm@11.9.0
2 info using node@v24.14.0
3 silly config load:file:C:\Program Files\nodejs\node_modules\npm\npmrc
4 silly config load:file:C:\Users\joshc\Downloads\economy-simulator\services\api\.npmrc
5 silly config load:file:C:\Users\joshc\.npmrc
6 silly config load:file:C:\Users\joshc\AppData\Roaming\npm\etc\npmrc
7 verbose title npm ci
8 verbose argv "ci" "--cache" "C:\\Users\\joshc\\Downloads\\economy-simulator\\.npm-cache" "--foreground-scripts"
9 verbose logfile logs-max:10 dir:C:\Users\joshc\Downloads\economy-simulator\.npm-cache\_logs\2026-08-20T16_24_31_203Z-
10 verbose logfile C:\Users\joshc\Downloads\economy-simulator\.npm-cache\_logs\2026-08-20T16_24_31_203Z-debug-0.log
11 silly logfile done cleaning log files
12 silly packumentCache heap:4496293888 maxSize:1124073472 maxEntrySize:562036736
13 silly idealTree buildDeps
14 silly reify moves {}
15 silly audit bulk request {
15 silly audit   'ansi-styles': [ '4.3.0', '3.2.1' ],
15 silly audit   chalk: [ '4.1.0', '2.4.2' ],
15 silly audit   'color-convert': [ '2.0.1', '1.9.3' ],
15 silly audit   'color-name': [ '1.1.4', '1.1.3' ],
15 silly audit   'has-flag': [ '4.0.0', '3.0.0' ],
15 silly audit   'supports-color': [ '5.5.0', '7.2.0' ],
15 silly audit   '@babel/runtime': [ '7.13.9' ],
15 silly audit   '@calebboyd/semaphore': [ '1.3.1' ],
15 silly audit   ignore: [ '5.1.8' ],
15 silly audit   '@jimp/bmp': [ '0.16.1' ],
15 silly audit   '@jimp/core': [ '0.16.1' ],
15 silly audit   buffer: [ '5.7.1' ],
15 silly audit   'file-type': [
15 silly audit     '9.0.0',  '4.4.0',
15 silly audit     '5.2.0',  '6.2.0',
15 silly audit     '3.9.0',  '11.1.0',
15 silly audit     '16.5.0'
15 silly audit   ],
15 silly audit   mkdirp: [ '0.5.5', '1.0.4' ],
15 silly audit   '@jimp/custom': [ '0.16.1' ],
15 silly audit   '@jimp/gif': [ '0.16.1' ],
15 silly audit   '@jimp/jpeg': [ '0.16.1' ],
15 silly audit   '@jimp/plugin-blit': [ '0.16.1' ],
15 silly audit   '@jimp/plugin-blur': [ '0.16.1' ],
15 silly audit   '@jimp/plugin-circle': [ '0.16.1' ],
15 silly audit   '@jimp/plugin-color': [ '0.16.1' ],
15 silly audit   '@jimp/plugin-contain': [ '0.16.1' ],
15 silly audit   '@jimp/plugin-cover': [ '0.16.1' ],
15 silly audit   '@jimp/plugin-crop': [ '0.16.1' ],
15 silly audit   '@jimp/plugin-displace': [ '0.16.1' ],
15 silly audit   '@jimp/plugin-dither': [ '0.16.1' ],
15 silly audit   '@jimp/plugin-fisheye': [ '0.16.1' ],
15 silly audit   '@jimp/plugin-flip': [ '0.16.1' ],
15 silly audit   '@jimp/plugin-gaussian': [ '0.16.1' ],
15 silly audit   '@jimp/plugin-invert': [ '0.16.1' ],
15 silly audit   '@jimp/plugin-mask': [ '0.16.1' ],
15 silly audit   '@jimp/plugin-normalize': [ '0.16.1' ],
15 silly audit   '@jimp/plugin-print': [ '0.16.1' ],
15 silly audit   '@jimp/plugin-resize': [ '0.16.1' ],
15 silly audit   '@jimp/plugin-rotate': [ '0.16.1' ],
15 silly audit   '@jimp/plugin-scale': [ '0.16.1' ],
15 silly audit   '@jimp/plugin-shadow': [ '0.16.1' ],
15 silly audit   '@jimp/plugin-threshold': [ '0.16.1' ],
15 silly audit   '@jimp/plugins': [ '0.16.1' ],
15 silly audit   '@jimp/png': [ '0.16.1' ],
15 silly audit   '@jimp/tiff': [ '0.16.1' ],
15 silly audit   '@jimp/types': [ '0.16.1' ],
15 silly audit   '@jimp/utils': [ '0.16.1' ],
15 silly audit   '@mapbox/node-pre-gyp': [ '1.0.6' ],
15 silly audit   'node-fetch': [ '2.6.5' ],
15 silly audit   nopt: [ '5.0.0' ],
15 silly audit   semver: [ '7.3.5', '5.7.1', '6.3.0' ],
15 silly audit   '@nodelib/fs.scandir': [ '2.1.4' ],
15 silly audit   '@nodelib/fs.stat': [ '2.0.4' ],
15 silly audit   '@nodelib/fs.walk': [ '1.2.6' ],
15 silly audit   '@phc/format': [ '1.0.0' ],
15 silly audit   '@sindresorhus/is': [ '0.7.0', '4.0.0' ],
15 silly audit   '@szmarczak/http-timer': [ '4.0.5' ],
15 silly audit   '@tokenizer/token': [ '0.1.1' ],
15 silly audit   tslib: [ '2.3.0' ],
15 silly audit   globby: [ '11.0.1' ],
15 silly audit   'fs-extra': [ '9.1.0' ],
15 silly audit   universalify: [ '2.0.0' ],
15 silly audit   '@types/body-parser': [ '1.19.0' ],
15 silly audit   '@types/cacheable-request': [ '6.0.1' ],
15 silly audit   '@types/compression': [ '1.7.0' ],
15 silly audit   '@types/connect': [ '3.4.34' ],
15 silly audit   '@types/connect-redis': [ '0.0.16' ],
15 silly audit   '@types/cookie-parser': [ '1.4.2' ],
15 silly audit   '@types/debug': [ '4.1.5' ],
15 silly audit   '@types/express': [ '4.17.11' ],
15 silly audit   '@types/express-serve-static-core': [ '4.17.18' ],
15 silly audit   '@types/express-session': [ '1.17.3' ],
15 silly audit   '@types/http-cache-semantics': [ '4.0.0' ],
15 silly audit   '@types/ioredis': [ '4.17.11' ],
15 silly audit   '@types/keyv': [ '3.1.1' ],
15 silly audit   '@types/lodash': [ '4.14.168' ],
15 silly audit   '@types/method-override': [ '0.0.31' ],
15 silly audit   '@types/mime': [ '2.0.3' ],
15 silly audit   '@types/minimatch': [ '3.0.3' ],
15 silly audit   '@types/multer': [ '1.4.5' ],
15 silly audit   '@types/node': [ '14.14.20' ],
15 silly audit   '@types/object-hash': [ '1.3.4' ],
15 silly audit   '@types/qs': [ '6.9.5' ],
15 silly audit   '@types/range-parser': [ '1.2.3' ],
15 silly audit   '@types/readable-stream': [ '2.3.10' ],
15 silly audit   '@types/redis': [ '2.8.28' ],
15 silly audit   '@types/responselike': [ '1.0.0' ],
15 silly audit   '@types/serve-static': [ '1.13.8' ],
15 silly audit   '@types/uuid': [ '8.3.0' ],
15 silly audit   '@types/ws': [ '7.4.0' ],
15 silly audit   abbrev: [ '1.1.1' ],
15 silly audit   accepts: [ '1.3.7' ],
15 silly audit   'agent-base': [ '6.0.2' ],
15 silly audit   'ansi-regex': [ '4.1.0', '5.0.1' ],
15 silly audit   'any-base': [ '1.1.0' ],
15 silly audit   'app-builder': [ '6.2.2' ],
15 silly audit   aproba: [ '2.0.0' ],
15 silly audit   'archive-type': [ '4.0.0' ],
15 silly audit   'are-we-there-yet': [ '2.0.0' ],
15 silly audit   'readable-stream': [ '3.6.0', '2.3.7' ],
15 silly audit   argon2: [ '0.28.2' ],
15 silly audit   'array-flatten': [ '1.1.1' ],
15 silly audit   'array-union': [ '2.1.0' ],
15 silly audit   asciichart: [ '1.5.25' ],
15 silly audit   'at-least-node': [ '1.0.0' ],
15 silly audit   sax: [ '1.2.4' ],
15 silly audit   uuid: [ '8.3.2' ],
15 silly audit   axios: [ '0.21.4' ],
15 silly audit   'balanced-match': [ '1.0.0' ],
15 silly audit   'base64-js': [ '1.5.1' ],
15 silly audit   bl: [ '1.2.3' ],
15 silly audit   bluebird: [ '3.7.2' ],
15 silly audit   'bmp-js': [ '0.1.0' ],
15 silly audit   'body-parser': [ '1.19.0' ],
15 silly audit   debug: [ '2.6.9', '4.3.1', '4.3.2', '3.1.0' ],
15 silly audit   ms: [ '2.0.0', '2.1.2', '2.1.1' ],
15 silly audit   boolbase: [ '1.0.0' ],
15 silly audit   'brace-expansion': [ '1.1.11' ],
15 silly audit   braces: [ '3.0.2' ],
15 silly audit   'buffer-alloc': [ '1.2.0' ],
15 silly audit   'buffer-alloc-unsafe': [ '1.1.0' ],
15 silly audit   'buffer-crc32': [ '0.2.13' ],
15 silly audit   'buffer-equal': [ '0.0.1' ],
15 silly audit   'buffer-equal-constant-time': [ '1.0.1' ],
15 silly audit   'buffer-fill': [ '1.0.0' ],
15 silly audit   'buffer-writer': [ '2.0.0' ],
15 silly audit   isarray: [ '1.0.0' ],
15 silly audit   string_decoder: [ '1.1.1' ],
15 silly audit   bytes: [ '3.1.0', '3.0.0' ],
15 silly audit   'cacheable-lookup': [ '5.0.4' ],
15 silly audit   'cacheable-request': [ '2.1.4', '7.0.1' ],
15 silly audit   'get-stream': [ '2.3.1', '3.0.0', '4.1.0', '5.2.0' ],
15 silly audit   'lowercase-keys': [ '1.0.0', '1.0.1', '2.0.0' ],
15 silly audit   caw: [ '2.0.1' ],
15 silly audit   cheerio: [ '1.0.0-rc.10' ],
15 silly audit   'cheerio-select': [ '1.5.0' ],
15 silly audit   cherow: [ '1.6.9' ],
15 silly audit   'fill-range': [ '7.0.1' ],
15 silly audit   'is-number': [ '7.0.0' ],
15 silly audit   'to-regex-range': [ '5.0.1' ],
15 silly audit   chownr: [ '2.0.0' ],
15 silly audit   'cli-cursor': [ '2.1.0' ],
15 silly audit   'cli-spinners': [ '2.5.0' ],
15 silly audit   clone: [ '1.0.4' ],
15 silly audit   'clone-response': [ '1.0.2' ],
15 silly audit   'cluster-key-slot': [ '1.1.0' ],
15 silly audit   'color-support': [ '1.1.3' ],
15 silly audit   colorette: [ '2.0.16' ],
15 silly audit   commander: [ '7.2.0', '2.20.3' ],
15 silly audit   compressible: [ '2.0.18' ],
15 silly audit   compression: [ '1.7.4' ],
15 silly audit   'concat-map': [ '0.0.1' ],
15 silly audit   'config-chain': [ '1.1.12' ],
15 silly audit   'connect-redis': [ '5.0.0' ],
15 silly audit   'console-control-strings': [ '1.1.0' ],
15 silly audit   'content-disposition': [ '0.5.3' ],
15 silly audit   'content-type': [ '1.0.4' ],
15 silly audit   cookie: [ '0.4.0' ],
15 silly audit   'cookie-parser': [ '1.4.5' ],
15 silly audit   'cookie-signature': [ '1.0.6' ],
15 silly audit   'core-util-is': [ '1.0.2' ],
15 silly audit   'css-select': [ '4.1.3' ],
15 silly audit   'css-what': [ '5.0.1' ],
15 silly audit   cssfilter: [ '0.0.10' ],
15 silly audit   'decode-uri-component': [ '0.2.0' ],
15 silly audit   decompress: [ '4.2.1' ],
15 silly audit   'decompress-response': [ '3.3.0', '6.0.0' ],
15 silly audit   'decompress-tar': [ '4.1.1' ],
15 silly audit   'decompress-tarbz2': [ '4.1.1' ],
15 silly audit   'decompress-targz': [ '4.1.1' ],
15 silly audit   'decompress-unzip': [ '4.0.1' ],
15 silly audit   'make-dir': [ '1.3.0', '2.1.0', '3.1.0' ],
15 silly audit   pify: [ '3.0.0', '4.0.1', '5.0.0', '2.3.0' ],
15 silly audit   defaults: [ '1.0.3' ],
15 silly audit   'defer-to-connect': [ '2.0.0' ],
15 silly audit   delegates: [ '1.0.0' ],
15 silly audit   denque: [ '1.5.0' ],
15 silly audit   depd: [ '1.1.2', '2.0.0' ],
15 silly audit   destroy: [ '1.0.4' ],
15 silly audit   'detect-libc': [ '1.0.3' ],
15 silly audit   'dir-glob': [ '3.0.1' ],
15 silly audit   'dom-serializer': [ '1.3.2' ],
15 silly audit   'dom-walk': [ '0.1.2' ],
15 silly audit   domelementtype: [ '2.2.0' ],
15 silly audit   domhandler: [ '4.2.0' ],
15 silly audit   domutils: [ '2.7.0' ],
15 silly audit   download: [ '8.0.0' ],
15 silly audit   got: [ '8.3.2', '11.8.1' ],
15 silly audit   'http-cache-semantics': [ '3.8.1', '4.1.0' ],
15 silly audit   keyv: [ '3.0.0', '4.0.3' ],
15 silly audit   'normalize-url': [ '2.0.1', '4.5.1' ],
15 silly audit   'p-cancelable': [ '0.4.1', '2.0.0' ],
15 silly audit   'sort-keys': [ '2.0.0', '1.1.2' ],
15 silly audit   duplexer3: [ '0.1.4' ],
15 silly audit   'ecdsa-sig-formatter': [ '1.0.11' ],
15 silly audit   'ee-first': [ '1.1.1' ],
15 silly audit   'emoji-regex': [ '8.0.0' ],
15 silly audit   encodeurl: [ '1.0.2' ],
15 silly audit   'end-of-stream': [ '1.4.4' ],
15 silly audit   'enhanced-resolve': [ '5.7.0' ],
15 silly audit   'ensure-posix-path': [ '1.1.1' ],
15 silly audit   entities: [ '2.2.0' ],
15 silly audit   escalade: [ '3.1.1' ],
15 silly audit   'escape-html': [ '1.0.3' ],
15 silly audit   'escape-string-regexp': [ '1.0.5' ],
15 silly audit   'strip-ansi': [ '6.0.1', '6.0.0', '5.2.0' ],
15 silly audit   esm: [ '3.2.25' ],
15 silly audit   etag: [ '1.8.1' ],
15 silly audit   'exif-parser': [ '0.1.12' ],
15 silly audit   express: [ '4.17.1' ],
15 silly audit   'express-session': [ '1.17.1' ],
15 silly audit   'safe-buffer': [ '5.2.0', '5.1.2' ],
15 silly audit   'ext-list': [ '2.2.2' ],
15 silly audit   'ext-name': [ '5.0.0' ],
15 silly audit   'fast-glob': [ '3.2.4' ],
15 silly audit   micromatch: [ '4.0.2' ],
15 silly audit   fastq: [ '1.10.0' ],
15 silly audit   'fd-slicer': [ '1.1.0' ],
15 silly audit   'filename-reserved-regex': [ '2.0.0' ],
15 silly audit   filenamify: [ '3.0.0' ],
15 silly audit   finalhandler: [ '1.1.2' ],
15 silly audit   rimraf: [ '3.0.2' ],
15 silly audit   'follow-redirects': [ '1.14.4' ],
15 silly audit   forwarded: [ '0.1.2' ],
15 silly audit   fresh: [ '0.5.2' ],
15 silly audit   from2: [ '2.3.0' ],
15 silly audit   'fs-constants': [ '1.0.0' ],
15 silly audit   'fs-minipass': [ '2.1.0' ],
15 silly audit   'fs.realpath': [ '1.0.0' ],
15 silly audit   'function-bind': [ '1.1.1' ],
15 silly audit   gauge: [ '3.0.2' ],
15 silly audit   'is-fullwidth-code-point': [ '3.0.0' ],
15 silly audit   'string-width': [ '4.2.3', '4.2.0' ],
15 silly audit   'get-proxy': [ '2.1.0' ],
15 silly audit   getopts: [ '2.2.5' ],
15 silly audit   gifwrap: [ '0.9.2' ],
15 silly audit   glob: [ '7.1.6' ],
15 silly audit   'glob-parent': [ '5.1.2' ],
15 silly audit   global: [ '4.4.0' ],
15 silly audit   ini: [ '1.3.8' ],
15 silly audit   'graceful-fs': [ '4.2.4' ],
15 silly audit   has: [ '1.0.3' ],
15 silly audit   'has-symbol-support-x': [ '1.4.2' ],
15 silly audit   'has-to-string-tag-x': [ '1.4.1' ],
15 silly audit   'has-unicode': [ '2.0.1' ],
15 silly audit   hcaptcha: [ '0.0.2' ],
15 silly audit   'html-entities': [ '2.3.2' ],
15 silly audit   'html-prettify': [ '1.0.3' ],
15 silly audit   htmlparser2: [ '6.1.0' ],
15 silly audit   'http-errors': [ '1.7.2' ],
15 silly audit   inherits: [ '2.0.3', '2.0.4' ],
15 silly audit   'http2-wrapper': [ '1.0.0-beta.5.2' ],
15 silly audit   'https-proxy-agent': [ '5.0.0' ],
15 silly audit   'iconv-lite': [ '0.4.24' ],
15 silly audit   ieee754: [ '1.1.13', '1.2.1' ],
15 silly audit   'image-q': [ '1.1.1' ],
15 silly audit   inflight: [ '1.0.6' ],
15 silly audit   interpret: [ '2.2.0' ],
15 silly audit   'into-stream': [ '3.1.0' ],
15 silly audit   ioredis: [ '4.19.4' ],
15 silly audit   'ipaddr.js': [ '1.9.1' ],
15 silly audit   'is-core-module': [ '2.8.0' ],
15 silly audit   'is-extglob': [ '2.1.1' ],
15 silly audit   'is-function': [ '1.0.2' ],
15 silly audit   'is-glob': [ '4.0.1' ],
15 silly audit   'is-natural-number': [ '4.0.1' ],
15 silly audit   'is-object': [ '1.0.2' ],
15 silly audit   'is-plain-obj': [ '1.1.0' ],
15 silly audit   'is-retry-allowed': [ '1.2.0' ],
15 silly audit   'is-stream': [ '1.1.0' ],
15 silly audit   isurl: [ '1.0.0' ],
15 silly audit   jimp: [ '0.16.1' ],
15 silly audit   'jpeg-js': [ '0.4.2' ],
15 silly audit   'json-buffer': [ '3.0.0', '3.0.1' ],
15 silly audit   jsonfile: [ '6.1.0' ],
15 silly audit   jsonwebtoken: [ '8.5.1' ],
15 silly audit   jwa: [ '1.4.1' ],
15 silly audit   jws: [ '3.2.2' ],
15 silly audit   knex: [ '0.95.12' ],
15 silly audit   'pg-connection-string': [ '2.5.0', '2.4.0' ],
15 silly audit   'resolve-from': [ '5.0.0' ],
15 silly audit   'load-bmfont': [ '1.4.1' ],
15 silly audit   lodash: [ '4.17.21' ],
15 silly audit   'lodash.defaults': [ '4.2.0' ],
15 silly audit   'lodash.flatten': [ '4.4.0' ],
15 silly audit   'lodash.includes': [ '4.3.0' ],
15 silly audit   'lodash.isboolean': [ '3.0.3' ],
15 silly audit   'lodash.isinteger': [ '4.0.4' ],
15 silly audit   'lodash.isnumber': [ '3.0.3' ],
15 silly audit   'lodash.isplainobject': [ '4.0.6' ],
15 silly audit   'lodash.isstring': [ '4.0.1' ],
15 silly audit   'lodash.once': [ '4.1.1' ],
15 silly audit   'log-symbols': [ '2.2.0' ],
15 silly audit   'lru-cache': [ '6.0.0' ],
15 silly audit   'matcher-collection': [ '2.0.1' ],
15 silly audit   'media-typer': [ '0.3.0', '1.1.0' ],
15 silly audit   'merge-descriptors': [ '1.0.1' ],
15 silly audit   merge2: [ '1.4.1' ],
15 silly audit   meriyah: [ '3.1.6' ],
15 silly audit   'method-override': [ '3.0.0' ],
15 silly audit   methods: [ '1.1.2' ],
15 silly audit   mime: [ '1.6.0' ],
15 silly audit   'mime-db': [ '1.45.0' ],
15 silly audit   'mime-types': [ '2.1.28' ],
15 silly audit   'mimic-fn': [ '1.2.0' ],
15 silly audit   'mimic-response': [ '1.0.1', '3.1.0' ],
15 silly audit   'min-document': [ '2.19.0' ],
15 silly audit   minimatch: [ '3.0.4' ],
15 silly audit   minimist: [ '1.2.5' ],
15 silly audit   minipass: [ '3.1.5' ],
15 silly audit   minizlib: [ '2.1.2' ],
15 silly audit   'module-alias': [ '2.2.2' ],
15 silly audit   moment: [ '2.29.1' ],
15 silly audit   multistream: [ '4.1.0' ],
15 silly audit   'music-metadata': [ '7.8.6' ],
15 silly audit   negotiator: [ '0.6.2' ],
15 silly audit   nexe: [ '4.0.0-beta.17' ],
15 silly audit   responselike: [ '2.0.0', '1.0.2' ],
15 silly audit   'node-addon-api': [ '3.2.1' ],
15 silly audit   'node-worker-threads-pool': [ '1.4.3' ],
15 silly audit   'npm-conf': [ '1.1.3' ],
15 silly audit   npmlog: [ '5.0.1' ],
15 silly audit   'nth-check': [ '2.0.1' ],
15 silly audit   'object-assign': [ '4.1.1' ],
15 silly audit   'object-hash': [ '2.1.1' ],
15 silly audit   omggif: [ '1.0.10' ],
15 silly audit   'on-finished': [ '2.3.0' ],
15 silly audit   'on-headers': [ '1.0.2' ],
15 silly audit   once: [ '1.4.0' ],
15 silly audit   onetime: [ '2.0.1' ],
15 silly audit   'opencollective-postinstall': [ '2.0.3' ],
15 silly audit   ora: [ '3.4.0' ],
15 silly audit   'p-event': [ '2.3.1' ],
15 silly audit   'p-finally': [ '1.0.0' ],
15 silly audit   'p-is-promise': [ '1.1.0' ],
15 silly audit   'p-map': [ '2.1.0' ],
15 silly audit   'p-timeout': [ '2.0.1' ],
15 silly audit   'packet-reader': [ '1.0.0' ],
15 silly audit   pako: [ '1.0.11' ],
15 silly audit   'parse-bmfont-ascii': [ '1.0.6' ],
15 silly audit   'parse-bmfont-binary': [ '1.0.6' ],
15 silly audit   'parse-bmfont-xml': [ '1.1.4' ],
15 silly audit   'parse-headers': [ '2.0.3' ],
15 silly audit   parse5: [ '6.0.1' ],
15 silly audit   'parse5-htmlparser2-tree-adapter': [ '6.0.1' ],
15 silly audit   parseurl: [ '1.3.3' ],
15 silly audit   'path-is-absolute': [ '1.0.1' ],
15 silly audit   'path-parse': [ '1.0.7' ],
15 silly audit   'path-to-regexp': [ '0.1.7' ],
15 silly audit   'path-type': [ '4.0.0' ],
15 silly audit   'peek-readable': [ '3.1.3' ],
15 silly audit   pend: [ '1.2.0' ],
15 silly audit   pg: [ '8.5.1' ],
15 silly audit   'pg-int8': [ '1.0.1' ],
15 silly audit   'pg-pool': [ '3.2.2' ],
15 silly audit   'pg-protocol': [ '1.4.0' ],
15 silly audit   'pg-types': [ '2.2.0' ],
15 silly audit   pgpass: [ '1.0.4' ],
15 silly audit   phin: [ '2.9.3' ],
15 silly audit   picomatch: [ '2.2.2' ],
15 silly audit   pinkie: [ '2.0.4' ],
15 silly audit   'pinkie-promise': [ '2.0.1' ],
15 silly audit   pixelmatch: [ '4.0.2' ],
15 silly audit   pngjs: [ '3.4.0' ],
15 silly audit   'postgres-array': [ '2.0.0' ],
15 silly audit   'postgres-bytea': [ '1.0.0' ],
15 silly audit   'postgres-date': [ '1.0.7' ],
15 silly audit   'postgres-interval': [ '1.2.0' ],
15 silly audit   'prepend-http': [ '2.0.0' ],
15 silly audit   process: [ '0.11.10' ],
15 silly audit   'process-nextick-args': [ '2.0.1' ],
15 silly audit   'proto-list': [ '1.2.4' ],
15 silly audit   'proxy-addr': [ '2.0.6' ],
15 silly audit   pump: [ '3.0.0' ],
15 silly audit   qs: [ '6.7.0' ],
15 silly audit   'query-string': [ '5.1.1' ],
15 silly audit   'quick-lru': [ '5.1.1' ],
15 silly audit   'random-bytes': [ '1.0.0' ],
15 silly audit   'range-parser': [ '1.2.1' ],
15 silly audit   'rate-limiter-flexible': [ '2.2.1' ],
15 silly audit   'raw-body': [ '2.4.0' ],
15 silly audit   'readable-web-to-node-stream': [ '3.0.1' ],
15 silly audit   rechoir: [ '0.7.0' ],
15 silly audit   redis: [ '3.1.2' ],
15 silly audit   'redis-commands': [ '1.6.0', '1.7.0' ],
15 silly audit   'redis-errors': [ '1.2.0' ],
15 silly audit   'redis-parser': [ '3.0.0' ],
15 silly audit   redlock: [ '4.2.0' ],
15 silly audit   'regenerator-runtime': [ '0.13.7' ],
15 silly audit   resolve: [ '1.20.0' ],
15 silly audit   'resolve-alpn': [ '1.0.0' ],
15 silly audit   'resolve-dependencies': [ '6.0.4' ],
15 silly audit   'response-time': [ '2.3.2' ],
15 silly audit   'restore-cursor': [ '2.0.0' ],
15 silly audit   reusify: [ '1.0.4' ],
15 silly audit   'run-parallel': [ '1.1.10' ],
15 silly audit   'safer-buffer': [ '2.1.2' ],
15 silly audit   'seek-bzip': [ '1.0.6' ],
15 silly audit   send: [ '0.17.1' ],
15 silly audit   'serve-static': [ '1.14.1' ],
15 silly audit   'set-blocking': [ '2.0.0' ],
15 silly audit   setprototypeof: [ '1.1.1' ],
15 silly audit   'signal-exit': [ '3.0.3' ],
15 silly audit   slash: [ '3.0.0' ],
15 silly audit   'social-links': [ '1.4.3' ],
15 silly audit   'sort-keys-length': [ '1.0.1' ],
15 silly audit   split2: [ '3.2.2' ],
15 silly audit   'standard-as-callback': [ '2.0.1' ],
15 silly audit   statuses: [ '1.5.0' ],
15 silly audit   'strict-uri-encode': [ '1.1.0' ],
15 silly audit   'strip-dirs': [ '2.1.0' ],
15 silly audit   'strip-outer': [ '1.0.1' ],
15 silly audit   strtok3: [ '6.0.8' ],
15 silly audit   tapable: [ '2.2.0' ],
15 silly audit   tar: [ '6.1.11' ],
15 silly audit   'tar-stream': [ '1.6.2' ],
15 silly audit   tarn: [ '3.0.1' ],
15 silly audit   through: [ '2.3.8' ],
15 silly audit   tildify: [ '2.0.0' ],
15 silly audit   'timed-out': [ '4.0.1' ],
15 silly audit   timm: [ '1.7.1' ],
15 silly audit   tinycolor2: [ '1.4.2' ],
15 silly audit   'to-buffer': [ '1.1.1' ],
15 silly audit   toidentifier: [ '1.0.0' ],
15 silly audit   'token-types': [ '2.1.1' ],
15 silly audit   tr46: [ '0.0.3' ],
15 silly audit   'trim-repeated': [ '1.0.0' ],
15 silly audit   'tunnel-agent': [ '0.6.0' ],
15 silly audit   'type-is': [ '1.6.18' ],
15 silly audit   'uid-safe': [ '2.1.5' ],
15 silly audit   'unbzip2-stream': [ '1.4.3' ],
15 silly audit   unpipe: [ '1.0.0' ],
15 silly audit   'url-parse-lax': [ '3.0.0' ],
15 silly audit   'url-to-options': [ '1.0.1' ],
15 silly audit   utif: [ '2.0.1' ],
15 silly audit   'util-deprecate': [ '1.0.2' ],
15 silly audit   'utils-merge': [ '1.0.1' ],
15 silly audit   vary: [ '1.1.2' ],
15 silly audit   'walk-sync': [ '2.2.0' ],
15 silly audit   wcwidth: [ '1.0.1' ],
15 silly audit   'webidl-conversions': [ '3.0.1' ],
15 silly audit   'whatwg-url': [ '5.0.0' ],
15 silly audit   'wide-align': [ '1.1.5' ],
15 silly audit   wrappy: [ '1.0.2' ],
15 silly audit   ws: [ '7.4.6' ],
15 silly audit   xhr: [ '2.6.0' ],
15 silly audit   'xml-parse-from-string': [ '1.0.1' ],
15 silly audit   xml2js: [ '0.4.19' ],
15 silly audit   xmlbuilder: [ '9.0.7' ],
15 silly audit   xss: [ '1.0.8' ],
15 silly audit   xtend: [ '4.0.2' ],
15 silly audit   yallist: [ '4.0.0' ],
15 silly audit   yauzl: [ '2.10.0' ]
15 silly audit }
16 http fetch GET 200 https://registry.npmjs.org/npm 482ms
17 http cache yallist@https://registry.npmjs.org/yallist/-/yallist-4.0.0.tgz 0ms (cache hit)
18 http cache yauzl@https://registry.npmjs.org/yauzl/-/yauzl-2.10.0.tgz 0ms (cache hit)
19 http cache xmlbuilder@https://registry.npmjs.org/xmlbuilder/-/xmlbuilder-9.0.7.tgz 0ms (cache hit)
20 http cache xtend@https://registry.npmjs.org/xtend/-/xtend-4.0.2.tgz 0ms (cache hit)
21 http cache xss@https://registry.npmjs.org/xss/-/xss-1.0.8.tgz 0ms (cache hit)
22 http cache xml2js@https://registry.npmjs.org/xml2js/-/xml2js-0.4.19.tgz 0ms (cache hit)
23 http cache xhr@https://registry.npmjs.org/xhr/-/xhr-2.6.0.tgz 0ms (cache hit)
24 http cache xml-parse-from-string@https://registry.npmjs.org/xml-parse-from-string/-/xml-parse-from-string-1.0.1.tgz 0ms (cache hit)
25 http cache ws@https://registry.npmjs.org/ws/-/ws-7.4.6.tgz 0ms (cache hit)
26 http cache wrappy@https://registry.npmjs.org/wrappy/-/wrappy-1.0.2.tgz 0ms (cache hit)
27 http cache wide-align@https://registry.npmjs.org/wide-align/-/wide-align-1.1.5.tgz 0ms (cache hit)
28 http cache whatwg-url@https://registry.npmjs.org/whatwg-url/-/whatwg-url-5.0.0.tgz 0ms (cache hit)
29 http cache wcwidth@https://registry.npmjs.org/wcwidth/-/wcwidth-1.0.1.tgz 0ms (cache hit)
30 http cache webidl-conversions@https://registry.npmjs.org/webidl-conversions/-/webidl-conversions-3.0.1.tgz 0ms (cache hit)
31 http cache walk-sync@https://registry.npmjs.org/walk-sync/-/walk-sync-2.2.0.tgz 0ms (cache hit)
32 http cache vary@https://registry.npmjs.org/vary/-/vary-1.1.2.tgz 0ms (cache hit)
33 http cache uuid@https://registry.npmjs.org/uuid/-/uuid-8.3.2.tgz 0ms (cache hit)
34 http cache utils-merge@https://registry.npmjs.org/utils-merge/-/utils-merge-1.0.1.tgz 0ms (cache hit)
35 http cache utif@https://registry.npmjs.org/utif/-/utif-2.0.1.tgz 0ms (cache hit)
36 http cache util-deprecate@https://registry.npmjs.org/util-deprecate/-/util-deprecate-1.0.2.tgz 0ms (cache hit)
37 http cache url-to-options@https://registry.npmjs.org/url-to-options/-/url-to-options-1.0.1.tgz 0ms (cache hit)
38 http cache url-parse-lax@https://registry.npmjs.org/url-parse-lax/-/url-parse-lax-3.0.0.tgz 0ms (cache hit)
39 http cache unpipe@https://registry.npmjs.org/unpipe/-/unpipe-1.0.0.tgz 0ms (cache hit)
40 http cache universalify@https://registry.npmjs.org/universalify/-/universalify-2.0.0.tgz 0ms (cache hit)
41 http cache uid-safe@https://registry.npmjs.org/uid-safe/-/uid-safe-2.1.5.tgz 0ms (cache hit)
42 http cache unbzip2-stream@https://registry.npmjs.org/unbzip2-stream/-/unbzip2-stream-1.4.3.tgz 0ms (cache hit)
43 http cache type-is@https://registry.npmjs.org/type-is/-/type-is-1.6.18.tgz 0ms (cache hit)
44 http cache tunnel-agent@https://registry.npmjs.org/tunnel-agent/-/tunnel-agent-0.6.0.tgz 0ms (cache hit)
45 http cache trim-repeated@https://registry.npmjs.org/trim-repeated/-/trim-repeated-1.0.0.tgz 0ms (cache hit)
46 http cache token-types@https://registry.npmjs.org/token-types/-/token-types-2.1.1.tgz 0ms (cache hit)
47 http cache toidentifier@https://registry.npmjs.org/toidentifier/-/toidentifier-1.0.0.tgz 0ms (cache hit)
48 http cache tinycolor2@https://registry.npmjs.org/tinycolor2/-/tinycolor2-1.4.2.tgz 0ms (cache hit)
49 http cache to-buffer@https://registry.npmjs.org/to-buffer/-/to-buffer-1.1.1.tgz 0ms (cache hit)
50 http cache tr46@https://registry.npmjs.org/tr46/-/tr46-0.0.3.tgz 0ms (cache hit)
51 http cache timm@https://registry.npmjs.org/timm/-/timm-1.7.1.tgz 0ms (cache hit)
52 http cache timed-out@https://registry.npmjs.org/timed-out/-/timed-out-4.0.1.tgz 0ms (cache hit)
53 http cache tildify@https://registry.npmjs.org/tildify/-/tildify-2.0.0.tgz 0ms (cache hit)
54 http cache tarn@https://registry.npmjs.org/tarn/-/tarn-3.0.1.tgz 0ms (cache hit)
55 http cache through@https://registry.npmjs.org/through/-/through-2.3.8.tgz 0ms (cache hit)
56 http cache tapable@https://registry.npmjs.org/tapable/-/tapable-2.2.0.tgz 0ms (cache hit)
57 http cache strtok3@https://registry.npmjs.org/strtok3/-/strtok3-6.0.8.tgz 0ms (cache hit)
58 http cache supports-color@https://registry.npmjs.org/supports-color/-/supports-color-7.2.0.tgz 0ms (cache hit)
59 http cache tar-stream@https://registry.npmjs.org/tar-stream/-/tar-stream-1.6.2.tgz 0ms (cache hit)
60 http cache strip-ansi@https://registry.npmjs.org/strip-ansi/-/strip-ansi-5.2.0.tgz 0ms (cache hit)
61 http cache strip-dirs@https://registry.npmjs.org/strip-dirs/-/strip-dirs-2.1.0.tgz 0ms (cache hit)
62 http cache tar@https://registry.npmjs.org/tar/-/tar-6.1.11.tgz 0ms (cache hit)
63 http cache strip-outer@https://registry.npmjs.org/strip-outer/-/strip-outer-1.0.1.tgz 0ms (cache hit)
64 http cache string-width@https://registry.npmjs.org/string-width/-/string-width-4.2.0.tgz 0ms (cache hit)
65 http cache string_decoder@https://registry.npmjs.org/string_decoder/-/string_decoder-1.1.1.tgz 0ms (cache hit)
66 http cache strict-uri-encode@https://registry.npmjs.org/strict-uri-encode/-/strict-uri-encode-1.1.0.tgz 0ms (cache hit)
67 http cache standard-as-callback@https://registry.npmjs.org/standard-as-callback/-/standard-as-callback-2.0.1.tgz 0ms (cache hit)
68 http cache split2@https://registry.npmjs.org/split2/-/split2-3.2.2.tgz 0ms (cache hit)
69 http cache statuses@https://registry.npmjs.org/statuses/-/statuses-1.5.0.tgz 0ms (cache hit)
70 http cache sort-keys-length@https://registry.npmjs.org/sort-keys-length/-/sort-keys-length-1.0.1.tgz 0ms (cache hit)
71 http cache sort-keys@https://registry.npmjs.org/sort-keys/-/sort-keys-1.1.2.tgz 0ms (cache hit)
72 http cache social-links@https://registry.npmjs.org/social-links/-/social-links-1.4.3.tgz 0ms (cache hit)
73 http cache signal-exit@https://registry.npmjs.org/signal-exit/-/signal-exit-3.0.3.tgz 0ms (cache hit)
74 http cache slash@https://registry.npmjs.org/slash/-/slash-3.0.0.tgz 0ms (cache hit)
75 http cache set-blocking@https://registry.npmjs.org/set-blocking/-/set-blocking-2.0.0.tgz 0ms (cache hit)
76 http cache setprototypeof@https://registry.npmjs.org/setprototypeof/-/setprototypeof-1.1.1.tgz 0ms (cache hit)
77 http cache send@https://registry.npmjs.org/send/-/send-0.17.1.tgz 0ms (cache hit)
78 http cache serve-static@https://registry.npmjs.org/serve-static/-/serve-static-1.14.1.tgz 0ms (cache hit)
79 http cache seek-bzip@https://registry.npmjs.org/seek-bzip/-/seek-bzip-1.0.6.tgz 0ms (cache hit)
80 http cache sax@https://registry.npmjs.org/sax/-/sax-1.2.4.tgz 0ms (cache hit)
81 http cache safer-buffer@https://registry.npmjs.org/safer-buffer/-/safer-buffer-2.1.2.tgz 0ms (cache hit)
82 http cache safe-buffer@https://registry.npmjs.org/safe-buffer/-/safe-buffer-5.1.2.tgz 0ms (cache hit)
83 http cache run-parallel@https://registry.npmjs.org/run-parallel/-/run-parallel-1.1.10.tgz 0ms (cache hit)
84 http cache rimraf@https://registry.npmjs.org/rimraf/-/rimraf-3.0.2.tgz 0ms (cache hit)
85 http cache reusify@https://registry.npmjs.org/reusify/-/reusify-1.0.4.tgz 0ms (cache hit)
86 http cache restore-cursor@https://registry.npmjs.org/restore-cursor/-/restore-cursor-2.0.0.tgz 0ms (cache hit)
87 http cache responselike@https://registry.npmjs.org/responselike/-/responselike-1.0.2.tgz 0ms (cache hit)
88 http cache response-time@https://registry.npmjs.org/response-time/-/response-time-2.3.2.tgz 0ms (cache hit)
89 http cache resolve-dependencies@https://registry.npmjs.org/resolve-dependencies/-/resolve-dependencies-6.0.4.tgz 0ms (cache hit)
90 http cache resolve-alpn@https://registry.npmjs.org/resolve-alpn/-/resolve-alpn-1.0.0.tgz 0ms (cache hit)
91 http cache resolve@https://registry.npmjs.org/resolve/-/resolve-1.20.0.tgz 0ms (cache hit)
92 http cache redlock@https://registry.npmjs.org/redlock/-/redlock-4.2.0.tgz 0ms (cache hit)
93 http cache redis-parser@https://registry.npmjs.org/redis-parser/-/redis-parser-3.0.0.tgz 0ms (cache hit)
94 http cache redis-commands@https://registry.npmjs.org/redis-commands/-/redis-commands-1.6.0.tgz 0ms (cache hit)
95 http cache regenerator-runtime@https://registry.npmjs.org/regenerator-runtime/-/regenerator-runtime-0.13.7.tgz 0ms (cache hit)
96 http cache redis-errors@https://registry.npmjs.org/redis-errors/-/redis-errors-1.2.0.tgz 0ms (cache hit)
97 http cache redis@https://registry.npmjs.org/redis/-/redis-3.1.2.tgz 0ms (cache hit)
98 http cache rechoir@https://registry.npmjs.org/rechoir/-/rechoir-0.7.0.tgz 0ms (cache hit)
99 http cache readable-web-to-node-stream@https://registry.npmjs.org/readable-web-to-node-stream/-/readable-web-to-node-stream-3.0.1.tgz 0ms (cache hit)
100 http cache rate-limiter-flexible@https://registry.npmjs.org/rate-limiter-flexible/-/rate-limiter-flexible-2.2.1.tgz 0ms (cache hit)
101 http cache readable-stream@https://registry.npmjs.org/readable-stream/-/readable-stream-2.3.7.tgz 0ms (cache hit)
102 http cache range-parser@https://registry.npmjs.org/range-parser/-/range-parser-1.2.1.tgz 0ms (cache hit)
103 http cache raw-body@https://registry.npmjs.org/raw-body/-/raw-body-2.4.0.tgz 0ms (cache hit)
104 http cache random-bytes@https://registry.npmjs.org/random-bytes/-/random-bytes-1.0.0.tgz 0ms (cache hit)
105 http cache quick-lru@https://registry.npmjs.org/quick-lru/-/quick-lru-5.1.1.tgz 0ms (cache hit)
106 http cache qs@https://registry.npmjs.org/qs/-/qs-6.7.0.tgz 0ms (cache hit)
107 http cache query-string@https://registry.npmjs.org/query-string/-/query-string-5.1.1.tgz 0ms (cache hit)
108 http cache proxy-addr@https://registry.npmjs.org/proxy-addr/-/proxy-addr-2.0.6.tgz 0ms (cache hit)
109 http cache pump@https://registry.npmjs.org/pump/-/pump-3.0.0.tgz 0ms (cache hit)
110 http cache proto-list@https://registry.npmjs.org/proto-list/-/proto-list-1.2.4.tgz 0ms (cache hit)
111 http cache process@https://registry.npmjs.org/process/-/process-0.11.10.tgz 0ms (cache hit)
112 http cache process-nextick-args@https://registry.npmjs.org/process-nextick-args/-/process-nextick-args-2.0.1.tgz 0ms (cache hit)
113 http cache prepend-http@https://registry.npmjs.org/prepend-http/-/prepend-http-2.0.0.tgz 0ms (cache hit)
114 http cache postgres-date@https://registry.npmjs.org/postgres-date/-/postgres-date-1.0.7.tgz 0ms (cache hit)
115 http cache postgres-interval@https://registry.npmjs.org/postgres-interval/-/postgres-interval-1.2.0.tgz 0ms (cache hit)
116 http cache postgres-bytea@https://registry.npmjs.org/postgres-bytea/-/postgres-bytea-1.0.0.tgz 0ms (cache hit)
117 http cache postgres-array@https://registry.npmjs.org/postgres-array/-/postgres-array-2.0.0.tgz 0ms (cache hit)
118 http cache pngjs@https://registry.npmjs.org/pngjs/-/pngjs-3.4.0.tgz 0ms (cache hit)
119 http cache pixelmatch@https://registry.npmjs.org/pixelmatch/-/pixelmatch-4.0.2.tgz 0ms (cache hit)
120 http cache pinkie@https://registry.npmjs.org/pinkie/-/pinkie-2.0.4.tgz 0ms (cache hit)
121 http cache pinkie-promise@https://registry.npmjs.org/pinkie-promise/-/pinkie-promise-2.0.1.tgz 0ms (cache hit)
122 http cache pify@https://registry.npmjs.org/pify/-/pify-2.3.0.tgz 0ms (cache hit)
123 http cache picomatch@https://registry.npmjs.org/picomatch/-/picomatch-2.2.2.tgz 0ms (cache hit)
124 http cache phin@https://registry.npmjs.org/phin/-/phin-2.9.3.tgz 0ms (cache hit)
125 http cache pg-types@https://registry.npmjs.org/pg-types/-/pg-types-2.2.0.tgz 0ms (cache hit)
126 http cache pgpass@https://registry.npmjs.org/pgpass/-/pgpass-1.0.4.tgz 0ms (cache hit)
127 http cache pg-protocol@https://registry.npmjs.org/pg-protocol/-/pg-protocol-1.4.0.tgz 0ms (cache hit)
128 http cache pg-int8@https://registry.npmjs.org/pg-int8/-/pg-int8-1.0.1.tgz 0ms (cache hit)
129 http cache pg-pool@https://registry.npmjs.org/pg-pool/-/pg-pool-3.2.2.tgz 0ms (cache hit)
130 http cache pg-connection-string@https://registry.npmjs.org/pg-connection-string/-/pg-connection-string-2.4.0.tgz 0ms (cache hit)
131 http cache pg@https://registry.npmjs.org/pg/-/pg-8.5.1.tgz 0ms (cache hit)
132 http cache pend@https://registry.npmjs.org/pend/-/pend-1.2.0.tgz 0ms (cache hit)
133 http cache peek-readable@https://registry.npmjs.org/peek-readable/-/peek-readable-3.1.3.tgz 0ms (cache hit)
134 http cache path-is-absolute@https://registry.npmjs.org/path-is-absolute/-/path-is-absolute-1.0.1.tgz 0ms (cache hit)
135 http cache path-parse@https://registry.npmjs.org/path-parse/-/path-parse-1.0.7.tgz 0ms (cache hit)
136 http cache path-type@https://registry.npmjs.org/path-type/-/path-type-4.0.0.tgz 0ms (cache hit)
137 http cache path-to-regexp@https://registry.npmjs.org/path-to-regexp/-/path-to-regexp-0.1.7.tgz 0ms (cache hit)
138 http cache parse5-htmlparser2-tree-adapter@https://registry.npmjs.org/parse5-htmlparser2-tree-adapter/-/parse5-htmlparser2-tree-adapter-6.0.1.tgz 0ms (cache hit)
139 http cache parseurl@https://registry.npmjs.org/parseurl/-/parseurl-1.3.3.tgz 0ms (cache hit)
140 http cache parse5@https://registry.npmjs.org/parse5/-/parse5-6.0.1.tgz 0ms (cache hit)
141 http cache parse-bmfont-xml@https://registry.npmjs.org/parse-bmfont-xml/-/parse-bmfont-xml-1.1.4.tgz 0ms (cache hit)
142 http cache parse-bmfont-binary@https://registry.npmjs.org/parse-bmfont-binary/-/parse-bmfont-binary-1.0.6.tgz 0ms (cache hit)
143 http cache parse-headers@https://registry.npmjs.org/parse-headers/-/parse-headers-2.0.3.tgz 0ms (cache hit)
144 http cache parse-bmfont-ascii@https://registry.npmjs.org/parse-bmfont-ascii/-/parse-bmfont-ascii-1.0.6.tgz 0ms (cache hit)
145 http cache pako@https://registry.npmjs.org/pako/-/pako-1.0.11.tgz 0ms (cache hit)
146 http cache packet-reader@https://registry.npmjs.org/packet-reader/-/packet-reader-1.0.0.tgz 0ms (cache hit)
147 http cache p-timeout@https://registry.npmjs.org/p-timeout/-/p-timeout-2.0.1.tgz 0ms (cache hit)
148 http cache p-map@https://registry.npmjs.org/p-map/-/p-map-2.1.0.tgz 0ms (cache hit)
149 http cache ora@https://registry.npmjs.org/ora/-/ora-3.4.0.tgz 0ms (cache hit)
150 http cache p-is-promise@https://registry.npmjs.org/p-is-promise/-/p-is-promise-1.1.0.tgz 0ms (cache hit)
151 http cache p-event@https://registry.npmjs.org/p-event/-/p-event-2.3.1.tgz 0ms (cache hit)
152 http cache once@https://registry.npmjs.org/once/-/once-1.4.0.tgz 0ms (cache hit)
153 http cache onetime@https://registry.npmjs.org/onetime/-/onetime-2.0.1.tgz 0ms (cache hit)
154 http cache p-finally@https://registry.npmjs.org/p-finally/-/p-finally-1.0.0.tgz 0ms (cache hit)
155 http cache opencollective-postinstall@https://registry.npmjs.org/opencollective-postinstall/-/opencollective-postinstall-2.0.3.tgz 0ms (cache hit)
156 http cache on-headers@https://registry.npmjs.org/on-headers/-/on-headers-1.0.2.tgz 0ms (cache hit)
157 http cache object-hash@https://registry.npmjs.org/object-hash/-/object-hash-2.1.1.tgz 0ms (cache hit)
158 http cache on-finished@https://registry.npmjs.org/on-finished/-/on-finished-2.3.0.tgz 0ms (cache hit)
159 http cache omggif@https://registry.npmjs.org/omggif/-/omggif-1.0.10.tgz 0ms (cache hit)
160 http cache object-assign@https://registry.npmjs.org/object-assign/-/object-assign-4.1.1.tgz 0ms (cache hit)
161 http cache npmlog@https://registry.npmjs.org/npmlog/-/npmlog-5.0.1.tgz 0ms (cache hit)
162 http cache normalize-url@https://registry.npmjs.org/normalize-url/-/normalize-url-4.5.1.tgz 0ms (cache hit)
163 http cache nth-check@https://registry.npmjs.org/nth-check/-/nth-check-2.0.1.tgz 0ms (cache hit)
164 http cache npm-conf@https://registry.npmjs.org/npm-conf/-/npm-conf-1.1.3.tgz 0ms (cache hit)
165 http cache node-worker-threads-pool@https://registry.npmjs.org/node-worker-threads-pool/-/node-worker-threads-pool-1.4.3.tgz 0ms (cache hit)
166 http cache negotiator@https://registry.npmjs.org/negotiator/-/negotiator-0.6.2.tgz 0ms (cache hit)
167 http cache nexe@https://registry.npmjs.org/nexe/-/nexe-4.0.0-beta.17.tgz 0ms (cache hit)
168 http cache node-addon-api@https://registry.npmjs.org/node-addon-api/-/node-addon-api-3.2.1.tgz 0ms (cache hit)
169 http cache music-metadata@https://registry.npmjs.org/music-metadata/-/music-metadata-7.8.6.tgz 0ms (cache hit)
170 http cache multistream@https://registry.npmjs.org/multistream/-/multistream-4.1.0.tgz 0ms (cache hit)
171 http cache ms@https://registry.npmjs.org/ms/-/ms-2.1.2.tgz 0ms (cache hit)
172 http cache moment@https://registry.npmjs.org/moment/-/moment-2.29.1.tgz 0ms (cache hit)
173 http cache module-alias@https://registry.npmjs.org/module-alias/-/module-alias-2.2.2.tgz 0ms (cache hit)
174 http cache mkdirp@https://registry.npmjs.org/mkdirp/-/mkdirp-1.0.4.tgz 0ms (cache hit)
175 http cache minipass@https://registry.npmjs.org/minipass/-/minipass-3.1.5.tgz 0ms (cache hit)
176 http cache minimist@https://registry.npmjs.org/minimist/-/minimist-1.2.5.tgz 0ms (cache hit)
177 http cache minizlib@https://registry.npmjs.org/minizlib/-/minizlib-2.1.2.tgz 0ms (cache hit)
178 http cache minimatch@https://registry.npmjs.org/minimatch/-/minimatch-3.0.4.tgz 0ms (cache hit)
179 http cache min-document@https://registry.npmjs.org/min-document/-/min-document-2.19.0.tgz 0ms (cache hit)
180 http cache mimic-response@https://registry.npmjs.org/mimic-response/-/mimic-response-1.0.1.tgz 0ms (cache hit)
181 http cache mimic-fn@https://registry.npmjs.org/mimic-fn/-/mimic-fn-1.2.0.tgz 0ms (cache hit)
182 http cache mime@https://registry.npmjs.org/mime/-/mime-1.6.0.tgz 0ms (cache hit)
183 http cache mime-db@https://registry.npmjs.org/mime-db/-/mime-db-1.45.0.tgz 0ms (cache hit)
184 http cache mime-types@https://registry.npmjs.org/mime-types/-/mime-types-2.1.28.tgz 0ms (cache hit)
185 http cache method-override@https://registry.npmjs.org/method-override/-/method-override-3.0.0.tgz 0ms (cache hit)
186 http cache merge2@https://registry.npmjs.org/merge2/-/merge2-1.4.1.tgz 0ms (cache hit)
187 http cache meriyah@https://registry.npmjs.org/meriyah/-/meriyah-3.1.6.tgz 0ms (cache hit)
188 http cache methods@https://registry.npmjs.org/methods/-/methods-1.1.2.tgz 0ms (cache hit)
189 http cache merge-descriptors@https://registry.npmjs.org/merge-descriptors/-/merge-descriptors-1.0.1.tgz 0ms (cache hit)
190 http cache media-typer@https://registry.npmjs.org/media-typer/-/media-typer-0.3.0.tgz 0ms (cache hit)
191 http cache make-dir@https://registry.npmjs.org/make-dir/-/make-dir-3.1.0.tgz 0ms (cache hit)
192 http cache lru-cache@https://registry.npmjs.org/lru-cache/-/lru-cache-6.0.0.tgz 0ms (cache hit)
193 http cache lowercase-keys@https://registry.npmjs.org/lowercase-keys/-/lowercase-keys-1.0.1.tgz 0ms (cache hit)
194 http cache log-symbols@https://registry.npmjs.org/log-symbols/-/log-symbols-2.2.0.tgz 0ms (cache hit)
195 http cache matcher-collection@https://registry.npmjs.org/matcher-collection/-/matcher-collection-2.0.1.tgz 0ms (cache hit)
196 http cache lodash.isstring@https://registry.npmjs.org/lodash.isstring/-/lodash.isstring-4.0.1.tgz 0ms (cache hit)
197 http cache lodash.once@https://registry.npmjs.org/lodash.once/-/lodash.once-4.1.1.tgz 0ms (cache hit)
198 http cache lodash.isplainobject@https://registry.npmjs.org/lodash.isplainobject/-/lodash.isplainobject-4.0.6.tgz 0ms (cache hit)
199 http cache lodash.isnumber@https://registry.npmjs.org/lodash.isnumber/-/lodash.isnumber-3.0.3.tgz 0ms (cache hit)
200 http cache lodash.isinteger@https://registry.npmjs.org/lodash.isinteger/-/lodash.isinteger-4.0.4.tgz 0ms (cache hit)
201 http cache lodash.includes@https://registry.npmjs.org/lodash.includes/-/lodash.includes-4.3.0.tgz 0ms (cache hit)
202 http cache lodash.isboolean@https://registry.npmjs.org/lodash.isboolean/-/lodash.isboolean-3.0.3.tgz 0ms (cache hit)
203 http cache lodash.flatten@https://registry.npmjs.org/lodash.flatten/-/lodash.flatten-4.4.0.tgz 0ms (cache hit)
204 http cache lodash@https://registry.npmjs.org/lodash/-/lodash-4.17.21.tgz 0ms (cache hit)
205 http cache lodash.defaults@https://registry.npmjs.org/lodash.defaults/-/lodash.defaults-4.2.0.tgz 0ms (cache hit)
206 http cache load-bmfont@https://registry.npmjs.org/load-bmfont/-/load-bmfont-1.4.1.tgz 0ms (cache hit)
207 http cache jwa@https://registry.npmjs.org/jwa/-/jwa-1.4.1.tgz 1ms (cache hit)
208 http cache jws@https://registry.npmjs.org/jws/-/jws-3.2.2.tgz 0ms (cache hit)
209 http cache knex@https://registry.npmjs.org/knex/-/knex-0.95.12.tgz 0ms (cache hit)
210 http cache jsonfile@https://registry.npmjs.org/jsonfile/-/jsonfile-6.1.0.tgz 0ms (cache hit)
211 http cache json-buffer@https://registry.npmjs.org/json-buffer/-/json-buffer-3.0.0.tgz 0ms (cache hit)
212 http cache jimp@https://registry.npmjs.org/jimp/-/jimp-0.16.1.tgz 0ms (cache hit)
213 http cache jsonwebtoken@https://registry.npmjs.org/jsonwebtoken/-/jsonwebtoken-8.5.1.tgz 0ms (cache hit)
214 http cache jpeg-js@https://registry.npmjs.org/jpeg-js/-/jpeg-js-0.4.2.tgz 0ms (cache hit)
215 http cache isarray@https://registry.npmjs.org/isarray/-/isarray-1.0.0.tgz 0ms (cache hit)
216 http cache isurl@https://registry.npmjs.org/isurl/-/isurl-1.0.0.tgz 0ms (cache hit)
217 http cache is-plain-obj@https://registry.npmjs.org/is-plain-obj/-/is-plain-obj-1.1.0.tgz 0ms (cache hit)
218 http cache is-stream@https://registry.npmjs.org/is-stream/-/is-stream-1.1.0.tgz 0ms (cache hit)
219 http cache is-object@https://registry.npmjs.org/is-object/-/is-object-1.0.2.tgz 0ms (cache hit)
220 http cache is-retry-allowed@https://registry.npmjs.org/is-retry-allowed/-/is-retry-allowed-1.2.0.tgz 0ms (cache hit)
221 http cache is-function@https://registry.npmjs.org/is-function/-/is-function-1.0.2.tgz 0ms (cache hit)
222 http cache is-glob@https://registry.npmjs.org/is-glob/-/is-glob-4.0.1.tgz 0ms (cache hit)
223 http cache is-core-module@https://registry.npmjs.org/is-core-module/-/is-core-module-2.8.0.tgz 0ms (cache hit)
224 http cache is-natural-number@https://registry.npmjs.org/is-natural-number/-/is-natural-number-4.0.1.tgz 0ms (cache hit)
225 http cache ipaddr.js@https://registry.npmjs.org/ipaddr.js/-/ipaddr.js-1.9.1.tgz 0ms (cache hit)
226 http cache is-extglob@https://registry.npmjs.org/is-extglob/-/is-extglob-2.1.1.tgz 0ms (cache hit)
227 http cache into-stream@https://registry.npmjs.org/into-stream/-/into-stream-3.1.0.tgz 0ms (cache hit)
228 http cache ioredis@https://registry.npmjs.org/ioredis/-/ioredis-4.19.4.tgz 0ms (cache hit)
229 http cache interpret@https://registry.npmjs.org/interpret/-/interpret-2.2.0.tgz 0ms (cache hit)
230 http cache ini@https://registry.npmjs.org/ini/-/ini-1.3.8.tgz 0ms (cache hit)
231 http cache inherits@https://registry.npmjs.org/inherits/-/inherits-2.0.4.tgz 0ms (cache hit)
232 http cache inflight@https://registry.npmjs.org/inflight/-/inflight-1.0.6.tgz 0ms (cache hit)
233 http cache image-q@https://registry.npmjs.org/image-q/-/image-q-1.1.1.tgz 0ms (cache hit)
234 http cache ignore@https://registry.npmjs.org/ignore/-/ignore-5.1.8.tgz 0ms (cache hit)
235 http cache ieee754@https://registry.npmjs.org/ieee754/-/ieee754-1.1.13.tgz 0ms (cache hit)
236 http cache iconv-lite@https://registry.npmjs.org/iconv-lite/-/iconv-lite-0.4.24.tgz 0ms (cache hit)
237 http cache https-proxy-agent@https://registry.npmjs.org/https-proxy-agent/-/https-proxy-agent-5.0.0.tgz 0ms (cache hit)
238 http cache http-errors@https://registry.npmjs.org/http-errors/-/http-errors-1.7.2.tgz 0ms (cache hit)
239 http cache http-cache-semantics@https://registry.npmjs.org/http-cache-semantics/-/http-cache-semantics-4.1.0.tgz 0ms (cache hit)
240 http cache htmlparser2@https://registry.npmjs.org/htmlparser2/-/htmlparser2-6.1.0.tgz 0ms (cache hit)
241 http cache http2-wrapper@https://registry.npmjs.org/http2-wrapper/-/http2-wrapper-1.0.0-beta.5.2.tgz 0ms (cache hit)
242 http cache html-prettify@https://registry.npmjs.org/html-prettify/-/html-prettify-1.0.3.tgz 0ms (cache hit)
243 http cache hcaptcha@https://registry.npmjs.org/hcaptcha/-/hcaptcha-0.0.2.tgz 0ms (cache hit)
244 http cache html-entities@https://registry.npmjs.org/html-entities/-/html-entities-2.3.2.tgz 0ms (cache hit)
245 http cache has-unicode@https://registry.npmjs.org/has-unicode/-/has-unicode-2.0.1.tgz 0ms (cache hit)
246 http cache has-to-string-tag-x@https://registry.npmjs.org/has-to-string-tag-x/-/has-to-string-tag-x-1.4.1.tgz 0ms (cache hit)
247 http cache has-symbol-support-x@https://registry.npmjs.org/has-symbol-support-x/-/has-symbol-support-x-1.4.2.tgz 0ms (cache hit)
248 http cache has@https://registry.npmjs.org/has/-/has-1.0.3.tgz 0ms (cache hit)
249 http cache globby@https://registry.npmjs.org/globby/-/globby-11.0.1.tgz 0ms (cache hit)
250 http cache has-flag@https://registry.npmjs.org/has-flag/-/has-flag-4.0.0.tgz 0ms (cache hit)
251 http cache graceful-fs@https://registry.npmjs.org/graceful-fs/-/graceful-fs-4.2.4.tgz 0ms (cache hit)
252 http cache global@https://registry.npmjs.org/global/-/global-4.4.0.tgz 0ms (cache hit)
253 http cache glob-parent@https://registry.npmjs.org/glob-parent/-/glob-parent-5.1.2.tgz 0ms (cache hit)
254 http cache gifwrap@https://registry.npmjs.org/gifwrap/-/gifwrap-0.9.2.tgz 0ms (cache hit)
255 http cache glob@https://registry.npmjs.org/glob/-/glob-7.1.6.tgz 0ms (cache hit)
256 http cache getopts@https://registry.npmjs.org/getopts/-/getopts-2.2.5.tgz 0ms (cache hit)
257 http cache get-stream@https://registry.npmjs.org/get-stream/-/get-stream-4.1.0.tgz 0ms (cache hit)
258 http cache gauge@https://registry.npmjs.org/gauge/-/gauge-3.0.2.tgz 0ms (cache hit)
259 http cache get-proxy@https://registry.npmjs.org/get-proxy/-/get-proxy-2.1.0.tgz 0ms (cache hit)
260 http cache function-bind@https://registry.npmjs.org/function-bind/-/function-bind-1.1.1.tgz 0ms (cache hit)
261 http cache fs.realpath@https://registry.npmjs.org/fs.realpath/-/fs.realpath-1.0.0.tgz 0ms (cache hit)
262 http cache fs-minipass@https://registry.npmjs.org/fs-minipass/-/fs-minipass-2.1.0.tgz 0ms (cache hit)
263 http cache fs-constants@https://registry.npmjs.org/fs-constants/-/fs-constants-1.0.0.tgz 0ms (cache hit)
264 http cache fs-extra@https://registry.npmjs.org/fs-extra/-/fs-extra-9.1.0.tgz 0ms (cache hit)
265 http cache from2@https://registry.npmjs.org/from2/-/from2-2.3.0.tgz 0ms (cache hit)
266 http cache fresh@https://registry.npmjs.org/fresh/-/fresh-0.5.2.tgz 0ms (cache hit)
267 http cache forwarded@https://registry.npmjs.org/forwarded/-/forwarded-0.1.2.tgz 0ms (cache hit)
268 http cache follow-redirects@https://registry.npmjs.org/follow-redirects/-/follow-redirects-1.14.4.tgz 0ms (cache hit)
269 http cache finalhandler@https://registry.npmjs.org/finalhandler/-/finalhandler-1.1.2.tgz 0ms (cache hit)
270 http cache filename-reserved-regex@https://registry.npmjs.org/filename-reserved-regex/-/filename-reserved-regex-2.0.0.tgz 1ms (cache hit)
271 http cache filenamify@https://registry.npmjs.org/filenamify/-/filenamify-3.0.0.tgz 0ms (cache hit)
272 http cache file-type@https://registry.npmjs.org/file-type/-/file-type-11.1.0.tgz 0ms (cache hit)
273 http cache fastq@https://registry.npmjs.org/fastq/-/fastq-1.10.0.tgz 0ms (cache hit)
274 http cache fd-slicer@https://registry.npmjs.org/fd-slicer/-/fd-slicer-1.1.0.tgz 0ms (cache hit)
275 http cache ext-name@https://registry.npmjs.org/ext-name/-/ext-name-5.0.0.tgz 0ms (cache hit)
276 http cache fast-glob@https://registry.npmjs.org/fast-glob/-/fast-glob-3.2.4.tgz 0ms (cache hit)
277 http cache express-session@https://registry.npmjs.org/express-session/-/express-session-1.17.1.tgz 0ms (cache hit)
278 http cache ext-list@https://registry.npmjs.org/ext-list/-/ext-list-2.2.2.tgz 0ms (cache hit)
279 http cache express@https://registry.npmjs.org/express/-/express-4.17.1.tgz 0ms (cache hit)
280 http cache exif-parser@https://registry.npmjs.org/exif-parser/-/exif-parser-0.1.12.tgz 0ms (cache hit)
281 http cache etag@https://registry.npmjs.org/etag/-/etag-1.8.1.tgz 0ms (cache hit)
282 http cache esm@https://registry.npmjs.org/esm/-/esm-3.2.25.tgz 0ms (cache hit)
283 http cache escape-string-regexp@https://registry.npmjs.org/escape-string-regexp/-/escape-string-regexp-1.0.5.tgz 0ms (cache hit)
284 http cache escape-html@https://registry.npmjs.org/escape-html/-/escape-html-1.0.3.tgz 0ms (cache hit)
285 http cache escalade@https://registry.npmjs.org/escalade/-/escalade-3.1.1.tgz 0ms (cache hit)
286 http cache entities@https://registry.npmjs.org/entities/-/entities-2.2.0.tgz 0ms (cache hit)
287 http cache ensure-posix-path@https://registry.npmjs.org/ensure-posix-path/-/ensure-posix-path-1.1.1.tgz 0ms (cache hit)
288 http cache enhanced-resolve@https://registry.npmjs.org/enhanced-resolve/-/enhanced-resolve-5.7.0.tgz 0ms (cache hit)
289 http cache encodeurl@https://registry.npmjs.org/encodeurl/-/encodeurl-1.0.2.tgz 0ms (cache hit)
290 http cache end-of-stream@https://registry.npmjs.org/end-of-stream/-/end-of-stream-1.4.4.tgz 0ms (cache hit)
291 http cache ee-first@https://registry.npmjs.org/ee-first/-/ee-first-1.1.1.tgz 0ms (cache hit)
292 http cache emoji-regex@https://registry.npmjs.org/emoji-regex/-/emoji-regex-8.0.0.tgz 0ms (cache hit)
293 http cache ecdsa-sig-formatter@https://registry.npmjs.org/ecdsa-sig-formatter/-/ecdsa-sig-formatter-1.0.11.tgz 0ms (cache hit)
294 http cache duplexer3@https://registry.npmjs.org/duplexer3/-/duplexer3-0.1.4.tgz 0ms (cache hit)
295 http cache download@https://registry.npmjs.org/download/-/download-8.0.0.tgz 0ms (cache hit)
296 http cache domutils@https://registry.npmjs.org/domutils/-/domutils-2.7.0.tgz 0ms (cache hit)
297 http cache domhandler@https://registry.npmjs.org/domhandler/-/domhandler-4.2.0.tgz 0ms (cache hit)
298 http cache domelementtype@https://registry.npmjs.org/domelementtype/-/domelementtype-2.2.0.tgz 0ms (cache hit)
299 http cache dom-walk@https://registry.npmjs.org/dom-walk/-/dom-walk-0.1.2.tgz 0ms (cache hit)
300 http cache dom-serializer@https://registry.npmjs.org/dom-serializer/-/dom-serializer-1.3.2.tgz 0ms (cache hit)
301 http cache dir-glob@https://registry.npmjs.org/dir-glob/-/dir-glob-3.0.1.tgz 0ms (cache hit)
302 http cache destroy@https://registry.npmjs.org/destroy/-/destroy-1.0.4.tgz 0ms (cache hit)
303 http cache denque@https://registry.npmjs.org/denque/-/denque-1.5.0.tgz 0ms (cache hit)
304 http cache delegates@https://registry.npmjs.org/delegates/-/delegates-1.0.0.tgz 0ms (cache hit)
305 http cache detect-libc@https://registry.npmjs.org/detect-libc/-/detect-libc-1.0.3.tgz 0ms (cache hit)
306 http cache decompress-unzip@https://registry.npmjs.org/decompress-unzip/-/decompress-unzip-4.0.1.tgz 0ms (cache hit)
307 http cache depd@https://registry.npmjs.org/depd/-/depd-1.1.2.tgz 0ms (cache hit)
308 http cache defaults@https://registry.npmjs.org/defaults/-/defaults-1.0.3.tgz 0ms (cache hit)
309 http cache decompress-targz@https://registry.npmjs.org/decompress-targz/-/decompress-targz-4.1.1.tgz 0ms (cache hit)
310 http cache decompress-tar@https://registry.npmjs.org/decompress-tar/-/decompress-tar-4.1.1.tgz 0ms (cache hit)
311 http cache decompress@https://registry.npmjs.org/decompress/-/decompress-4.2.1.tgz 0ms (cache hit)
312 http cache decompress-tarbz2@https://registry.npmjs.org/decompress-tarbz2/-/decompress-tarbz2-4.1.1.tgz 0ms (cache hit)
313 http cache decompress-response@https://registry.npmjs.org/decompress-response/-/decompress-response-3.3.0.tgz 0ms (cache hit)
314 http cache decode-uri-component@https://registry.npmjs.org/decode-uri-component/-/decode-uri-component-0.2.0.tgz 0ms (cache hit)
315 http cache debug@https://registry.npmjs.org/debug/-/debug-4.3.1.tgz 0ms (cache hit)
316 http cache css-select@https://registry.npmjs.org/css-select/-/css-select-4.1.3.tgz 0ms (cache hit)
317 http cache cssfilter@https://registry.npmjs.org/cssfilter/-/cssfilter-0.0.10.tgz 0ms (cache hit)
318 http cache css-what@https://registry.npmjs.org/css-what/-/css-what-5.0.1.tgz 0ms (cache hit)
319 http cache core-util-is@https://registry.npmjs.org/core-util-is/-/core-util-is-1.0.2.tgz 0ms (cache hit)
320 http cache cookie-signature@https://registry.npmjs.org/cookie-signature/-/cookie-signature-1.0.6.tgz 0ms (cache hit)
321 http cache cookie@https://registry.npmjs.org/cookie/-/cookie-0.4.0.tgz 0ms (cache hit)
322 http cache content-disposition@https://registry.npmjs.org/content-disposition/-/content-disposition-0.5.3.tgz 0ms (cache hit)
323 http cache cookie-parser@https://registry.npmjs.org/cookie-parser/-/cookie-parser-1.4.5.tgz 0ms (cache hit)
324 http cache content-type@https://registry.npmjs.org/content-type/-/content-type-1.0.4.tgz 0ms (cache hit)
325 http cache console-control-strings@https://registry.npmjs.org/console-control-strings/-/console-control-strings-1.1.0.tgz 0ms (cache hit)
326 http cache connect-redis@https://registry.npmjs.org/connect-redis/-/connect-redis-5.0.0.tgz 0ms (cache hit)
327 http cache config-chain@https://registry.npmjs.org/config-chain/-/config-chain-1.1.12.tgz 0ms (cache hit)
328 http cache compression@https://registry.npmjs.org/compression/-/compression-1.7.4.tgz 0ms (cache hit)
329 http cache concat-map@https://registry.npmjs.org/concat-map/-/concat-map-0.0.1.tgz 0ms (cache hit)
330 http cache compressible@https://registry.npmjs.org/compressible/-/compressible-2.0.18.tgz 0ms (cache hit)
331 http cache commander@https://registry.npmjs.org/commander/-/commander-7.2.0.tgz 0ms (cache hit)
332 http cache colorette@https://registry.npmjs.org/colorette/-/colorette-2.0.16.tgz 0ms (cache hit)
333 http cache color-support@https://registry.npmjs.org/color-support/-/color-support-1.1.3.tgz 0ms (cache hit)
334 http cache color-name@https://registry.npmjs.org/color-name/-/color-name-1.1.4.tgz 0ms (cache hit)
335 http cache color-convert@https://registry.npmjs.org/color-convert/-/color-convert-2.0.1.tgz 0ms (cache hit)
336 http cache cluster-key-slot@https://registry.npmjs.org/cluster-key-slot/-/cluster-key-slot-1.1.0.tgz 0ms (cache hit)
337 http cache clone-response@https://registry.npmjs.org/clone-response/-/clone-response-1.0.2.tgz 0ms (cache hit)
338 http cache cli-spinners@https://registry.npmjs.org/cli-spinners/-/cli-spinners-2.5.0.tgz 0ms (cache hit)
339 http cache clone@https://registry.npmjs.org/clone/-/clone-1.0.4.tgz 0ms (cache hit)
340 http cache chownr@https://registry.npmjs.org/chownr/-/chownr-2.0.0.tgz 0ms (cache hit)
341 http cache cli-cursor@https://registry.npmjs.org/cli-cursor/-/cli-cursor-2.1.0.tgz 0ms (cache hit)
342 http cache cherow@https://registry.npmjs.org/cherow/-/cherow-1.6.9.tgz 0ms (cache hit)
343 http cache cheerio-select@https://registry.npmjs.org/cheerio-select/-/cheerio-select-1.5.0.tgz 0ms (cache hit)
344 http cache cheerio@https://registry.npmjs.org/cheerio/-/cheerio-1.0.0-rc.10.tgz 0ms (cache hit)
345 http cache chalk@https://registry.npmjs.org/chalk/-/chalk-4.1.0.tgz 0ms (cache hit)
346 http cache caw@https://registry.npmjs.org/caw/-/caw-2.0.1.tgz 0ms (cache hit)
347 http cache cacheable-lookup@https://registry.npmjs.org/cacheable-lookup/-/cacheable-lookup-5.0.4.tgz 0ms (cache hit)
348 http cache bytes@https://registry.npmjs.org/bytes/-/bytes-3.1.0.tgz 0ms (cache hit)
349 http cache buffer-writer@https://registry.npmjs.org/buffer-writer/-/buffer-writer-2.0.0.tgz 0ms (cache hit)
350 http cache buffer-fill@https://registry.npmjs.org/buffer-fill/-/buffer-fill-1.0.0.tgz 0ms (cache hit)
351 http cache buffer-equal@https://registry.npmjs.org/buffer-equal/-/buffer-equal-0.0.1.tgz 0ms (cache hit)
352 http cache buffer-equal-constant-time@https://registry.npmjs.org/buffer-equal-constant-time/-/buffer-equal-constant-time-1.0.1.tgz 0ms (cache hit)
353 http cache buffer-crc32@https://registry.npmjs.org/buffer-crc32/-/buffer-crc32-0.2.13.tgz 0ms (cache hit)
354 http cache buffer-alloc-unsafe@https://registry.npmjs.org/buffer-alloc-unsafe/-/buffer-alloc-unsafe-1.1.0.tgz 0ms (cache hit)
355 http cache buffer-alloc@https://registry.npmjs.org/buffer-alloc/-/buffer-alloc-1.2.0.tgz 0ms (cache hit)
356 http cache brace-expansion@https://registry.npmjs.org/brace-expansion/-/brace-expansion-1.1.11.tgz 0ms (cache hit)
357 http cache boolbase@https://registry.npmjs.org/boolbase/-/boolbase-1.0.0.tgz 0ms (cache hit)
358 http cache body-parser@https://registry.npmjs.org/body-parser/-/body-parser-1.19.0.tgz 0ms (cache hit)
359 http cache bl@https://registry.npmjs.org/bl/-/bl-1.2.3.tgz 0ms (cache hit)
360 http cache bmp-js@https://registry.npmjs.org/bmp-js/-/bmp-js-0.1.0.tgz 0ms (cache hit)
361 http cache bluebird@https://registry.npmjs.org/bluebird/-/bluebird-3.7.2.tgz 0ms (cache hit)
362 http cache base64-js@https://registry.npmjs.org/base64-js/-/base64-js-1.5.1.tgz 0ms (cache hit)
363 http cache balanced-match@https://registry.npmjs.org/balanced-match/-/balanced-match-1.0.0.tgz 0ms (cache hit)
364 http cache at-least-node@https://registry.npmjs.org/at-least-node/-/at-least-node-1.0.0.tgz 0ms (cache hit)
365 http cache axios@https://registry.npmjs.org/axios/-/axios-0.21.4.tgz 0ms (cache hit)
366 http cache asciichart@https://registry.npmjs.org/asciichart/-/asciichart-1.5.25.tgz 0ms (cache hit)
367 http cache array-union@https://registry.npmjs.org/array-union/-/array-union-2.1.0.tgz 0ms (cache hit)
368 http cache argon2@https://registry.npmjs.org/argon2/-/argon2-0.28.2.tgz 0ms (cache hit)
369 http cache array-flatten@https://registry.npmjs.org/array-flatten/-/array-flatten-1.1.1.tgz 0ms (cache hit)
370 http cache are-we-there-yet@https://registry.npmjs.org/are-we-there-yet/-/are-we-there-yet-2.0.0.tgz 0ms (cache hit)
371 http cache archive-type@https://registry.npmjs.org/archive-type/-/archive-type-4.0.0.tgz 0ms (cache hit)
372 http cache app-builder@https://registry.npmjs.org/app-builder/-/app-builder-6.2.2.tgz 0ms (cache hit)
373 http cache any-base@https://registry.npmjs.org/any-base/-/any-base-1.1.0.tgz 0ms (cache hit)
374 http cache aproba@https://registry.npmjs.org/aproba/-/aproba-2.0.0.tgz 0ms (cache hit)
375 http cache ansi-styles@https://registry.npmjs.org/ansi-styles/-/ansi-styles-4.3.0.tgz 0ms (cache hit)
376 http cache ansi-regex@https://registry.npmjs.org/ansi-regex/-/ansi-regex-4.1.0.tgz 0ms (cache hit)
377 http cache agent-base@https://registry.npmjs.org/agent-base/-/agent-base-6.0.2.tgz 0ms (cache hit)
378 http cache accepts@https://registry.npmjs.org/accepts/-/accepts-1.3.7.tgz 0ms (cache hit)
379 http cache abbrev@https://registry.npmjs.org/abbrev/-/abbrev-1.1.1.tgz 0ms (cache hit)
380 http cache @types/ws@https://registry.npmjs.org/@types/ws/-/ws-7.4.0.tgz 0ms (cache hit)
381 http cache @types/serve-static@https://registry.npmjs.org/@types/serve-static/-/serve-static-1.13.8.tgz 0ms (cache hit)
382 http cache @types/responselike@https://registry.npmjs.org/@types/responselike/-/responselike-1.0.0.tgz 0ms (cache hit)
383 http cache @types/uuid@https://registry.npmjs.org/@types/uuid/-/uuid-8.3.0.tgz 0ms (cache hit)
384 http cache @types/readable-stream@https://registry.npmjs.org/@types/readable-stream/-/readable-stream-2.3.10.tgz 0ms (cache hit)
385 http cache @types/redis@https://registry.npmjs.org/@types/redis/-/redis-2.8.28.tgz 0ms (cache hit)
386 http cache @types/range-parser@https://registry.npmjs.org/@types/range-parser/-/range-parser-1.2.3.tgz 0ms (cache hit)
387 http cache @types/qs@https://registry.npmjs.org/@types/qs/-/qs-6.9.5.tgz 0ms (cache hit)
388 http cache @types/object-hash@https://registry.npmjs.org/@types/object-hash/-/object-hash-1.3.4.tgz 0ms (cache hit)
389 http cache @types/node@https://registry.npmjs.org/@types/node/-/node-14.14.20.tgz 0ms (cache hit)
390 http cache @types/multer@https://registry.npmjs.org/@types/multer/-/multer-1.4.5.tgz 0ms (cache hit)
391 http cache @types/method-override@https://registry.npmjs.org/@types/method-override/-/method-override-0.0.31.tgz 0ms (cache hit)
392 http cache @types/minimatch@https://registry.npmjs.org/@types/minimatch/-/minimatch-3.0.3.tgz 0ms (cache hit)
393 http cache @types/mime@https://registry.npmjs.org/@types/mime/-/mime-2.0.3.tgz 0ms (cache hit)
394 http cache @types/lodash@https://registry.npmjs.org/@types/lodash/-/lodash-4.14.168.tgz 0ms (cache hit)
395 http cache @types/keyv@https://registry.npmjs.org/@types/keyv/-/keyv-3.1.1.tgz 0ms (cache hit)
396 http cache @types/ioredis@https://registry.npmjs.org/@types/ioredis/-/ioredis-4.17.11.tgz 0ms (cache hit)
397 http cache @types/express-serve-static-core@https://registry.npmjs.org/@types/express-serve-static-core/-/express-serve-static-core-4.17.18.tgz 0ms (cache hit)
398 http cache @types/express-session@https://registry.npmjs.org/@types/express-session/-/express-session-1.17.3.tgz 0ms (cache hit)
399 http cache @types/http-cache-semantics@https://registry.npmjs.org/@types/http-cache-semantics/-/http-cache-semantics-4.0.0.tgz 0ms (cache hit)
400 http cache @types/debug@https://registry.npmjs.org/@types/debug/-/debug-4.1.5.tgz 0ms (cache hit)
401 http cache @types/cookie-parser@https://registry.npmjs.org/@types/cookie-parser/-/cookie-parser-1.4.2.tgz 0ms (cache hit)
402 http cache @types/express@https://registry.npmjs.org/@types/express/-/express-4.17.11.tgz 0ms (cache hit)
403 http cache @types/connect-redis@https://registry.npmjs.org/@types/connect-redis/-/connect-redis-0.0.16.tgz 0ms (cache hit)
404 http cache @types/connect@https://registry.npmjs.org/@types/connect/-/connect-3.4.34.tgz 0ms (cache hit)
405 http cache @types/compression@https://registry.npmjs.org/@types/compression/-/compression-1.7.0.tgz 0ms (cache hit)
406 http cache @tokenizer/token@https://registry.npmjs.org/@tokenizer/token/-/token-0.1.1.tgz 0ms (cache hit)
407 http cache @types/cacheable-request@https://registry.npmjs.org/@types/cacheable-request/-/cacheable-request-6.0.1.tgz 0ms (cache hit)
408 http cache @types/body-parser@https://registry.npmjs.org/@types/body-parser/-/body-parser-1.19.0.tgz 0ms (cache hit)
409 http cache @phc/format@https://registry.npmjs.org/@phc/format/-/format-1.0.0.tgz 0ms (cache hit)
410 http cache @nodelib/fs.walk@https://registry.npmjs.org/@nodelib/fs.walk/-/fs.walk-1.2.6.tgz 0ms (cache hit)
411 http cache @nodelib/fs.scandir@https://registry.npmjs.org/@nodelib/fs.scandir/-/fs.scandir-2.1.4.tgz 0ms (cache hit)
412 http cache @mapbox/node-pre-gyp@https://registry.npmjs.org/@mapbox/node-pre-gyp/-/node-pre-gyp-1.0.6.tgz 0ms (cache hit)
413 http cache @nodelib/fs.stat@https://registry.npmjs.org/@nodelib/fs.stat/-/fs.stat-2.0.4.tgz 0ms (cache hit)
414 http cache @jimp/utils@https://registry.npmjs.org/@jimp/utils/-/utils-0.16.1.tgz 0ms (cache hit)
415 http cache @jimp/types@https://registry.npmjs.org/@jimp/types/-/types-0.16.1.tgz 0ms (cache hit)
416 http cache @jimp/tiff@https://registry.npmjs.org/@jimp/tiff/-/tiff-0.16.1.tgz 0ms (cache hit)
417 http cache @jimp/plugins@https://registry.npmjs.org/@jimp/plugins/-/plugins-0.16.1.tgz 0ms (cache hit)
418 http cache @jimp/png@https://registry.npmjs.org/@jimp/png/-/png-0.16.1.tgz 0ms (cache hit)
419 http cache @jimp/plugin-threshold@https://registry.npmjs.org/@jimp/plugin-threshold/-/plugin-threshold-0.16.1.tgz 0ms (cache hit)
420 http cache @jimp/plugin-shadow@https://registry.npmjs.org/@jimp/plugin-shadow/-/plugin-shadow-0.16.1.tgz 0ms (cache hit)
421 http cache @jimp/plugin-scale@https://registry.npmjs.org/@jimp/plugin-scale/-/plugin-scale-0.16.1.tgz 0ms (cache hit)
422 http cache @jimp/plugin-rotate@https://registry.npmjs.org/@jimp/plugin-rotate/-/plugin-rotate-0.16.1.tgz 0ms (cache hit)
423 http cache @jimp/plugin-resize@https://registry.npmjs.org/@jimp/plugin-resize/-/plugin-resize-0.16.1.tgz 0ms (cache hit)
424 http cache @jimp/plugin-print@https://registry.npmjs.org/@jimp/plugin-print/-/plugin-print-0.16.1.tgz 0ms (cache hit)
425 http cache @jimp/plugin-normalize@https://registry.npmjs.org/@jimp/plugin-normalize/-/plugin-normalize-0.16.1.tgz 0ms (cache hit)
426 http cache @jimp/plugin-mask@https://registry.npmjs.org/@jimp/plugin-mask/-/plugin-mask-0.16.1.tgz 0ms (cache hit)
427 http cache @jimp/plugin-invert@https://registry.npmjs.org/@jimp/plugin-invert/-/plugin-invert-0.16.1.tgz 0ms (cache hit)
428 http cache @jimp/plugin-gaussian@https://registry.npmjs.org/@jimp/plugin-gaussian/-/plugin-gaussian-0.16.1.tgz 0ms (cache hit)
429 http cache @jimp/plugin-flip@https://registry.npmjs.org/@jimp/plugin-flip/-/plugin-flip-0.16.1.tgz 0ms (cache hit)
430 http cache @jimp/plugin-fisheye@https://registry.npmjs.org/@jimp/plugin-fisheye/-/plugin-fisheye-0.16.1.tgz 0ms (cache hit)
431 http cache @jimp/plugin-dither@https://registry.npmjs.org/@jimp/plugin-dither/-/plugin-dither-0.16.1.tgz 0ms (cache hit)
432 http cache @jimp/plugin-displace@https://registry.npmjs.org/@jimp/plugin-displace/-/plugin-displace-0.16.1.tgz 0ms (cache hit)
433 http cache @jimp/plugin-crop@https://registry.npmjs.org/@jimp/plugin-crop/-/plugin-crop-0.16.1.tgz 0ms (cache hit)
434 http cache @jimp/plugin-cover@https://registry.npmjs.org/@jimp/plugin-cover/-/plugin-cover-0.16.1.tgz 0ms (cache hit)
435 http cache @jimp/plugin-contain@https://registry.npmjs.org/@jimp/plugin-contain/-/plugin-contain-0.16.1.tgz 0ms (cache hit)
436 http cache @jimp/plugin-color@https://registry.npmjs.org/@jimp/plugin-color/-/plugin-color-0.16.1.tgz 0ms (cache hit)
437 http cache @jimp/plugin-circle@https://registry.npmjs.org/@jimp/plugin-circle/-/plugin-circle-0.16.1.tgz 0ms (cache hit)
438 http cache @jimp/plugin-blur@https://registry.npmjs.org/@jimp/plugin-blur/-/plugin-blur-0.16.1.tgz 0ms (cache hit)
439 http cache @jimp/plugin-blit@https://registry.npmjs.org/@jimp/plugin-blit/-/plugin-blit-0.16.1.tgz 0ms (cache hit)
440 http cache @jimp/jpeg@https://registry.npmjs.org/@jimp/jpeg/-/jpeg-0.16.1.tgz 0ms (cache hit)
441 http cache @jimp/gif@https://registry.npmjs.org/@jimp/gif/-/gif-0.16.1.tgz 0ms (cache hit)
442 http cache @jimp/core@https://registry.npmjs.org/@jimp/core/-/core-0.16.1.tgz 0ms (cache hit)
443 http cache @jimp/custom@https://registry.npmjs.org/@jimp/custom/-/custom-0.16.1.tgz 0ms (cache hit)
444 http cache @calebboyd/semaphore@https://registry.npmjs.org/@calebboyd/semaphore/-/semaphore-1.3.1.tgz 0ms (cache hit)
445 http cache @jimp/bmp@https://registry.npmjs.org/@jimp/bmp/-/bmp-0.16.1.tgz 0ms (cache hit)
446 http cache buffer@https://registry.npmjs.org/buffer/-/buffer-5.7.1.tgz 0ms (cache hit)
447 http cache @babel/runtime@https://registry.npmjs.org/@babel/runtime/-/runtime-7.13.9.tgz 0ms (cache hit)
448 http cache ieee754@https://registry.npmjs.org/ieee754/-/ieee754-1.2.1.tgz 0ms (cache hit)
449 http cache commander@https://registry.npmjs.org/commander/-/commander-2.20.3.tgz 0ms (cache hit)
450 http cache emoji-regex@https://registry.npmjs.org/emoji-regex/-/emoji-regex-8.0.0.tgz 0ms (cache hit)
451 http cache is-fullwidth-code-point@https://registry.npmjs.org/is-fullwidth-code-point/-/is-fullwidth-code-point-3.0.0.tgz 0ms (cache hit)
452 http cache ansi-regex@https://registry.npmjs.org/ansi-regex/-/ansi-regex-5.0.1.tgz 0ms (cache hit)
453 http cache debug@https://registry.npmjs.org/debug/-/debug-2.6.9.tgz 0ms (cache hit)
454 http cache ms@https://registry.npmjs.org/ms/-/ms-2.0.0.tgz 0ms (cache hit)
455 http cache ms@https://registry.npmjs.org/ms/-/ms-2.1.1.tgz 0ms (cache hit)
456 http cache readable-stream@https://registry.npmjs.org/readable-stream/-/readable-stream-3.6.0.tgz 0ms (cache hit)
457 http cache redis-commands@https://registry.npmjs.org/redis-commands/-/redis-commands-1.7.0.tgz 0ms (cache hit)
458 http cache commander@https://registry.npmjs.org/commander/-/commander-2.20.3.tgz 0ms (cache hit)
459 http cache readable-stream@https://registry.npmjs.org/readable-stream/-/readable-stream-3.6.0.tgz 0ms (cache hit)
460 http cache supports-color@https://registry.npmjs.org/supports-color/-/supports-color-5.5.0.tgz 0ms (cache hit)
461 http cache has-flag@https://registry.npmjs.org/has-flag/-/has-flag-3.0.0.tgz 0ms (cache hit)
462 http cache color-name@https://registry.npmjs.org/color-name/-/color-name-1.1.3.tgz 0ms (cache hit)
463 http cache chalk@https://registry.npmjs.org/chalk/-/chalk-2.4.2.tgz 0ms (cache hit)
464 http cache color-convert@https://registry.npmjs.org/color-convert/-/color-convert-1.9.3.tgz 0ms (cache hit)
465 http cache pify@https://registry.npmjs.org/pify/-/pify-3.0.0.tgz 0ms (cache hit)
466 http cache ansi-styles@https://registry.npmjs.org/ansi-styles/-/ansi-styles-3.2.1.tgz 0ms (cache hit)
467 http cache supports-color@https://registry.npmjs.org/supports-color/-/supports-color-5.5.0.tgz 0ms (cache hit)
468 http cache responselike@https://registry.npmjs.org/responselike/-/responselike-2.0.0.tgz 0ms (cache hit)
469 http cache p-cancelable@https://registry.npmjs.org/p-cancelable/-/p-cancelable-2.0.0.tgz 0ms (cache hit)
470 http cache pify@https://registry.npmjs.org/pify/-/pify-5.0.0.tgz 0ms (cache hit)
471 http cache lowercase-keys@https://registry.npmjs.org/lowercase-keys/-/lowercase-keys-2.0.0.tgz 0ms (cache hit)
472 http cache mimic-response@https://registry.npmjs.org/mimic-response/-/mimic-response-3.1.0.tgz 0ms (cache hit)
473 http cache keyv@https://registry.npmjs.org/keyv/-/keyv-4.0.3.tgz 0ms (cache hit)
474 http cache json-buffer@https://registry.npmjs.org/json-buffer/-/json-buffer-3.0.1.tgz 0ms (cache hit)
475 http cache has-flag@https://registry.npmjs.org/has-flag/-/has-flag-3.0.0.tgz 0ms (cache hit)
476 http cache strip-ansi@https://registry.npmjs.org/strip-ansi/-/strip-ansi-6.0.0.tgz 0ms (cache hit)
477 http cache got@https://registry.npmjs.org/got/-/got-11.8.1.tgz 0ms (cache hit)
478 http cache defer-to-connect@https://registry.npmjs.org/defer-to-connect/-/defer-to-connect-2.0.0.tgz 0ms (cache hit)
479 http cache get-stream@https://registry.npmjs.org/get-stream/-/get-stream-5.2.0.tgz 0ms (cache hit)
480 http cache color-name@https://registry.npmjs.org/color-name/-/color-name-1.1.3.tgz 0ms (cache hit)
481 http cache @szmarczak/http-timer@https://registry.npmjs.org/@szmarczak/http-timer/-/http-timer-4.0.5.tgz 0ms (cache hit)
482 http cache decompress-response@https://registry.npmjs.org/decompress-response/-/decompress-response-6.0.0.tgz 0ms (cache hit)
483 http cache color-convert@https://registry.npmjs.org/color-convert/-/color-convert-1.9.3.tgz 0ms (cache hit)
484 http cache chalk@https://registry.npmjs.org/chalk/-/chalk-2.4.2.tgz 0ms (cache hit)
485 http cache cacheable-request@https://registry.npmjs.org/cacheable-request/-/cacheable-request-7.0.1.tgz 0ms (cache hit)
486 http cache media-typer@https://registry.npmjs.org/media-typer/-/media-typer-1.1.0.tgz 0ms (cache hit)
487 http cache @sindresorhus/is@https://registry.npmjs.org/@sindresorhus/is/-/is-4.0.0.tgz 0ms (cache hit)
488 http cache ansi-styles@https://registry.npmjs.org/ansi-styles/-/ansi-styles-3.2.1.tgz 0ms (cache hit)
489 http cache file-type@https://registry.npmjs.org/file-type/-/file-type-16.5.0.tgz 0ms (cache hit)
490 http cache readable-stream@https://registry.npmjs.org/readable-stream/-/readable-stream-3.6.0.tgz 0ms (cache hit)
491 http cache ms@https://registry.npmjs.org/ms/-/ms-2.0.0.tgz 0ms (cache hit)
492 http cache supports-color@https://registry.npmjs.org/supports-color/-/supports-color-5.5.0.tgz 0ms (cache hit)
493 http cache debug@https://registry.npmjs.org/debug/-/debug-3.1.0.tgz 0ms (cache hit)
494 http cache semver@https://registry.npmjs.org/semver/-/semver-6.3.0.tgz 0ms (cache hit)
495 http cache has-flag@https://registry.npmjs.org/has-flag/-/has-flag-3.0.0.tgz 0ms (cache hit)
496 http cache color-name@https://registry.npmjs.org/color-name/-/color-name-1.1.3.tgz 0ms (cache hit)
497 http cache color-convert@https://registry.npmjs.org/color-convert/-/color-convert-1.9.3.tgz 0ms (cache hit)
498 http cache chalk@https://registry.npmjs.org/chalk/-/chalk-2.4.2.tgz 0ms (cache hit)
499 http cache ansi-styles@https://registry.npmjs.org/ansi-styles/-/ansi-styles-3.2.1.tgz 0ms (cache hit)
500 http cache semver@https://registry.npmjs.org/semver/-/semver-5.7.1.tgz 0ms (cache hit)
501 http cache resolve-from@https://registry.npmjs.org/resolve-from/-/resolve-from-5.0.0.tgz 0ms (cache hit)
502 http cache pg-connection-string@https://registry.npmjs.org/pg-connection-string/-/pg-connection-string-2.5.0.tgz 0ms (cache hit)
503 http cache inherits@https://registry.npmjs.org/inherits/-/inherits-2.0.3.tgz 0ms (cache hit)
504 http cache debug@https://registry.npmjs.org/debug/-/debug-4.3.2.tgz 0ms (cache hit)
505 http cache strip-ansi@https://registry.npmjs.org/strip-ansi/-/strip-ansi-6.0.1.tgz 0ms (cache hit)
506 http cache ms@https://registry.npmjs.org/ms/-/ms-2.0.0.tgz 0ms (cache hit)
507 http cache string-width@https://registry.npmjs.org/string-width/-/string-width-4.2.3.tgz 0ms (cache hit)
508 http cache is-fullwidth-code-point@https://registry.npmjs.org/is-fullwidth-code-point/-/is-fullwidth-code-point-3.0.0.tgz 0ms (cache hit)
509 http cache ansi-regex@https://registry.npmjs.org/ansi-regex/-/ansi-regex-5.0.1.tgz 0ms (cache hit)
510 http cache debug@https://registry.npmjs.org/debug/-/debug-2.6.9.tgz 0ms (cache hit)
511 http cache to-regex-range@https://registry.npmjs.org/to-regex-range/-/to-regex-range-5.0.1.tgz 0ms (cache hit)
512 http cache is-number@https://registry.npmjs.org/is-number/-/is-number-7.0.0.tgz 0ms (cache hit)
513 http cache micromatch@https://registry.npmjs.org/micromatch/-/micromatch-4.0.2.tgz 0ms (cache hit)
514 http cache fill-range@https://registry.npmjs.org/fill-range/-/fill-range-7.0.1.tgz 0ms (cache hit)
515 http cache braces@https://registry.npmjs.org/braces/-/braces-3.0.2.tgz 0ms (cache hit)
516 http cache safe-buffer@https://registry.npmjs.org/safe-buffer/-/safe-buffer-5.2.0.tgz 0ms (cache hit)
517 http cache ms@https://registry.npmjs.org/ms/-/ms-2.0.0.tgz 0ms (cache hit)
518 http cache depd@https://registry.npmjs.org/depd/-/depd-2.0.0.tgz 0ms (cache hit)
519 http cache debug@https://registry.npmjs.org/debug/-/debug-2.6.9.tgz 0ms (cache hit)
520 http cache sort-keys@https://registry.npmjs.org/sort-keys/-/sort-keys-2.0.0.tgz 0ms (cache hit)
521 http cache ms@https://registry.npmjs.org/ms/-/ms-2.0.0.tgz 0ms (cache hit)
522 http cache debug@https://registry.npmjs.org/debug/-/debug-2.6.9.tgz 0ms (cache hit)
523 http cache semver@https://registry.npmjs.org/semver/-/semver-5.7.1.tgz 0ms (cache hit)
524 http cache pify@https://registry.npmjs.org/pify/-/pify-4.0.1.tgz 0ms (cache hit)
525 http cache p-cancelable@https://registry.npmjs.org/p-cancelable/-/p-cancelable-0.4.1.tgz 0ms (cache hit)
526 http cache normalize-url@https://registry.npmjs.org/normalize-url/-/normalize-url-2.0.1.tgz 0ms (cache hit)
527 http cache make-dir@https://registry.npmjs.org/make-dir/-/make-dir-2.1.0.tgz 0ms (cache hit)
528 http cache keyv@https://registry.npmjs.org/keyv/-/keyv-3.0.0.tgz 0ms (cache hit)
529 http cache http-cache-semantics@https://registry.npmjs.org/http-cache-semantics/-/http-cache-semantics-3.8.1.tgz 0ms (cache hit)
530 http cache got@https://registry.npmjs.org/got/-/got-8.3.2.tgz 0ms (cache hit)
531 http cache cacheable-request@https://registry.npmjs.org/cacheable-request/-/cacheable-request-2.1.4.tgz 0ms (cache hit)
532 http cache pify@https://registry.npmjs.org/pify/-/pify-3.0.0.tgz 0ms (cache hit)
533 http cache get-stream@https://registry.npmjs.org/get-stream/-/get-stream-3.0.0.tgz 0ms (cache hit)
534 http cache lowercase-keys@https://registry.npmjs.org/lowercase-keys/-/lowercase-keys-1.0.0.tgz 0ms (cache hit)
535 http cache file-type@https://registry.npmjs.org/file-type/-/file-type-5.2.0.tgz 0ms (cache hit)
536 http cache @sindresorhus/is@https://registry.npmjs.org/@sindresorhus/is/-/is-0.7.0.tgz 0ms (cache hit)
537 http cache get-stream@https://registry.npmjs.org/get-stream/-/get-stream-3.0.0.tgz 0ms (cache hit)
538 http cache get-stream@https://registry.npmjs.org/get-stream/-/get-stream-2.3.1.tgz 0ms (cache hit)
539 http cache file-type@https://registry.npmjs.org/file-type/-/file-type-6.2.0.tgz 0ms (cache hit)
540 http cache file-type@https://registry.npmjs.org/file-type/-/file-type-3.9.0.tgz 0ms (cache hit)
541 http cache make-dir@https://registry.npmjs.org/make-dir/-/make-dir-1.3.0.tgz 0ms (cache hit)
542 http cache ms@https://registry.npmjs.org/ms/-/ms-2.0.0.tgz 0ms (cache hit)
543 http cache pify@https://registry.npmjs.org/pify/-/pify-3.0.0.tgz 0ms (cache hit)
544 http cache file-type@https://registry.npmjs.org/file-type/-/file-type-5.2.0.tgz 0ms (cache hit)
545 http cache debug@https://registry.npmjs.org/debug/-/debug-2.6.9.tgz 0ms (cache hit)
546 http cache tslib@https://registry.npmjs.org/tslib/-/tslib-2.3.0.tgz 0ms (cache hit)
547 http cache bytes@https://registry.npmjs.org/bytes/-/bytes-3.0.0.tgz 0ms (cache hit)
548 http cache ms@https://registry.npmjs.org/ms/-/ms-2.0.0.tgz 0ms (cache hit)
549 http cache readable-stream@https://registry.npmjs.org/readable-stream/-/readable-stream-3.6.0.tgz 0ms (cache hit)
550 http cache file-type@https://registry.npmjs.org/file-type/-/file-type-4.4.0.tgz 0ms (cache hit)
551 http cache semver@https://registry.npmjs.org/semver/-/semver-7.3.5.tgz 0ms (cache hit)
552 http cache debug@https://registry.npmjs.org/debug/-/debug-2.6.9.tgz 0ms (cache hit)
553 http cache nopt@https://registry.npmjs.org/nopt/-/nopt-5.0.0.tgz 0ms (cache hit)
554 http cache node-fetch@https://registry.npmjs.org/node-fetch/-/node-fetch-2.6.5.tgz 0ms (cache hit)
555 http cache mkdirp@https://registry.npmjs.org/mkdirp/-/mkdirp-0.5.5.tgz 0ms (cache hit)
556 silly tarball no local data for yallist@https://registry.npmjs.org/yallist/-/yallist-4.0.0.tgz. Extracting by manifest.
557 http cache file-type@https://registry.npmjs.org/file-type/-/file-type-9.0.0.tgz 0ms (cache hit)
558 silly tarball no local data for yauzl@https://registry.npmjs.org/yauzl/-/yauzl-2.10.0.tgz. Extracting by manifest.
559 silly tarball no local data for xtend@https://registry.npmjs.org/xtend/-/xtend-4.0.2.tgz. Extracting by manifest.
560 silly tarball no local data for xmlbuilder@https://registry.npmjs.org/xmlbuilder/-/xmlbuilder-9.0.7.tgz. Extracting by manifest.
561 http cache buffer@https://registry.npmjs.org/buffer/-/buffer-5.7.1.tgz 0ms (cache hit)
562 silly tarball no local data for xss@https://registry.npmjs.org/xss/-/xss-1.0.8.tgz. Extracting by manifest.
563 silly tarball no local data for xml2js@https://registry.npmjs.org/xml2js/-/xml2js-0.4.19.tgz. Extracting by manifest.
564 silly tarball no local data for xhr@https://registry.npmjs.org/xhr/-/xhr-2.6.0.tgz. Extracting by manifest.
565 silly tarball no local data for xml-parse-from-string@https://registry.npmjs.org/xml-parse-from-string/-/xml-parse-from-string-1.0.1.tgz. Extracting by manifest.
566 silly tarball no local data for ws@https://registry.npmjs.org/ws/-/ws-7.4.6.tgz. Extracting by manifest.
567 silly tarball no local data for wrappy@https://registry.npmjs.org/wrappy/-/wrappy-1.0.2.tgz. Extracting by manifest.
568 silly tarball no local data for wide-align@https://registry.npmjs.org/wide-align/-/wide-align-1.1.5.tgz. Extracting by manifest.
569 silly tarball no local data for whatwg-url@https://registry.npmjs.org/whatwg-url/-/whatwg-url-5.0.0.tgz. Extracting by manifest.
570 silly tarball no local data for wcwidth@https://registry.npmjs.org/wcwidth/-/wcwidth-1.0.1.tgz. Extracting by manifest.
571 silly tarball no local data for webidl-conversions@https://registry.npmjs.org/webidl-conversions/-/webidl-conversions-3.0.1.tgz. Extracting by manifest.
572 silly tarball no local data for walk-sync@https://registry.npmjs.org/walk-sync/-/walk-sync-2.2.0.tgz. Extracting by manifest.
573 silly tarball no local data for vary@https://registry.npmjs.org/vary/-/vary-1.1.2.tgz. Extracting by manifest.
574 silly tarball no local data for uuid@https://registry.npmjs.org/uuid/-/uuid-8.3.2.tgz. Extracting by manifest.
575 silly tarball no local data for utils-merge@https://registry.npmjs.org/utils-merge/-/utils-merge-1.0.1.tgz. Extracting by manifest.
576 silly tarball no local data for utif@https://registry.npmjs.org/utif/-/utif-2.0.1.tgz. Extracting by manifest.
577 silly tarball no local data for util-deprecate@https://registry.npmjs.org/util-deprecate/-/util-deprecate-1.0.2.tgz. Extracting by manifest.
578 silly tarball no local data for url-to-options@https://registry.npmjs.org/url-to-options/-/url-to-options-1.0.1.tgz. Extracting by manifest.
579 silly tarball no local data for url-parse-lax@https://registry.npmjs.org/url-parse-lax/-/url-parse-lax-3.0.0.tgz. Extracting by manifest.
580 silly tarball no local data for unpipe@https://registry.npmjs.org/unpipe/-/unpipe-1.0.0.tgz. Extracting by manifest.
581 silly tarball no local data for universalify@https://registry.npmjs.org/universalify/-/universalify-2.0.0.tgz. Extracting by manifest.
582 silly tarball no local data for uid-safe@https://registry.npmjs.org/uid-safe/-/uid-safe-2.1.5.tgz. Extracting by manifest.
583 silly tarball no local data for unbzip2-stream@https://registry.npmjs.org/unbzip2-stream/-/unbzip2-stream-1.4.3.tgz. Extracting by manifest.
584 silly tarball no local data for type-is@https://registry.npmjs.org/type-is/-/type-is-1.6.18.tgz. Extracting by manifest.
585 silly tarball no local data for tunnel-agent@https://registry.npmjs.org/tunnel-agent/-/tunnel-agent-0.6.0.tgz. Extracting by manifest.
586 silly tarball no local data for trim-repeated@https://registry.npmjs.org/trim-repeated/-/trim-repeated-1.0.0.tgz. Extracting by manifest.
587 silly tarball no local data for token-types@https://registry.npmjs.org/token-types/-/token-types-2.1.1.tgz. Extracting by manifest.
588 silly tarball no local data for toidentifier@https://registry.npmjs.org/toidentifier/-/toidentifier-1.0.0.tgz. Extracting by manifest.
589 silly tarball no local data for tinycolor2@https://registry.npmjs.org/tinycolor2/-/tinycolor2-1.4.2.tgz. Extracting by manifest.
590 silly tarball no local data for to-buffer@https://registry.npmjs.org/to-buffer/-/to-buffer-1.1.1.tgz. Extracting by manifest.
591 silly tarball no local data for tr46@https://registry.npmjs.org/tr46/-/tr46-0.0.3.tgz. Extracting by manifest.
592 silly tarball no local data for timm@https://registry.npmjs.org/timm/-/timm-1.7.1.tgz. Extracting by manifest.
593 silly tarball no local data for timed-out@https://registry.npmjs.org/timed-out/-/timed-out-4.0.1.tgz. Extracting by manifest.
594 silly tarball no local data for tildify@https://registry.npmjs.org/tildify/-/tildify-2.0.0.tgz. Extracting by manifest.
595 silly tarball no local data for tarn@https://registry.npmjs.org/tarn/-/tarn-3.0.1.tgz. Extracting by manifest.
596 silly tarball no local data for through@https://registry.npmjs.org/through/-/through-2.3.8.tgz. Extracting by manifest.
597 silly tarball no local data for tapable@https://registry.npmjs.org/tapable/-/tapable-2.2.0.tgz. Extracting by manifest.
598 silly tarball no local data for strtok3@https://registry.npmjs.org/strtok3/-/strtok3-6.0.8.tgz. Extracting by manifest.
599 silly tarball no local data for supports-color@https://registry.npmjs.org/supports-color/-/supports-color-7.2.0.tgz. Extracting by manifest.
600 silly tarball no local data for tar-stream@https://registry.npmjs.org/tar-stream/-/tar-stream-1.6.2.tgz. Extracting by manifest.
601 silly tarball no local data for strip-ansi@https://registry.npmjs.org/strip-ansi/-/strip-ansi-5.2.0.tgz. Extracting by manifest.
602 silly tarball no local data for strip-dirs@https://registry.npmjs.org/strip-dirs/-/strip-dirs-2.1.0.tgz. Extracting by manifest.
603 silly tarball no local data for tar@https://registry.npmjs.org/tar/-/tar-6.1.11.tgz. Extracting by manifest.
604 silly tarball no local data for strip-outer@https://registry.npmjs.org/strip-outer/-/strip-outer-1.0.1.tgz. Extracting by manifest.
605 silly tarball no local data for string-width@https://registry.npmjs.org/string-width/-/string-width-4.2.0.tgz. Extracting by manifest.
606 silly tarball no local data for string_decoder@https://registry.npmjs.org/string_decoder/-/string_decoder-1.1.1.tgz. Extracting by manifest.
607 silly tarball no local data for strict-uri-encode@https://registry.npmjs.org/strict-uri-encode/-/strict-uri-encode-1.1.0.tgz. Extracting by manifest.
608 silly tarball no local data for standard-as-callback@https://registry.npmjs.org/standard-as-callback/-/standard-as-callback-2.0.1.tgz. Extracting by manifest.
609 silly tarball no local data for split2@https://registry.npmjs.org/split2/-/split2-3.2.2.tgz. Extracting by manifest.
610 silly tarball no local data for statuses@https://registry.npmjs.org/statuses/-/statuses-1.5.0.tgz. Extracting by manifest.
611 silly tarball no local data for sort-keys-length@https://registry.npmjs.org/sort-keys-length/-/sort-keys-length-1.0.1.tgz. Extracting by manifest.
612 silly tarball no local data for sort-keys@https://registry.npmjs.org/sort-keys/-/sort-keys-1.1.2.tgz. Extracting by manifest.
613 silly tarball no local data for social-links@https://registry.npmjs.org/social-links/-/social-links-1.4.3.tgz. Extracting by manifest.
614 silly tarball no local data for signal-exit@https://registry.npmjs.org/signal-exit/-/signal-exit-3.0.3.tgz. Extracting by manifest.
615 silly tarball no local data for slash@https://registry.npmjs.org/slash/-/slash-3.0.0.tgz. Extracting by manifest.
616 silly tarball no local data for set-blocking@https://registry.npmjs.org/set-blocking/-/set-blocking-2.0.0.tgz. Extracting by manifest.
617 silly tarball no local data for setprototypeof@https://registry.npmjs.org/setprototypeof/-/setprototypeof-1.1.1.tgz. Extracting by manifest.
618 silly tarball no local data for send@https://registry.npmjs.org/send/-/send-0.17.1.tgz. Extracting by manifest.
619 silly tarball no local data for serve-static@https://registry.npmjs.org/serve-static/-/serve-static-1.14.1.tgz. Extracting by manifest.
620 silly tarball no local data for seek-bzip@https://registry.npmjs.org/seek-bzip/-/seek-bzip-1.0.6.tgz. Extracting by manifest.
621 silly tarball no local data for sax@https://registry.npmjs.org/sax/-/sax-1.2.4.tgz. Extracting by manifest.
622 silly tarball no local data for safer-buffer@https://registry.npmjs.org/safer-buffer/-/safer-buffer-2.1.2.tgz. Extracting by manifest.
623 silly tarball no local data for safe-buffer@https://registry.npmjs.org/safe-buffer/-/safe-buffer-5.1.2.tgz. Extracting by manifest.
624 silly tarball no local data for run-parallel@https://registry.npmjs.org/run-parallel/-/run-parallel-1.1.10.tgz. Extracting by manifest.
625 silly tarball no local data for rimraf@https://registry.npmjs.org/rimraf/-/rimraf-3.0.2.tgz. Extracting by manifest.
626 silly tarball no local data for reusify@https://registry.npmjs.org/reusify/-/reusify-1.0.4.tgz. Extracting by manifest.
627 silly tarball no local data for restore-cursor@https://registry.npmjs.org/restore-cursor/-/restore-cursor-2.0.0.tgz. Extracting by manifest.
628 silly tarball no local data for responselike@https://registry.npmjs.org/responselike/-/responselike-1.0.2.tgz. Extracting by manifest.
629 silly tarball no local data for response-time@https://registry.npmjs.org/response-time/-/response-time-2.3.2.tgz. Extracting by manifest.
630 silly tarball no local data for resolve-dependencies@https://registry.npmjs.org/resolve-dependencies/-/resolve-dependencies-6.0.4.tgz. Extracting by manifest.
631 silly tarball no local data for resolve-alpn@https://registry.npmjs.org/resolve-alpn/-/resolve-alpn-1.0.0.tgz. Extracting by manifest.
632 silly tarball no local data for resolve@https://registry.npmjs.org/resolve/-/resolve-1.20.0.tgz. Extracting by manifest.
633 silly tarball no local data for redlock@https://registry.npmjs.org/redlock/-/redlock-4.2.0.tgz. Extracting by manifest.
634 silly tarball no local data for redis-parser@https://registry.npmjs.org/redis-parser/-/redis-parser-3.0.0.tgz. Extracting by manifest.
635 silly tarball no local data for redis-commands@https://registry.npmjs.org/redis-commands/-/redis-commands-1.6.0.tgz. Extracting by manifest.
636 silly tarball no local data for regenerator-runtime@https://registry.npmjs.org/regenerator-runtime/-/regenerator-runtime-0.13.7.tgz. Extracting by manifest.
637 silly tarball no local data for redis-errors@https://registry.npmjs.org/redis-errors/-/redis-errors-1.2.0.tgz. Extracting by manifest.
638 silly tarball no local data for redis@https://registry.npmjs.org/redis/-/redis-3.1.2.tgz. Extracting by manifest.
639 silly tarball no local data for rechoir@https://registry.npmjs.org/rechoir/-/rechoir-0.7.0.tgz. Extracting by manifest.
640 silly tarball no local data for readable-web-to-node-stream@https://registry.npmjs.org/readable-web-to-node-stream/-/readable-web-to-node-stream-3.0.1.tgz. Extracting by manifest.
641 silly tarball no local data for rate-limiter-flexible@https://registry.npmjs.org/rate-limiter-flexible/-/rate-limiter-flexible-2.2.1.tgz. Extracting by manifest.
642 silly tarball no local data for readable-stream@https://registry.npmjs.org/readable-stream/-/readable-stream-2.3.7.tgz. Extracting by manifest.
643 silly tarball no local data for range-parser@https://registry.npmjs.org/range-parser/-/range-parser-1.2.1.tgz. Extracting by manifest.
644 silly tarball no local data for raw-body@https://registry.npmjs.org/raw-body/-/raw-body-2.4.0.tgz. Extracting by manifest.
645 silly tarball no local data for random-bytes@https://registry.npmjs.org/random-bytes/-/random-bytes-1.0.0.tgz. Extracting by manifest.
646 silly tarball no local data for quick-lru@https://registry.npmjs.org/quick-lru/-/quick-lru-5.1.1.tgz. Extracting by manifest.
647 silly tarball no local data for qs@https://registry.npmjs.org/qs/-/qs-6.7.0.tgz. Extracting by manifest.
648 silly tarball no local data for query-string@https://registry.npmjs.org/query-string/-/query-string-5.1.1.tgz. Extracting by manifest.
649 silly tarball no local data for proxy-addr@https://registry.npmjs.org/proxy-addr/-/proxy-addr-2.0.6.tgz. Extracting by manifest.
650 silly tarball no local data for pump@https://registry.npmjs.org/pump/-/pump-3.0.0.tgz. Extracting by manifest.
651 silly tarball no local data for proto-list@https://registry.npmjs.org/proto-list/-/proto-list-1.2.4.tgz. Extracting by manifest.
652 silly tarball no local data for process@https://registry.npmjs.org/process/-/process-0.11.10.tgz. Extracting by manifest.
653 silly tarball no local data for process-nextick-args@https://registry.npmjs.org/process-nextick-args/-/process-nextick-args-2.0.1.tgz. Extracting by manifest.
654 silly tarball no local data for prepend-http@https://registry.npmjs.org/prepend-http/-/prepend-http-2.0.0.tgz. Extracting by manifest.
655 silly tarball no local data for postgres-date@https://registry.npmjs.org/postgres-date/-/postgres-date-1.0.7.tgz. Extracting by manifest.
656 silly tarball no local data for postgres-interval@https://registry.npmjs.org/postgres-interval/-/postgres-interval-1.2.0.tgz. Extracting by manifest.
657 silly tarball no local data for postgres-bytea@https://registry.npmjs.org/postgres-bytea/-/postgres-bytea-1.0.0.tgz. Extracting by manifest.
658 silly tarball no local data for postgres-array@https://registry.npmjs.org/postgres-array/-/postgres-array-2.0.0.tgz. Extracting by manifest.
659 silly tarball no local data for pngjs@https://registry.npmjs.org/pngjs/-/pngjs-3.4.0.tgz. Extracting by manifest.
660 silly tarball no local data for pixelmatch@https://registry.npmjs.org/pixelmatch/-/pixelmatch-4.0.2.tgz. Extracting by manifest.
661 silly tarball no local data for pinkie@https://registry.npmjs.org/pinkie/-/pinkie-2.0.4.tgz. Extracting by manifest.
662 silly tarball no local data for pinkie-promise@https://registry.npmjs.org/pinkie-promise/-/pinkie-promise-2.0.1.tgz. Extracting by manifest.
663 silly tarball no local data for pify@https://registry.npmjs.org/pify/-/pify-2.3.0.tgz. Extracting by manifest.
664 silly tarball no local data for picomatch@https://registry.npmjs.org/picomatch/-/picomatch-2.2.2.tgz. Extracting by manifest.
665 silly tarball no local data for phin@https://registry.npmjs.org/phin/-/phin-2.9.3.tgz. Extracting by manifest.
666 silly tarball no local data for pg-types@https://registry.npmjs.org/pg-types/-/pg-types-2.2.0.tgz. Extracting by manifest.
667 silly tarball no local data for pgpass@https://registry.npmjs.org/pgpass/-/pgpass-1.0.4.tgz. Extracting by manifest.
668 silly tarball no local data for pg-protocol@https://registry.npmjs.org/pg-protocol/-/pg-protocol-1.4.0.tgz. Extracting by manifest.
669 silly tarball no local data for pg-int8@https://registry.npmjs.org/pg-int8/-/pg-int8-1.0.1.tgz. Extracting by manifest.
670 silly tarball no local data for pg-pool@https://registry.npmjs.org/pg-pool/-/pg-pool-3.2.2.tgz. Extracting by manifest.
671 silly tarball no local data for pg-connection-string@https://registry.npmjs.org/pg-connection-string/-/pg-connection-string-2.4.0.tgz. Extracting by manifest.
672 silly tarball no local data for pg@https://registry.npmjs.org/pg/-/pg-8.5.1.tgz. Extracting by manifest.
673 silly tarball no local data for pend@https://registry.npmjs.org/pend/-/pend-1.2.0.tgz. Extracting by manifest.
674 silly tarball no local data for peek-readable@https://registry.npmjs.org/peek-readable/-/peek-readable-3.1.3.tgz. Extracting by manifest.
675 silly tarball no local data for path-is-absolute@https://registry.npmjs.org/path-is-absolute/-/path-is-absolute-1.0.1.tgz. Extracting by manifest.
676 silly tarball no local data for path-parse@https://registry.npmjs.org/path-parse/-/path-parse-1.0.7.tgz. Extracting by manifest.
677 silly tarball no local data for path-type@https://registry.npmjs.org/path-type/-/path-type-4.0.0.tgz. Extracting by manifest.
678 silly tarball no local data for path-to-regexp@https://registry.npmjs.org/path-to-regexp/-/path-to-regexp-0.1.7.tgz. Extracting by manifest.
679 silly tarball no local data for parse5-htmlparser2-tree-adapter@https://registry.npmjs.org/parse5-htmlparser2-tree-adapter/-/parse5-htmlparser2-tree-adapter-6.0.1.tgz. Extracting by manifest.
680 silly tarball no local data for parseurl@https://registry.npmjs.org/parseurl/-/parseurl-1.3.3.tgz. Extracting by manifest.
681 silly tarball no local data for parse5@https://registry.npmjs.org/parse5/-/parse5-6.0.1.tgz. Extracting by manifest.
682 silly tarball no local data for parse-bmfont-xml@https://registry.npmjs.org/parse-bmfont-xml/-/parse-bmfont-xml-1.1.4.tgz. Extracting by manifest.
683 silly tarball no local data for parse-bmfont-binary@https://registry.npmjs.org/parse-bmfont-binary/-/parse-bmfont-binary-1.0.6.tgz. Extracting by manifest.
684 silly tarball no local data for parse-headers@https://registry.npmjs.org/parse-headers/-/parse-headers-2.0.3.tgz. Extracting by manifest.
685 silly tarball no local data for parse-bmfont-ascii@https://registry.npmjs.org/parse-bmfont-ascii/-/parse-bmfont-ascii-1.0.6.tgz. Extracting by manifest.
686 silly tarball no local data for pako@https://registry.npmjs.org/pako/-/pako-1.0.11.tgz. Extracting by manifest.
687 silly tarball no local data for packet-reader@https://registry.npmjs.org/packet-reader/-/packet-reader-1.0.0.tgz. Extracting by manifest.
688 silly tarball no local data for p-timeout@https://registry.npmjs.org/p-timeout/-/p-timeout-2.0.1.tgz. Extracting by manifest.
689 silly tarball no local data for p-map@https://registry.npmjs.org/p-map/-/p-map-2.1.0.tgz. Extracting by manifest.
690 silly tarball no local data for ora@https://registry.npmjs.org/ora/-/ora-3.4.0.tgz. Extracting by manifest.
691 silly tarball no local data for p-is-promise@https://registry.npmjs.org/p-is-promise/-/p-is-promise-1.1.0.tgz. Extracting by manifest.
692 silly tarball no local data for p-event@https://registry.npmjs.org/p-event/-/p-event-2.3.1.tgz. Extracting by manifest.
693 silly tarball no local data for once@https://registry.npmjs.org/once/-/once-1.4.0.tgz. Extracting by manifest.
694 silly tarball no local data for onetime@https://registry.npmjs.org/onetime/-/onetime-2.0.1.tgz. Extracting by manifest.
695 silly tarball no local data for p-finally@https://registry.npmjs.org/p-finally/-/p-finally-1.0.0.tgz. Extracting by manifest.
696 silly tarball no local data for opencollective-postinstall@https://registry.npmjs.org/opencollective-postinstall/-/opencollective-postinstall-2.0.3.tgz. Extracting by manifest.
697 silly tarball no local data for on-headers@https://registry.npmjs.org/on-headers/-/on-headers-1.0.2.tgz. Extracting by manifest.
698 silly tarball no local data for object-hash@https://registry.npmjs.org/object-hash/-/object-hash-2.1.1.tgz. Extracting by manifest.
699 silly tarball no local data for on-finished@https://registry.npmjs.org/on-finished/-/on-finished-2.3.0.tgz. Extracting by manifest.
700 silly tarball no local data for omggif@https://registry.npmjs.org/omggif/-/omggif-1.0.10.tgz. Extracting by manifest.
701 silly tarball no local data for object-assign@https://registry.npmjs.org/object-assign/-/object-assign-4.1.1.tgz. Extracting by manifest.
702 silly tarball no local data for npmlog@https://registry.npmjs.org/npmlog/-/npmlog-5.0.1.tgz. Extracting by manifest.
703 silly tarball no local data for normalize-url@https://registry.npmjs.org/normalize-url/-/normalize-url-4.5.1.tgz. Extracting by manifest.
704 silly tarball no local data for nth-check@https://registry.npmjs.org/nth-check/-/nth-check-2.0.1.tgz. Extracting by manifest.
705 silly tarball no local data for npm-conf@https://registry.npmjs.org/npm-conf/-/npm-conf-1.1.3.tgz. Extracting by manifest.
706 silly tarball no local data for node-worker-threads-pool@https://registry.npmjs.org/node-worker-threads-pool/-/node-worker-threads-pool-1.4.3.tgz. Extracting by manifest.
707 silly tarball no local data for negotiator@https://registry.npmjs.org/negotiator/-/negotiator-0.6.2.tgz. Extracting by manifest.
708 silly tarball no local data for nexe@https://registry.npmjs.org/nexe/-/nexe-4.0.0-beta.17.tgz. Extracting by manifest.
709 silly tarball no local data for node-addon-api@https://registry.npmjs.org/node-addon-api/-/node-addon-api-3.2.1.tgz. Extracting by manifest.
710 silly tarball no local data for music-metadata@https://registry.npmjs.org/music-metadata/-/music-metadata-7.8.6.tgz. Extracting by manifest.
711 silly tarball no local data for multistream@https://registry.npmjs.org/multistream/-/multistream-4.1.0.tgz. Extracting by manifest.
712 silly tarball no local data for ms@https://registry.npmjs.org/ms/-/ms-2.1.2.tgz. Extracting by manifest.
713 silly tarball no local data for moment@https://registry.npmjs.org/moment/-/moment-2.29.1.tgz. Extracting by manifest.
714 silly tarball no local data for module-alias@https://registry.npmjs.org/module-alias/-/module-alias-2.2.2.tgz. Extracting by manifest.
715 silly tarball no local data for mkdirp@https://registry.npmjs.org/mkdirp/-/mkdirp-1.0.4.tgz. Extracting by manifest.
716 silly tarball no local data for minipass@https://registry.npmjs.org/minipass/-/minipass-3.1.5.tgz. Extracting by manifest.
717 silly tarball no local data for minimist@https://registry.npmjs.org/minimist/-/minimist-1.2.5.tgz. Extracting by manifest.
718 silly tarball no local data for minizlib@https://registry.npmjs.org/minizlib/-/minizlib-2.1.2.tgz. Extracting by manifest.
719 silly tarball no local data for minimatch@https://registry.npmjs.org/minimatch/-/minimatch-3.0.4.tgz. Extracting by manifest.
720 silly tarball no local data for min-document@https://registry.npmjs.org/min-document/-/min-document-2.19.0.tgz. Extracting by manifest.
721 silly tarball no local data for mimic-response@https://registry.npmjs.org/mimic-response/-/mimic-response-1.0.1.tgz. Extracting by manifest.
722 silly tarball no local data for mimic-fn@https://registry.npmjs.org/mimic-fn/-/mimic-fn-1.2.0.tgz. Extracting by manifest.
723 silly tarball no local data for mime@https://registry.npmjs.org/mime/-/mime-1.6.0.tgz. Extracting by manifest.
724 silly tarball no local data for mime-db@https://registry.npmjs.org/mime-db/-/mime-db-1.45.0.tgz. Extracting by manifest.
725 silly tarball no local data for mime-types@https://registry.npmjs.org/mime-types/-/mime-types-2.1.28.tgz. Extracting by manifest.
726 silly tarball no local data for method-override@https://registry.npmjs.org/method-override/-/method-override-3.0.0.tgz. Extracting by manifest.
727 silly tarball no local data for merge2@https://registry.npmjs.org/merge2/-/merge2-1.4.1.tgz. Extracting by manifest.
728 silly tarball no local data for meriyah@https://registry.npmjs.org/meriyah/-/meriyah-3.1.6.tgz. Extracting by manifest.
729 silly tarball no local data for methods@https://registry.npmjs.org/methods/-/methods-1.1.2.tgz. Extracting by manifest.
730 silly tarball no local data for merge-descriptors@https://registry.npmjs.org/merge-descriptors/-/merge-descriptors-1.0.1.tgz. Extracting by manifest.
731 silly tarball no local data for media-typer@https://registry.npmjs.org/media-typer/-/media-typer-0.3.0.tgz. Extracting by manifest.
732 silly tarball no local data for make-dir@https://registry.npmjs.org/make-dir/-/make-dir-3.1.0.tgz. Extracting by manifest.
733 silly tarball no local data for lru-cache@https://registry.npmjs.org/lru-cache/-/lru-cache-6.0.0.tgz. Extracting by manifest.
734 silly tarball no local data for lowercase-keys@https://registry.npmjs.org/lowercase-keys/-/lowercase-keys-1.0.1.tgz. Extracting by manifest.
735 silly tarball no local data for log-symbols@https://registry.npmjs.org/log-symbols/-/log-symbols-2.2.0.tgz. Extracting by manifest.
736 silly tarball no local data for matcher-collection@https://registry.npmjs.org/matcher-collection/-/matcher-collection-2.0.1.tgz. Extracting by manifest.
737 silly tarball no local data for lodash.isstring@https://registry.npmjs.org/lodash.isstring/-/lodash.isstring-4.0.1.tgz. Extracting by manifest.
738 silly tarball no local data for lodash.once@https://registry.npmjs.org/lodash.once/-/lodash.once-4.1.1.tgz. Extracting by manifest.
739 silly tarball no local data for lodash.isplainobject@https://registry.npmjs.org/lodash.isplainobject/-/lodash.isplainobject-4.0.6.tgz. Extracting by manifest.
740 silly tarball no local data for lodash.isnumber@https://registry.npmjs.org/lodash.isnumber/-/lodash.isnumber-3.0.3.tgz. Extracting by manifest.
741 silly tarball no local data for lodash.isinteger@https://registry.npmjs.org/lodash.isinteger/-/lodash.isinteger-4.0.4.tgz. Extracting by manifest.
742 silly tarball no local data for lodash.includes@https://registry.npmjs.org/lodash.includes/-/lodash.includes-4.3.0.tgz. Extracting by manifest.
743 silly tarball no local data for lodash.isboolean@https://registry.npmjs.org/lodash.isboolean/-/lodash.isboolean-3.0.3.tgz. Extracting by manifest.
744 silly tarball no local data for lodash.flatten@https://registry.npmjs.org/lodash.flatten/-/lodash.flatten-4.4.0.tgz. Extracting by manifest.
745 silly tarball no local data for lodash@https://registry.npmjs.org/lodash/-/lodash-4.17.21.tgz. Extracting by manifest.
746 silly tarball no local data for lodash.defaults@https://registry.npmjs.org/lodash.defaults/-/lodash.defaults-4.2.0.tgz. Extracting by manifest.
747 silly tarball no local data for load-bmfont@https://registry.npmjs.org/load-bmfont/-/load-bmfont-1.4.1.tgz. Extracting by manifest.
748 silly tarball no local data for jwa@https://registry.npmjs.org/jwa/-/jwa-1.4.1.tgz. Extracting by manifest.
749 silly tarball no local data for jws@https://registry.npmjs.org/jws/-/jws-3.2.2.tgz. Extracting by manifest.
750 silly tarball no local data for knex@https://registry.npmjs.org/knex/-/knex-0.95.12.tgz. Extracting by manifest.
751 silly tarball no local data for jsonfile@https://registry.npmjs.org/jsonfile/-/jsonfile-6.1.0.tgz. Extracting by manifest.
752 silly tarball no local data for json-buffer@https://registry.npmjs.org/json-buffer/-/json-buffer-3.0.0.tgz. Extracting by manifest.
753 silly tarball no local data for jimp@https://registry.npmjs.org/jimp/-/jimp-0.16.1.tgz. Extracting by manifest.
754 silly tarball no local data for jsonwebtoken@https://registry.npmjs.org/jsonwebtoken/-/jsonwebtoken-8.5.1.tgz. Extracting by manifest.
755 silly tarball no local data for jpeg-js@https://registry.npmjs.org/jpeg-js/-/jpeg-js-0.4.2.tgz. Extracting by manifest.
756 silly tarball no local data for isarray@https://registry.npmjs.org/isarray/-/isarray-1.0.0.tgz. Extracting by manifest.
757 silly tarball no local data for isurl@https://registry.npmjs.org/isurl/-/isurl-1.0.0.tgz. Extracting by manifest.
758 silly tarball no local data for is-plain-obj@https://registry.npmjs.org/is-plain-obj/-/is-plain-obj-1.1.0.tgz. Extracting by manifest.
759 silly tarball no local data for is-stream@https://registry.npmjs.org/is-stream/-/is-stream-1.1.0.tgz. Extracting by manifest.
760 silly tarball no local data for is-object@https://registry.npmjs.org/is-object/-/is-object-1.0.2.tgz. Extracting by manifest.
761 silly tarball no local data for is-retry-allowed@https://registry.npmjs.org/is-retry-allowed/-/is-retry-allowed-1.2.0.tgz. Extracting by manifest.
762 silly tarball no local data for is-function@https://registry.npmjs.org/is-function/-/is-function-1.0.2.tgz. Extracting by manifest.
763 silly tarball no local data for is-glob@https://registry.npmjs.org/is-glob/-/is-glob-4.0.1.tgz. Extracting by manifest.
764 silly tarball no local data for is-core-module@https://registry.npmjs.org/is-core-module/-/is-core-module-2.8.0.tgz. Extracting by manifest.
765 silly tarball no local data for is-natural-number@https://registry.npmjs.org/is-natural-number/-/is-natural-number-4.0.1.tgz. Extracting by manifest.
766 silly tarball no local data for ipaddr.js@https://registry.npmjs.org/ipaddr.js/-/ipaddr.js-1.9.1.tgz. Extracting by manifest.
767 silly tarball no local data for is-extglob@https://registry.npmjs.org/is-extglob/-/is-extglob-2.1.1.tgz. Extracting by manifest.
768 silly tarball no local data for into-stream@https://registry.npmjs.org/into-stream/-/into-stream-3.1.0.tgz. Extracting by manifest.
769 silly tarball no local data for ioredis@https://registry.npmjs.org/ioredis/-/ioredis-4.19.4.tgz. Extracting by manifest.
770 silly tarball no local data for interpret@https://registry.npmjs.org/interpret/-/interpret-2.2.0.tgz. Extracting by manifest.
771 silly tarball no local data for ini@https://registry.npmjs.org/ini/-/ini-1.3.8.tgz. Extracting by manifest.
772 silly tarball no local data for inherits@https://registry.npmjs.org/inherits/-/inherits-2.0.4.tgz. Extracting by manifest.
773 silly tarball no local data for inflight@https://registry.npmjs.org/inflight/-/inflight-1.0.6.tgz. Extracting by manifest.
774 silly tarball no local data for image-q@https://registry.npmjs.org/image-q/-/image-q-1.1.1.tgz. Extracting by manifest.
775 silly tarball no local data for ignore@https://registry.npmjs.org/ignore/-/ignore-5.1.8.tgz. Extracting by manifest.
776 silly tarball no local data for ieee754@https://registry.npmjs.org/ieee754/-/ieee754-1.1.13.tgz. Extracting by manifest.
777 silly tarball no local data for iconv-lite@https://registry.npmjs.org/iconv-lite/-/iconv-lite-0.4.24.tgz. Extracting by manifest.
778 silly tarball no local data for https-proxy-agent@https://registry.npmjs.org/https-proxy-agent/-/https-proxy-agent-5.0.0.tgz. Extracting by manifest.
779 silly tarball no local data for http-errors@https://registry.npmjs.org/http-errors/-/http-errors-1.7.2.tgz. Extracting by manifest.
780 silly tarball no local data for http-cache-semantics@https://registry.npmjs.org/http-cache-semantics/-/http-cache-semantics-4.1.0.tgz. Extracting by manifest.
781 silly tarball no local data for htmlparser2@https://registry.npmjs.org/htmlparser2/-/htmlparser2-6.1.0.tgz. Extracting by manifest.
782 silly tarball no local data for http2-wrapper@https://registry.npmjs.org/http2-wrapper/-/http2-wrapper-1.0.0-beta.5.2.tgz. Extracting by manifest.
783 silly tarball no local data for html-prettify@https://registry.npmjs.org/html-prettify/-/html-prettify-1.0.3.tgz. Extracting by manifest.
784 silly tarball no local data for hcaptcha@https://registry.npmjs.org/hcaptcha/-/hcaptcha-0.0.2.tgz. Extracting by manifest.
785 silly tarball no local data for html-entities@https://registry.npmjs.org/html-entities/-/html-entities-2.3.2.tgz. Extracting by manifest.
786 silly tarball no local data for has-unicode@https://registry.npmjs.org/has-unicode/-/has-unicode-2.0.1.tgz. Extracting by manifest.
787 silly tarball no local data for has-to-string-tag-x@https://registry.npmjs.org/has-to-string-tag-x/-/has-to-string-tag-x-1.4.1.tgz. Extracting by manifest.
788 silly tarball no local data for has-symbol-support-x@https://registry.npmjs.org/has-symbol-support-x/-/has-symbol-support-x-1.4.2.tgz. Extracting by manifest.
789 silly tarball no local data for has@https://registry.npmjs.org/has/-/has-1.0.3.tgz. Extracting by manifest.
790 silly tarball no local data for globby@https://registry.npmjs.org/globby/-/globby-11.0.1.tgz. Extracting by manifest.
791 silly tarball no local data for has-flag@https://registry.npmjs.org/has-flag/-/has-flag-4.0.0.tgz. Extracting by manifest.
792 silly tarball no local data for graceful-fs@https://registry.npmjs.org/graceful-fs/-/graceful-fs-4.2.4.tgz. Extracting by manifest.
793 silly tarball no local data for global@https://registry.npmjs.org/global/-/global-4.4.0.tgz. Extracting by manifest.
794 silly tarball no local data for glob-parent@https://registry.npmjs.org/glob-parent/-/glob-parent-5.1.2.tgz. Extracting by manifest.
795 silly tarball no local data for gifwrap@https://registry.npmjs.org/gifwrap/-/gifwrap-0.9.2.tgz. Extracting by manifest.
796 silly tarball no local data for glob@https://registry.npmjs.org/glob/-/glob-7.1.6.tgz. Extracting by manifest.
797 silly tarball no local data for getopts@https://registry.npmjs.org/getopts/-/getopts-2.2.5.tgz. Extracting by manifest.
798 silly tarball no local data for get-stream@https://registry.npmjs.org/get-stream/-/get-stream-4.1.0.tgz. Extracting by manifest.
799 silly tarball no local data for gauge@https://registry.npmjs.org/gauge/-/gauge-3.0.2.tgz. Extracting by manifest.
800 silly tarball no local data for get-proxy@https://registry.npmjs.org/get-proxy/-/get-proxy-2.1.0.tgz. Extracting by manifest.
801 silly tarball no local data for function-bind@https://registry.npmjs.org/function-bind/-/function-bind-1.1.1.tgz. Extracting by manifest.
802 silly tarball no local data for fs.realpath@https://registry.npmjs.org/fs.realpath/-/fs.realpath-1.0.0.tgz. Extracting by manifest.
803 silly tarball no local data for fs-minipass@https://registry.npmjs.org/fs-minipass/-/fs-minipass-2.1.0.tgz. Extracting by manifest.
804 silly tarball no local data for fs-constants@https://registry.npmjs.org/fs-constants/-/fs-constants-1.0.0.tgz. Extracting by manifest.
805 silly tarball no local data for fs-extra@https://registry.npmjs.org/fs-extra/-/fs-extra-9.1.0.tgz. Extracting by manifest.
806 silly tarball no local data for from2@https://registry.npmjs.org/from2/-/from2-2.3.0.tgz. Extracting by manifest.
807 silly tarball no local data for fresh@https://registry.npmjs.org/fresh/-/fresh-0.5.2.tgz. Extracting by manifest.
808 silly tarball no local data for forwarded@https://registry.npmjs.org/forwarded/-/forwarded-0.1.2.tgz. Extracting by manifest.
809 silly tarball no local data for follow-redirects@https://registry.npmjs.org/follow-redirects/-/follow-redirects-1.14.4.tgz. Extracting by manifest.
810 silly tarball no local data for finalhandler@https://registry.npmjs.org/finalhandler/-/finalhandler-1.1.2.tgz. Extracting by manifest.
811 silly tarball no local data for filename-reserved-regex@https://registry.npmjs.org/filename-reserved-regex/-/filename-reserved-regex-2.0.0.tgz. Extracting by manifest.
812 silly tarball no local data for filenamify@https://registry.npmjs.org/filenamify/-/filenamify-3.0.0.tgz. Extracting by manifest.
813 silly tarball no local data for file-type@https://registry.npmjs.org/file-type/-/file-type-11.1.0.tgz. Extracting by manifest.
814 silly tarball no local data for fastq@https://registry.npmjs.org/fastq/-/fastq-1.10.0.tgz. Extracting by manifest.
815 silly tarball no local data for fd-slicer@https://registry.npmjs.org/fd-slicer/-/fd-slicer-1.1.0.tgz. Extracting by manifest.
816 silly tarball no local data for ext-name@https://registry.npmjs.org/ext-name/-/ext-name-5.0.0.tgz. Extracting by manifest.
817 silly tarball no local data for fast-glob@https://registry.npmjs.org/fast-glob/-/fast-glob-3.2.4.tgz. Extracting by manifest.
818 silly tarball no local data for express-session@https://registry.npmjs.org/express-session/-/express-session-1.17.1.tgz. Extracting by manifest.
819 silly tarball no local data for ext-list@https://registry.npmjs.org/ext-list/-/ext-list-2.2.2.tgz. Extracting by manifest.
820 silly tarball no local data for express@https://registry.npmjs.org/express/-/express-4.17.1.tgz. Extracting by manifest.
821 silly tarball no local data for exif-parser@https://registry.npmjs.org/exif-parser/-/exif-parser-0.1.12.tgz. Extracting by manifest.
822 silly tarball no local data for etag@https://registry.npmjs.org/etag/-/etag-1.8.1.tgz. Extracting by manifest.
823 silly tarball no local data for esm@https://registry.npmjs.org/esm/-/esm-3.2.25.tgz. Extracting by manifest.
824 silly tarball no local data for escape-string-regexp@https://registry.npmjs.org/escape-string-regexp/-/escape-string-regexp-1.0.5.tgz. Extracting by manifest.
825 silly tarball no local data for escape-html@https://registry.npmjs.org/escape-html/-/escape-html-1.0.3.tgz. Extracting by manifest.
826 silly tarball no local data for escalade@https://registry.npmjs.org/escalade/-/escalade-3.1.1.tgz. Extracting by manifest.
827 silly tarball no local data for entities@https://registry.npmjs.org/entities/-/entities-2.2.0.tgz. Extracting by manifest.
828 silly tarball no local data for ensure-posix-path@https://registry.npmjs.org/ensure-posix-path/-/ensure-posix-path-1.1.1.tgz. Extracting by manifest.
829 silly tarball no local data for enhanced-resolve@https://registry.npmjs.org/enhanced-resolve/-/enhanced-resolve-5.7.0.tgz. Extracting by manifest.
830 silly tarball no local data for encodeurl@https://registry.npmjs.org/encodeurl/-/encodeurl-1.0.2.tgz. Extracting by manifest.
831 silly tarball no local data for end-of-stream@https://registry.npmjs.org/end-of-stream/-/end-of-stream-1.4.4.tgz. Extracting by manifest.
832 silly tarball no local data for ee-first@https://registry.npmjs.org/ee-first/-/ee-first-1.1.1.tgz. Extracting by manifest.
833 silly tarball no local data for emoji-regex@https://registry.npmjs.org/emoji-regex/-/emoji-regex-8.0.0.tgz. Extracting by manifest.
834 silly tarball no local data for ecdsa-sig-formatter@https://registry.npmjs.org/ecdsa-sig-formatter/-/ecdsa-sig-formatter-1.0.11.tgz. Extracting by manifest.
835 silly tarball no local data for duplexer3@https://registry.npmjs.org/duplexer3/-/duplexer3-0.1.4.tgz. Extracting by manifest.
836 silly tarball no local data for download@https://registry.npmjs.org/download/-/download-8.0.0.tgz. Extracting by manifest.
837 silly tarball no local data for domutils@https://registry.npmjs.org/domutils/-/domutils-2.7.0.tgz. Extracting by manifest.
838 silly tarball no local data for domhandler@https://registry.npmjs.org/domhandler/-/domhandler-4.2.0.tgz. Extracting by manifest.
839 silly tarball no local data for domelementtype@https://registry.npmjs.org/domelementtype/-/domelementtype-2.2.0.tgz. Extracting by manifest.
840 silly tarball no local data for dom-walk@https://registry.npmjs.org/dom-walk/-/dom-walk-0.1.2.tgz. Extracting by manifest.
841 silly tarball no local data for dom-serializer@https://registry.npmjs.org/dom-serializer/-/dom-serializer-1.3.2.tgz. Extracting by manifest.
842 silly tarball no local data for dir-glob@https://registry.npmjs.org/dir-glob/-/dir-glob-3.0.1.tgz. Extracting by manifest.
843 silly tarball no local data for destroy@https://registry.npmjs.org/destroy/-/destroy-1.0.4.tgz. Extracting by manifest.
844 silly tarball no local data for denque@https://registry.npmjs.org/denque/-/denque-1.5.0.tgz. Extracting by manifest.
845 silly tarball no local data for delegates@https://registry.npmjs.org/delegates/-/delegates-1.0.0.tgz. Extracting by manifest.
846 silly tarball no local data for detect-libc@https://registry.npmjs.org/detect-libc/-/detect-libc-1.0.3.tgz. Extracting by manifest.
847 silly tarball no local data for decompress-unzip@https://registry.npmjs.org/decompress-unzip/-/decompress-unzip-4.0.1.tgz. Extracting by manifest.
848 silly tarball no local data for depd@https://registry.npmjs.org/depd/-/depd-1.1.2.tgz. Extracting by manifest.
849 silly tarball no local data for defaults@https://registry.npmjs.org/defaults/-/defaults-1.0.3.tgz. Extracting by manifest.
850 silly tarball no local data for decompress-targz@https://registry.npmjs.org/decompress-targz/-/decompress-targz-4.1.1.tgz. Extracting by manifest.
851 silly tarball no local data for decompress-tar@https://registry.npmjs.org/decompress-tar/-/decompress-tar-4.1.1.tgz. Extracting by manifest.
852 silly tarball no local data for decompress@https://registry.npmjs.org/decompress/-/decompress-4.2.1.tgz. Extracting by manifest.
853 silly tarball no local data for decompress-tarbz2@https://registry.npmjs.org/decompress-tarbz2/-/decompress-tarbz2-4.1.1.tgz. Extracting by manifest.
854 silly tarball no local data for decompress-response@https://registry.npmjs.org/decompress-response/-/decompress-response-3.3.0.tgz. Extracting by manifest.
855 silly tarball no local data for decode-uri-component@https://registry.npmjs.org/decode-uri-component/-/decode-uri-component-0.2.0.tgz. Extracting by manifest.
856 silly tarball no local data for debug@https://registry.npmjs.org/debug/-/debug-4.3.1.tgz. Extracting by manifest.
857 silly tarball no local data for css-select@https://registry.npmjs.org/css-select/-/css-select-4.1.3.tgz. Extracting by manifest.
858 silly tarball no local data for cssfilter@https://registry.npmjs.org/cssfilter/-/cssfilter-0.0.10.tgz. Extracting by manifest.
859 silly tarball no local data for css-what@https://registry.npmjs.org/css-what/-/css-what-5.0.1.tgz. Extracting by manifest.
860 silly tarball no local data for core-util-is@https://registry.npmjs.org/core-util-is/-/core-util-is-1.0.2.tgz. Extracting by manifest.
861 silly tarball no local data for cookie-signature@https://registry.npmjs.org/cookie-signature/-/cookie-signature-1.0.6.tgz. Extracting by manifest.
862 silly tarball no local data for cookie@https://registry.npmjs.org/cookie/-/cookie-0.4.0.tgz. Extracting by manifest.
863 silly tarball no local data for content-disposition@https://registry.npmjs.org/content-disposition/-/content-disposition-0.5.3.tgz. Extracting by manifest.
864 silly tarball no local data for cookie-parser@https://registry.npmjs.org/cookie-parser/-/cookie-parser-1.4.5.tgz. Extracting by manifest.
865 silly tarball no local data for content-type@https://registry.npmjs.org/content-type/-/content-type-1.0.4.tgz. Extracting by manifest.
866 silly tarball no local data for console-control-strings@https://registry.npmjs.org/console-control-strings/-/console-control-strings-1.1.0.tgz. Extracting by manifest.
867 silly tarball no local data for connect-redis@https://registry.npmjs.org/connect-redis/-/connect-redis-5.0.0.tgz. Extracting by manifest.
868 silly tarball no local data for config-chain@https://registry.npmjs.org/config-chain/-/config-chain-1.1.12.tgz. Extracting by manifest.
869 silly tarball no local data for compression@https://registry.npmjs.org/compression/-/compression-1.7.4.tgz. Extracting by manifest.
870 silly tarball no local data for concat-map@https://registry.npmjs.org/concat-map/-/concat-map-0.0.1.tgz. Extracting by manifest.
871 silly tarball no local data for compressible@https://registry.npmjs.org/compressible/-/compressible-2.0.18.tgz. Extracting by manifest.
872 silly tarball no local data for commander@https://registry.npmjs.org/commander/-/commander-7.2.0.tgz. Extracting by manifest.
873 silly tarball no local data for colorette@https://registry.npmjs.org/colorette/-/colorette-2.0.16.tgz. Extracting by manifest.
874 silly tarball no local data for color-support@https://registry.npmjs.org/color-support/-/color-support-1.1.3.tgz. Extracting by manifest.
875 silly tarball no local data for color-name@https://registry.npmjs.org/color-name/-/color-name-1.1.4.tgz. Extracting by manifest.
876 silly tarball no local data for color-convert@https://registry.npmjs.org/color-convert/-/color-convert-2.0.1.tgz. Extracting by manifest.
877 silly tarball no local data for cluster-key-slot@https://registry.npmjs.org/cluster-key-slot/-/cluster-key-slot-1.1.0.tgz. Extracting by manifest.
878 silly tarball no local data for clone-response@https://registry.npmjs.org/clone-response/-/clone-response-1.0.2.tgz. Extracting by manifest.
879 silly tarball no local data for cli-spinners@https://registry.npmjs.org/cli-spinners/-/cli-spinners-2.5.0.tgz. Extracting by manifest.
880 silly tarball no local data for clone@https://registry.npmjs.org/clone/-/clone-1.0.4.tgz. Extracting by manifest.
881 silly tarball no local data for chownr@https://registry.npmjs.org/chownr/-/chownr-2.0.0.tgz. Extracting by manifest.
882 silly tarball no local data for cli-cursor@https://registry.npmjs.org/cli-cursor/-/cli-cursor-2.1.0.tgz. Extracting by manifest.
883 silly tarball no local data for cherow@https://registry.npmjs.org/cherow/-/cherow-1.6.9.tgz. Extracting by manifest.
884 silly tarball no local data for cheerio-select@https://registry.npmjs.org/cheerio-select/-/cheerio-select-1.5.0.tgz. Extracting by manifest.
885 silly tarball no local data for cheerio@https://registry.npmjs.org/cheerio/-/cheerio-1.0.0-rc.10.tgz. Extracting by manifest.
886 silly tarball no local data for chalk@https://registry.npmjs.org/chalk/-/chalk-4.1.0.tgz. Extracting by manifest.
887 silly tarball no local data for caw@https://registry.npmjs.org/caw/-/caw-2.0.1.tgz. Extracting by manifest.
888 silly tarball no local data for cacheable-lookup@https://registry.npmjs.org/cacheable-lookup/-/cacheable-lookup-5.0.4.tgz. Extracting by manifest.
889 silly tarball no local data for bytes@https://registry.npmjs.org/bytes/-/bytes-3.1.0.tgz. Extracting by manifest.
890 silly tarball no local data for buffer-writer@https://registry.npmjs.org/buffer-writer/-/buffer-writer-2.0.0.tgz. Extracting by manifest.
891 silly tarball no local data for buffer-fill@https://registry.npmjs.org/buffer-fill/-/buffer-fill-1.0.0.tgz. Extracting by manifest.
892 silly tarball no local data for buffer-equal@https://registry.npmjs.org/buffer-equal/-/buffer-equal-0.0.1.tgz. Extracting by manifest.
893 silly tarball no local data for buffer-equal-constant-time@https://registry.npmjs.org/buffer-equal-constant-time/-/buffer-equal-constant-time-1.0.1.tgz. Extracting by manifest.
894 silly tarball no local data for buffer-crc32@https://registry.npmjs.org/buffer-crc32/-/buffer-crc32-0.2.13.tgz. Extracting by manifest.
895 silly tarball no local data for buffer-alloc-unsafe@https://registry.npmjs.org/buffer-alloc-unsafe/-/buffer-alloc-unsafe-1.1.0.tgz. Extracting by manifest.
896 silly tarball no local data for buffer-alloc@https://registry.npmjs.org/buffer-alloc/-/buffer-alloc-1.2.0.tgz. Extracting by manifest.
897 silly tarball no local data for brace-expansion@https://registry.npmjs.org/brace-expansion/-/brace-expansion-1.1.11.tgz. Extracting by manifest.
898 silly tarball no local data for boolbase@https://registry.npmjs.org/boolbase/-/boolbase-1.0.0.tgz. Extracting by manifest.
899 silly tarball no local data for body-parser@https://registry.npmjs.org/body-parser/-/body-parser-1.19.0.tgz. Extracting by manifest.
900 silly tarball no local data for bl@https://registry.npmjs.org/bl/-/bl-1.2.3.tgz. Extracting by manifest.
901 silly tarball no local data for bmp-js@https://registry.npmjs.org/bmp-js/-/bmp-js-0.1.0.tgz. Extracting by manifest.
902 silly tarball no local data for bluebird@https://registry.npmjs.org/bluebird/-/bluebird-3.7.2.tgz. Extracting by manifest.
903 silly tarball no local data for base64-js@https://registry.npmjs.org/base64-js/-/base64-js-1.5.1.tgz. Extracting by manifest.
904 silly tarball no local data for balanced-match@https://registry.npmjs.org/balanced-match/-/balanced-match-1.0.0.tgz. Extracting by manifest.
905 silly tarball no local data for at-least-node@https://registry.npmjs.org/at-least-node/-/at-least-node-1.0.0.tgz. Extracting by manifest.
906 silly tarball no local data for axios@https://registry.npmjs.org/axios/-/axios-0.21.4.tgz. Extracting by manifest.
907 silly tarball no local data for asciichart@https://registry.npmjs.org/asciichart/-/asciichart-1.5.25.tgz. Extracting by manifest.
908 silly tarball no local data for array-union@https://registry.npmjs.org/array-union/-/array-union-2.1.0.tgz. Extracting by manifest.
909 silly tarball no local data for argon2@https://registry.npmjs.org/argon2/-/argon2-0.28.2.tgz. Extracting by manifest.
910 silly tarball no local data for array-flatten@https://registry.npmjs.org/array-flatten/-/array-flatten-1.1.1.tgz. Extracting by manifest.
911 silly tarball no local data for are-we-there-yet@https://registry.npmjs.org/are-we-there-yet/-/are-we-there-yet-2.0.0.tgz. Extracting by manifest.
912 silly tarball no local data for archive-type@https://registry.npmjs.org/archive-type/-/archive-type-4.0.0.tgz. Extracting by manifest.
913 silly tarball no local data for app-builder@https://registry.npmjs.org/app-builder/-/app-builder-6.2.2.tgz. Extracting by manifest.
914 silly tarball no local data for any-base@https://registry.npmjs.org/any-base/-/any-base-1.1.0.tgz. Extracting by manifest.
915 silly tarball no local data for aproba@https://registry.npmjs.org/aproba/-/aproba-2.0.0.tgz. Extracting by manifest.
916 silly tarball no local data for ansi-styles@https://registry.npmjs.org/ansi-styles/-/ansi-styles-4.3.0.tgz. Extracting by manifest.
917 silly tarball no local data for ansi-regex@https://registry.npmjs.org/ansi-regex/-/ansi-regex-4.1.0.tgz. Extracting by manifest.
918 silly tarball no local data for agent-base@https://registry.npmjs.org/agent-base/-/agent-base-6.0.2.tgz. Extracting by manifest.
919 silly tarball no local data for accepts@https://registry.npmjs.org/accepts/-/accepts-1.3.7.tgz. Extracting by manifest.
920 silly tarball no local data for abbrev@https://registry.npmjs.org/abbrev/-/abbrev-1.1.1.tgz. Extracting by manifest.
921 silly tarball no local data for @types/ws@https://registry.npmjs.org/@types/ws/-/ws-7.4.0.tgz. Extracting by manifest.
922 silly tarball no local data for @types/serve-static@https://registry.npmjs.org/@types/serve-static/-/serve-static-1.13.8.tgz. Extracting by manifest.
923 silly tarball no local data for @types/responselike@https://registry.npmjs.org/@types/responselike/-/responselike-1.0.0.tgz. Extracting by manifest.
924 silly tarball no local data for @types/uuid@https://registry.npmjs.org/@types/uuid/-/uuid-8.3.0.tgz. Extracting by manifest.
925 silly tarball no local data for @types/readable-stream@https://registry.npmjs.org/@types/readable-stream/-/readable-stream-2.3.10.tgz. Extracting by manifest.
926 silly tarball no local data for @types/redis@https://registry.npmjs.org/@types/redis/-/redis-2.8.28.tgz. Extracting by manifest.
927 silly tarball no local data for @types/range-parser@https://registry.npmjs.org/@types/range-parser/-/range-parser-1.2.3.tgz. Extracting by manifest.
928 silly tarball no local data for @types/qs@https://registry.npmjs.org/@types/qs/-/qs-6.9.5.tgz. Extracting by manifest.
929 silly tarball no local data for @types/object-hash@https://registry.npmjs.org/@types/object-hash/-/object-hash-1.3.4.tgz. Extracting by manifest.
930 silly tarball no local data for @types/node@https://registry.npmjs.org/@types/node/-/node-14.14.20.tgz. Extracting by manifest.
931 silly tarball no local data for @types/multer@https://registry.npmjs.org/@types/multer/-/multer-1.4.5.tgz. Extracting by manifest.
932 silly tarball no local data for @types/method-override@https://registry.npmjs.org/@types/method-override/-/method-override-0.0.31.tgz. Extracting by manifest.
933 silly tarball no local data for @types/minimatch@https://registry.npmjs.org/@types/minimatch/-/minimatch-3.0.3.tgz. Extracting by manifest.
934 silly tarball no local data for @types/mime@https://registry.npmjs.org/@types/mime/-/mime-2.0.3.tgz. Extracting by manifest.
935 silly tarball no local data for @types/lodash@https://registry.npmjs.org/@types/lodash/-/lodash-4.14.168.tgz. Extracting by manifest.
936 silly tarball no local data for @types/keyv@https://registry.npmjs.org/@types/keyv/-/keyv-3.1.1.tgz. Extracting by manifest.
937 silly tarball no local data for @types/ioredis@https://registry.npmjs.org/@types/ioredis/-/ioredis-4.17.11.tgz. Extracting by manifest.
938 silly tarball no local data for @types/express-serve-static-core@https://registry.npmjs.org/@types/express-serve-static-core/-/express-serve-static-core-4.17.18.tgz. Extracting by manifest.
939 silly tarball no local data for @types/express-session@https://registry.npmjs.org/@types/express-session/-/express-session-1.17.3.tgz. Extracting by manifest.
940 silly tarball no local data for @types/http-cache-semantics@https://registry.npmjs.org/@types/http-cache-semantics/-/http-cache-semantics-4.0.0.tgz. Extracting by manifest.
941 silly tarball no local data for @types/debug@https://registry.npmjs.org/@types/debug/-/debug-4.1.5.tgz. Extracting by manifest.
942 silly tarball no local data for @types/cookie-parser@https://registry.npmjs.org/@types/cookie-parser/-/cookie-parser-1.4.2.tgz. Extracting by manifest.
943 silly tarball no local data for @types/express@https://registry.npmjs.org/@types/express/-/express-4.17.11.tgz. Extracting by manifest.
944 silly tarball no local data for @types/connect-redis@https://registry.npmjs.org/@types/connect-redis/-/connect-redis-0.0.16.tgz. Extracting by manifest.
945 silly tarball no local data for @types/connect@https://registry.npmjs.org/@types/connect/-/connect-3.4.34.tgz. Extracting by manifest.
946 silly tarball no local data for @types/compression@https://registry.npmjs.org/@types/compression/-/compression-1.7.0.tgz. Extracting by manifest.
947 silly tarball no local data for @tokenizer/token@https://registry.npmjs.org/@tokenizer/token/-/token-0.1.1.tgz. Extracting by manifest.
948 silly tarball no local data for @types/cacheable-request@https://registry.npmjs.org/@types/cacheable-request/-/cacheable-request-6.0.1.tgz. Extracting by manifest.
949 silly tarball no local data for @types/body-parser@https://registry.npmjs.org/@types/body-parser/-/body-parser-1.19.0.tgz. Extracting by manifest.
950 silly tarball no local data for @phc/format@https://registry.npmjs.org/@phc/format/-/format-1.0.0.tgz. Extracting by manifest.
951 silly tarball no local data for @nodelib/fs.walk@https://registry.npmjs.org/@nodelib/fs.walk/-/fs.walk-1.2.6.tgz. Extracting by manifest.
952 silly tarball no local data for @nodelib/fs.scandir@https://registry.npmjs.org/@nodelib/fs.scandir/-/fs.scandir-2.1.4.tgz. Extracting by manifest.
953 silly tarball no local data for @mapbox/node-pre-gyp@https://registry.npmjs.org/@mapbox/node-pre-gyp/-/node-pre-gyp-1.0.6.tgz. Extracting by manifest.
954 silly tarball no local data for @nodelib/fs.stat@https://registry.npmjs.org/@nodelib/fs.stat/-/fs.stat-2.0.4.tgz. Extracting by manifest.
955 silly tarball no local data for @jimp/utils@https://registry.npmjs.org/@jimp/utils/-/utils-0.16.1.tgz. Extracting by manifest.
956 silly tarball no local data for @jimp/types@https://registry.npmjs.org/@jimp/types/-/types-0.16.1.tgz. Extracting by manifest.
957 silly tarball no local data for @jimp/tiff@https://registry.npmjs.org/@jimp/tiff/-/tiff-0.16.1.tgz. Extracting by manifest.
958 silly tarball no local data for @jimp/plugins@https://registry.npmjs.org/@jimp/plugins/-/plugins-0.16.1.tgz. Extracting by manifest.
959 silly tarball no local data for @jimp/png@https://registry.npmjs.org/@jimp/png/-/png-0.16.1.tgz. Extracting by manifest.
960 silly tarball no local data for @jimp/plugin-threshold@https://registry.npmjs.org/@jimp/plugin-threshold/-/plugin-threshold-0.16.1.tgz. Extracting by manifest.
961 silly tarball no local data for @jimp/plugin-shadow@https://registry.npmjs.org/@jimp/plugin-shadow/-/plugin-shadow-0.16.1.tgz. Extracting by manifest.
962 silly tarball no local data for @jimp/plugin-scale@https://registry.npmjs.org/@jimp/plugin-scale/-/plugin-scale-0.16.1.tgz. Extracting by manifest.
963 silly tarball no local data for @jimp/plugin-rotate@https://registry.npmjs.org/@jimp/plugin-rotate/-/plugin-rotate-0.16.1.tgz. Extracting by manifest.
964 silly tarball no local data for @jimp/plugin-resize@https://registry.npmjs.org/@jimp/plugin-resize/-/plugin-resize-0.16.1.tgz. Extracting by manifest.
965 silly tarball no local data for @jimp/plugin-print@https://registry.npmjs.org/@jimp/plugin-print/-/plugin-print-0.16.1.tgz. Extracting by manifest.
966 silly tarball no local data for @jimp/plugin-normalize@https://registry.npmjs.org/@jimp/plugin-normalize/-/plugin-normalize-0.16.1.tgz. Extracting by manifest.
967 silly tarball no local data for @jimp/plugin-mask@https://registry.npmjs.org/@jimp/plugin-mask/-/plugin-mask-0.16.1.tgz. Extracting by manifest.
968 silly tarball no local data for @jimp/plugin-invert@https://registry.npmjs.org/@jimp/plugin-invert/-/plugin-invert-0.16.1.tgz. Extracting by manifest.
969 silly tarball no local data for @jimp/plugin-gaussian@https://registry.npmjs.org/@jimp/plugin-gaussian/-/plugin-gaussian-0.16.1.tgz. Extracting by manifest.
970 silly tarball no local data for @jimp/plugin-flip@https://registry.npmjs.org/@jimp/plugin-flip/-/plugin-flip-0.16.1.tgz. Extracting by manifest.
971 silly tarball no local data for @jimp/plugin-fisheye@https://registry.npmjs.org/@jimp/plugin-fisheye/-/plugin-fisheye-0.16.1.tgz. Extracting by manifest.
972 silly tarball no local data for @jimp/plugin-dither@https://registry.npmjs.org/@jimp/plugin-dither/-/plugin-dither-0.16.1.tgz. Extracting by manifest.
973 silly tarball no local data for @jimp/plugin-displace@https://registry.npmjs.org/@jimp/plugin-displace/-/plugin-displace-0.16.1.tgz. Extracting by manifest.
974 silly tarball no local data for @jimp/plugin-crop@https://registry.npmjs.org/@jimp/plugin-crop/-/plugin-crop-0.16.1.tgz. Extracting by manifest.
975 silly tarball no local data for @jimp/plugin-cover@https://registry.npmjs.org/@jimp/plugin-cover/-/plugin-cover-0.16.1.tgz. Extracting by manifest.
976 silly tarball no local data for @jimp/plugin-contain@https://registry.npmjs.org/@jimp/plugin-contain/-/plugin-contain-0.16.1.tgz. Extracting by manifest.
977 silly tarball no local data for @jimp/plugin-color@https://registry.npmjs.org/@jimp/plugin-color/-/plugin-color-0.16.1.tgz. Extracting by manifest.
978 silly tarball no local data for @jimp/plugin-circle@https://registry.npmjs.org/@jimp/plugin-circle/-/plugin-circle-0.16.1.tgz. Extracting by manifest.
979 silly tarball no local data for @jimp/plugin-blur@https://registry.npmjs.org/@jimp/plugin-blur/-/plugin-blur-0.16.1.tgz. Extracting by manifest.
980 silly tarball no local data for @jimp/plugin-blit@https://registry.npmjs.org/@jimp/plugin-blit/-/plugin-blit-0.16.1.tgz. Extracting by manifest.
981 silly tarball no local data for @jimp/jpeg@https://registry.npmjs.org/@jimp/jpeg/-/jpeg-0.16.1.tgz. Extracting by manifest.
982 silly tarball no local data for @jimp/gif@https://registry.npmjs.org/@jimp/gif/-/gif-0.16.1.tgz. Extracting by manifest.
983 silly tarball no local data for @jimp/core@https://registry.npmjs.org/@jimp/core/-/core-0.16.1.tgz. Extracting by manifest.
984 silly tarball no local data for @jimp/custom@https://registry.npmjs.org/@jimp/custom/-/custom-0.16.1.tgz. Extracting by manifest.
985 silly tarball no local data for @calebboyd/semaphore@https://registry.npmjs.org/@calebboyd/semaphore/-/semaphore-1.3.1.tgz. Extracting by manifest.
986 silly tarball no local data for @jimp/bmp@https://registry.npmjs.org/@jimp/bmp/-/bmp-0.16.1.tgz. Extracting by manifest.
987 silly tarball no local data for buffer@https://registry.npmjs.org/buffer/-/buffer-5.7.1.tgz. Extracting by manifest.
988 silly tarball no local data for @babel/runtime@https://registry.npmjs.org/@babel/runtime/-/runtime-7.13.9.tgz. Extracting by manifest.
989 silly tarball no local data for ieee754@https://registry.npmjs.org/ieee754/-/ieee754-1.2.1.tgz. Extracting by manifest.
990 silly tarball no local data for commander@https://registry.npmjs.org/commander/-/commander-2.20.3.tgz. Extracting by manifest.
991 silly tarball no local data for emoji-regex@https://registry.npmjs.org/emoji-regex/-/emoji-regex-8.0.0.tgz. Extracting by manifest.
992 silly tarball no local data for is-fullwidth-code-point@https://registry.npmjs.org/is-fullwidth-code-point/-/is-fullwidth-code-point-3.0.0.tgz. Extracting by manifest.
993 silly tarball no local data for ansi-regex@https://registry.npmjs.org/ansi-regex/-/ansi-regex-5.0.1.tgz. Extracting by manifest.
994 silly tarball no local data for debug@https://registry.npmjs.org/debug/-/debug-2.6.9.tgz. Extracting by manifest.
995 silly tarball no local data for ms@https://registry.npmjs.org/ms/-/ms-2.0.0.tgz. Extracting by manifest.
996 silly tarball no local data for ms@https://registry.npmjs.org/ms/-/ms-2.1.1.tgz. Extracting by manifest.
997 silly tarball no local data for readable-stream@https://registry.npmjs.org/readable-stream/-/readable-stream-3.6.0.tgz. Extracting by manifest.
998 silly tarball no local data for redis-commands@https://registry.npmjs.org/redis-commands/-/redis-commands-1.7.0.tgz. Extracting by manifest.
999 silly tarball no local data for commander@https://registry.npmjs.org/commander/-/commander-2.20.3.tgz. Extracting by manifest.
1000 silly tarball no local data for readable-stream@https://registry.npmjs.org/readable-stream/-/readable-stream-3.6.0.tgz. Extracting by manifest.
1001 silly tarball no local data for supports-color@https://registry.npmjs.org/supports-color/-/supports-color-5.5.0.tgz. Extracting by manifest.
1002 silly tarball no local data for has-flag@https://registry.npmjs.org/has-flag/-/has-flag-3.0.0.tgz. Extracting by manifest.
1003 silly tarball no local data for color-name@https://registry.npmjs.org/color-name/-/color-name-1.1.3.tgz. Extracting by manifest.
1004 silly tarball no local data for chalk@https://registry.npmjs.org/chalk/-/chalk-2.4.2.tgz. Extracting by manifest.
1005 silly tarball no local data for color-convert@https://registry.npmjs.org/color-convert/-/color-convert-1.9.3.tgz. Extracting by manifest.
1006 silly tarball no local data for pify@https://registry.npmjs.org/pify/-/pify-3.0.0.tgz. Extracting by manifest.
1007 silly tarball no local data for ansi-styles@https://registry.npmjs.org/ansi-styles/-/ansi-styles-3.2.1.tgz. Extracting by manifest.
1008 silly tarball no local data for supports-color@https://registry.npmjs.org/supports-color/-/supports-color-5.5.0.tgz. Extracting by manifest.
1009 silly tarball no local data for responselike@https://registry.npmjs.org/responselike/-/responselike-2.0.0.tgz. Extracting by manifest.
1010 silly tarball no local data for p-cancelable@https://registry.npmjs.org/p-cancelable/-/p-cancelable-2.0.0.tgz. Extracting by manifest.
1011 silly tarball no local data for pify@https://registry.npmjs.org/pify/-/pify-5.0.0.tgz. Extracting by manifest.
1012 silly tarball no local data for lowercase-keys@https://registry.npmjs.org/lowercase-keys/-/lowercase-keys-2.0.0.tgz. Extracting by manifest.
1013 silly tarball no local data for mimic-response@https://registry.npmjs.org/mimic-response/-/mimic-response-3.1.0.tgz. Extracting by manifest.
1014 silly tarball no local data for keyv@https://registry.npmjs.org/keyv/-/keyv-4.0.3.tgz. Extracting by manifest.
1015 silly tarball no local data for json-buffer@https://registry.npmjs.org/json-buffer/-/json-buffer-3.0.1.tgz. Extracting by manifest.
1016 silly tarball no local data for has-flag@https://registry.npmjs.org/has-flag/-/has-flag-3.0.0.tgz. Extracting by manifest.
1017 silly tarball no local data for strip-ansi@https://registry.npmjs.org/strip-ansi/-/strip-ansi-6.0.0.tgz. Extracting by manifest.
1018 silly tarball no local data for got@https://registry.npmjs.org/got/-/got-11.8.1.tgz. Extracting by manifest.
1019 silly tarball no local data for defer-to-connect@https://registry.npmjs.org/defer-to-connect/-/defer-to-connect-2.0.0.tgz. Extracting by manifest.
1020 silly tarball no local data for get-stream@https://registry.npmjs.org/get-stream/-/get-stream-5.2.0.tgz. Extracting by manifest.
1021 silly tarball no local data for color-name@https://registry.npmjs.org/color-name/-/color-name-1.1.3.tgz. Extracting by manifest.
1022 silly tarball no local data for @szmarczak/http-timer@https://registry.npmjs.org/@szmarczak/http-timer/-/http-timer-4.0.5.tgz. Extracting by manifest.
1023 silly tarball no local data for decompress-response@https://registry.npmjs.org/decompress-response/-/decompress-response-6.0.0.tgz. Extracting by manifest.
1024 silly tarball no local data for color-convert@https://registry.npmjs.org/color-convert/-/color-convert-1.9.3.tgz. Extracting by manifest.
1025 silly tarball no local data for chalk@https://registry.npmjs.org/chalk/-/chalk-2.4.2.tgz. Extracting by manifest.
1026 silly tarball no local data for cacheable-request@https://registry.npmjs.org/cacheable-request/-/cacheable-request-7.0.1.tgz. Extracting by manifest.
1027 silly tarball no local data for media-typer@https://registry.npmjs.org/media-typer/-/media-typer-1.1.0.tgz. Extracting by manifest.
1028 silly tarball no local data for @sindresorhus/is@https://registry.npmjs.org/@sindresorhus/is/-/is-4.0.0.tgz. Extracting by manifest.
1029 silly tarball no local data for ansi-styles@https://registry.npmjs.org/ansi-styles/-/ansi-styles-3.2.1.tgz. Extracting by manifest.
1030 silly tarball no local data for file-type@https://registry.npmjs.org/file-type/-/file-type-16.5.0.tgz. Extracting by manifest.
1031 silly tarball no local data for readable-stream@https://registry.npmjs.org/readable-stream/-/readable-stream-3.6.0.tgz. Extracting by manifest.
1032 silly tarball no local data for ms@https://registry.npmjs.org/ms/-/ms-2.0.0.tgz. Extracting by manifest.
1033 silly tarball no local data for supports-color@https://registry.npmjs.org/supports-color/-/supports-color-5.5.0.tgz. Extracting by manifest.
1034 silly tarball no local data for debug@https://registry.npmjs.org/debug/-/debug-3.1.0.tgz. Extracting by manifest.
1035 silly tarball no local data for semver@https://registry.npmjs.org/semver/-/semver-6.3.0.tgz. Extracting by manifest.
1036 silly tarball no local data for has-flag@https://registry.npmjs.org/has-flag/-/has-flag-3.0.0.tgz. Extracting by manifest.
1037 silly tarball no local data for color-name@https://registry.npmjs.org/color-name/-/color-name-1.1.3.tgz. Extracting by manifest.
1038 silly tarball no local data for color-convert@https://registry.npmjs.org/color-convert/-/color-convert-1.9.3.tgz. Extracting by manifest.
1039 silly tarball no local data for chalk@https://registry.npmjs.org/chalk/-/chalk-2.4.2.tgz. Extracting by manifest.
1040 silly tarball no local data for ansi-styles@https://registry.npmjs.org/ansi-styles/-/ansi-styles-3.2.1.tgz. Extracting by manifest.
1041 silly tarball no local data for semver@https://registry.npmjs.org/semver/-/semver-5.7.1.tgz. Extracting by manifest.
1042 silly tarball no local data for resolve-from@https://registry.npmjs.org/resolve-from/-/resolve-from-5.0.0.tgz. Extracting by manifest.
1043 silly tarball no local data for pg-connection-string@https://registry.npmjs.org/pg-connection-string/-/pg-connection-string-2.5.0.tgz. Extracting by manifest.
1044 silly tarball no local data for inherits@https://registry.npmjs.org/inherits/-/inherits-2.0.3.tgz. Extracting by manifest.
1045 silly tarball no local data for debug@https://registry.npmjs.org/debug/-/debug-4.3.2.tgz. Extracting by manifest.
1046 silly tarball no local data for strip-ansi@https://registry.npmjs.org/strip-ansi/-/strip-ansi-6.0.1.tgz. Extracting by manifest.
1047 silly tarball no local data for ms@https://registry.npmjs.org/ms/-/ms-2.0.0.tgz. Extracting by manifest.
1048 silly tarball no local data for string-width@https://registry.npmjs.org/string-width/-/string-width-4.2.3.tgz. Extracting by manifest.
1049 silly tarball no local data for is-fullwidth-code-point@https://registry.npmjs.org/is-fullwidth-code-point/-/is-fullwidth-code-point-3.0.0.tgz. Extracting by manifest.
1050 silly tarball no local data for ansi-regex@https://registry.npmjs.org/ansi-regex/-/ansi-regex-5.0.1.tgz. Extracting by manifest.
1051 silly tarball no local data for debug@https://registry.npmjs.org/debug/-/debug-2.6.9.tgz. Extracting by manifest.
1052 silly tarball no local data for to-regex-range@https://registry.npmjs.org/to-regex-range/-/to-regex-range-5.0.1.tgz. Extracting by manifest.
1053 silly tarball no local data for is-number@https://registry.npmjs.org/is-number/-/is-number-7.0.0.tgz. Extracting by manifest.
1054 silly tarball no local data for micromatch@https://registry.npmjs.org/micromatch/-/micromatch-4.0.2.tgz. Extracting by manifest.
1055 silly tarball no local data for fill-range@https://registry.npmjs.org/fill-range/-/fill-range-7.0.1.tgz. Extracting by manifest.
1056 silly tarball no local data for braces@https://registry.npmjs.org/braces/-/braces-3.0.2.tgz. Extracting by manifest.
1057 silly tarball no local data for safe-buffer@https://registry.npmjs.org/safe-buffer/-/safe-buffer-5.2.0.tgz. Extracting by manifest.
1058 silly tarball no local data for ms@https://registry.npmjs.org/ms/-/ms-2.0.0.tgz. Extracting by manifest.
1059 silly tarball no local data for depd@https://registry.npmjs.org/depd/-/depd-2.0.0.tgz. Extracting by manifest.
1060 silly tarball no local data for debug@https://registry.npmjs.org/debug/-/debug-2.6.9.tgz. Extracting by manifest.
1061 silly tarball no local data for sort-keys@https://registry.npmjs.org/sort-keys/-/sort-keys-2.0.0.tgz. Extracting by manifest.
1062 silly tarball no local data for ms@https://registry.npmjs.org/ms/-/ms-2.0.0.tgz. Extracting by manifest.
1063 silly tarball no local data for debug@https://registry.npmjs.org/debug/-/debug-2.6.9.tgz. Extracting by manifest.
1064 silly tarball no local data for semver@https://registry.npmjs.org/semver/-/semver-5.7.1.tgz. Extracting by manifest.
1065 silly tarball no local data for pify@https://registry.npmjs.org/pify/-/pify-4.0.1.tgz. Extracting by manifest.
1066 silly tarball no local data for p-cancelable@https://registry.npmjs.org/p-cancelable/-/p-cancelable-0.4.1.tgz. Extracting by manifest.
1067 silly tarball no local data for normalize-url@https://registry.npmjs.org/normalize-url/-/normalize-url-2.0.1.tgz. Extracting by manifest.
1068 silly tarball no local data for make-dir@https://registry.npmjs.org/make-dir/-/make-dir-2.1.0.tgz. Extracting by manifest.
1069 silly tarball no local data for keyv@https://registry.npmjs.org/keyv/-/keyv-3.0.0.tgz. Extracting by manifest.
1070 silly tarball no local data for http-cache-semantics@https://registry.npmjs.org/http-cache-semantics/-/http-cache-semantics-3.8.1.tgz. Extracting by manifest.
1071 silly tarball no local data for got@https://registry.npmjs.org/got/-/got-8.3.2.tgz. Extracting by manifest.
1072 silly tarball no local data for cacheable-request@https://registry.npmjs.org/cacheable-request/-/cacheable-request-2.1.4.tgz. Extracting by manifest.
1073 silly tarball no local data for pify@https://registry.npmjs.org/pify/-/pify-3.0.0.tgz. Extracting by manifest.
1074 silly tarball no local data for get-stream@https://registry.npmjs.org/get-stream/-/get-stream-3.0.0.tgz. Extracting by manifest.
1075 silly tarball no local data for lowercase-keys@https://registry.npmjs.org/lowercase-keys/-/lowercase-keys-1.0.0.tgz. Extracting by manifest.
1076 silly tarball no local data for file-type@https://registry.npmjs.org/file-type/-/file-type-5.2.0.tgz. Extracting by manifest.
1077 silly tarball no local data for @sindresorhus/is@https://registry.npmjs.org/@sindresorhus/is/-/is-0.7.0.tgz. Extracting by manifest.
1078 silly tarball no local data for get-stream@https://registry.npmjs.org/get-stream/-/get-stream-3.0.0.tgz. Extracting by manifest.
1079 silly tarball no local data for get-stream@https://registry.npmjs.org/get-stream/-/get-stream-2.3.1.tgz. Extracting by manifest.
1080 silly tarball no local data for file-type@https://registry.npmjs.org/file-type/-/file-type-6.2.0.tgz. Extracting by manifest.
1081 silly tarball no local data for file-type@https://registry.npmjs.org/file-type/-/file-type-3.9.0.tgz. Extracting by manifest.
1082 silly tarball no local data for make-dir@https://registry.npmjs.org/make-dir/-/make-dir-1.3.0.tgz. Extracting by manifest.
1083 silly tarball no local data for ms@https://registry.npmjs.org/ms/-/ms-2.0.0.tgz. Extracting by manifest.
1084 silly tarball no local data for pify@https://registry.npmjs.org/pify/-/pify-3.0.0.tgz. Extracting by manifest.
1085 silly tarball no local data for file-type@https://registry.npmjs.org/file-type/-/file-type-5.2.0.tgz. Extracting by manifest.
1086 silly tarball no local data for debug@https://registry.npmjs.org/debug/-/debug-2.6.9.tgz. Extracting by manifest.
1087 silly tarball no local data for tslib@https://registry.npmjs.org/tslib/-/tslib-2.3.0.tgz. Extracting by manifest.
1088 silly tarball no local data for bytes@https://registry.npmjs.org/bytes/-/bytes-3.0.0.tgz. Extracting by manifest.
1089 silly tarball no local data for ms@https://registry.npmjs.org/ms/-/ms-2.0.0.tgz. Extracting by manifest.
1090 silly tarball no local data for readable-stream@https://registry.npmjs.org/readable-stream/-/readable-stream-3.6.0.tgz. Extracting by manifest.
1091 silly tarball no local data for file-type@https://registry.npmjs.org/file-type/-/file-type-4.4.0.tgz. Extracting by manifest.
1092 silly tarball no local data for semver@https://registry.npmjs.org/semver/-/semver-7.3.5.tgz. Extracting by manifest.
1093 silly tarball no local data for debug@https://registry.npmjs.org/debug/-/debug-2.6.9.tgz. Extracting by manifest.
1094 silly tarball no local data for nopt@https://registry.npmjs.org/nopt/-/nopt-5.0.0.tgz. Extracting by manifest.
1095 silly tarball no local data for node-fetch@https://registry.npmjs.org/node-fetch/-/node-fetch-2.6.5.tgz. Extracting by manifest.
1096 silly tarball no local data for mkdirp@https://registry.npmjs.org/mkdirp/-/mkdirp-0.5.5.tgz. Extracting by manifest.
1097 silly tarball no local data for file-type@https://registry.npmjs.org/file-type/-/file-type-9.0.0.tgz. Extracting by manifest.
1098 silly tarball no local data for buffer@https://registry.npmjs.org/buffer/-/buffer-5.7.1.tgz. Extracting by manifest.
1099 http fetch POST 200 https://registry.npmjs.org/-/npm/v1/security/advisories/bulk 553ms
1100 silly audit report {
1100 silly audit report   '@babel/runtime': [
1100 silly audit report     {
1100 silly audit report       id: 1104000,
1100 silly audit report       url: 'https://github.com/advisories/GHSA-968p-4wvh-cqc8',
1100 silly audit report       title: 'Babel has inefficient RegExp complexity in generated code with .replace when transpiling named capturing groups',
1100 silly audit report       severity: 'moderate',
1100 silly audit report       vulnerable_versions: '<7.26.10',
1100 silly audit report       cwe: [Array],
1100 silly audit report       cvss: [Object]
1100 silly audit report     }
1100 silly audit report   ],
1100 silly audit report   'file-type': [
1100 silly audit report     {
1100 silly audit report       id: 1114301,
1100 silly audit report       url: 'https://github.com/advisories/GHSA-5v7r-6r5c-r473',
1100 silly audit report       title: 'file-type affected by infinite loop in ASF parser on malformed input with zero-size sub-header',
1100 silly audit report       severity: 'moderate',
1100 silly audit report       vulnerable_versions: '>=13.0.0 <21.3.1',
1100 silly audit report       cwe: [Array],
1100 silly audit report       cvss: [Object]
1100 silly audit report     },
1100 silly audit report     {
1100 silly audit report       id: 1089123,
1100 silly audit report       url: 'https://github.com/advisories/GHSA-mhxj-85r3-2x55',
1100 silly audit report       title: 'file-type vulnerable to Infinite Loop via malformed MKV file',
1100 silly audit report       severity: 'high',
1100 silly audit report       vulnerable_versions: '>=13.0.0 <16.5.4',
1100 silly audit report       cwe: [Array],
1100 silly audit report       cvss: [Object]
1100 silly audit report     }
1100 silly audit report   ],
1100 silly audit report   'node-fetch': [
1100 silly audit report     {
1100 silly audit report       id: 1095073,
1100 silly audit report       url: 'https://github.com/advisories/GHSA-r683-j2x4-v87g',
1100 silly audit report       title: 'node-fetch forwards secure headers to untrusted sites',
1100 silly audit report       severity: 'high',
1100 silly audit report       vulnerable_versions: '<2.6.7',
1100 silly audit report       cwe: [Array],
1100 silly audit report       cvss: [Object]
1100 silly audit report     }
1100 silly audit report   ],
1100 silly audit report   semver: [
1100 silly audit report     {
1100 silly audit report       id: 1112918,
1100 silly audit report       url: 'https://github.com/advisories/GHSA-c2qf-rxjj-qqgw',
1100 silly audit report       title: 'semver vulnerable to Regular Expression Denial of Service',
1100 silly audit report       severity: 'high',
1100 silly audit report       vulnerable_versions: '>=2.0.0-alpha <5.7.2',
1100 silly audit report       cwe: [Array],
1100 silly audit report       cvss: [Object]
1100 silly audit report     },
1100 silly audit report     {
1100 silly audit report       id: 1112921,
1100 silly audit report       url: 'https://github.com/advisories/GHSA-c2qf-rxjj-qqgw',
1100 silly audit report       title: 'semver vulnerable to Regular Expression Denial of Service',
1100 silly audit report       severity: 'high',
1100 silly audit report       vulnerable_versions: '>=7.0.0 <7.5.2',
1100 silly audit report       cwe: [Array],
1100 silly audit report       cvss: [Object]
1100 silly audit report     },
1100 silly audit report     {
1100 silly audit report       id: 1112922,
1100 silly audit report       url: 'https://github.com/advisories/GHSA-c2qf-rxjj-qqgw',
1100 silly audit report       title: 'semver vulnerable to Regular Expression Denial of Service',
1100 silly audit report       severity: 'high',
1100 silly audit report       vulnerable_versions: '>=6.0.0 <6.3.1',
1100 silly audit report       cwe: [Array],
1100 silly audit report       cvss: [Object]
1100 silly audit report     }
1100 silly audit report   ],
1100 silly audit report   'ansi-regex': [
1100 silly audit report     {
1100 silly audit report       id: 1094091,
1100 silly audit report       url: 'https://github.com/advisories/GHSA-93q8-gq69-wqmw',
1100 silly audit report       title: 'Inefficient Regular Expression Complexity in chalk/ansi-regex',
1100 silly audit report       severity: 'high',
1100 silly audit report       vulnerable_versions: '>=4.0.0 <4.1.1',
1100 silly audit report       cwe: [Array],
1100 silly audit report       cvss: [Object]
1100 silly audit report     }
1100 silly audit report   ],
1100 silly audit report   uuid: [
1100 silly audit report     {
1100 silly audit report       id: 1119441,
1100 silly audit report       url: 'https://github.com/advisories/GHSA-w5hq-g745-h8pq',
1100 silly audit report       title: 'uuid: Missing buffer bounds check in v3/v5/v6 when buf is provided',
1100 silly audit report       severity: 'moderate',
1100 silly audit report       vulnerable_versions: '<11.1.1',
1100 silly audit report       cwe: [Array],
1100 silly audit report       cvss: [Object]
1100 silly audit report     }
1100 silly audit report   ],
1100 silly audit report   axios: [
1100 silly audit report     {
1100 silly audit report       id: 1111034,
1100 silly audit report       url: 'https://github.com/advisories/GHSA-jr5f-v2jv-69x6',
1100 silly audit report       title: 'axios Requests Vulnerable To Possible SSRF and Credential Leakage via Absolute URL',
1100 silly audit report       severity: 'high',
1100 silly audit report       vulnerable_versions: '<0.30.0',
1100 silly audit report       cwe: [Array],
1100 silly audit report       cvss: [Object]
1100 silly audit report     },
1100 silly audit report     {
1100 silly audit report       id: 1119403,
1100 silly audit report       url: 'https://github.com/advisories/GHSA-fvcv-3m26-pcqx',
1100 silly audit report       title: 'Axios has Unrestricted Cloud Metadata Exfiltration via Header Injection Chain',
1100 silly audit report       severity: 'moderate',
1100 silly audit report       vulnerable_versions: '<0.31.0',
1100 silly audit report       cwe: [Array],
1100 silly audit report       cvss: [Object]
1100 silly audit report     },
1100 silly audit report     {
1100 silly audit report       id: 1120124,
1100 silly audit report       url: 'https://github.com/advisories/GHSA-62hf-57xw-28j9',
1100 silly audit report       title: 'Axios: unbounded recursion in toFormData causes DoS via deeply nested request data',
1100 silly audit report       severity: 'moderate',
1100 silly audit report       vulnerable_versions: '<=0.31.0',
1100 silly audit report       cwe: [Array],
1100 silly audit report       cvss: [Object]
1100 silly audit report     },
1100 silly audit report     {
1100 silly audit report       id: 1120546,
1100 silly audit report       url: 'https://github.com/advisories/GHSA-hfxv-24rg-xrqf',
1100 silly audit report       title: 'Axios: Regular Expression Denial of Service (ReDoS) via Cookie Name Injection',
1100 silly audit report       severity: 'high',
1100 silly audit report       vulnerable_versions: '<=0.31.1',
1100 silly audit report       cwe: [Array],
1100 silly audit report       cvss: [Object]
1100 silly audit report     },
1100 silly audit report     {
1100 silly audit report       id: 1120644,
1100 silly audit report       url: 'https://github.com/advisories/GHSA-p92q-9vqr-4j8v',
1100 silly audit report       title: 'Axios: Proxy-Authorization Credential Leak to Origin Server Across HTTP-to-HTTPS Redirect in Axios Node.js HTTP Adapter',
1100 silly audit report       severity: 'high',
1100 silly audit report       vulnerable_versions: '<=0.31.1',
1100 silly audit report       cwe: [Array],
1100 silly audit report       cvss: [Object]
1100 silly audit report     },
1100 silly audit report     {
1100 silly audit report       id: 1120646,
1100 silly audit report       url: 'https://github.com/advisories/GHSA-j5f8-grm9-p9fc',
1100 silly audit report       title: 'Axios: Proxy-Authorization header leaks to redirect target when proxy is re-evaluated to direct connection',
1100 silly audit report       severity: 'high',
1100 silly audit report       vulnerable_versions: '<=0.31.1',
1100 silly audit report       cwe: [Array],
1100 silly audit report       cvss: [Object]
1100 silly audit report     },
1100 silly audit report     {
1100 silly audit report       id: 1120648,
1100 silly audit report       url: 'https://github.com/advisories/GHSA-3g43-6gmg-66jw',
1100 silly audit report       title: 'axios Vulnerable to Credential Theft and Response Hijacking via Prototype Pollution Gadget in Config Merge',
1100 silly audit report       severity: 'high',
1100 silly audit report       vulnerable_versions: '>=0.19.0 <0.31.1',
1100 silly audit report       cwe: [Array],
1100 silly audit report       cvss: [Object]
1100 silly audit report     },
1100 silly audit report     {
1100 silly audit report       id: 1120651,
1100 silly audit report       url: 'https://github.com/advisories/GHSA-898c-q2cr-xwhg',
1100 silly audit report       title: 'axios has DoS & Header Injection via Prototype Pollution Read-Side Gadgets in axios merge functions',
1100 silly audit report       severity: 'moderate',
1100 silly audit report       vulnerable_versions: '<=0.31.1',
1100 silly audit report       cwe: [Array],
1100 silly audit report       cvss: [Object]
1100 silly audit report     },
1100 silly audit report     {
1100 silly audit report       id: 1116672,
1100 silly audit report       url: 'https://github.com/advisories/GHSA-3p68-rc4w-qgx5',
1100 silly audit report       title: 'Axios has a NO_PROXY Hostname Normalization Bypass that Leads to SSRF',
1100 silly audit report       severity: 'moderate',
1100 silly audit report       vulnerable_versions: '<0.31.0',
1100 silly audit report       cwe: [Array],
1100 silly audit report       cvss: [Object]
1100 silly audit report     },
1100 silly audit report     {
1100 silly audit report       id: 1117573,
1100 silly audit report       url: 'https://github.com/advisories/GHSA-w9j2-pvgh-6h63',
1100 silly audit report       title: 'Axios: Authentication Bypass via Prototype Pollution Gadget in `validateStatus` Merge Strategy',
1100 silly audit report       severity: 'moderate',
1100 silly audit report       vulnerable_versions: '<=0.31.0',
1100 silly audit report       cwe: [Array],
1100 silly audit report       cvss: [Object]
1100 silly audit report     },
1100 silly audit report     {
1100 silly audit report       id: 1117575,
1100 silly audit report       url: 'https://github.com/advisories/GHSA-pmwg-cvhr-8vh7',
1100 silly audit report       title: 'Axios: Incomplete Fix for CVE-2025-62718 — NO_PROXY Protection Bypassed via RFC 1122 Loopback Subnet (127.0.0.0/8) in Axios 1.15.0',
1100 silly audit report       severity: 'high',
1100 silly audit report       vulnerable_versions: '<=0.31.0',
1100 silly audit report       cwe: [Array],
1100 silly audit report       cvss: [Object]
1100 silly audit report     },
1100 silly audit report     {
1100 silly audit report       id: 1117579,
1100 silly audit report       url: 'https://github.com/advisories/GHSA-xhjh-pmcv-23jw',
1100 silly audit report       title: 'Axios: Null Byte Injection via Reverse-Encoding in AxiosURLSearchParams',
1100 silly audit report       severity: 'low',
1100 silly audit report       vulnerable_versions: '<=0.31.0',
1100 silly audit report       cwe: [Array],
1100 silly audit report       cvss: [Object]
1100 silly audit report     },
1100 silly audit report     {
1100 silly audit report       id: 1117582,
1100 silly audit report       url: 'https://github.com/advisories/GHSA-m7pr-hjqh-92cm',
1100 silly audit report       title: 'Axios: no_proxy bypass via IP alias allows SSRF',
1100 silly audit report       severity: 'moderate',
1100 silly audit report       vulnerable_versions: '<=0.31.0',
1100 silly audit report       cwe: [Array],
1100 silly audit report       cvss: [Object]
1100 silly audit report     },
1100 silly audit report     {
1100 silly audit report       id: 1117586,
1100 silly audit report       url: 'https://github.com/advisories/GHSA-5c9x-8gcm-mpgx',
1100 silly audit report       title: "Axios' HTTP adapter-streamed uploads bypass maxBodyLength when maxRedirects: 0",
1100 silly audit report       severity: 'moderate',
1100 silly audit report       vulnerable_versions: '<=0.31.0',
1100 silly audit report       cwe: [Array],
1100 silly audit report       cvss: [Object]
1100 silly audit report     },
1100 silly audit report     {
1100 silly audit report       id: 1117588,
1100 silly audit report       url: 'https://github.com/advisories/GHSA-vf2m-468p-8v99',
1100 silly audit report       title: 'Axios: HTTP adapter streamed responses bypass maxContentLength',
1100 silly audit report       severity: 'moderate',
1100 silly audit report       vulnerable_versions: '<=0.31.0',
1100 silly audit report       cwe: [Array],
1100 silly audit report       cvss: [Object]
1100 silly audit report     },
1100 silly audit report     {
1100 silly audit report       id: 1117590,
1100 silly audit report       url: 'https://github.com/advisories/GHSA-pf86-5x62-jrwf',
1100 silly audit report       title: 'Axios: Prototype Pollution Gadgets - Response Tampering, Data Exfiltration, and Request Hijacking',
1100 silly audit report       severity: 'high',
1100 silly audit report       vulnerable_versions: '<=0.31.0',
1100 silly audit report       cwe: [Array],
1100 silly audit report       cvss: [Object]
1100 silly audit report     },
1100 silly audit report     {
1100 silly audit report       id: 1117592,
1100 silly audit report       url: 'https://github.com/advisories/GHSA-6chq-wfr3-2hj9',
1100 silly audit report       title: 'Axios: Header Injection via Prototype Pollution',
1100 silly audit report       severity: 'high',
1100 silly audit report       vulnerable_versions: '<=0.31.0',
1100 silly audit report       cwe: [Array],
1100 silly audit report       cvss: [Object]
1100 silly audit report     },
1100 silly audit report     {
1100 silly audit report       id: 1117594,
1100 silly audit report       url: 'https://github.com/advisories/GHSA-xx6v-rp6x-q39c',
1100 silly audit report       title: 'Axios: XSRF Token Cross-Origin Leakage via Prototype Pollution Gadget in `withXSRFToken` Boolean Coercion',
1100 silly audit report       severity: 'moderate',
1100 silly audit report       vulnerable_versions: '<=0.31.0',
1100 silly audit report       cwe: [Array],
1100 silly audit report       cvss: [Object]
1100 silly audit report     },
1100 silly audit report     {
1100 silly audit report       id: 1117857,
1100 silly audit report       url: 'https://github.com/advisories/GHSA-43fc-jf86-j433',
1100 silly audit report       title: 'Axios is Vulnerable to Denial of Service via __proto__ Key in mergeConfig',
1100 silly audit report       severity: 'high',
1100 silly audit report       vulnerable_versions: '<=0.30.2',
1100 silly audit report       cwe: [Array],
1100 silly audit report       cvss: [Object]
1100 silly audit report     },
1100 silly audit report     {
1100 silly audit report       id: 1123825,
1100 silly audit report       url: 'https://github.com/advisories/GHSA-pjwm-pj3p-43mv',
1100 silly audit report       title: "axios's shouldBypassProxy does not recognize IPv4-mapped IPv6 addresses, allowing NO_PROXY bypass (incomplete fix for CVE-2025-62718)",
1100 silly audit report       severity: 'high',
1100 silly audit report       vulnerable_versions: '<=0.31.1',
1100 silly audit report       cwe: [Array],
1100 silly audit report       cvss: [Object]
1100 silly audit report     },
1100 silly audit report     {
1100 silly audit report       id: 1123958,
1100 silly audit report       url: 'https://github.com/advisories/GHSA-mmx7-hfxf-jppx',
1100 silly audit report       title: 'Axios: Prototype pollution gadgets can alter axios request construction',
1100 silly audit report       severity: 'moderate',
1100 silly audit report       vulnerable_versions: '<0.33.0',
1100 silly audit report       cwe: [Array],
1100 silly audit report       cvss: [Object]
1100 silly audit report     },
1100 silly audit report     {
1100 silly audit report       id: 1123972,
1100 silly audit report       url: 'https://github.com/advisories/GHSA-7q8q-rj6j-mhjq',
1100 silly audit report       title: 'Axios: Nested axios option objects can consume polluted prototype values',
1100 silly audit report       severity: 'moderate',
1100 silly audit report       vulnerable_versions: '>=0.8.0 <0.33.0',
1100 silly audit report       cwe: [Array],
1100 silly audit report       cvss: [Object]
1100 silly audit report     },
1100 silly audit report     {
1100 silly audit report       id: 1097679,
1100 silly audit report       url: 'https://github.com/advisories/GHSA-wf5p-g6vw-rhxx',
1100 silly audit report       title: 'Axios Cross-Site Request Forgery Vulnerability',
1100 silly audit report       severity: 'moderate',
1100 silly audit report       vulnerable_versions: '>=0.8.1 <0.28.0',
1100 silly audit report       cwe: [Array],
1100 silly audit report       cvss: [Object]
1100 silly audit report     }
1100 silly audit report   ],
1100 silly audit report   'body-parser': [
1100 silly audit report     {
1100 silly audit report       id: 1123977,
1100 silly audit report       url: 'https://github.com/advisories/GHSA-v422-hmwv-36x6',
1100 silly audit report       title: 'body-parser vulnerable to denial of service when invalid limit value silently disables size enforcement',
1100 silly audit report       severity: 'low',
1100 silly audit report       vulnerable_versions: '<1.20.6',
1100 silly audit report       cwe: [Array],
1100 silly audit report       cvss: [Object]
1100 silly audit report     },
1100 silly audit report     {
1100 silly audit report       id: 1099520,
1100 silly audit report       url: 'https://github.com/advisories/GHSA-qwcr-r2fm-qrc7',
1100 silly audit report       title: 'body-parser vulnerable to denial of service when url encoding is enabled',
1100 silly audit report       severity: 'high',
1100 silly audit report       vulnerable_versions: '<1.20.3',
1100 silly audit report       cwe: [Array],
1100 silly audit report       cvss: [Object]
1100 silly audit report     }
1100 silly audit report   ],
1100 silly audit report   'brace-expansion': [
1100 silly audit report     {
1100 silly audit report       id: 1105443,
1100 silly audit report       url: 'https://github.com/advisories/GHSA-v6h2-p8h4-qcjw',
1100 silly audit report       title: 'brace-expansion Regular Expression Denial of Service vulnerability',
1100 silly audit report       severity: 'low',
1100 silly audit report       vulnerable_versions: '>=1.0.0 <=1.1.11',
1100 silly audit report       cwe: [Array],
1100 silly audit report       cvss: [Object]
1100 silly audit report     },
1100 silly audit report     {
1100 silly audit report       id: 1130588,
1100 silly audit report       url: 'https://github.com/advisories/GHSA-mh99-v99m-4gvg',
1100 silly audit report       title: 'brace-expansion: DoS via unbounded expansion length causing an out-of-memory process crash',
1100 silly audit report       severity: 'high',
1100 silly audit report       vulnerable_versions: '<1.1.17',
1100 silly audit report       cwe: [Array],
1100 silly audit report       cvss: [Object]
1100 silly audit report     },
1100 silly audit report     {
1100 silly audit report       id: 1130737,
1100 silly audit report       url: 'https://github.com/advisories/GHSA-rgw5-rvv9-x895',
1100 silly audit report       title: 'brace-expansion: DoS via unbounded intermediate arrays, bypassing the CVE-2026-14257 mitigation',
1100 silly audit report       severity: 'high',
1100 silly audit report       vulnerable_versions: '<1.1.18',
1100 silly audit report       cwe: [Array],
1100 silly audit report       cvss: [Object]
1100 silly audit report     },
1100 silly audit report     {
1100 silly audit report       id: 1115540,
1100 silly audit report       url: 'https://github.com/advisories/GHSA-f886-m6hf-6m8v',
1100 silly audit report       title: 'brace-expansion: Zero-step sequence causes process hang and memory exhaustion',
1100 silly audit report       severity: 'moderate',
1100 silly audit report       vulnerable_versions: '<1.1.13',
1100 silly audit report       cwe: [Array],
1100 silly audit report       cvss: [Object]
1100 silly audit report     },
1100 silly audit report     {
1100 silly audit report       id: 1123897,
1100 silly audit report       url: 'https://github.com/advisories/GHSA-3jxr-9vmj-r5cp',
1100 silly audit report       title: 'brace-expansion: DoS via exponential-time expansion of consecutive non-expanding {} groups',
1100 silly audit report       severity: 'high',
1100 silly audit report       vulnerable_versions: '<1.1.16',
1100 silly audit report       cwe: [Array],
1100 silly audit report       cvss: [Object]
1100 silly audit report     }
1100 silly audit report   ],
1100 silly audit report   braces: [
1100 silly audit report     {
1100 silly audit report       id: 1098094,
1100 silly audit report       url: 'https://github.com/advisories/GHSA-grv7-fg5c-xmjg',
1100 silly audit report       title: 'Uncontrolled resource consumption in braces',
1100 silly audit report       severity: 'high',
1100 silly audit report       vulnerable_versions: '<3.0.3',
1100 silly audit report       cwe: [Array],
1100 silly audit report       cvss: [Object]
1100 silly audit report     }
1100 silly audit report   ],
1100 silly audit report   cookie: [
1100 silly audit report     {
1100 silly audit report       id: 1103907,
1100 silly audit report       url: 'https://github.com/advisories/GHSA-pxg6-pf52-xh8x',
1100 silly audit report       title: 'cookie accepts cookie name, path, and domain with out of bounds characters',
1100 silly audit report       severity: 'low',
1100 silly audit report       vulnerable_versions: '<0.7.0',
1100 silly audit report       cwe: [Array],
1100 silly audit report       cvss: [Object]
1100 silly audit report     }
1100 silly audit report   ],
1100 silly audit report   'decode-uri-component': [
1100 silly audit report     {
1100 silly audit report       id: 1094087,
1100 silly audit report       url: 'https://github.com/advisories/GHSA-w573-4hg7-7wgq',
1100 silly audit report       title: 'decode-uri-component vulnerable to Denial of Service (DoS)',
1100 silly audit report       severity: 'high',
1100 silly audit report       vulnerable_versions: '<0.2.1',
1100 silly audit report       cwe: [Array],
1100 silly audit report       cvss: [Object]
1100 silly audit report     }
1100 silly audit report   ],
1100 silly audit report   decompress: [
1100 silly audit report     {
1100 silly audit report       id: 1130126,
1100 silly audit report       url: 'https://github.com/advisories/GHSA-h39j-r5qq-r9mm',
1100 silly audit report       title: 'decompress: Arbitrary File Write via Archive Extraction (Zip Slip)',
1100 silly audit report       severity: 'moderate',
1100 silly audit report       vulnerable_versions: '<=4.2.1',
1100 silly audit report       cwe: [Array],
1100 silly audit report       cvss: [Object]
1100 silly audit report     },
1100 silly audit report     {
1100 silly audit report       id: 1122670,
1100 silly audit report       url: 'https://github.com/advisories/GHSA-mp2f-45pm-3cg9',
1100 silly audit report       title: 'Decompress: Archive extraction can create files and links outside of the target directory',
1100 silly audit report       severity: 'critical',
1100 silly audit report       vulnerable_versions: '<=4.2.1',
1100 silly audit report       cwe: [Array],
1100 silly audit report       cvss: [Object]
1100 silly audit report     },
1100 silly audit report     {
1100 silly audit report       id: 1139405,
1100 silly audit report       url: 'https://github.com/advisories/GHSA-jwp9-9v96-94mx',
1100 silly audit report       title: 'decompress allows arbitrary hardlink creation during archive extraction',
1100 silly audit report       severity: 'moderate',
1100 silly audit report       vulnerable_versions: '<=4.2.1',
1100 silly audit report       cwe: [Array],
1100 silly audit report       cvss: [Object]
1100 silly audit report     }
1100 silly audit report   ],
1100 silly audit report   got: [
1100 silly audit report     {
1100 silly audit report       id: 1088948,
1100 silly audit report       url: 'https://github.com/advisories/GHSA-pfrx-2q88-qq97',
1100 silly audit report       title: 'Got allows a redirect to a UNIX socket',
1100 silly audit report       severity: 'moderate',
1100 silly audit report       vulnerable_versions: '<11.8.5',
1100 silly audit report       cwe: [],
1100 silly audit report       cvss: [Object]
1100 silly audit report     }
1100 silly audit report   ],
1100 silly audit report   'http-cache-semantics': [
1100 silly audit report     {
1100 silly audit report       id: 1102456,
1100 silly audit report       url: 'https://github.com/advisories/GHSA-rc47-6667-2j5j',
1100 silly audit report       title: 'http-cache-semantics vulnerable to Regular Expression Denial of Service',
1100 silly audit report       severity: 'high',
1100 silly audit report       vulnerable_versions: '<4.1.1',
1100 silly audit report       cwe: [Array],
1100 silly audit report       cvss: [Object]
1100 silly audit report     }
1100 silly audit report   ],
1100 silly audit report   express: [
1100 silly audit report     {
1100 silly audit report       id: 1100530,
1100 silly audit report       url: 'https://github.com/advisories/GHSA-qw6h-vgh9-j6wx',
1100 silly audit report       title: 'express vulnerable to XSS via response.redirect()',
1100 silly audit report       severity: 'low',
1100 silly audit report       vulnerable_versions: '<4.20.0',
1100 silly audit report       cwe: [Array],
1100 silly audit report       cvss: [Object]
1100 silly audit report     },
1100 silly audit report     {
1100 silly audit report       id: 1111636,
1100 silly audit report       url: 'https://github.com/advisories/GHSA-rv95-896h-c2vc',
1100 silly audit report       title: 'Express.js Open Redirect in malformed URLs',
1100 silly audit report       severity: 'moderate',
1100 silly audit report       vulnerable_versions: '<4.19.2',
1100 silly audit report       cwe: [Array],
1100 silly audit report       cvss: [Object]
1100 silly audit report     }
1100 silly audit report   ],
1100 silly audit report   micromatch: [
1100 silly audit report     {
1100 silly audit report       id: 1098681,
1100 silly audit report       url: 'https://github.com/advisories/GHSA-952p-6rrq-rcjv',
1100 silly audit report       title: 'Regular Expression Denial of Service (ReDoS) in micromatch',
1100 silly audit report       severity: 'moderate',
1100 silly audit report       vulnerable_versions: '<4.0.8',
1100 silly audit report       cwe: [Array],
1100 silly audit report       cvss: [Object]
1100 silly audit report     }
1100 silly audit report   ],
1100 silly audit report   'follow-redirects': [
1100 silly audit report     {
1100 silly audit report       id: 1102323,
1100 silly audit report       url: 'https://github.com/advisories/GHSA-74fj-2j2h-c42q',
1100 silly audit report       title: 'Exposure of sensitive information in follow-redirects',
1100 silly audit report       severity: 'high',
1100 silly audit report       vulnerable_versions: '<1.14.7',
1100 silly audit report       cwe: [Array],
1100 silly audit report       cvss: [Object]
1100 silly audit report     },
1100 silly audit report     {
1100 silly audit report       id: 1109569,
1100 silly audit report       url: 'https://github.com/advisories/GHSA-jchw-25xp-jwwc',
1100 silly audit report       title: 'Follow Redirects improperly handles URLs in the url.parse() function',
1100 silly audit report       severity: 'moderate',
1100 silly audit report       vulnerable_versions: '<1.15.4',
1100 silly audit report       cwe: [Array],
1100 silly audit report       cvss: [Object]
1100 silly audit report     },
1100 silly audit report     {
1100 silly audit report       id: 1096856,
1100 silly audit report       url: 'https://github.com/advisories/GHSA-cxjh-pqwp-8mfp',
1100 silly audit report       title: "follow-redirects' Proxy-Authorization header kept across hosts",
1100 silly audit report       severity: 'moderate',
1100 silly audit report       vulnerable_versions: '<=1.15.5',
1100 silly audit report       cwe: [Array],
1100 silly audit report       cvss: [Object]
1100 silly audit report     },
1100 silly audit report     {
1100 silly audit report       id: 1116560,
1100 silly audit report       url: 'https://github.com/advisories/GHSA-r4q5-vmmm-2653',
1100 silly audit report       title: 'follow-redirects leaks Custom Authentication Headers to Cross-Domain Redirect Targets',
1100 silly audit report       severity: 'moderate',
1100 silly audit report       vulnerable_versions: '<=1.15.11',
1100 silly audit report       cwe: [Array],
1100 silly audit report       cvss: [Object]
1100 silly audit report     },
1100 silly audit report     {
1100 silly audit report       id: 1092623,
1100 silly audit report       url: 'https://github.com/advisories/GHSA-pw2r-vq6v-hr8c',
1100 silly audit report       title: 'Exposure of Sensitive Information to an Unauthorized Actor in follow-redirects',
1100 silly audit report       severity: 'moderate',
1100 silly audit report       vulnerable_versions: '<1.14.8',
1100 silly audit report       cwe: [Array],
1100 silly audit report       cvss: [Object]
1100 silly audit report     }
1100 silly audit report   ],
1100 silly audit report   'jpeg-js': [
1100 silly audit report     {
1100 silly audit report       id: 1088964,
1100 silly audit report       url: 'https://github.com/advisories/GHSA-xvf7-4v9q-58w6',
1100 silly audit report       title: 'Infinite loop in jpeg-js',
1100 silly audit report       severity: 'high',
1100 silly audit report       vulnerable_versions: '<0.4.4',
1100 silly audit report       cwe: [Array],
1100 silly audit report       cvss: [Object]
1100 silly audit report     }
1100 silly audit report   ],
1100 silly audit report   jsonwebtoken: [
1100 silly audit report     {
1100 silly audit report       id: 1102458,
1100 silly audit report       url: 'https://github.com/advisories/GHSA-qwph-4952-7xr6',
1100 silly audit report       title: 'jsonwebtoken vulnerable to signature validation bypass due to insecure default algorithm in jwt.verify()',
1100 silly audit report       severity: 'moderate',
1100 silly audit report       vulnerable_versions: '<9.0.0',
1100 silly audit report       cwe: [Array],
1100 silly audit report       cvss: [Object]
1100 silly audit report     },
1100 silly audit report     {
1100 silly audit report       id: 1097690,
1100 silly audit report       url: 'https://github.com/advisories/GHSA-8cf7-32gw-wr33',
1100 silly audit report       title: 'jsonwebtoken unrestricted key type could lead to legacy keys usage ',
1100 silly audit report       severity: 'high',
1100 silly audit report       vulnerable_versions: '<=8.5.1',
1100 silly audit report       cwe: [Array],
1100 silly audit report       cvss: [Object]
1100 silly audit report     },
1100 silly audit report     {
1100 silly audit report       id: 1097694,
1100 silly audit report       url: 'https://github.com/advisories/GHSA-hjrf-2m68-5959',
1100 silly audit report       title: "jsonwebtoken's insecure implementation of key retrieval function could lead to Forgeable Public/Private Tokens from RSA to HMAC",
1100 silly audit report       severity: 'moderate',
1100 silly audit report       vulnerable_versions: '<=8.5.1',
1100 silly audit report       cwe: [Array],
1100 silly audit report       cvss: [Object]
1100 silly audit report     }
1100 silly audit report   ],
1100 silly audit report   jws: [
1100 silly audit report     {
1100 silly audit report       id: 1111244,
1100 silly audit report       url: 'https://github.com/advisories/GHSA-869p-cjfg-cm3x',
1100 silly audit report       title: 'auth0/node-jws Improperly Verifies HMAC Signature',
1100 silly audit report       severity: 'high',
1100 silly audit report       vulnerable_versions: '<3.2.3',
1100 silly audit report       cwe: [Array],
1100 silly audit report       cvss: [Object]
1100 silly audit report     }
1100 silly audit report   ],
1100 silly audit report   knex: [
1100 silly audit report     {
1100 silly audit report       id: 1094226,
1100 silly audit report       url: 'https://github.com/advisories/GHSA-4jv9-3563-23j3',
1100 silly audit report       title: 'Knex.js has a limited SQL injection vulnerability',
1100 silly audit report       severity: 'high',
1100 silly audit report       vulnerable_versions: '<2.4.0',
1100 silly audit report       cwe: [Array],
1100 silly audit report       cvss: [Object]
1100 silly audit report     }
1100 silly audit report   ],
1100 silly audit report   lodash: [
1100 silly audit report     {
1100 silly audit report       id: 1120370,
1100 silly audit report       url: 'https://github.com/advisories/GHSA-xxjr-mmjv-4gpg',
1100 silly audit report       title: 'Lodash has Prototype Pollution Vulnerability in `_.unset` and `_.omit` functions',
1100 silly audit report       severity: 'moderate',
1100 silly audit report       vulnerable_versions: '>=4.0.0 <=4.17.22',
1100 silly audit report       cwe: [Array],
1100 silly audit report       cvss: [Object]
1100 silly audit report     },
1100 silly audit report     {
1100 silly audit report       id: 1115806,
1100 silly audit report       url: 'https://github.com/advisories/GHSA-r5fr-rjxr-66jc',
1100 silly audit report       title: 'lodash vulnerable to Code Injection via `_.template` imports key names',
1100 silly audit report       severity: 'high',
1100 silly audit report       vulnerable_versions: '>=4.0.0 <=4.17.23',
1100 silly audit report       cwe: [Array],
1100 silly audit report       cvss: [Object]
1100 silly audit report     },
1100 silly audit report     {
1100 silly audit report       id: 1115810,
1100 silly audit report       url: 'https://github.com/advisories/GHSA-f23m-r3pf-42rh',
1100 silly audit report       title: 'lodash vulnerable to Prototype Pollution via array path bypass in `_.unset` and `_.omit`',
1100 silly audit report       severity: 'moderate',
1100 silly audit report       vulnerable_versions: '<=4.17.23',
1100 silly audit report       cwe: [Array],
1100 silly audit report       cvss: [Object]
1100 silly audit report     }
1100 silly audit report   ],
1100 silly audit report   'min-document': [
1100 silly audit report     {
1100 silly audit report       id: 1109626,
1100 silly audit report       url: 'https://github.com/advisories/GHSA-rx8g-88g5-qh64',
1100 silly audit report       title: 'min-document vulnerable to prototype pollution',
1100 silly audit report       severity: 'low',
1100 silly audit report       vulnerable_versions: '<=2.19.0',
1100 silly audit report       cwe: [Array],
1100 silly audit report       cvss: [Object]
1100 silly audit report     }
1100 silly audit report   ],
1100 silly audit report   minimatch: [
1100 silly audit report     {
1100 silly audit report       id: 1113459,
1100 silly audit report       url: 'https://github.com/advisories/GHSA-3ppc-4f35-3m26',
1100 silly audit report       title: 'minimatch has a ReDoS via repeated wildcards with non-matching literal in pattern',
1100 silly audit report       severity: 'high',
1100 silly audit report       vulnerable_versions: '<3.1.3',
1100 silly audit report       cwe: [Array],
1100 silly audit report       cvss: [Object]
1100 silly audit report     },
1100 silly audit report     {
1100 silly audit report       id: 1113538,
1100 silly audit report       url: 'https://github.com/advisories/GHSA-7r86-cg39-jmmj',
1100 silly audit report       title: 'minimatch has ReDoS: matchOne() combinatorial backtracking via multiple non-adjacent GLOBSTAR segments',
1100 silly audit report       severity: 'high',
1100 silly audit report       vulnerable_versions: '<3.1.3',
1100 silly audit report       cwe: [Array],
1100 silly audit report       cvss: [Object]
1100 silly audit report     },
1100 silly audit report     {
1100 silly audit report       id: 1113546,
1100 silly audit report       url: 'https://github.com/advisories/GHSA-23c5-xmqv-rm74',
1100 silly audit report       title: 'minimatch ReDoS: nested *() extglobs generate catastrophically backtracking regular expressions',
1100 silly audit report       severity: 'high',
1100 silly audit report       vulnerable_versions: '<3.1.4',
1100 silly audit report       cwe: [Array],
1100 silly audit report       cvss: [Object]
1100 silly audit report     },
1100 silly audit report     {
1100 silly audit report       id: 1096485,
1100 silly audit report       url: 'https://github.com/advisories/GHSA-f8q6-p94x-37v3',
1100 silly audit report       title: 'minimatch ReDoS vulnerability',
1100 silly audit report       severity: 'high',
1100 silly audit report       vulnerable_versions: '<3.0.5',
1100 silly audit report       cwe: [Array],
1100 silly audit report       cvss: [Object]
1100 silly audit report     }
1100 silly audit report   ],
1100 silly audit report   minimist: [
1100 silly audit report     {
1100 silly audit report       id: 1097678,
1100 silly audit report       url: 'https://github.com/advisories/GHSA-xvch-5gv4-984h',
1100 silly audit report       title: 'Prototype Pollution in minimist',
1100 silly audit report       severity: 'critical',
1100 silly audit report       vulnerable_versions: '>=1.0.0 <1.2.6',
1100 silly audit report       cwe: [Array],
1100 silly audit report       cvss: [Object]
1100 silly audit report     }
1100 silly audit report   ],
1100 silly audit report   moment: [
1100 silly audit report     {
1100 silly audit report       id: 1109571,
1100 silly audit report       url: 'https://github.com/advisories/GHSA-8hfj-j24r-96c4',
1100 silly audit report       title: "Path Traversal: 'dir/../../filename' in moment.locale",
1100 silly audit report       severity: 'high',
1100 silly audit report       vulnerable_versions: '<2.29.2',
1100 silly audit report       cwe: [Array],
1100 silly audit report       cvss: [Object]
1100 silly audit report     },
1100 silly audit report     {
1100 silly audit report       id: 1109572,
1100 silly audit report       url: 'https://github.com/advisories/GHSA-wc69-rhjr-hc9g',
1100 silly audit report       title: 'Moment.js vulnerable to Inefficient Regular Expression Complexity',
1100 silly audit report       severity: 'high',
1100 silly audit report       vulnerable_versions: '>=2.18.0 <2.29.4',
1100 silly audit report       cwe: [Array],
1100 silly audit report       cvss: [Object]
1100 silly audit report     }
1100 silly audit report   ],
1100 silly audit report   'music-metadata': [
1100 silly audit report     {
1100 silly audit report       id: 1114969,
1100 silly audit report       url: 'https://github.com/advisories/GHSA-v6c2-xwv6-8xf7',
1100 silly audit report       title: 'music-metadata has an infinite loop vulnerability in ASF parser',
1100 silly audit report       severity: 'high',
1100 silly audit report       vulnerable_versions: '<=11.12.1',
1100 silly audit report       cwe: [Array],
1100 silly audit report       cvss: [Object]
1100 silly audit report     }
1100 silly audit report   ],
1100 silly audit report   'node-worker-threads-pool': [
1100 silly audit report     {
1100 silly audit report       id: 1099830,
1100 silly audit report       url: 'https://github.com/advisories/GHSA-7vxc-q7rv-qfj8',
1100 silly audit report       title: 'SUCHMOKUO node-worker-threads-pool denial of service Vulnerability',
1100 silly audit report       severity: 'moderate',
1100 silly audit report       vulnerable_versions: '<=1.4.3',
1100 silly audit report       cwe: [Array],
1100 silly audit report       cvss: [Object]
1100 silly audit report     }
1100 silly audit report   ],
1100 silly audit report   'on-headers': [
1100 silly audit report     {
1100 silly audit report       id: 1106812,
1100 silly audit report       url: 'https://github.com/advisories/GHSA-76c9-3jph-rj3q',
1100 silly audit report       title: 'on-headers is vulnerable to http response header manipulation',
1100 silly audit report       severity: 'low',
1100 silly audit report       vulnerable_versions: '<1.1.0',
1100 silly audit report       cwe: [Array],
1100 silly audit report       cvss: [Object]
1100 silly audit report     }
1100 silly audit report   ],
1100 silly audit report   'path-to-regexp': [
1100 silly audit report     {
1100 silly audit report       id: 1101850,
1100 silly audit report       url: 'https://github.com/advisories/GHSA-9wv6-86v2-598j',
1100 silly audit report       title: 'path-to-regexp outputs backtracking regular expressions',
1100 silly audit report       severity: 'high',
1100 silly audit report       vulnerable_versions: '<0.1.10',
1100 silly audit report       cwe: [Array],
1100 silly audit report       cvss: [Object]
1100 silly audit report     },
1100 silly audit report     {
1100 silly audit report       id: 1105199,
1100 silly audit report       url: 'https://github.com/advisories/GHSA-rhx6-c78j-4q9w',
1100 silly audit report       title: 'path-to-regexp contains a ReDoS',
1100 silly audit report       severity: 'high',
1100 silly audit report       vulnerable_versions: '<0.1.12',
1100 silly audit report       cwe: [Array],
1100 silly audit report       cvss: [Object]
1100 silly audit report     },
1100 silly audit report     {
1100 silly audit report       id: 1115527,
1100 silly audit report       url: 'https://github.com/advisories/GHSA-37ch-88jc-xwx2',
1100 silly audit report       title: 'path-to-regexp vulnerable to Regular Expression Denial of Service via multiple route parameters',
1100 silly audit report       severity: 'high',
1100 silly audit report       vulnerable_versions: '<0.1.13',
1100 silly audit report       cwe: [Array],
1100 silly audit report       cvss: [Object]
1100 silly audit report     }
1100 silly audit report   ],
1100 silly audit report   phin: [
1100 silly audit report     {
1100 silly audit report       id: 1096967,
1100 silly audit report       url: 'https://github.com/advisories/GHSA-x565-32qp-m3vf',
1100 silly audit report       title: 'phin may include sensitive headers in subsequent requests after redirect',
1100 silly audit report       severity: 'moderate',
1100 silly audit report       vulnerable_versions: '<3.7.1',
1100 silly audit report       cwe: [Array],
1100 silly audit report       cvss: [Object]
1100 silly audit report     }
1100 silly audit report   ],
1100 silly audit report   picomatch: [
1100 silly audit report     {
1100 silly audit report       id: 1115549,
1100 silly audit report       url: 'https://github.com/advisories/GHSA-3v7f-55p6-f55p',
1100 silly audit report       title: 'Picomatch: Method Injection in POSIX Character Classes causes incorrect Glob Matching',
1100 silly audit report       severity: 'moderate',
1100 silly audit report       vulnerable_versions: '<2.3.2',
1100 silly audit report       cwe: [Array],
1100 silly audit report       cvss: [Object]
1100 silly audit report     },
1100 silly audit report     {
1100 silly audit report       id: 1115552,
1100 silly audit report       url: 'https://github.com/advisories/GHSA-c2c7-rcm5-vvqj',
1100 silly audit report       title: 'Picomatch has a ReDoS vulnerability via extglob quantifiers',
1100 silly audit report       severity: 'high',
1100 silly audit report       vulnerable_versions: '<2.3.2',
1100 silly audit report       cwe: [Array],
1100 silly audit report       cvss: [Object]
1100 silly audit report     }
1100 silly audit report   ],
1100 silly audit report   qs: [
1100 silly audit report     {
1100 silly audit report       id: 1104120,
1100 silly audit report       url: 'https://github.com/advisories/GHSA-hrpp-h998-j3pp',
1100 silly audit report       title: 'qs vulnerable to Prototype Pollution',
1100 silly audit report       severity: 'high',
1100 silly audit report       vulnerable_versions: '>=6.7.0 <6.7.3',
1100 silly audit report       cwe: [Array],
1100 silly audit report       cvss: [Object]
1100 silly audit report     },
1100 silly audit report     {
1100 silly audit report       id: 1113161,
1100 silly audit report       url: 'https://github.com/advisories/GHSA-w7fw-mjwx-w883',
1100 silly audit report       title: "qs's arrayLimit bypass in comma parsing allows denial of service",
1100 silly audit report       severity: 'low',
1100 silly audit report       vulnerable_versions: '>=6.7.0 <=6.14.1',
1100 silly audit report       cwe: [Array],
1100 silly audit report       cvss: [Object]
1100 silly audit report     },
1100 silly audit report     {
1100 silly audit report       id: 1113719,
1100 silly audit report       url: 'https://github.com/advisories/GHSA-6rw7-vpxm-498p',
1100 silly audit report       title: "qs's arrayLimit bypass in its bracket notation allows DoS via memory exhaustion",
1100 silly audit report       severity: 'moderate',
1100 silly audit report       vulnerable_versions: '<6.14.1',
1100 silly audit report       cwe: [Array],
1100 silly audit report       cvss: [Object]
1100 silly audit report     }
1100 silly audit report   ],
1100 silly audit report   send: [
1100 silly audit report     {
1100 silly audit report       id: 1109556,
1100 silly audit report       url: 'https://github.com/advisories/GHSA-m6fv-jmcg-4jfg',
1100 silly audit report       title: 'send vulnerable to template injection that can lead to XSS',
1100 silly audit report       severity: 'low',
1100 silly audit report       vulnerable_versions: '<0.19.0',
1100 silly audit report       cwe: [Array],
1100 silly audit report       cvss: [Object]
1100 silly audit report     }
1100 silly audit report   ],
1100 silly audit report   'serve-static': [
1100 silly audit report     {
1100 silly audit report       id: 1100528,
1100 silly audit report       url: 'https://github.com/advisories/GHSA-cm22-4g7w-348p',
1100 silly audit report       title: 'serve-static vulnerable to template injection that can lead to XSS',
1100 silly audit report       severity: 'low',
1100 silly audit report       vulnerable_versions: '<1.16.0',
1100 silly audit report       cwe: [Array],
1100 silly audit report       cvss: [Object]
1100 silly audit report     }
1100 silly audit report   ],
1100 silly audit report   tar: [
1100 silly audit report     {
1100 silly audit report       id: 1112659,
1100 silly audit report       url: 'https://github.com/advisories/GHSA-34x7-hfp2-rc4v',
1100 silly audit report       title: 'node-tar Vulnerable to Arbitrary File Creation/Overwrite via Hardlink Path Traversal',
1100 silly audit report       severity: 'high',
1100 silly audit report       vulnerable_versions: '<7.5.7',
1100 silly audit report       cwe: [Array],
1100 silly audit report       cvss: [Object]
1100 silly audit report     },
1100 silly audit report     {
1100 silly audit report       id: 1113300,
1100 silly audit report       url: 'https://github.com/advisories/GHSA-8qq5-rm4j-mr97',
1100 silly audit report       title: 'node-tar is Vulnerable to Arbitrary File Overwrite and Symlink Poisoning via Insufficient Path Sanitization',
1100 silly audit report       severity: 'high',
1100 silly audit report       vulnerable_versions: '<=7.5.2',
1100 silly audit report       cwe: [Array],
1100 silly audit report       cvss: [Object]
1100 silly audit report     },
1100 silly audit report     {
1100 silly audit report       id: 1113375,
1100 silly audit report       url: 'https://github.com/advisories/GHSA-83g3-92jg-28cx',
1100 silly audit report       title: 'Arbitrary File Read/Write via Hardlink Target Escape Through Symlink Chain in node-tar Extraction',
1100 silly audit report       severity: 'high',
1100 silly audit report       vulnerable_versions: '<7.5.8',
1100 silly audit report       cwe: [Array],
1100 silly audit report       cvss: [Object]
1100 silly audit report     },
1100 silly audit report     {
1100 silly audit report       id: 1114200,
1100 silly audit report       url: 'https://github.com/advisories/GHSA-qffp-2rhf-9h96',
1100 silly audit report       title: 'tar has Hardlink Path Traversal via Drive-Relative Linkpath',
1100 silly audit report       severity: 'high',
1100 silly audit report       vulnerable_versions: '<=7.5.9',
1100 silly audit report       cwe: [Array],
1100 silly audit report       cvss: [Object]
1100 silly audit report     },
1100 silly audit report     {
1100 silly audit report       id: 1114302,
1100 silly audit report       url: 'https://github.com/advisories/GHSA-9ppj-qmqm-q256',
1100 silly audit report       title: 'node-tar Symlink Path Traversal via Drive-Relative Linkpath',
1100 silly audit report       severity: 'high',
1100 silly audit report       vulnerable_versions: '<=7.5.10',
1100 silly audit report       cwe: [Array],
1100 silly audit report       cvss: [Object]
1100 silly audit report     },
1100 silly audit report     {
1100 silly audit report       id: 1120782,
1100 silly audit report       url: 'https://github.com/advisories/GHSA-vmf3-w455-68vh',
1100 silly audit report       title: 'node-tar applies PAX size override to intermediary GNU long-name/long-link headers, causing tar parser interpretation differential (file smuggling)',
1100 silly audit report       severity: 'moderate',
1100 silly audit report       vulnerable_versions: '<=7.5.15',
1100 silly audit report       cwe: [Array],
1100 silly audit report       cvss: [Object]
1100 silly audit report     },
1100 silly audit report     {
1100 silly audit report       id: 1114680,
1100 silly audit report       url: 'https://github.com/advisories/GHSA-r6q2-hw4h-h46w',
1100 silly audit report       title: 'Race Condition in node-tar Path Reservations via Unicode Ligature Collisions on macOS APFS',
1100 silly audit report       severity: 'high',
1100 silly audit report       vulnerable_versions: '<=7.5.3',
1100 silly audit report       cwe: [Array],
1100 silly audit report       cvss: [Object]
1100 silly audit report     },
1100 silly audit report     {
1100 silly audit report       id: 1123939,
1100 silly audit report       url: 'https://github.com/advisories/GHSA-w8wr-v893-vjvp',
1100 silly audit report       title: 'node-tar: Process crash via PAX numeric path type confusion',
1100 silly audit report       severity: 'moderate',
1100 silly audit report       vulnerable_versions: '<=7.5.17',
1100 silly audit report       cwe: [Array],
1100 silly audit report       cvss: [Object]
1100 silly audit report     },
1100 silly audit report     {
1100 silly audit report       id: 1123940,
1100 silly audit report       url: 'https://github.com/advisories/GHSA-23hp-3jrh-7fpw',
1100 silly audit report       title: 'node-tar: Decompression/parse DoS via unlimited input',
1100 silly audit report       severity: 'critical',
1100 silly audit report       vulnerable_versions: '<=7.5.18',
1100 silly audit report       cwe: [Array],
1100 silly audit report       cvss: [Object]
1100 silly audit report     },
1100 silly audit report     {
1100 silly audit report       id: 1123941,
1100 silly audit report       url: 'https://github.com/advisories/GHSA-8x88-c5mf-7j5w',
1100 silly audit report       title: 'node-tar: Negative tar entry size causes infinite loop in archive replace',
1100 silly audit report       severity: 'high',
1100 silly audit report       vulnerable_versions: '<=7.5.17',
1100 silly audit report       cwe: [Array],
1100 silly audit report       cvss: [Object]
1100 silly audit report     },
1100 silly audit report     {
1100 silly audit report       id: 1123942,
1100 silly audit report       url: 'https://github.com/advisories/GHSA-gvwx-54wh-qm9j',
1100 silly audit report       title: 'node-tar: Uncaught Exception DoS via NUL byte in PAX path/linkpath records',
1100 silly audit report       severity: 'moderate',
1100 silly audit report       vulnerable_versions: '<=7.5.16',
1100 silly audit report       cwe: [Array],
1100 silly audit report       cvss: [Object]
1100 silly audit report     },
1100 silly audit report     {
1100 silly audit report       id: 1124287,
1100 silly audit report       url: 'https://github.com/advisories/GHSA-r292-9mhp-454m',
1100 silly audit report       title: 'node-tar: Uncontrolled recursion in mapHas/filesFilter allows uncatchable stack-overflow DoS via crafted long-path tar with member selection',
1100 silly audit report       severity: 'moderate',
1100 silly audit report       vulnerable_versions: '<=7.5.20',
1100 silly audit report       cwe: [Array],
1100 silly audit report       cvss: [Object]
1100 silly audit report     },
1100 silly audit report     {
1100 silly audit report       id: 1097493,
1100 silly audit report       url: 'https://github.com/advisories/GHSA-f5x3-32g6-xq36',
1100 silly audit report       title: 'Denial of service while parsing a tar file due to lack of folders count validation',
1100 silly audit report       severity: 'moderate',
1100 silly audit report       vulnerable_versions: '<6.2.1',
1100 silly audit report       cwe: [Array],
1100 silly audit report       cvss: [Object]
1100 silly audit report     }
1100 silly audit report   ],
1100 silly audit report   ws: [
1100 silly audit report     {
1100 silly audit report       id: 1118729,
1100 silly audit report       url: 'https://github.com/advisories/GHSA-3h5v-q93c-6h6q',
1100 silly audit report       title: 'ws affected by a DoS when handling a request with many HTTP headers',
1100 silly audit report       severity: 'high',
1100 silly audit report       vulnerable_versions: '>=7.0.0 <7.5.10',
1100 silly audit report       cwe: [Array],
1100 silly audit report       cvss: [Object]
1100 silly audit report     },
1100 silly audit report     {
1100 silly audit report       id: 1123260,
1100 silly audit report       url: 'https://github.com/advisories/GHSA-96hv-2xvq-fx4p',
1100 silly audit report       title: 'ws: Memory exhaustion DoS from tiny fragments and data chunks',
1100 silly audit report       severity: 'high',
1100 silly audit report       vulnerable_versions: '>=7.0.0 <7.5.11',
1100 silly audit report       cwe: [Array],
1100 silly audit report       cvss: [Object]
1100 silly audit report     }
1100 silly audit report   ],
1100 silly audit report   xml2js: [
1100 silly audit report     {
1100 silly audit report       id: 1096693,
1100 silly audit report       url: 'https://github.com/advisories/GHSA-776f-qx25-q3cc',
1100 silly audit report       title: 'xml2js is vulnerable to prototype pollution',
1100 silly audit report       severity: 'moderate',
1100 silly audit report       vulnerable_versions: '<0.5.0',
1100 silly audit report       cwe: [Array],
1100 silly audit report       cvss: [Object]
1100 silly audit report     }
1100 silly audit report   ]
1100 silly audit report }
1101 silly packumentCache corgi:https://registry.npmjs.org/@babel%2fruntime cache-miss
1102 silly packumentCache corgi:https://registry.npmjs.org/file-type cache-miss
1103 silly packumentCache corgi:https://registry.npmjs.org/node-fetch cache-miss
1104 silly packumentCache corgi:https://registry.npmjs.org/semver cache-miss
1105 silly packumentCache corgi:https://registry.npmjs.org/ansi-regex cache-miss
1106 silly packumentCache corgi:https://registry.npmjs.org/uuid cache-miss
1107 silly packumentCache corgi:https://registry.npmjs.org/axios cache-miss
1108 silly packumentCache corgi:https://registry.npmjs.org/body-parser cache-miss
1109 silly packumentCache corgi:https://registry.npmjs.org/brace-expansion cache-miss
1110 silly packumentCache corgi:https://registry.npmjs.org/braces cache-miss
1111 silly packumentCache corgi:https://registry.npmjs.org/cookie cache-miss
1112 silly packumentCache corgi:https://registry.npmjs.org/decode-uri-component cache-miss
1113 silly packumentCache corgi:https://registry.npmjs.org/decompress cache-miss
1114 silly packumentCache corgi:https://registry.npmjs.org/got cache-miss
1115 silly packumentCache corgi:https://registry.npmjs.org/http-cache-semantics cache-miss
1116 silly packumentCache corgi:https://registry.npmjs.org/express cache-miss
1117 silly packumentCache corgi:https://registry.npmjs.org/micromatch cache-miss
1118 silly packumentCache corgi:https://registry.npmjs.org/follow-redirects cache-miss
1119 silly packumentCache corgi:https://registry.npmjs.org/jpeg-js cache-miss
1120 silly packumentCache corgi:https://registry.npmjs.org/jsonwebtoken cache-miss
1121 silly packumentCache corgi:https://registry.npmjs.org/jws cache-miss
1122 silly packumentCache corgi:https://registry.npmjs.org/knex cache-miss
1123 silly packumentCache corgi:https://registry.npmjs.org/lodash cache-miss
1124 silly packumentCache corgi:https://registry.npmjs.org/min-document cache-miss
1125 silly packumentCache corgi:https://registry.npmjs.org/minimatch cache-miss
1126 silly packumentCache corgi:https://registry.npmjs.org/minimist cache-miss
1127 silly packumentCache corgi:https://registry.npmjs.org/moment cache-miss
1128 silly packumentCache corgi:https://registry.npmjs.org/music-metadata cache-miss
1129 silly packumentCache corgi:https://registry.npmjs.org/node-worker-threads-pool cache-miss
1130 silly packumentCache corgi:https://registry.npmjs.org/on-headers cache-miss
1131 silly packumentCache corgi:https://registry.npmjs.org/path-to-regexp cache-miss
1132 silly packumentCache corgi:https://registry.npmjs.org/phin cache-miss
1133 silly packumentCache corgi:https://registry.npmjs.org/picomatch cache-miss
1134 silly packumentCache corgi:https://registry.npmjs.org/qs cache-miss
1135 silly packumentCache corgi:https://registry.npmjs.org/send cache-miss
1136 silly packumentCache corgi:https://registry.npmjs.org/serve-static cache-miss
1137 silly packumentCache corgi:https://registry.npmjs.org/tar cache-miss
1138 silly packumentCache corgi:https://registry.npmjs.org/ws cache-miss
1139 silly packumentCache corgi:https://registry.npmjs.org/xml2js cache-miss
1140 http fetch GET 200 https://registry.npmjs.org/vary/-/vary-1.1.2.tgz 437ms (cache miss)
1141 http fetch GET 200 https://registry.npmjs.org/walk-sync/-/walk-sync-2.2.0.tgz 439ms (cache miss)
1142 http fetch GET 200 https://registry.npmjs.org/yallist/-/yallist-4.0.0.tgz 447ms (cache miss)
1143 http fetch GET 200 https://registry.npmjs.org/utils-merge/-/utils-merge-1.0.1.tgz 441ms (cache miss)
1144 http fetch GET 200 https://registry.npmjs.org/wrappy/-/wrappy-1.0.2.tgz 531ms (cache miss)
1145 http fetch GET 200 https://registry.npmjs.org/webidl-conversions/-/webidl-conversions-3.0.1.tgz 547ms (cache miss)
1146 http fetch GET 200 https://registry.npmjs.org/wide-align/-/wide-align-1.1.5.tgz 548ms (cache miss)
1147 http fetch GET 200 https://registry.npmjs.org/xml-parse-from-string/-/xml-parse-from-string-1.0.1.tgz 557ms (cache miss)
1148 http fetch GET 200 https://registry.npmjs.org/util-deprecate/-/util-deprecate-1.0.2.tgz 561ms (cache miss)
1149 http fetch GET 200 https://registry.npmjs.org/utif/-/utif-2.0.1.tgz 561ms (cache miss)
1150 http fetch GET 200 https://registry.npmjs.org/url-to-options/-/url-to-options-1.0.1.tgz 577ms (cache miss)
1151 http fetch GET 200 https://registry.npmjs.org/unpipe/-/unpipe-1.0.0.tgz 586ms (cache miss)
1152 http fetch GET 200 https://registry.npmjs.org/url-parse-lax/-/url-parse-lax-3.0.0.tgz 587ms (cache miss)
1153 http fetch GET 200 https://registry.npmjs.org/xtend/-/xtend-4.0.2.tgz 614ms (cache miss)
1154 http fetch GET 200 https://registry.npmjs.org/uid-safe/-/uid-safe-2.1.5.tgz 606ms (cache miss)
1155 http fetch GET 200 https://registry.npmjs.org/universalify/-/universalify-2.0.0.tgz 615ms (cache miss)
1156 http fetch GET 200 https://registry.npmjs.org/toidentifier/-/toidentifier-1.0.0.tgz 621ms (cache miss)
1157 http fetch GET 200 https://registry.npmjs.org/trim-repeated/-/trim-repeated-1.0.0.tgz 632ms (cache miss)
1158 http fetch GET 200 https://registry.npmjs.org/tildify/-/tildify-2.0.0.tgz 630ms (cache miss)
1159 http fetch GET 200 https://registry.npmjs.org/timed-out/-/timed-out-4.0.1.tgz 630ms (cache miss)
1160 http fetch GET 200 https://registry.npmjs.org/token-types/-/token-types-2.1.1.tgz 632ms (cache miss)
1161 http fetch GET 200 https://registry.npmjs.org/wcwidth/-/wcwidth-1.0.1.tgz 639ms (cache miss)
1162 http fetch GET 200 https://registry.npmjs.org/type-is/-/type-is-1.6.18.tgz 637ms (cache miss)
1163 http fetch GET 200 https://registry.npmjs.org/to-buffer/-/to-buffer-1.1.1.tgz 641ms (cache miss)
1164 http fetch GET 200 https://registry.npmjs.org/tunnel-agent/-/tunnel-agent-0.6.0.tgz 660ms (cache miss)
1165 http fetch GET 200 https://registry.npmjs.org/strip-ansi/-/strip-ansi-5.2.0.tgz 669ms (cache miss)
1166 http fetch GET 200 https://registry.npmjs.org/yauzl/-/yauzl-2.10.0.tgz 687ms (cache miss)
1167 http fetch GET 200 https://registry.npmjs.org/strip-dirs/-/strip-dirs-2.1.0.tgz 676ms (cache miss)
1168 http fetch GET 200 https://registry.npmjs.org/strip-outer/-/strip-outer-1.0.1.tgz 676ms (cache miss)
1169 http fetch GET 200 https://registry.npmjs.org/strict-uri-encode/-/strict-uri-encode-1.1.0.tgz 676ms (cache miss)
1170 http fetch GET 200 https://registry.npmjs.org/string-width/-/string-width-4.2.0.tgz 681ms (cache miss)
1171 http fetch GET 200 https://registry.npmjs.org/supports-color/-/supports-color-7.2.0.tgz 683ms (cache miss)
1172 http fetch GET 200 https://registry.npmjs.org/standard-as-callback/-/standard-as-callback-2.0.1.tgz 686ms (cache miss)
1173 http fetch GET 200 https://registry.npmjs.org/sort-keys-length/-/sort-keys-length-1.0.1.tgz 694ms (cache miss)
1174 http fetch GET 200 https://registry.npmjs.org/sort-keys/-/sort-keys-1.1.2.tgz 699ms (cache miss)
1175 http fetch GET 200 https://registry.npmjs.org/set-blocking/-/set-blocking-2.0.0.tgz 714ms (cache miss)
1176 http fetch GET 200 https://registry.npmjs.org/statuses/-/statuses-1.5.0.tgz 716ms (cache miss)
1177 http fetch GET 200 https://registry.npmjs.org/slash/-/slash-3.0.0.tgz 715ms (cache miss)
1178 http fetch GET 200 https://registry.npmjs.org/run-parallel/-/run-parallel-1.1.10.tgz 715ms (cache miss)
1179 http fetch GET 200 https://registry.npmjs.org/xhr/-/xhr-2.6.0.tgz 739ms (cache miss)
1180 http fetch GET 200 https://registry.npmjs.org/signal-exit/-/signal-exit-3.0.3.tgz 730ms (cache miss)
1181 http fetch GET 200 https://registry.npmjs.org/restore-cursor/-/restore-cursor-2.0.0.tgz 732ms (cache miss)
1182 http fetch GET 200 https://registry.npmjs.org/xml2js/-/xml2js-0.4.19.tgz 756ms (cache miss)
1183 http fetch GET 200 https://registry.npmjs.org/whatwg-url/-/whatwg-url-5.0.0.tgz 755ms (cache miss)
1184 http fetch GET 200 https://registry.npmjs.org/setprototypeof/-/setprototypeof-1.1.1.tgz 738ms (cache miss)
1185 http fetch GET 200 https://registry.npmjs.org/responselike/-/responselike-1.0.2.tgz 744ms (cache miss)
1186 http fetch GET 200 https://registry.npmjs.org/safe-buffer/-/safe-buffer-5.1.2.tgz 746ms (cache miss)
1187 http fetch GET 200 https://registry.npmjs.org/split2/-/split2-3.2.2.tgz 756ms (cache miss)
1188 http fetch GET 200 https://registry.npmjs.org/response-time/-/response-time-2.3.2.tgz 758ms (cache miss)
1189 http fetch GET 200 https://registry.npmjs.org/string_decoder/-/string_decoder-1.1.1.tgz 782ms (cache miss)
1190 http fetch GET 200 https://registry.npmjs.org/safer-buffer/-/safer-buffer-2.1.2.tgz 783ms (cache miss)
1191 http fetch GET 200 https://registry.npmjs.org/readable-web-to-node-stream/-/readable-web-to-node-stream-3.0.1.tgz 778ms (cache miss)
1192 http fetch GET 200 https://registry.npmjs.org/serve-static/-/serve-static-1.14.1.tgz 791ms (cache miss)
1193 http fetch GET 200 https://registry.npmjs.org/tar-stream/-/tar-stream-1.6.2.tgz 802ms (cache miss)
1194 http fetch GET 200 https://registry.npmjs.org/regenerator-runtime/-/regenerator-runtime-0.13.7.tgz 790ms (cache miss)
1195 http fetch GET 200 https://registry.npmjs.org/random-bytes/-/random-bytes-1.0.0.tgz 794ms (cache miss)
1196 http fetch GET 200 https://registry.npmjs.org/rimraf/-/rimraf-3.0.2.tgz 803ms (cache miss)
1197 http fetch GET 200 https://registry.npmjs.org/query-string/-/query-string-5.1.1.tgz 800ms (cache miss)
1198 http fetch GET 200 https://registry.npmjs.org/quick-lru/-/quick-lru-5.1.1.tgz 801ms (cache miss)
1199 http fetch GET 200 https://registry.npmjs.org/proto-list/-/proto-list-1.2.4.tgz 805ms (cache miss)
1200 http fetch GET 200 https://registry.npmjs.org/range-parser/-/range-parser-1.2.1.tgz 808ms (cache miss)
1201 http fetch GET 200 https://registry.npmjs.org/proxy-addr/-/proxy-addr-2.0.6.tgz 812ms (cache miss)
1202 http fetch GET 200 https://registry.npmjs.org/redis-parser/-/redis-parser-3.0.0.tgz 819ms (cache miss)
1203 http fetch GET 200 https://registry.npmjs.org/resolve-alpn/-/resolve-alpn-1.0.0.tgz 823ms (cache miss)
1204 http fetch GET 200 https://registry.npmjs.org/postgres-date/-/postgres-date-1.0.7.tgz 823ms (cache miss)
1205 http fetch GET 200 https://registry.npmjs.org/process-nextick-args/-/process-nextick-args-2.0.1.tgz 826ms (cache miss)
1206 http fetch GET 200 https://registry.npmjs.org/postgres-interval/-/postgres-interval-1.2.0.tgz 825ms (cache miss)
1207 http fetch GET 200 https://registry.npmjs.org/prepend-http/-/prepend-http-2.0.0.tgz 828ms (cache miss)
1208 http fetch GET 200 https://registry.npmjs.org/redis-errors/-/redis-errors-1.2.0.tgz 839ms (cache miss)
1209 http fetch GET 200 https://registry.npmjs.org/rechoir/-/rechoir-0.7.0.tgz 842ms (cache miss)
1210 http fetch GET 200 https://registry.npmjs.org/postgres-array/-/postgres-array-2.0.0.tgz 833ms (cache miss)
1211 http fetch GET 200 https://registry.npmjs.org/pinkie/-/pinkie-2.0.4.tgz 833ms (cache miss)
1212 http fetch GET 200 https://registry.npmjs.org/postgres-bytea/-/postgres-bytea-1.0.0.tgz 834ms (cache miss)
1213 http fetch GET 200 https://registry.npmjs.org/unbzip2-stream/-/unbzip2-stream-1.4.3.tgz 864ms (cache miss)
1214 http fetch GET 200 https://registry.npmjs.org/sax/-/sax-1.2.4.tgz 851ms (cache miss)
1215 http fetch GET 200 https://registry.npmjs.org/through/-/through-2.3.8.tgz 861ms (cache miss)
1216 http fetch GET 200 https://registry.npmjs.org/send/-/send-0.17.1.tgz 854ms (cache miss)
1217 http fetch GET 200 https://registry.npmjs.org/redis-commands/-/redis-commands-1.6.0.tgz 849ms (cache miss)
1218 http fetch GET 200 https://registry.npmjs.org/pump/-/pump-3.0.0.tgz 845ms (cache miss)
1219 http fetch GET 200 https://registry.npmjs.org/pinkie-promise/-/pinkie-promise-2.0.1.tgz 840ms (cache miss)
1220 http fetch GET 200 https://registry.npmjs.org/pg-int8/-/pg-int8-1.0.1.tgz 842ms (cache miss)
1221 http fetch GET 200 https://registry.npmjs.org/pify/-/pify-2.3.0.tgz 847ms (cache miss)
1222 http fetch GET 200 https://registry.npmjs.org/process/-/process-0.11.10.tgz 857ms (cache miss)
1223 http fetch GET 200 https://registry.npmjs.org/reusify/-/reusify-1.0.4.tgz 866ms (cache miss)
1224 http fetch GET 200 https://registry.npmjs.org/seek-bzip/-/seek-bzip-1.0.6.tgz 869ms (cache miss)
1225 http fetch GET 200 https://registry.npmjs.org/pg-connection-string/-/pg-connection-string-2.4.0.tgz 850ms (cache miss)
1226 http fetch GET 200 https://registry.npmjs.org/phin/-/phin-2.9.3.tgz 853ms (cache miss)
1227 http fetch GET 200 https://registry.npmjs.org/pend/-/pend-1.2.0.tgz 852ms (cache miss)
1228 http fetch GET 200 https://registry.npmjs.org/raw-body/-/raw-body-2.4.0.tgz 866ms (cache miss)
1229 http fetch GET 200 https://registry.npmjs.org/path-is-absolute/-/path-is-absolute-1.0.1.tgz 854ms (cache miss)
1230 http fetch GET 200 https://registry.npmjs.org/pgpass/-/pgpass-1.0.4.tgz 860ms (cache miss)
1231 http fetch GET 200 https://registry.npmjs.org/path-type/-/path-type-4.0.0.tgz 858ms (cache miss)
1232 http fetch GET 200 https://registry.npmjs.org/path-parse/-/path-parse-1.0.7.tgz 858ms (cache miss)
1233 http fetch GET 200 https://registry.npmjs.org/timm/-/timm-1.7.1.tgz 897ms (cache miss)
1234 http fetch GET 200 https://registry.npmjs.org/parse-bmfont-binary/-/parse-bmfont-binary-1.0.6.tgz 864ms (cache miss)
1235 http fetch GET 200 https://registry.npmjs.org/tr46/-/tr46-0.0.3.tgz 902ms (cache miss)
1236 http fetch GET 200 https://registry.npmjs.org/redlock/-/redlock-4.2.0.tgz 887ms (cache miss)
1237 http fetch GET 200 https://registry.npmjs.org/path-to-regexp/-/path-to-regexp-0.1.7.tgz 871ms (cache miss)
1238 http fetch GET 200 https://registry.npmjs.org/parse5-htmlparser2-tree-adapter/-/parse5-htmlparser2-tree-adapter-6.0.1.tgz 872ms (cache miss)
1239 http fetch GET 200 https://registry.npmjs.org/parseurl/-/parseurl-1.3.3.tgz 893ms (cache miss)
1240 http fetch GET 200 https://registry.npmjs.org/parse-headers/-/parse-headers-2.0.3.tgz 918ms (cache miss)
1241 http fetch GET 200 https://registry.npmjs.org/parse-bmfont-ascii/-/parse-bmfont-ascii-1.0.6.tgz 930ms (cache miss)
1242 http fetch GET 200 https://registry.npmjs.org/p-is-promise/-/p-is-promise-1.1.0.tgz 937ms (cache miss)
1243 http fetch GET 200 https://registry.npmjs.org/once/-/once-1.4.0.tgz 938ms (cache miss)
1244 http fetch GET 200 https://registry.npmjs.org/p-event/-/p-event-2.3.1.tgz 1023ms (cache miss)
1245 http fetch GET 200 https://registry.npmjs.org/p-timeout/-/p-timeout-2.0.1.tgz 1026ms (cache miss)
1246 http fetch GET 200 https://registry.npmjs.org/packet-reader/-/packet-reader-1.0.0.tgz 1031ms (cache miss)
1247 http fetch GET 200 https://registry.npmjs.org/p-map/-/p-map-2.1.0.tgz 1030ms (cache miss)
1248 http fetch GET 200 https://registry.npmjs.org/ora/-/ora-3.4.0.tgz 1031ms (cache miss)
1249 http fetch GET 200 https://registry.npmjs.org/onetime/-/onetime-2.0.1.tgz 1031ms (cache miss)
1250 http fetch GET 200 https://registry.npmjs.org/p-finally/-/p-finally-1.0.0.tgz 1056ms (cache miss)
1251 http fetch GET 200 https://registry.npmjs.org/picomatch/-/picomatch-2.2.2.tgz 1074ms (cache miss)
1252 http fetch GET 200 https://registry.npmjs.org/opencollective-postinstall/-/opencollective-postinstall-2.0.3.tgz 1074ms (cache miss)
1253 http fetch GET 200 https://registry.npmjs.org/parse-bmfont-xml/-/parse-bmfont-xml-1.1.4.tgz 1093ms (cache miss)
1254 http fetch GET 200 https://registry.npmjs.org/tarn/-/tarn-3.0.1.tgz 1130ms (cache miss)
1255 http fetch GET 200 https://registry.npmjs.org/xss/-/xss-1.0.8.tgz 1148ms (cache miss)
1256 http fetch GET 200 https://registry.npmjs.org/object-assign/-/object-assign-4.1.1.tgz 1101ms (cache miss)
1257 http fetch GET 200 https://registry.npmjs.org/npm-conf/-/npm-conf-1.1.3.tgz 1109ms (cache miss)
1258 http fetch GET 200 https://registry.npmjs.org/npmlog/-/npmlog-5.0.1.tgz 1127ms (cache miss)
1259 http fetch GET 200 https://registry.npmjs.org/pg-types/-/pg-types-2.2.0.tgz 1140ms (cache miss)
1260 http fetch GET 200 https://registry.npmjs.org/on-finished/-/on-finished-2.3.0.tgz 1134ms (cache miss)
1261 http fetch GET 200 https://registry.npmjs.org/normalize-url/-/normalize-url-4.5.1.tgz 1134ms (cache miss)
1262 http fetch GET 200 https://registry.npmjs.org/ws/-/ws-7.4.6.tgz 1185ms (cache miss)
1263 http fetch GET 200 https://registry.npmjs.org/ms/-/ms-2.1.2.tgz 1136ms (cache miss)
1264 http fetch GET 200 https://registry.npmjs.org/mimic-response/-/mimic-response-1.0.1.tgz 1135ms (cache miss)
1265 http fetch GET 200 https://registry.npmjs.org/method-override/-/method-override-3.0.0.tgz 1134ms (cache miss)
1266 http fetch GET 200 https://registry.npmjs.org/peek-readable/-/peek-readable-3.1.3.tgz 1159ms (cache miss)
1267 http fetch GET 200 https://registry.npmjs.org/multistream/-/multistream-4.1.0.tgz 1148ms (cache miss)
1268 http fetch GET 200 https://registry.npmjs.org/minizlib/-/minizlib-2.1.2.tgz 1148ms (cache miss)
1269 http fetch GET 200 https://registry.npmjs.org/mime-types/-/mime-types-2.1.28.tgz 1147ms (cache miss)
1270 http fetch GET 200 https://registry.npmjs.org/mimic-fn/-/mimic-fn-1.2.0.tgz 1150ms (cache miss)
1271 http fetch GET 200 https://registry.npmjs.org/tinycolor2/-/tinycolor2-1.4.2.tgz 1200ms (cache miss)
1272 http fetch GET 200 https://registry.npmjs.org/lodash.isnumber/-/lodash.isnumber-3.0.3.tgz 1146ms (cache miss)
1273 http fetch GET 200 https://registry.npmjs.org/minimatch/-/minimatch-3.0.4.tgz 1154ms (cache miss)
1274 http fetch GET 200 https://registry.npmjs.org/merge-descriptors/-/merge-descriptors-1.0.1.tgz 1150ms (cache miss)
1275 http fetch GET 200 https://registry.npmjs.org/lowercase-keys/-/lowercase-keys-1.0.1.tgz 1150ms (cache miss)
1276 http fetch GET 200 https://registry.npmjs.org/module-alias/-/module-alias-2.2.2.tgz 1157ms (cache miss)
1277 http fetch GET 200 https://registry.npmjs.org/minipass/-/minipass-3.1.5.tgz 1157ms (cache miss)
1278 http fetch GET 200 https://registry.npmjs.org/lodash.isstring/-/lodash.isstring-4.0.1.tgz 1151ms (cache miss)
1279 http fetch GET 200 https://registry.npmjs.org/merge2/-/merge2-1.4.1.tgz 1155ms (cache miss)
1280 http fetch GET 200 https://registry.npmjs.org/object-hash/-/object-hash-2.1.1.tgz 1165ms (cache miss)
1281 http fetch GET 200 https://registry.npmjs.org/on-headers/-/on-headers-1.0.2.tgz 1167ms (cache miss)
1282 http fetch GET 200 https://registry.npmjs.org/omggif/-/omggif-1.0.10.tgz 1167ms (cache miss)
1283 http fetch GET 200 https://registry.npmjs.org/lru-cache/-/lru-cache-6.0.0.tgz 1158ms (cache miss)
1284 http fetch GET 200 https://registry.npmjs.org/lodash.isplainobject/-/lodash.isplainobject-4.0.6.tgz 1156ms (cache miss)
1285 http fetch GET 200 https://registry.npmjs.org/lodash.once/-/lodash.once-4.1.1.tgz 1157ms (cache miss)
1286 http fetch GET 200 https://registry.npmjs.org/methods/-/methods-1.1.2.tgz 1165ms (cache miss)
1287 http fetch GET 200 https://registry.npmjs.org/make-dir/-/make-dir-3.1.0.tgz 1165ms (cache miss)
1288 http fetch GET 200 https://registry.npmjs.org/media-typer/-/media-typer-0.3.0.tgz 1171ms (cache miss)
1289 http fetch GET 200 https://registry.npmjs.org/log-symbols/-/log-symbols-2.2.0.tgz 1169ms (cache miss)
1290 http fetch GET 200 https://registry.npmjs.org/lodash.isinteger/-/lodash.isinteger-4.0.4.tgz 1169ms (cache miss)
1291 http fetch GET 200 https://registry.npmjs.org/matcher-collection/-/matcher-collection-2.0.1.tgz 1170ms (cache miss)
1292 http fetch GET 200 https://registry.npmjs.org/strtok3/-/strtok3-6.0.8.tgz 1232ms (cache miss)
1293 http fetch GET 200 https://registry.npmjs.org/json-buffer/-/json-buffer-3.0.0.tgz 1202ms (cache miss)
1294 http fetch GET 200 https://registry.npmjs.org/lodash.flatten/-/lodash.flatten-4.4.0.tgz 1206ms (cache miss)
1295 http fetch GET 200 https://registry.npmjs.org/load-bmfont/-/load-bmfont-1.4.1.tgz 1206ms (cache miss)
1296 http fetch GET 200 https://registry.npmjs.org/jws/-/jws-3.2.2.tgz 1207ms (cache miss)
1297 http fetch GET 200 https://registry.npmjs.org/lodash.isboolean/-/lodash.isboolean-3.0.3.tgz 1210ms (cache miss)
1298 http fetch GET 200 https://registry.npmjs.org/jwa/-/jwa-1.4.1.tgz 1209ms (cache miss)
1299 http fetch GET 200 https://registry.npmjs.org/lodash.defaults/-/lodash.defaults-4.2.0.tgz 1212ms (cache miss)
1300 http fetch GET 200 https://registry.npmjs.org/redis/-/redis-3.1.2.tgz 1260ms (cache miss)
1301 http fetch GET 200 https://registry.npmjs.org/lodash.includes/-/lodash.includes-4.3.0.tgz 1224ms (cache miss)
1302 http fetch GET 200 https://registry.npmjs.org/jsonfile/-/jsonfile-6.1.0.tgz 1224ms (cache miss)
1303 http fetch GET 200 https://registry.npmjs.org/resolve-dependencies/-/resolve-dependencies-6.0.4.tgz 1292ms (cache miss)
1304 http fetch GET 200 https://registry.npmjs.org/mime-db/-/mime-db-1.45.0.tgz 1263ms (cache miss)
1305 http fetch GET 200 https://registry.npmjs.org/tapable/-/tapable-2.2.0.tgz 1319ms (cache miss)
1306 http fetch GET 200 https://registry.npmjs.org/qs/-/qs-6.7.0.tgz 1313ms (cache miss)
1307 http fetch GET 200 https://registry.npmjs.org/negotiator/-/negotiator-0.6.2.tgz 1290ms (cache miss)
1308 http fetch GET 200 https://registry.npmjs.org/mime/-/mime-1.6.0.tgz 1292ms (cache miss)
1309 http fetch GET 200 https://registry.npmjs.org/is-function/-/is-function-1.0.2.tgz 1281ms (cache miss)
1310 http fetch GET 200 https://registry.npmjs.org/is-glob/-/is-glob-4.0.1.tgz 1285ms (cache miss)
1311 http fetch GET 200 https://registry.npmjs.org/is-stream/-/is-stream-1.1.0.tgz 1287ms (cache miss)
1312 http fetch GET 200 https://registry.npmjs.org/is-plain-obj/-/is-plain-obj-1.1.0.tgz 1289ms (cache miss)
1313 http fetch GET 200 https://registry.npmjs.org/isarray/-/isarray-1.0.0.tgz 1290ms (cache miss)
1314 http fetch GET 200 https://registry.npmjs.org/isurl/-/isurl-1.0.0.tgz 1290ms (cache miss)
1315 http fetch GET 200 https://registry.npmjs.org/is-retry-allowed/-/is-retry-allowed-1.2.0.tgz 1291ms (cache miss)
1316 http fetch GET 200 https://registry.npmjs.org/is-natural-number/-/is-natural-number-4.0.1.tgz 1303ms (cache miss)
1317 http fetch GET 200 https://registry.npmjs.org/into-stream/-/into-stream-3.1.0.tgz 1304ms (cache miss)
1318 http fetch GET 200 https://registry.npmjs.org/inflight/-/inflight-1.0.6.tgz 1307ms (cache miss)
1319 http fetch GET 200 https://registry.npmjs.org/inherits/-/inherits-2.0.4.tgz 1309ms (cache miss)
1320 http fetch GET 200 https://registry.npmjs.org/ipaddr.js/-/ipaddr.js-1.9.1.tgz 1313ms (cache miss)
1321 http fetch GET 200 https://registry.npmjs.org/is-extglob/-/is-extglob-2.1.1.tgz 1312ms (cache miss)
1322 http fetch GET 200 https://registry.npmjs.org/ini/-/ini-1.3.8.tgz 1313ms (cache miss)
1323 http fetch GET 200 https://registry.npmjs.org/pg/-/pg-8.5.1.tgz 1348ms (cache miss)
1324 http fetch GET 200 https://registry.npmjs.org/mkdirp/-/mkdirp-1.0.4.tgz 1336ms (cache miss)
1325 http fetch GET 200 https://registry.npmjs.org/interpret/-/interpret-2.2.0.tgz 1326ms (cache miss)
1326 http fetch GET 200 https://registry.npmjs.org/ieee754/-/ieee754-1.1.13.tgz 1327ms (cache miss)
1327 http fetch GET 200 https://registry.npmjs.org/nth-check/-/nth-check-2.0.1.tgz 1360ms (cache miss)
1328 http fetch GET 200 https://registry.npmjs.org/node-worker-threads-pool/-/node-worker-threads-pool-1.4.3.tgz 1384ms (cache miss)
1329 http fetch GET 200 https://registry.npmjs.org/is-object/-/is-object-1.0.2.tgz 1373ms (cache miss)
1330 http fetch GET 200 https://registry.npmjs.org/xmlbuilder/-/xmlbuilder-9.0.7.tgz 1452ms (cache miss)
1331 http fetch GET 200 https://registry.npmjs.org/is-core-module/-/is-core-module-2.8.0.tgz 1381ms (cache miss)
1332 http fetch GET 200 https://registry.npmjs.org/jsonwebtoken/-/jsonwebtoken-8.5.1.tgz 1400ms (cache miss)
1333 http fetch GET 200 https://registry.npmjs.org/http-errors/-/http-errors-1.7.2.tgz 1404ms (cache miss)
1334 http fetch GET 200 https://registry.npmjs.org/ignore/-/ignore-5.1.8.tgz 1408ms (cache miss)
1335 http fetch GET 200 https://registry.npmjs.org/http-cache-semantics/-/http-cache-semantics-4.1.0.tgz 1411ms (cache miss)
1336 http fetch GET 200 https://registry.npmjs.org/pg-pool/-/pg-pool-3.2.2.tgz 1451ms (cache miss)
1337 http fetch GET 200 https://registry.npmjs.org/readable-stream/-/readable-stream-2.3.7.tgz 1467ms (cache miss)
1338 http fetch GET 200 https://registry.npmjs.org/has-flag/-/has-flag-4.0.0.tgz 1509ms (cache miss)
1339 http fetch GET 200 https://registry.npmjs.org/glob-parent/-/glob-parent-5.1.2.tgz 1531ms (cache miss)
1340 http fetch GET 200 https://registry.npmjs.org/graceful-fs/-/graceful-fs-4.2.4.tgz 1535ms (cache miss)
1341 http fetch GET 200 https://registry.npmjs.org/jpeg-js/-/jpeg-js-0.4.2.tgz 1551ms (cache miss)
1342 http fetch GET 200 https://registry.npmjs.org/html-prettify/-/html-prettify-1.0.3.tgz 1541ms (cache miss)
1343 http fetch GET 200 https://registry.npmjs.org/global/-/global-4.4.0.tgz 1539ms (cache miss)
1344 http fetch GET 200 https://registry.npmjs.org/has-to-string-tag-x/-/has-to-string-tag-x-1.4.1.tgz 1543ms (cache miss)
1345 http fetch GET 200 https://registry.npmjs.org/has-unicode/-/has-unicode-2.0.1.tgz 1544ms (cache miss)
1346 http fetch GET 200 https://registry.npmjs.org/has/-/has-1.0.3.tgz 1549ms (cache miss)
1347 http fetch GET 200 https://registry.npmjs.org/hcaptcha/-/hcaptcha-0.0.2.tgz 1552ms (cache miss)
1348 http fetch GET 200 https://registry.npmjs.org/globby/-/globby-11.0.1.tgz 1600ms (cache miss)
1349 http fetch GET 200 https://registry.npmjs.org/fs.realpath/-/fs.realpath-1.0.0.tgz 1611ms (cache miss)
1350 http fetch GET 200 https://registry.npmjs.org/get-stream/-/get-stream-4.1.0.tgz 1621ms (cache miss)
1351 http fetch GET 200 https://registry.npmjs.org/fs-minipass/-/fs-minipass-2.1.0.tgz 1623ms (cache miss)
1352 http fetch GET 200 https://registry.npmjs.org/function-bind/-/function-bind-1.1.1.tgz 1624ms (cache miss)
1353 http fetch GET 200 https://registry.npmjs.org/fs-constants/-/fs-constants-1.0.0.tgz 1624ms (cache miss)
1354 http fetch GET 200 https://registry.npmjs.org/get-proxy/-/get-proxy-2.1.0.tgz 1629ms (cache miss)
1355 http fetch GET 200 https://registry.npmjs.org/getopts/-/getopts-2.2.5.tgz 1636ms (cache miss)
1356 http fetch GET 200 https://registry.npmjs.org/fresh/-/fresh-0.5.2.tgz 1634ms (cache miss)
1357 http fetch GET 200 https://registry.npmjs.org/from2/-/from2-2.3.0.tgz 1634ms (cache miss)
1358 http fetch GET 200 https://registry.npmjs.org/https-proxy-agent/-/https-proxy-agent-5.0.0.tgz 1655ms (cache miss)
1359 http fetch GET 200 https://registry.npmjs.org/filename-reserved-regex/-/filename-reserved-regex-2.0.0.tgz 1645ms (cache miss)
1360 http fetch GET 200 https://registry.npmjs.org/rate-limiter-flexible/-/rate-limiter-flexible-2.2.1.tgz 1708ms (cache miss)
1361 http fetch GET 200 https://registry.npmjs.org/tar/-/tar-6.1.11.tgz 1723ms (cache miss)
1362 http fetch GET 200 https://registry.npmjs.org/node-addon-api/-/node-addon-api-3.2.1.tgz 1684ms (cache miss)
1363 http fetch GET 200 https://registry.npmjs.org/follow-redirects/-/follow-redirects-1.14.4.tgz 1650ms (cache miss)
1364 http fetch GET 200 https://registry.npmjs.org/filenamify/-/filenamify-3.0.0.tgz 1658ms (cache miss)
1365 http fetch GET 200 https://registry.npmjs.org/ext-name/-/ext-name-5.0.0.tgz 1658ms (cache miss)
1366 http fetch GET 200 https://registry.npmjs.org/file-type/-/file-type-11.1.0.tgz 1659ms (cache miss)
1367 http fetch GET 200 https://registry.npmjs.org/finalhandler/-/finalhandler-1.1.2.tgz 1664ms (cache miss)
1368 http fetch GET 200 https://registry.npmjs.org/minimist/-/minimist-1.2.5.tgz 1697ms (cache miss)
1369 http fetch GET 200 https://registry.npmjs.org/glob/-/glob-7.1.6.tgz 1675ms (cache miss)
1370 http fetch GET 200 https://registry.npmjs.org/forwarded/-/forwarded-0.1.2.tgz 1674ms (cache miss)
1371 http fetch GET 200 https://registry.npmjs.org/fastq/-/fastq-1.10.0.tgz 1675ms (cache miss)
1372 http fetch GET 200 https://registry.npmjs.org/fd-slicer/-/fd-slicer-1.1.0.tgz 1681ms (cache miss)
1373 http fetch GET 200 https://registry.npmjs.org/ext-list/-/ext-list-2.2.2.tgz 1681ms (cache miss)
1374 http fetch GET 200 https://registry.npmjs.org/etag/-/etag-1.8.1.tgz 1690ms (cache miss)
1375 http fetch GET 200 https://registry.npmjs.org/html-entities/-/html-entities-2.3.2.tgz 1716ms (cache miss)
1376 http fetch GET 200 https://registry.npmjs.org/min-document/-/min-document-2.19.0.tgz 1745ms (cache miss)
1377 http fetch GET 200 https://registry.npmjs.org/escape-html/-/escape-html-1.0.3.tgz 1708ms (cache miss)
1378 http fetch GET 200 https://registry.npmjs.org/escalade/-/escalade-3.1.1.tgz 1714ms (cache miss)
1379 http fetch GET 200 https://registry.npmjs.org/http2-wrapper/-/http2-wrapper-1.0.0-beta.5.2.tgz 1731ms (cache miss)
1380 http fetch GET 200 https://registry.npmjs.org/escape-string-regexp/-/escape-string-regexp-1.0.5.tgz 1721ms (cache miss)
1381 http fetch GET 200 https://registry.npmjs.org/ensure-posix-path/-/ensure-posix-path-1.1.1.tgz 1721ms (cache miss)
1382 http fetch GET 200 https://registry.npmjs.org/ee-first/-/ee-first-1.1.1.tgz 1760ms (cache miss)
1383 http fetch GET 200 https://registry.npmjs.org/express-session/-/express-session-1.17.1.tgz 1772ms (cache miss)
1384 http fetch GET 200 https://registry.npmjs.org/encodeurl/-/encodeurl-1.0.2.tgz 1773ms (cache miss)
1385 http fetch GET 200 https://registry.npmjs.org/end-of-stream/-/end-of-stream-1.4.4.tgz 1785ms (cache miss)
1386 http fetch GET 200 https://registry.npmjs.org/pngjs/-/pngjs-3.4.0.tgz 1846ms (cache miss)
1387 http fetch GET 200 https://registry.npmjs.org/has-symbol-support-x/-/has-symbol-support-x-1.4.2.tgz 1803ms (cache miss)
1388 http fetch GET 200 https://registry.npmjs.org/domutils/-/domutils-2.7.0.tgz 1820ms (cache miss)
1389 http fetch GET 200 https://registry.npmjs.org/download/-/download-8.0.0.tgz 1823ms (cache miss)
1390 http fetch GET 200 https://registry.npmjs.org/emoji-regex/-/emoji-regex-8.0.0.tgz 1828ms (cache miss)
1391 http fetch GET 200 https://registry.npmjs.org/gauge/-/gauge-3.0.2.tgz 1842ms (cache miss)
1392 http fetch GET 200 https://registry.npmjs.org/esm/-/esm-3.2.25.tgz 1836ms (cache miss)
1393 http fetch GET 200 https://registry.npmjs.org/duplexer3/-/duplexer3-0.1.4.tgz 1841ms (cache miss)
1394 http fetch GET 200 https://registry.npmjs.org/ecdsa-sig-formatter/-/ecdsa-sig-formatter-1.0.11.tgz 1849ms (cache miss)
1395 http fetch GET 200 https://registry.npmjs.org/dir-glob/-/dir-glob-3.0.1.tgz 1871ms (cache miss)
1396 http fetch GET 200 https://registry.npmjs.org/domelementtype/-/domelementtype-2.2.0.tgz 1874ms (cache miss)
1397 http fetch GET 200 https://registry.npmjs.org/parse5/-/parse5-6.0.1.tgz 1933ms (cache miss)
1398 http fetch GET 200 https://registry.npmjs.org/dom-walk/-/dom-walk-0.1.2.tgz 1879ms (cache miss)
1399 http fetch GET 200 https://registry.npmjs.org/dom-serializer/-/dom-serializer-1.3.2.tgz 1879ms (cache miss)
1400 http fetch GET 200 https://registry.npmjs.org/delegates/-/delegates-1.0.0.tgz 1887ms (cache miss)
1401 http fetch GET 200 https://registry.npmjs.org/destroy/-/destroy-1.0.4.tgz 1889ms (cache miss)
1402 http fetch GET 200 https://registry.npmjs.org/domhandler/-/domhandler-4.2.0.tgz 1891ms (cache miss)
1403 http fetch GET 200 https://registry.npmjs.org/denque/-/denque-1.5.0.tgz 1893ms (cache miss)
1404 http fetch GET 200 https://registry.npmjs.org/pako/-/pako-1.0.11.tgz 1948ms (cache miss)
1405 http fetch GET 200 https://registry.npmjs.org/htmlparser2/-/htmlparser2-6.1.0.tgz 1920ms (cache miss)
1406 http fetch GET 200 https://registry.npmjs.org/pixelmatch/-/pixelmatch-4.0.2.tgz 1961ms (cache miss)
1407 http fetch GET 200 https://registry.npmjs.org/defaults/-/defaults-1.0.3.tgz 1900ms (cache miss)
1408 http fetch GET 200 https://registry.npmjs.org/decompress-unzip/-/decompress-unzip-4.0.1.tgz 1902ms (cache miss)
1409 http fetch GET 200 https://registry.npmjs.org/detect-libc/-/detect-libc-1.0.3.tgz 1904ms (cache miss)
1410 http fetch GET 200 https://registry.npmjs.org/decompress-tar/-/decompress-tar-4.1.1.tgz 1906ms (cache miss)
1411 http fetch GET 200 https://registry.npmjs.org/decompress-targz/-/decompress-targz-4.1.1.tgz 1907ms (cache miss)
1412 http fetch GET 200 https://registry.npmjs.org/express/-/express-4.17.1.tgz 1925ms (cache miss)
1413 http fetch GET 200 https://registry.npmjs.org/iconv-lite/-/iconv-lite-0.4.24.tgz 1963ms (cache miss)
1414 http fetch GET 200 https://registry.npmjs.org/depd/-/depd-1.1.2.tgz 1939ms (cache miss)
1415 http fetch GET 200 https://registry.npmjs.org/entities/-/entities-2.2.0.tgz 1954ms (cache miss)
1416 http fetch GET 200 https://registry.npmjs.org/cssfilter/-/cssfilter-0.0.10.tgz 1944ms (cache miss)
1417 http fetch GET 200 https://registry.npmjs.org/decompress/-/decompress-4.2.1.tgz 1988ms (cache miss)
1418 http fetch GET 200 https://registry.npmjs.org/cookie-signature/-/cookie-signature-1.0.6.tgz 1987ms (cache miss)
1419 http fetch GET 200 https://registry.npmjs.org/decode-uri-component/-/decode-uri-component-0.2.0.tgz 1992ms (cache miss)
1420 http fetch GET 200 https://registry.npmjs.org/decompress-response/-/decompress-response-3.3.0.tgz 1994ms (cache miss)
1421 http fetch GET 200 https://registry.npmjs.org/decompress-tarbz2/-/decompress-tarbz2-4.1.1.tgz 1994ms (cache miss)
1422 http fetch GET 200 https://registry.npmjs.org/content-disposition/-/content-disposition-0.5.3.tgz 1998ms (cache miss)
1423 http fetch GET 200 https://registry.npmjs.org/cookie-parser/-/cookie-parser-1.4.5.tgz 1997ms (cache miss)
1424 http fetch GET 200 https://registry.npmjs.org/cookie/-/cookie-0.4.0.tgz 1999ms (cache miss)
1425 http fetch GET 200 https://registry.npmjs.org/core-util-is/-/core-util-is-1.0.2.tgz 2010ms (cache miss)
1426 http fetch GET 200 https://registry.npmjs.org/pg-protocol/-/pg-protocol-1.4.0.tgz 2081ms (cache miss)
1427 http fetch GET 200 https://registry.npmjs.org/exif-parser/-/exif-parser-0.1.12.tgz 2029ms (cache miss)
1428 http fetch GET 200 https://registry.npmjs.org/debug/-/debug-4.3.1.tgz 2028ms (cache miss)
1429 http fetch GET 200 https://registry.npmjs.org/content-type/-/content-type-1.0.4.tgz 2043ms (cache miss)
1430 http fetch GET 200 https://registry.npmjs.org/connect-redis/-/connect-redis-5.0.0.tgz 2059ms (cache miss)
1431 http fetch GET 200 https://registry.npmjs.org/css-what/-/css-what-5.0.1.tgz 2064ms (cache miss)
1432 http fetch GET 200 https://registry.npmjs.org/ioredis/-/ioredis-4.19.4.tgz 2111ms (cache miss)
1433 http fetch GET 200 https://registry.npmjs.org/uuid/-/uuid-8.3.2.tgz 2189ms (cache miss)
1434 http fetch GET 200 https://registry.npmjs.org/console-control-strings/-/console-control-strings-1.1.0.tgz 2089ms (cache miss)
1435 http fetch GET 200 https://registry.npmjs.org/compression/-/compression-1.7.4.tgz 2093ms (cache miss)
1436 http fetch GET 200 https://registry.npmjs.org/config-chain/-/config-chain-1.1.12.tgz 2094ms (cache miss)
1437 http fetch GET 200 https://registry.npmjs.org/color-convert/-/color-convert-2.0.1.tgz 2095ms (cache miss)
1438 http fetch GET 200 https://registry.npmjs.org/cluster-key-slot/-/cluster-key-slot-1.1.0.tgz 2098ms (cache miss)
1439 http fetch GET 200 https://registry.npmjs.org/color-name/-/color-name-1.1.4.tgz 2100ms (cache miss)
1440 http fetch GET 200 https://registry.npmjs.org/compressible/-/compressible-2.0.18.tgz 2103ms (cache miss)
1441 http fetch GET 200 https://registry.npmjs.org/concat-map/-/concat-map-0.0.1.tgz 2105ms (cache miss)
1442 http fetch GET 200 https://registry.npmjs.org/fs-extra/-/fs-extra-9.1.0.tgz 2132ms (cache miss)
1443 http fetch GET 200 https://registry.npmjs.org/color-support/-/color-support-1.1.3.tgz 2111ms (cache miss)
1444 http fetch GET 200 https://registry.npmjs.org/colorette/-/colorette-2.0.16.tgz 2113ms (cache miss)
1445 http fetch GET 200 https://registry.npmjs.org/clone-response/-/clone-response-1.0.2.tgz 2156ms (cache miss)
1446 http fetch GET 200 https://registry.npmjs.org/commander/-/commander-7.2.0.tgz 2160ms (cache miss)
1447 http fetch GET 200 https://registry.npmjs.org/chownr/-/chownr-2.0.0.tgz 2173ms (cache miss)
1448 http fetch GET 200 https://registry.npmjs.org/cli-spinners/-/cli-spinners-2.5.0.tgz 2184ms (cache miss)
1449 http fetch GET 200 https://registry.npmjs.org/cli-cursor/-/cli-cursor-2.1.0.tgz 2186ms (cache miss)
1450 http fetch GET 200 https://registry.npmjs.org/clone/-/clone-1.0.4.tgz 2192ms (cache miss)
1451 http fetch GET 200 https://registry.npmjs.org/cheerio-select/-/cheerio-select-1.5.0.tgz 2192ms (cache miss)
1452 http fetch GET 200 https://registry.npmjs.org/caw/-/caw-2.0.1.tgz 2208ms (cache miss)
1453 http fetch GET 200 https://registry.npmjs.org/cacheable-lookup/-/cacheable-lookup-5.0.4.tgz 2213ms (cache miss)
1454 http fetch GET 200 https://registry.npmjs.org/chalk/-/chalk-4.1.0.tgz 2217ms (cache miss)
1455 http fetch GET 200 https://registry.npmjs.org/bytes/-/bytes-3.1.0.tgz 2218ms (cache miss)
1456 http fetch GET 200 https://registry.npmjs.org/buffer-fill/-/buffer-fill-1.0.0.tgz 2234ms (cache miss)
1457 http fetch GET 200 https://registry.npmjs.org/buffer-writer/-/buffer-writer-2.0.0.tgz 2237ms (cache miss)
1458 http fetch GET 200 https://registry.npmjs.org/enhanced-resolve/-/enhanced-resolve-5.7.0.tgz 2272ms (cache miss)
1459 http fetch GET 200 https://registry.npmjs.org/buffer-crc32/-/buffer-crc32-0.2.13.tgz 2292ms (cache miss)
1460 http fetch GET 200 https://registry.npmjs.org/buffer-equal-constant-time/-/buffer-equal-constant-time-1.0.1.tgz 2293ms (cache miss)
1461 http fetch GET 200 https://registry.npmjs.org/brace-expansion/-/brace-expansion-1.1.11.tgz 2295ms (cache miss)
1462 http fetch GET 200 https://registry.npmjs.org/nexe/-/nexe-4.0.0-beta.17.tgz 2361ms (cache miss)
1463 http fetch GET 200 https://registry.npmjs.org/buffer-alloc/-/buffer-alloc-1.2.0.tgz 2296ms (cache miss)
1464 http fetch GET 200 https://registry.npmjs.org/buffer-alloc-unsafe/-/buffer-alloc-unsafe-1.1.0.tgz 2297ms (cache miss)
1465 http fetch GET 200 https://registry.npmjs.org/body-parser/-/body-parser-1.19.0.tgz 2297ms (cache miss)
1466 http fetch GET 200 https://registry.npmjs.org/boolbase/-/boolbase-1.0.0.tgz 2299ms (cache miss)
1467 http fetch GET 200 https://registry.npmjs.org/base64-js/-/base64-js-1.5.1.tgz 2327ms (cache miss)
1468 http fetch GET 200 https://registry.npmjs.org/css-select/-/css-select-4.1.3.tgz 2390ms (cache miss)
1469 http fetch GET 200 https://registry.npmjs.org/bl/-/bl-1.2.3.tgz 2382ms (cache miss)
1470 http fetch GET 200 https://registry.npmjs.org/asciichart/-/asciichart-1.5.25.tgz 2382ms (cache miss)
1471 http fetch GET 200 https://registry.npmjs.org/array-union/-/array-union-2.1.0.tgz 2395ms (cache miss)
1472 http fetch GET 200 https://registry.npmjs.org/at-least-node/-/at-least-node-1.0.0.tgz 2402ms (cache miss)
1473 http fetch GET 200 https://registry.npmjs.org/buffer-equal/-/buffer-equal-0.0.1.tgz 2406ms (cache miss)
1474 http fetch GET 200 https://registry.npmjs.org/balanced-match/-/balanced-match-1.0.0.tgz 2405ms (cache miss)
1475 http fetch GET 200 https://registry.npmjs.org/array-flatten/-/array-flatten-1.1.1.tgz 2404ms (cache miss)
1476 http fetch GET 200 https://registry.npmjs.org/are-we-there-yet/-/are-we-there-yet-2.0.0.tgz 2414ms (cache miss)
1477 http fetch GET 200 https://registry.npmjs.org/fast-glob/-/fast-glob-3.2.4.tgz 2449ms (cache miss)
1478 http fetch GET 200 https://registry.npmjs.org/archive-type/-/archive-type-4.0.0.tgz 2456ms (cache miss)
1479 http fetch GET 200 https://registry.npmjs.org/app-builder/-/app-builder-6.2.2.tgz 2460ms (cache miss)
1480 http fetch GET 200 https://registry.npmjs.org/ansi-styles/-/ansi-styles-4.3.0.tgz 2483ms (cache miss)
1481 http fetch GET 200 https://registry.npmjs.org/accepts/-/accepts-1.3.7.tgz 2502ms (cache miss)
1482 http fetch GET 200 https://registry.npmjs.org/aproba/-/aproba-2.0.0.tgz 2508ms (cache miss)
1483 http fetch GET 200 https://registry.npmjs.org/any-base/-/any-base-1.1.0.tgz 2510ms (cache miss)
1484 http fetch GET 200 https://registry.npmjs.org/abbrev/-/abbrev-1.1.1.tgz 2503ms (cache miss)
1485 http fetch GET 200 https://registry.npmjs.org/ansi-regex/-/ansi-regex-4.1.0.tgz 2505ms (cache miss)
1486 http fetch GET 200 https://registry.npmjs.org/jimp/-/jimp-0.16.1.tgz 2600ms (cache miss)
1487 http fetch GET 200 https://registry.npmjs.org/@types/responselike/-/responselike-1.0.0.tgz 2536ms (cache miss)
1488 http fetch GET 200 https://registry.npmjs.org/resolve/-/resolve-1.20.0.tgz 2657ms (cache miss)
1489 http fetch GET 200 https://registry.npmjs.org/agent-base/-/agent-base-6.0.2.tgz 2551ms (cache miss)
1490 http fetch GET 200 https://registry.npmjs.org/@types/uuid/-/uuid-8.3.0.tgz 2557ms (cache miss)
1491 http fetch GET 200 https://registry.npmjs.org/argon2/-/argon2-0.28.2.tgz 2570ms (cache miss)
1492 http fetch GET 200 https://registry.npmjs.org/cheerio/-/cheerio-1.0.0-rc.10.tgz 2584ms (cache miss)
1493 http fetch GET 200 https://registry.npmjs.org/bmp-js/-/bmp-js-0.1.0.tgz 2584ms (cache miss)
1494 http fetch GET 200 https://registry.npmjs.org/@types/object-hash/-/object-hash-1.3.4.tgz 2598ms (cache miss)
1495 http fetch GET 200 https://registry.npmjs.org/@types/range-parser/-/range-parser-1.2.3.tgz 2603ms (cache miss)
1496 http fetch GET 200 https://registry.npmjs.org/@types/minimatch/-/minimatch-3.0.3.tgz 2641ms (cache miss)
1497 http fetch GET 200 https://registry.npmjs.org/@types/ws/-/ws-7.4.0.tgz 2646ms (cache miss)
1498 http fetch GET 200 https://registry.npmjs.org/@types/serve-static/-/serve-static-1.13.8.tgz 2651ms (cache miss)
1499 http fetch GET 200 https://registry.npmjs.org/axios/-/axios-0.21.4.tgz 2692ms (cache miss)
1500 http fetch GET 200 https://registry.npmjs.org/meriyah/-/meriyah-3.1.6.tgz 2772ms (cache miss)
1501 http fetch GET 200 https://registry.npmjs.org/@types/readable-stream/-/readable-stream-2.3.10.tgz 2703ms (cache miss)
1502 http fetch GET 200 https://registry.npmjs.org/bluebird/-/bluebird-3.7.2.tgz 2724ms (cache miss)
1503 http fetch GET 200 https://registry.npmjs.org/@types/redis/-/redis-2.8.28.tgz 2712ms (cache miss)
1504 http fetch GET 200 https://registry.npmjs.org/@types/multer/-/multer-1.4.5.tgz 2738ms (cache miss)
1505 http fetch GET 200 https://registry.npmjs.org/@types/method-override/-/method-override-0.0.31.tgz 2738ms (cache miss)
1506 http fetch GET 200 https://registry.npmjs.org/@types/qs/-/qs-6.9.5.tgz 2741ms (cache miss)
1507 http fetch GET 200 https://registry.npmjs.org/@types/express/-/express-4.17.11.tgz 2749ms (cache miss)
1508 http fetch GET 200 https://registry.npmjs.org/cherow/-/cherow-1.6.9.tgz 2844ms (cache miss)
1509 http fetch GET 200 https://registry.npmjs.org/@types/connect/-/connect-3.4.34.tgz 2835ms (cache miss)
1510 http fetch GET 200 https://registry.npmjs.org/@types/compression/-/compression-1.7.0.tgz 2837ms (cache miss)
1511 http fetch GET 200 https://registry.npmjs.org/@types/mime/-/mime-2.0.3.tgz 2845ms (cache miss)
1512 http fetch GET 200 https://registry.npmjs.org/@types/keyv/-/keyv-3.1.1.tgz 2845ms (cache miss)
1513 http fetch GET 200 https://registry.npmjs.org/@types/body-parser/-/body-parser-1.19.0.tgz 2841ms (cache miss)
1514 http fetch GET 200 https://registry.npmjs.org/@types/http-cache-semantics/-/http-cache-semantics-4.0.0.tgz 2847ms (cache miss)
1515 http fetch GET 200 https://registry.npmjs.org/@types/express-session/-/express-session-1.17.3.tgz 2869ms (cache miss)
1516 http fetch GET 200 https://registry.npmjs.org/@types/express-serve-static-core/-/express-serve-static-core-4.17.18.tgz 2874ms (cache miss)
1517 http fetch GET 200 https://registry.npmjs.org/@types/cookie-parser/-/cookie-parser-1.4.2.tgz 2874ms (cache miss)
1518 http fetch GET 200 https://registry.npmjs.org/@types/debug/-/debug-4.1.5.tgz 2876ms (cache miss)
1519 http fetch GET 200 https://registry.npmjs.org/@types/ioredis/-/ioredis-4.17.11.tgz 2879ms (cache miss)
1520 http fetch GET 200 https://registry.npmjs.org/@phc/format/-/format-1.0.0.tgz 2875ms (cache miss)
1521 http fetch GET 200 https://registry.npmjs.org/@jimp/utils/-/utils-0.16.1.tgz 2879ms (cache miss)
1522 http fetch GET 200 https://registry.npmjs.org/@jimp/types/-/types-0.16.1.tgz 2892ms (cache miss)
1523 http fetch GET 200 https://registry.npmjs.org/@types/node/-/node-14.14.20.tgz 2904ms (cache miss)
1524 http fetch GET 200 https://registry.npmjs.org/@jimp/plugins/-/plugins-0.16.1.tgz 2910ms (cache miss)
1525 http fetch GET 200 https://registry.npmjs.org/@jimp/plugin-scale/-/plugin-scale-0.16.1.tgz 2958ms (cache miss)
1526 http fetch GET 200 https://registry.npmjs.org/gifwrap/-/gifwrap-0.9.2.tgz 3031ms (cache miss)
1527 http fetch GET 200 https://registry.npmjs.org/@types/cacheable-request/-/cacheable-request-6.0.1.tgz 2974ms (cache miss)
1528 http fetch GET 200 https://registry.npmjs.org/social-links/-/social-links-1.4.3.tgz 3124ms (cache miss)
1529 http fetch GET 200 https://registry.npmjs.org/@types/connect-redis/-/connect-redis-0.0.16.tgz 3009ms (cache miss)
1530 http fetch GET 200 https://registry.npmjs.org/@jimp/png/-/png-0.16.1.tgz 3013ms (cache miss)
1531 http fetch GET 200 https://registry.npmjs.org/@tokenizer/token/-/token-0.1.1.tgz 3023ms (cache miss)
1532 http fetch GET 200 https://registry.npmjs.org/@jimp/plugin-normalize/-/plugin-normalize-0.16.1.tgz 3029ms (cache miss)
1533 http fetch GET 200 https://registry.npmjs.org/@jimp/plugin-shadow/-/plugin-shadow-0.16.1.tgz 3057ms (cache miss)
1534 http fetch GET 200 https://registry.npmjs.org/@jimp/plugin-rotate/-/plugin-rotate-0.16.1.tgz 3075ms (cache miss)
1535 http fetch GET 200 https://registry.npmjs.org/@jimp/plugin-resize/-/plugin-resize-0.16.1.tgz 3105ms (cache miss)
1536 http fetch GET 200 https://registry.npmjs.org/@jimp/plugin-mask/-/plugin-mask-0.16.1.tgz 3124ms (cache miss)
1537 http fetch GET 200 https://registry.npmjs.org/@jimp/plugin-flip/-/plugin-flip-0.16.1.tgz 3130ms (cache miss)
1538 http fetch GET 200 https://registry.npmjs.org/@jimp/plugin-dither/-/plugin-dither-0.16.1.tgz 3130ms (cache miss)
1539 http fetch GET 200 https://registry.npmjs.org/@jimp/plugin-invert/-/plugin-invert-0.16.1.tgz 3137ms (cache miss)
1540 http fetch GET 200 https://registry.npmjs.org/@jimp/plugin-displace/-/plugin-displace-0.16.1.tgz 3136ms (cache miss)
1541 http fetch GET 200 https://registry.npmjs.org/@jimp/plugin-fisheye/-/plugin-fisheye-0.16.1.tgz 3137ms (cache miss)
1542 http fetch GET 200 https://registry.npmjs.org/music-metadata/-/music-metadata-7.8.6.tgz 3241ms (cache miss)
1543 http fetch GET 200 https://registry.npmjs.org/@jimp/plugin-gaussian/-/plugin-gaussian-0.16.1.tgz 3166ms (cache miss)
1544 http fetch GET 200 https://registry.npmjs.org/@jimp/plugin-cover/-/plugin-cover-0.16.1.tgz 3165ms (cache miss)
1545 http fetch GET 200 https://registry.npmjs.org/@jimp/plugin-contain/-/plugin-contain-0.16.1.tgz 3191ms (cache miss)
1546 http fetch GET 200 https://registry.npmjs.org/@jimp/plugin-blur/-/plugin-blur-0.16.1.tgz 3201ms (cache miss)
1547 http fetch GET 200 https://registry.npmjs.org/@jimp/plugin-circle/-/plugin-circle-0.16.1.tgz 3225ms (cache miss)
1548 http fetch GET 200 https://registry.npmjs.org/@jimp/plugin-crop/-/plugin-crop-0.16.1.tgz 3228ms (cache miss)
1549 http fetch GET 200 https://registry.npmjs.org/@mapbox/node-pre-gyp/-/node-pre-gyp-1.0.6.tgz 3275ms (cache miss)
1550 http fetch GET 200 https://registry.npmjs.org/@nodelib/fs.stat/-/fs.stat-2.0.4.tgz 3283ms (cache miss)
1551 http fetch GET 200 https://registry.npmjs.org/@nodelib/fs.scandir/-/fs.scandir-2.1.4.tgz 3319ms (cache miss)
1552 http fetch GET 200 https://registry.npmjs.org/@jimp/custom/-/custom-0.16.1.tgz 3314ms (cache miss)
1553 http fetch GET 200 https://registry.npmjs.org/@jimp/gif/-/gif-0.16.1.tgz 3315ms (cache miss)
1554 http fetch GET 200 https://registry.npmjs.org/buffer/-/buffer-5.7.1.tgz 3344ms (cache miss)
1555 http fetch GET 200 https://registry.npmjs.org/@jimp/plugin-color/-/plugin-color-0.16.1.tgz 3368ms (cache miss)
1556 http fetch GET 200 https://registry.npmjs.org/ieee754/-/ieee754-1.2.1.tgz 3381ms (cache miss)
1557 http fetch GET 200 https://registry.npmjs.org/@jimp/bmp/-/bmp-0.16.1.tgz 3383ms (cache miss)
1558 http fetch GET 200 https://registry.npmjs.org/@nodelib/fs.walk/-/fs.walk-1.2.6.tgz 3401ms (cache miss)
1559 http fetch GET 200 https://registry.npmjs.org/@jimp/jpeg/-/jpeg-0.16.1.tgz 3402ms (cache miss)
1560 http fetch GET 200 https://registry.npmjs.org/emoji-regex/-/emoji-regex-8.0.0.tgz 3417ms (cache miss)
1561 http fetch GET 200 https://registry.npmjs.org/ansi-regex/-/ansi-regex-5.0.1.tgz 3417ms (cache miss)
1562 http fetch GET 200 https://registry.npmjs.org/is-fullwidth-code-point/-/is-fullwidth-code-point-3.0.0.tgz 3423ms (cache miss)
1563 http fetch GET 200 https://registry.npmjs.org/commander/-/commander-2.20.3.tgz 3430ms (cache miss)
1564 http fetch GET 200 https://registry.npmjs.org/@jimp/plugin-print/-/plugin-print-0.16.1.tgz 3454ms (cache miss)
1565 http fetch GET 200 https://registry.npmjs.org/ms/-/ms-2.0.0.tgz 3456ms (cache miss)
1566 http fetch GET 200 https://registry.npmjs.org/@calebboyd/semaphore/-/semaphore-1.3.1.tgz 3460ms (cache miss)
1567 http fetch GET 200 https://registry.npmjs.org/ms/-/ms-2.1.1.tgz 3464ms (cache miss)
1568 http fetch GET 200 https://registry.npmjs.org/knex/-/knex-0.95.12.tgz 3562ms (cache miss)
1569 http fetch GET 200 https://registry.npmjs.org/@jimp/plugin-threshold/-/plugin-threshold-0.16.1.tgz 3493ms (cache miss)
1570 http fetch GET 200 https://registry.npmjs.org/redis-commands/-/redis-commands-1.7.0.tgz 3481ms (cache miss)
1571 http fetch GET 200 https://registry.npmjs.org/@jimp/core/-/core-0.16.1.tgz 3495ms (cache miss)
1572 http fetch GET 200 https://registry.npmjs.org/debug/-/debug-2.6.9.tgz 3494ms (cache miss)
1573 http fetch GET 200 https://registry.npmjs.org/@jimp/tiff/-/tiff-0.16.1.tgz 3513ms (cache miss)
1574 http fetch GET 200 https://registry.npmjs.org/ansi-styles/-/ansi-styles-3.2.1.tgz 3504ms (cache miss)
1575 http fetch GET 200 https://registry.npmjs.org/color-convert/-/color-convert-1.9.3.tgz 3516ms (cache miss)
1576 http fetch GET 200 https://registry.npmjs.org/chalk/-/chalk-2.4.2.tgz 3528ms (cache miss)
1577 http fetch GET 200 https://registry.npmjs.org/supports-color/-/supports-color-5.5.0.tgz 3531ms (cache miss)
1578 http fetch GET 200 https://registry.npmjs.org/color-name/-/color-name-1.1.3.tgz 3532ms (cache miss)
1579 http fetch GET 200 https://registry.npmjs.org/supports-color/-/supports-color-5.5.0.tgz 3530ms (cache miss)
1580 http fetch GET 200 https://registry.npmjs.org/pify/-/pify-3.0.0.tgz 3531ms (cache miss)
1581 http fetch GET 200 https://registry.npmjs.org/has-flag/-/has-flag-3.0.0.tgz 3533ms (cache miss)
1582 http fetch GET 200 https://registry.npmjs.org/commander/-/commander-2.20.3.tgz 3538ms (cache miss)
1583 http fetch GET 200 https://registry.npmjs.org/responselike/-/responselike-2.0.0.tgz 3551ms (cache miss)
1584 http fetch GET 200 https://registry.npmjs.org/pify/-/pify-5.0.0.tgz 3567ms (cache miss)
1585 http fetch GET 200 https://registry.npmjs.org/p-cancelable/-/p-cancelable-2.0.0.tgz 3569ms (cache miss)
1586 http fetch GET 200 https://registry.npmjs.org/mimic-response/-/mimic-response-3.1.0.tgz 3567ms (cache miss)
1587 http fetch GET 200 https://registry.npmjs.org/lowercase-keys/-/lowercase-keys-2.0.0.tgz 3572ms (cache miss)
1588 http fetch GET 200 https://registry.npmjs.org/keyv/-/keyv-4.0.3.tgz 3572ms (cache miss)
1589 http fetch GET 200 https://registry.npmjs.org/strip-ansi/-/strip-ansi-6.0.0.tgz 3571ms (cache miss)
1590 http fetch GET 200 https://registry.npmjs.org/json-buffer/-/json-buffer-3.0.1.tgz 3579ms (cache miss)
1591 http fetch GET 200 https://registry.npmjs.org/color-name/-/color-name-1.1.3.tgz 3590ms (cache miss)
1592 http fetch GET 200 https://registry.npmjs.org/has-flag/-/has-flag-3.0.0.tgz 3592ms (cache miss)
1593 http fetch GET 200 https://registry.npmjs.org/get-stream/-/get-stream-5.2.0.tgz 3592ms (cache miss)
1594 http fetch GET 200 https://registry.npmjs.org/defer-to-connect/-/defer-to-connect-2.0.0.tgz 3601ms (cache miss)
1595 http fetch GET 200 https://registry.npmjs.org/chalk/-/chalk-2.4.2.tgz 3655ms (cache miss)
1596 http fetch GET 200 https://registry.npmjs.org/ansi-styles/-/ansi-styles-3.2.1.tgz 3654ms (cache miss)
1597 http fetch GET 200 https://registry.npmjs.org/media-typer/-/media-typer-1.1.0.tgz 3656ms (cache miss)
1598 http fetch GET 200 https://registry.npmjs.org/cacheable-request/-/cacheable-request-7.0.1.tgz 3657ms (cache miss)
1599 http fetch GET 200 https://registry.npmjs.org/readable-stream/-/readable-stream-3.6.0.tgz 3666ms (cache miss)
1600 http fetch GET 200 https://registry.npmjs.org/ms/-/ms-2.0.0.tgz 3656ms (cache miss)
1601 http fetch GET 200 https://registry.npmjs.org/decompress-response/-/decompress-response-6.0.0.tgz 3659ms (cache miss)
1602 http fetch GET 200 https://registry.npmjs.org/supports-color/-/supports-color-5.5.0.tgz 3660ms (cache miss)
1603 http fetch GET 200 https://registry.npmjs.org/color-convert/-/color-convert-1.9.3.tgz 3679ms (cache miss)
1604 http fetch GET 200 https://registry.npmjs.org/color-name/-/color-name-1.1.3.tgz 3700ms (cache miss)
1605 http fetch GET 200 https://registry.npmjs.org/@jimp/plugin-blit/-/plugin-blit-0.16.1.tgz 3723ms (cache miss)
1606 http fetch GET 200 https://registry.npmjs.org/color-convert/-/color-convert-1.9.3.tgz 3706ms (cache miss)
1607 http fetch GET 200 https://registry.npmjs.org/ansi-styles/-/ansi-styles-3.2.1.tgz 3705ms (cache miss)
1608 http fetch GET 200 https://registry.npmjs.org/resolve-from/-/resolve-from-5.0.0.tgz 3719ms (cache miss)
1609 http fetch GET 200 https://registry.npmjs.org/strip-ansi/-/strip-ansi-6.0.1.tgz 3719ms (cache miss)
1610 http fetch GET 200 https://registry.npmjs.org/has-flag/-/has-flag-3.0.0.tgz 3723ms (cache miss)
1611 http fetch GET 200 https://registry.npmjs.org/pg-connection-string/-/pg-connection-string-2.5.0.tgz 3721ms (cache miss)
1612 http fetch GET 200 https://registry.npmjs.org/debug/-/debug-4.3.2.tgz 3724ms (cache miss)
1613 http fetch GET 200 https://registry.npmjs.org/inherits/-/inherits-2.0.3.tgz 3728ms (cache miss)
1614 http fetch GET 200 https://registry.npmjs.org/string-width/-/string-width-4.2.3.tgz 3731ms (cache miss)
1615 http fetch GET 200 https://registry.npmjs.org/ms/-/ms-2.0.0.tgz 3734ms (cache miss)
1616 http fetch GET 200 https://registry.npmjs.org/is-fullwidth-code-point/-/is-fullwidth-code-point-3.0.0.tgz 3734ms (cache miss)
1617 http fetch GET 200 https://registry.npmjs.org/chalk/-/chalk-2.4.2.tgz 3738ms (cache miss)
1618 http fetch GET 200 https://registry.npmjs.org/ansi-regex/-/ansi-regex-5.0.1.tgz 3741ms (cache miss)
1619 http fetch GET 200 https://registry.npmjs.org/file-type/-/file-type-16.5.0.tgz 3755ms (cache miss)
1620 http fetch GET 200 https://registry.npmjs.org/semver/-/semver-5.7.1.tgz 3757ms (cache miss)
1621 http fetch GET 200 https://registry.npmjs.org/semver/-/semver-6.3.0.tgz 3761ms (cache miss)
1622 http fetch GET 200 https://registry.npmjs.org/to-regex-range/-/to-regex-range-5.0.1.tgz 3767ms (cache miss)
1623 http fetch GET 200 https://registry.npmjs.org/is-number/-/is-number-7.0.0.tgz 3766ms (cache miss)
1624 http fetch GET 200 https://registry.npmjs.org/fill-range/-/fill-range-7.0.1.tgz 3776ms (cache miss)
1625 http fetch GET 200 https://registry.npmjs.org/ms/-/ms-2.0.0.tgz 3786ms (cache miss)
1626 http fetch GET 200 https://registry.npmjs.org/ms/-/ms-2.0.0.tgz 3793ms (cache miss)
1627 http fetch GET 200 https://registry.npmjs.org/depd/-/depd-2.0.0.tgz 3794ms (cache miss)
1628 http fetch GET 200 https://registry.npmjs.org/readable-stream/-/readable-stream-3.6.0.tgz 3825ms (cache miss)
1629 http fetch GET 200 https://registry.npmjs.org/safe-buffer/-/safe-buffer-5.2.0.tgz 3807ms (cache miss)
1630 http fetch GET 200 https://registry.npmjs.org/sort-keys/-/sort-keys-2.0.0.tgz 3807ms (cache miss)
1631 http fetch GET 200 https://registry.npmjs.org/micromatch/-/micromatch-4.0.2.tgz 3811ms (cache miss)
1632 http fetch GET 200 https://registry.npmjs.org/pify/-/pify-4.0.1.tgz 3810ms (cache miss)
1633 http fetch GET 200 https://registry.npmjs.org/@szmarczak/http-timer/-/http-timer-4.0.5.tgz 3833ms (cache miss)
1634 http fetch GET 200 https://registry.npmjs.org/p-cancelable/-/p-cancelable-0.4.1.tgz 3819ms (cache miss)
1635 http fetch GET 200 https://registry.npmjs.org/normalize-url/-/normalize-url-2.0.1.tgz 3831ms (cache miss)
1636 http fetch GET 200 https://registry.npmjs.org/debug/-/debug-3.1.0.tgz 3843ms (cache miss)
1637 http fetch GET 200 https://registry.npmjs.org/http-cache-semantics/-/http-cache-semantics-3.8.1.tgz 3838ms (cache miss)
1638 http fetch GET 200 https://registry.npmjs.org/make-dir/-/make-dir-2.1.0.tgz 3844ms (cache miss)
1639 http fetch GET 200 https://registry.npmjs.org/keyv/-/keyv-3.0.0.tgz 3848ms (cache miss)
1640 http fetch GET 200 https://registry.npmjs.org/pify/-/pify-3.0.0.tgz 3849ms (cache miss)
1641 http fetch GET 200 https://registry.npmjs.org/@sindresorhus/is/-/is-4.0.0.tgz 3866ms (cache miss)
1642 http fetch GET 200 https://registry.npmjs.org/cacheable-request/-/cacheable-request-2.1.4.tgz 3856ms (cache miss)
1643 http fetch GET 200 https://registry.npmjs.org/file-type/-/file-type-5.2.0.tgz 3856ms (cache miss)
1644 http fetch GET 200 https://registry.npmjs.org/lowercase-keys/-/lowercase-keys-1.0.0.tgz 3858ms (cache miss)
1645 http fetch GET 200 https://registry.npmjs.org/get-stream/-/get-stream-3.0.0.tgz 3869ms (cache miss)
1646 http fetch GET 200 https://registry.npmjs.org/file-type/-/file-type-6.2.0.tgz 3868ms (cache miss)
1647 http fetch GET 200 https://registry.npmjs.org/got/-/got-8.3.2.tgz 3873ms (cache miss)
1648 http fetch GET 200 https://registry.npmjs.org/semver/-/semver-5.7.1.tgz 3881ms (cache miss)
1649 http fetch GET 200 https://registry.npmjs.org/get-stream/-/get-stream-3.0.0.tgz 3878ms (cache miss)
1650 http fetch GET 200 https://registry.npmjs.org/make-dir/-/make-dir-1.3.0.tgz 3877ms (cache miss)
1651 http fetch GET 200 https://registry.npmjs.org/@sindresorhus/is/-/is-0.7.0.tgz 3879ms (cache miss)
1652 http fetch GET 200 https://registry.npmjs.org/ms/-/ms-2.0.0.tgz 3879ms (cache miss)
1653 http fetch GET 200 https://registry.npmjs.org/ms/-/ms-2.0.0.tgz 3878ms (cache miss)
1654 http fetch GET 200 https://registry.npmjs.org/file-type/-/file-type-3.9.0.tgz 3884ms (cache miss)
1655 http fetch GET 200 https://registry.npmjs.org/file-type/-/file-type-5.2.0.tgz 3884ms (cache miss)
1656 http fetch GET 200 https://registry.npmjs.org/get-stream/-/get-stream-2.3.1.tgz 3891ms (cache miss)
1657 http fetch GET 200 https://registry.npmjs.org/pify/-/pify-3.0.0.tgz 3896ms (cache miss)
1658 http fetch GET 200 https://registry.npmjs.org/tslib/-/tslib-2.3.0.tgz 3900ms (cache miss)
1659 http fetch GET 200 https://registry.npmjs.org/bytes/-/bytes-3.0.0.tgz 3904ms (cache miss)
1660 http fetch GET 200 https://registry.npmjs.org/mkdirp/-/mkdirp-0.5.5.tgz 3901ms (cache miss)
1661 http fetch GET 200 https://registry.npmjs.org/file-type/-/file-type-4.4.0.tgz 3906ms (cache miss)
1662 http fetch GET 200 https://registry.npmjs.org/nopt/-/nopt-5.0.0.tgz 3907ms (cache miss)
1663 http fetch GET 200 https://registry.npmjs.org/file-type/-/file-type-9.0.0.tgz 3915ms (cache miss)
1664 http fetch GET 200 https://registry.npmjs.org/braces 3752ms (cache miss)
1665 silly packumentCache corgi:https://registry.npmjs.org/braces set size:undefined disposed:false
1666 http fetch GET 200 https://registry.npmjs.org/semver 3761ms (cache miss)
1667 silly packumentCache corgi:https://registry.npmjs.org/semver set size:undefined disposed:false
1668 http fetch GET 200 https://registry.npmjs.org/uuid 3767ms (cache miss)
1669 silly packumentCache corgi:https://registry.npmjs.org/uuid set size:undefined disposed:false
1670 http fetch GET 200 https://registry.npmjs.org/brace-expansion 3770ms (cache miss)
1671 silly packumentCache corgi:https://registry.npmjs.org/brace-expansion set size:undefined disposed:false
1672 http fetch GET 200 https://registry.npmjs.org/ansi-regex 3782ms (cache miss)
1673 silly packumentCache corgi:https://registry.npmjs.org/ansi-regex set size:undefined disposed:false
1674 http fetch GET 200 https://registry.npmjs.org/decode-uri-component 3783ms (cache miss)
1675 silly packumentCache corgi:https://registry.npmjs.org/decode-uri-component set size:undefined disposed:false
1676 http fetch GET 200 https://registry.npmjs.org/cookie 3798ms (cache miss)
1677 silly packumentCache corgi:https://registry.npmjs.org/cookie set size:undefined disposed:false
1678 http fetch GET 200 https://registry.npmjs.org/node-fetch 3803ms (cache miss)
1679 silly packumentCache corgi:https://registry.npmjs.org/node-fetch set size:undefined disposed:false
1680 http fetch GET 200 https://registry.npmjs.org/braces/-/braces-3.0.2.tgz 4006ms (cache miss)
1681 http fetch GET 200 https://registry.npmjs.org/buffer/-/buffer-5.7.1.tgz 4006ms (cache miss)
1682 http fetch GET 200 https://registry.npmjs.org/micromatch 3836ms (cache miss)
1683 silly packumentCache corgi:https://registry.npmjs.org/micromatch set size:undefined disposed:false
1684 http fetch GET 200 https://registry.npmjs.org/file-type 3846ms (cache miss)
1685 silly packumentCache corgi:https://registry.npmjs.org/file-type set size:undefined disposed:false
1686 http fetch GET 200 https://registry.npmjs.org/body-parser 3851ms (cache miss)
1687 silly packumentCache corgi:https://registry.npmjs.org/body-parser set size:undefined disposed:false
1688 http fetch GET 200 https://registry.npmjs.org/follow-redirects 3856ms (cache miss)
1689 silly packumentCache corgi:https://registry.npmjs.org/follow-redirects set size:undefined disposed:false
1690 http fetch GET 200 https://registry.npmjs.org/jpeg-js 3861ms (cache miss)
1691 silly packumentCache corgi:https://registry.npmjs.org/jpeg-js set size:undefined disposed:false
1692 http fetch GET 200 https://registry.npmjs.org/decompress 3866ms (cache miss)
1693 silly packumentCache corgi:https://registry.npmjs.org/decompress set size:undefined disposed:false
1694 http fetch GET 200 https://registry.npmjs.org/http-cache-semantics 3870ms (cache miss)
1695 silly packumentCache corgi:https://registry.npmjs.org/http-cache-semantics set size:undefined disposed:false
1696 http fetch GET 200 https://registry.npmjs.org/jws 3869ms (cache miss)
1697 silly packumentCache corgi:https://registry.npmjs.org/jws set size:undefined disposed:false
1698 http fetch GET 200 https://registry.npmjs.org/min-document 3876ms (cache miss)
1699 silly packumentCache corgi:https://registry.npmjs.org/min-document set size:undefined disposed:false
1700 http fetch GET 200 https://registry.npmjs.org/jsonwebtoken 3881ms (cache miss)
1701 silly packumentCache corgi:https://registry.npmjs.org/jsonwebtoken set size:undefined disposed:false
1702 http fetch GET 200 https://registry.npmjs.org/minimist 3886ms (cache miss)
1703 silly packumentCache corgi:https://registry.npmjs.org/minimist set size:undefined disposed:false
1704 http fetch GET 200 https://registry.npmjs.org/@babel%2fruntime 3897ms (cache miss)
1705 silly packumentCache corgi:https://registry.npmjs.org/@babel%2fruntime set size:undefined disposed:false
1706 http fetch GET 200 https://registry.npmjs.org/on-headers 3897ms (cache miss)
1707 silly packumentCache corgi:https://registry.npmjs.org/on-headers set size:undefined disposed:false
1708 http fetch GET 200 https://registry.npmjs.org/node-fetch/-/node-fetch-2.6.5.tgz 4087ms (cache miss)
1709 http fetch GET 200 https://registry.npmjs.org/debug/-/debug-2.6.9.tgz 4106ms (cache miss)
1710 http fetch GET 200 https://registry.npmjs.org/debug/-/debug-2.6.9.tgz 4107ms (cache miss)
1711 http fetch GET 200 https://registry.npmjs.org/xml2js 3905ms (cache miss)
1712 silly packumentCache corgi:https://registry.npmjs.org/xml2js set size:undefined disposed:false
1713 http fetch GET 200 https://registry.npmjs.org/axios 3916ms (cache miss)
1714 silly packumentCache corgi:https://registry.npmjs.org/axios set size:undefined disposed:false
1715 http fetch GET 200 https://registry.npmjs.org/path-to-regexp 3946ms (cache miss)
1716 silly packumentCache corgi:https://registry.npmjs.org/path-to-regexp set size:undefined disposed:false
1717 http fetch GET 200 https://registry.npmjs.org/lodash 3951ms (cache miss)
1718 silly packumentCache corgi:https://registry.npmjs.org/lodash set size:undefined disposed:false
1719 http fetch GET 200 https://registry.npmjs.org/picomatch 3953ms (cache miss)
1720 silly packumentCache corgi:https://registry.npmjs.org/picomatch set size:undefined disposed:false
1721 http fetch GET 200 https://registry.npmjs.org/send 3954ms (cache miss)
1722 silly packumentCache corgi:https://registry.npmjs.org/send set size:undefined disposed:false
1723 http fetch GET 200 https://registry.npmjs.org/phin 3959ms (cache miss)
1724 silly packumentCache corgi:https://registry.npmjs.org/phin set size:undefined disposed:false
1725 http fetch GET 200 https://registry.npmjs.org/serve-static 3966ms (cache miss)
1726 silly packumentCache corgi:https://registry.npmjs.org/serve-static set size:undefined disposed:false
1727 http fetch GET 200 https://registry.npmjs.org/moment 3974ms (cache miss)
1728 silly packumentCache corgi:https://registry.npmjs.org/moment set size:undefined disposed:false
1729 http fetch GET 200 https://registry.npmjs.org/express 3980ms (cache miss)
1730 silly packumentCache corgi:https://registry.npmjs.org/express set size:undefined disposed:false
1731 http fetch GET 200 https://registry.npmjs.org/minimatch 3993ms (cache miss)
1732 silly packumentCache corgi:https://registry.npmjs.org/minimatch set size:undefined disposed:false
1733 http fetch GET 200 https://registry.npmjs.org/got 4001ms (cache miss)
1734 silly packumentCache corgi:https://registry.npmjs.org/got set size:undefined disposed:false
1735 http fetch GET 200 https://registry.npmjs.org/qs 4004ms (cache miss)
1736 silly packumentCache corgi:https://registry.npmjs.org/qs set size:undefined disposed:false
1737 http fetch GET 200 https://registry.npmjs.org/debug/-/debug-2.6.9.tgz 4209ms (cache miss)
1738 http fetch GET 200 https://registry.npmjs.org/tar 4018ms (cache miss)
1739 silly packumentCache corgi:https://registry.npmjs.org/tar set size:undefined disposed:false
1740 http fetch GET 200 https://registry.npmjs.org/ws 4045ms (cache miss)
1741 silly packumentCache corgi:https://registry.npmjs.org/ws set size:undefined disposed:false
1742 http fetch GET 200 https://registry.npmjs.org/node-worker-threads-pool 4065ms (cache miss)
1743 silly packumentCache corgi:https://registry.npmjs.org/node-worker-threads-pool set size:undefined disposed:false
1744 http fetch GET 200 https://registry.npmjs.org/debug/-/debug-2.6.9.tgz 4267ms (cache miss)
1745 http fetch GET 200 https://registry.npmjs.org/knex 4080ms (cache miss)
1746 silly packumentCache corgi:https://registry.npmjs.org/knex set size:undefined disposed:false
1747 http fetch GET 200 https://registry.npmjs.org/debug/-/debug-2.6.9.tgz 4275ms (cache miss)
1748 http fetch GET 200 https://registry.npmjs.org/music-metadata 4089ms (cache miss)
1749 silly packumentCache corgi:https://registry.npmjs.org/music-metadata set size:undefined disposed:false
1750 silly packumentCache corgi:https://registry.npmjs.org/@jimp%2fbmp cache-miss
1751 silly packumentCache corgi:https://registry.npmjs.org/@jimp%2fcore cache-miss
1752 silly packumentCache corgi:https://registry.npmjs.org/@jimp%2fcustom cache-miss
1753 silly packumentCache corgi:https://registry.npmjs.org/@jimp%2fgif cache-miss
1754 silly packumentCache corgi:https://registry.npmjs.org/@jimp%2fjpeg cache-miss
1755 silly packumentCache corgi:https://registry.npmjs.org/@jimp%2fplugin-blit cache-miss
1756 silly packumentCache corgi:https://registry.npmjs.org/@jimp%2fplugin-blur cache-miss
1757 silly packumentCache corgi:https://registry.npmjs.org/@jimp%2fplugin-circle cache-miss
1758 silly packumentCache corgi:https://registry.npmjs.org/@jimp%2fplugin-color cache-miss
1759 silly packumentCache corgi:https://registry.npmjs.org/@jimp%2fplugin-contain cache-miss
1760 silly packumentCache corgi:https://registry.npmjs.org/@jimp%2fplugin-cover cache-miss
1761 silly packumentCache corgi:https://registry.npmjs.org/@jimp%2fplugin-crop cache-miss
1762 silly packumentCache corgi:https://registry.npmjs.org/@jimp%2fplugin-displace cache-miss
1763 silly packumentCache corgi:https://registry.npmjs.org/@jimp%2fplugin-dither cache-miss
1764 silly packumentCache corgi:https://registry.npmjs.org/@jimp%2fplugin-fisheye cache-miss
1765 silly packumentCache corgi:https://registry.npmjs.org/@jimp%2fplugin-flip cache-miss
1766 silly packumentCache corgi:https://registry.npmjs.org/@jimp%2fplugin-gaussian cache-miss
1767 silly packumentCache corgi:https://registry.npmjs.org/@jimp%2fplugin-invert cache-miss
1768 silly packumentCache corgi:https://registry.npmjs.org/@jimp%2fplugin-mask cache-miss
1769 silly packumentCache corgi:https://registry.npmjs.org/@jimp%2fplugin-normalize cache-miss
1770 silly packumentCache corgi:https://registry.npmjs.org/@jimp%2fplugin-print cache-miss
1771 silly packumentCache corgi:https://registry.npmjs.org/@jimp%2fplugin-resize cache-miss
1772 silly packumentCache corgi:https://registry.npmjs.org/@jimp%2fplugin-rotate cache-miss
1773 silly packumentCache corgi:https://registry.npmjs.org/@jimp%2fplugin-scale cache-miss
1774 silly packumentCache corgi:https://registry.npmjs.org/@jimp%2fplugin-shadow cache-miss
1775 silly packumentCache corgi:https://registry.npmjs.org/@jimp%2fplugin-threshold cache-miss
1776 silly packumentCache corgi:https://registry.npmjs.org/@jimp%2fplugins cache-miss
1777 silly packumentCache corgi:https://registry.npmjs.org/@jimp%2fpng cache-miss
1778 silly packumentCache corgi:https://registry.npmjs.org/@jimp%2ftiff cache-miss
1779 silly packumentCache corgi:https://registry.npmjs.org/@jimp%2ftypes cache-miss
1780 silly packumentCache corgi:https://registry.npmjs.org/@jimp%2futils cache-miss
1781 silly packumentCache corgi:https://registry.npmjs.org/jimp cache-miss
1782 http fetch GET 200 https://registry.npmjs.org/readable-stream/-/readable-stream-3.6.0.tgz 4345ms (cache miss)
1783 http fetch GET 200 https://registry.npmjs.org/readable-stream/-/readable-stream-3.6.0.tgz 4351ms (cache miss)
1784 http fetch GET 200 https://registry.npmjs.org/semver/-/semver-7.3.5.tgz 4403ms (cache miss)
1785 http fetch GET 200 https://registry.npmjs.org/@jimp%2fgif 138ms (cache miss)
1786 silly packumentCache corgi:https://registry.npmjs.org/@jimp%2fgif set size:undefined disposed:false
1787 http fetch GET 200 https://registry.npmjs.org/got/-/got-11.8.1.tgz 4480ms (cache miss)
1788 http fetch GET 200 https://registry.npmjs.org/@jimp%2fplugin-blur 167ms (cache miss)
1789 silly packumentCache corgi:https://registry.npmjs.org/@jimp%2fplugin-blur set size:undefined disposed:false
1790 http fetch GET 200 https://registry.npmjs.org/@jimp%2fplugin-blit 208ms (cache miss)
1791 silly packumentCache corgi:https://registry.npmjs.org/@jimp%2fplugin-blit set size:undefined disposed:false
1792 http fetch GET 200 https://registry.npmjs.org/@jimp%2fplugin-displace 214ms (cache miss)
1793 silly packumentCache corgi:https://registry.npmjs.org/@jimp%2fplugin-displace set size:undefined disposed:false
1794 http fetch GET 200 https://registry.npmjs.org/@jimp%2fbmp 232ms (cache miss)
1795 silly packumentCache corgi:https://registry.npmjs.org/@jimp%2fbmp set size:undefined disposed:false
1796 http fetch GET 200 https://registry.npmjs.org/@jimp%2fcustom 271ms (cache miss)
1797 silly packumentCache corgi:https://registry.npmjs.org/@jimp%2fcustom set size:undefined disposed:false
1798 http fetch GET 200 https://registry.npmjs.org/@jimp%2fplugin-color 278ms (cache miss)
1799 silly packumentCache corgi:https://registry.npmjs.org/@jimp%2fplugin-color set size:undefined disposed:false
1800 http fetch GET 200 https://registry.npmjs.org/@jimp%2fplugin-fisheye 293ms (cache miss)
1801 silly packumentCache corgi:https://registry.npmjs.org/@jimp%2fplugin-fisheye set size:undefined disposed:false
1802 http fetch GET 200 https://registry.npmjs.org/@jimp%2fplugin-flip 330ms (cache miss)
1803 silly packumentCache corgi:https://registry.npmjs.org/@jimp%2fplugin-flip set size:undefined disposed:false
1804 http fetch GET 200 https://registry.npmjs.org/@jimp%2fplugin-circle 351ms (cache miss)
1805 silly packumentCache corgi:https://registry.npmjs.org/@jimp%2fplugin-circle set size:undefined disposed:false
1806 http fetch GET 200 https://registry.npmjs.org/@jimp%2fplugin-gaussian 372ms (cache miss)
1807 silly packumentCache corgi:https://registry.npmjs.org/@jimp%2fplugin-gaussian set size:undefined disposed:false
1808 http fetch GET 200 https://registry.npmjs.org/@jimp%2fplugin-crop 383ms (cache miss)
1809 silly packumentCache corgi:https://registry.npmjs.org/@jimp%2fplugin-crop set size:undefined disposed:false
1810 http fetch GET 200 https://registry.npmjs.org/@jimp%2fplugin-cover 399ms (cache miss)
1811 silly packumentCache corgi:https://registry.npmjs.org/@jimp%2fplugin-cover set size:undefined disposed:false
1812 http fetch GET 200 https://registry.npmjs.org/@jimp%2fplugin-invert 408ms (cache miss)
1813 silly packumentCache corgi:https://registry.npmjs.org/@jimp%2fplugin-invert set size:undefined disposed:false
1814 http fetch GET 200 https://registry.npmjs.org/@jimp%2fjpeg 419ms (cache miss)
1815 silly packumentCache corgi:https://registry.npmjs.org/@jimp%2fjpeg set size:undefined disposed:false
1816 http fetch GET 200 https://registry.npmjs.org/@jimp%2fplugin-normalize 423ms (cache miss)
1817 silly packumentCache corgi:https://registry.npmjs.org/@jimp%2fplugin-normalize set size:undefined disposed:false
1818 http fetch GET 200 https://registry.npmjs.org/@jimp%2fplugin-dither 433ms (cache miss)
1819 silly packumentCache corgi:https://registry.npmjs.org/@jimp%2fplugin-dither set size:undefined disposed:false
1820 http fetch GET 200 https://registry.npmjs.org/@jimp%2fplugin-mask 441ms (cache miss)
1821 silly packumentCache corgi:https://registry.npmjs.org/@jimp%2fplugin-mask set size:undefined disposed:false
1822 http fetch GET 200 https://registry.npmjs.org/@jimp%2fcore 460ms (cache miss)
1823 silly packumentCache corgi:https://registry.npmjs.org/@jimp%2fcore set size:undefined disposed:false
1824 http fetch GET 200 https://registry.npmjs.org/@jimp%2fplugin-scale 473ms (cache miss)
1825 silly packumentCache corgi:https://registry.npmjs.org/@jimp%2fplugin-scale set size:undefined disposed:false
1826 http fetch GET 200 https://registry.npmjs.org/@jimp%2fplugin-resize 508ms (cache miss)
1827 silly packumentCache corgi:https://registry.npmjs.org/@jimp%2fplugin-resize set size:undefined disposed:false
1828 http fetch GET 200 https://registry.npmjs.org/@jimp%2fpng 513ms (cache miss)
1829 silly packumentCache corgi:https://registry.npmjs.org/@jimp%2fpng set size:undefined disposed:false
1830 http fetch GET 200 https://registry.npmjs.org/@jimp%2fplugin-print 533ms (cache miss)
1831 silly packumentCache corgi:https://registry.npmjs.org/@jimp%2fplugin-print set size:undefined disposed:false
1832 http fetch GET 200 https://registry.npmjs.org/@jimp%2fplugin-rotate 551ms (cache miss)
1833 silly packumentCache corgi:https://registry.npmjs.org/@jimp%2fplugin-rotate set size:undefined disposed:false
1834 http fetch GET 200 https://registry.npmjs.org/@jimp%2ftiff 566ms (cache miss)
1835 silly packumentCache corgi:https://registry.npmjs.org/@jimp%2ftiff set size:undefined disposed:false
1836 http fetch GET 200 https://registry.npmjs.org/@jimp%2fplugin-contain 580ms (cache miss)
1837 silly packumentCache corgi:https://registry.npmjs.org/@jimp%2fplugin-contain set size:undefined disposed:false
1838 http fetch GET 200 https://registry.npmjs.org/@jimp%2fplugin-threshold 599ms (cache miss)
1839 silly packumentCache corgi:https://registry.npmjs.org/@jimp%2fplugin-threshold set size:undefined disposed:false
1840 http fetch GET 200 https://registry.npmjs.org/@jimp%2futils 608ms (cache miss)
1841 silly packumentCache corgi:https://registry.npmjs.org/@jimp%2futils set size:undefined disposed:false
1842 http fetch GET 200 https://registry.npmjs.org/@jimp%2fplugin-shadow 626ms (cache miss)
1843 silly packumentCache corgi:https://registry.npmjs.org/@jimp%2fplugin-shadow set size:undefined disposed:false
1844 http fetch GET 200 https://registry.npmjs.org/@jimp%2ftypes 635ms (cache miss)
1845 silly packumentCache corgi:https://registry.npmjs.org/@jimp%2ftypes set size:undefined disposed:false
1846 http fetch GET 200 https://registry.npmjs.org/jimp 645ms (cache miss)
1847 silly packumentCache corgi:https://registry.npmjs.org/jimp set size:undefined disposed:false
1848 http fetch GET 200 https://registry.npmjs.org/@babel/runtime/-/runtime-7.13.9.tgz 5036ms (cache miss)
1849 http fetch GET 200 https://registry.npmjs.org/@jimp%2fplugins 742ms (cache miss)
1850 silly packumentCache corgi:https://registry.npmjs.org/@jimp%2fplugins set size:undefined disposed:false
1851 silly packumentCache corgi:https://registry.npmjs.org/@mapbox%2fnode-pre-gyp cache-miss
1852 http fetch GET 200 https://registry.npmjs.org/@mapbox%2fnode-pre-gyp 64ms (cache miss)
1853 silly packumentCache corgi:https://registry.npmjs.org/@mapbox%2fnode-pre-gyp set size:undefined disposed:false
1854 silly packumentCache corgi:https://registry.npmjs.org/make-dir cache-miss
1855 http fetch GET 200 https://registry.npmjs.org/make-dir 40ms (cache miss)
1856 silly packumentCache corgi:https://registry.npmjs.org/make-dir set size:undefined disposed:false
1857 silly packumentCache corgi:https://registry.npmjs.org/strip-ansi cache-miss
1858 http fetch GET 200 https://registry.npmjs.org/strip-ansi 51ms (cache miss)
1859 silly packumentCache corgi:https://registry.npmjs.org/strip-ansi set size:undefined disposed:false
1860 http fetch GET 200 https://registry.npmjs.org/image-q/-/image-q-1.1.1.tgz 5440ms (cache miss)
1861 silly packumentCache corgi:https://registry.npmjs.org/cookie-parser cache-miss
1862 silly packumentCache corgi:https://registry.npmjs.org/express-session cache-miss
1863 http fetch GET 200 https://registry.npmjs.org/cookie-parser 48ms (cache miss)
1864 silly packumentCache corgi:https://registry.npmjs.org/cookie-parser set size:undefined disposed:false
1865 http fetch GET 200 https://registry.npmjs.org/@types/lodash/-/lodash-4.14.168.tgz 5560ms (cache miss)
1866 http fetch GET 200 https://registry.npmjs.org/express-session 208ms (cache miss)
1867 silly packumentCache corgi:https://registry.npmjs.org/express-session set size:undefined disposed:false
1868 silly packumentCache corgi:https://registry.npmjs.org/query-string cache-miss
1869 http fetch GET 200 https://registry.npmjs.org/moment/-/moment-2.29.1.tgz 5705ms (cache miss)
1870 http fetch GET 200 https://registry.npmjs.org/query-string 71ms (cache miss)
1871 silly packumentCache corgi:https://registry.npmjs.org/query-string set size:undefined disposed:false
1872 silly packumentCache corgi:https://registry.npmjs.org/download cache-miss
1873 http fetch GET 200 https://registry.npmjs.org/download 54ms (cache miss)
1874 silly packumentCache corgi:https://registry.npmjs.org/download set size:undefined disposed:false
1875 silly packumentCache corgi:https://registry.npmjs.org/nexe cache-miss
1876 http fetch GET 200 https://registry.npmjs.org/lodash/-/lodash-4.17.21.tgz 5840ms (cache miss)
1877 info run argon2@0.28.2 install node_modules/argon2 node-pre-gyp install --fallback-to-build
1878 http fetch GET 200 https://registry.npmjs.org/nexe 230ms (cache miss)
1879 silly packumentCache corgi:https://registry.npmjs.org/nexe set size:undefined disposed:false
1880 silly packumentCache corgi:https://registry.npmjs.org/cacheable-request cache-miss
1881 http fetch GET 200 https://registry.npmjs.org/cacheable-request 57ms (cache miss)
1882 silly packumentCache corgi:https://registry.npmjs.org/cacheable-request set size:undefined disposed:false
1883 silly packumentCache corgi:https://registry.npmjs.org/fast-glob cache-miss
1884 http fetch GET 200 https://registry.npmjs.org/fast-glob 56ms (cache miss)
1885 silly packumentCache corgi:https://registry.npmjs.org/fast-glob set size:undefined disposed:false
1886 silly packumentCache corgi:https://registry.npmjs.org/global cache-miss
1887 http fetch GET 200 https://registry.npmjs.org/global 120ms (cache miss)
1888 silly packumentCache corgi:https://registry.npmjs.org/global set size:undefined disposed:false
1889 silly packumentCache corgi:https://registry.npmjs.org/glob cache-miss
1890 silly packumentCache corgi:https://registry.npmjs.org/matcher-collection cache-miss
1891 silly packumentCache corgi:https://registry.npmjs.org/walk-sync cache-miss
1892 http fetch GET 200 https://registry.npmjs.org/matcher-collection 35ms (cache miss)
1893 silly packumentCache corgi:https://registry.npmjs.org/matcher-collection set size:undefined disposed:false
1894 http fetch GET 200 https://registry.npmjs.org/walk-sync 53ms (cache miss)
1895 silly packumentCache corgi:https://registry.npmjs.org/walk-sync set size:undefined disposed:false
1896 http fetch GET 200 https://registry.npmjs.org/glob 105ms (cache miss)
1897 silly packumentCache corgi:https://registry.npmjs.org/glob set size:undefined disposed:false
1898 silly packumentCache corgi:https://registry.npmjs.org/mkdirp cache-miss
1899 http fetch GET 200 https://registry.npmjs.org/mkdirp 73ms (cache miss)
1900 silly packumentCache corgi:https://registry.npmjs.org/mkdirp set size:undefined disposed:false
1901 silly packumentCache corgi:https://registry.npmjs.org/compression cache-miss
1902 silly packumentCache corgi:https://registry.npmjs.org/response-time cache-miss
1903 http fetch GET 200 https://registry.npmjs.org/compression 35ms (cache miss)
1904 silly packumentCache corgi:https://registry.npmjs.org/compression set size:undefined disposed:false
1905 http fetch GET 200 https://registry.npmjs.org/response-time 38ms (cache miss)
1906 silly packumentCache corgi:https://registry.npmjs.org/response-time set size:undefined disposed:false
1907 silly packumentCache corgi:https://registry.npmjs.org/load-bmfont cache-miss
1908 http fetch GET 200 https://registry.npmjs.org/load-bmfont 62ms (cache miss)
1909 silly packumentCache corgi:https://registry.npmjs.org/load-bmfont set size:undefined disposed:false
1910 silly packumentCache corgi:https://registry.npmjs.org/parse-bmfont-xml cache-miss
1911 http fetch GET 200 https://registry.npmjs.org/parse-bmfont-xml 37ms (cache miss)
1912 silly packumentCache corgi:https://registry.npmjs.org/parse-bmfont-xml set size:undefined disposed:false
1913 silly packumentCache corgi:https://registry.npmjs.org/argon2 cache-miss
1914 http fetch GET 200 https://registry.npmjs.org/argon2 47ms (cache miss)
1915 silly packumentCache corgi:https://registry.npmjs.org/argon2 set size:undefined disposed:false
1916 info run argon2@0.28.2 install { code: 0, signal: null }
1917 info run argon2@0.28.2 postinstall node_modules/argon2 opencollective-postinstall || true
1918 info run argon2@0.28.2 postinstall { code: 0, signal: null }
1919 silly ADD node_modules/yauzl
1920 silly ADD node_modules/yallist
1921 silly ADD node_modules/xtend
1922 silly ADD node_modules/xss
1923 silly ADD node_modules/xss/node_modules/commander
1924 silly ADD node_modules/xmlbuilder
1925 silly ADD node_modules/xml2js
1926 silly ADD node_modules/xml-parse-from-string
1927 silly ADD node_modules/xhr
1928 silly ADD node_modules/ws
1929 silly ADD node_modules/wrappy
1930 silly ADD node_modules/wide-align
1931 silly ADD node_modules/whatwg-url
1932 silly ADD node_modules/webidl-conversions
1933 silly ADD node_modules/wcwidth
1934 silly ADD node_modules/walk-sync
1935 silly ADD node_modules/vary
1936 silly ADD node_modules/uuid
1937 silly ADD node_modules/utils-merge
1938 silly ADD node_modules/util-deprecate
1939 silly ADD node_modules/utif
1940 silly ADD node_modules/url-to-options
1941 silly ADD node_modules/url-parse-lax
1942 silly ADD node_modules/unpipe
1943 silly ADD node_modules/universalify
1944 silly ADD node_modules/unbzip2-stream
1945 silly ADD node_modules/unbzip2-stream/node_modules/buffer
1946 silly ADD node_modules/uid-safe
1947 silly ADD node_modules/type-is
1948 silly ADD node_modules/tunnel-agent
1949 silly ADD node_modules/trim-repeated
1950 silly ADD node_modules/tr46
1951 silly ADD node_modules/token-types
1952 silly ADD node_modules/token-types/node_modules/ieee754
1953 silly ADD node_modules/toidentifier
1954 silly ADD node_modules/to-buffer
1955 silly ADD node_modules/tinycolor2
1956 silly ADD node_modules/timm
1957 silly ADD node_modules/timed-out
1958 silly ADD node_modules/tildify
1959 silly ADD node_modules/through
1960 silly ADD node_modules/tarn
1961 silly ADD node_modules/tar-stream
1962 silly ADD node_modules/tar
1963 silly ADD node_modules/tapable
1964 silly ADD node_modules/supports-color
1965 silly ADD node_modules/strtok3
1966 silly ADD node_modules/strip-outer
1967 silly ADD node_modules/strip-dirs
1968 silly ADD node_modules/strip-ansi
1969 silly ADD node_modules/string-width
1970 silly ADD node_modules/string-width/node_modules/strip-ansi
1971 silly ADD node_modules/string-width/node_modules/is-fullwidth-code-point
1972 silly ADD node_modules/string-width/node_modules/emoji-regex
1973 silly ADD node_modules/string-width/node_modules/ansi-regex
1974 silly ADD node_modules/string_decoder
1975 silly ADD node_modules/strict-uri-encode
1976 silly ADD node_modules/statuses
1977 silly ADD node_modules/standard-as-callback
1978 silly ADD node_modules/split2
1979 silly ADD node_modules/split2/node_modules/readable-stream
1980 silly ADD node_modules/sort-keys-length
1981 silly ADD node_modules/sort-keys
1982 silly ADD node_modules/social-links
1983 silly ADD node_modules/slash
1984 silly ADD node_modules/signal-exit
1985 silly ADD node_modules/setprototypeof
1986 silly ADD node_modules/set-blocking
1987 silly ADD node_modules/serve-static
1988 silly ADD node_modules/send
1989 silly ADD node_modules/send/node_modules/ms
1990 silly ADD node_modules/send/node_modules/debug
1991 silly ADD node_modules/send/node_modules/debug/node_modules/ms
1992 silly ADD node_modules/seek-bzip
1993 silly ADD node_modules/seek-bzip/node_modules/commander
1994 silly ADD node_modules/sax
1995 silly ADD node_modules/safer-buffer
1996 silly ADD node_modules/safe-buffer
1997 silly ADD node_modules/run-parallel
1998 silly ADD node_modules/rimraf
1999 silly ADD node_modules/reusify
2000 silly ADD node_modules/restore-cursor
2001 silly ADD node_modules/responselike
2002 silly ADD node_modules/response-time
2003 silly ADD node_modules/resolve-dependencies
2004 silly ADD node_modules/resolve-alpn
2005 silly ADD node_modules/resolve
2006 silly ADD node_modules/regenerator-runtime
2007 silly ADD node_modules/redlock
2008 silly ADD node_modules/redis-parser
2009 silly ADD node_modules/redis-errors
2010 silly ADD node_modules/redis-commands
2011 silly ADD node_modules/redis
2012 silly ADD node_modules/redis/node_modules/redis-commands
2013 silly ADD node_modules/rechoir
2014 silly ADD node_modules/readable-web-to-node-stream
2015 silly ADD node_modules/readable-web-to-node-stream/node_modules/readable-stream
2016 silly ADD node_modules/readable-stream
2017 silly ADD node_modules/raw-body
2018 silly ADD node_modules/rate-limiter-flexible
2019 silly ADD node_modules/range-parser
2020 silly ADD node_modules/random-bytes
2021 silly ADD node_modules/quick-lru
2022 silly ADD node_modules/query-string
2023 silly ADD node_modules/qs
2024 silly ADD node_modules/pump
2025 silly ADD node_modules/proxy-addr
2026 silly ADD node_modules/proto-list
2027 silly ADD node_modules/process-nextick-args
2028 silly ADD node_modules/process
2029 silly ADD node_modules/prepend-http
2030 silly ADD node_modules/postgres-interval
2031 silly ADD node_modules/postgres-date
2032 silly ADD node_modules/postgres-bytea
2033 silly ADD node_modules/postgres-array
2034 silly ADD node_modules/pngjs
2035 silly ADD node_modules/pixelmatch
2036 silly ADD node_modules/pinkie-promise
2037 silly ADD node_modules/pinkie
2038 silly ADD node_modules/pify
2039 silly ADD node_modules/picomatch
2040 silly ADD node_modules/phin
2041 silly ADD node_modules/pgpass
2042 silly ADD node_modules/pg-types
2043 silly ADD node_modules/pg-protocol
2044 silly ADD node_modules/pg-pool
2045 silly ADD node_modules/pg-int8
2046 silly ADD node_modules/pg-connection-string
2047 silly ADD node_modules/pg
2048 silly ADD node_modules/pend
2049 silly ADD node_modules/peek-readable
2050 silly ADD node_modules/path-type
2051 silly ADD node_modules/path-to-regexp
2052 silly ADD node_modules/path-parse
2053 silly ADD node_modules/path-is-absolute
2054 silly ADD node_modules/parseurl
2055 silly ADD node_modules/parse5-htmlparser2-tree-adapter
2056 silly ADD node_modules/parse5
2057 silly ADD node_modules/parse-headers
2058 silly ADD node_modules/parse-bmfont-xml
2059 silly ADD node_modules/parse-bmfont-binary
2060 silly ADD node_modules/parse-bmfont-ascii
2061 silly ADD node_modules/pako
2062 silly ADD node_modules/packet-reader
2063 silly ADD node_modules/p-timeout
2064 silly ADD node_modules/p-map
2065 silly ADD node_modules/p-is-promise
2066 silly ADD node_modules/p-finally
2067 silly ADD node_modules/p-event
2068 silly ADD node_modules/ora
2069 silly ADD node_modules/ora/node_modules/supports-color
2070 silly ADD node_modules/ora/node_modules/has-flag
2071 silly ADD node_modules/ora/node_modules/color-name
2072 silly ADD node_modules/ora/node_modules/color-convert
2073 silly ADD node_modules/ora/node_modules/chalk
2074 silly ADD node_modules/ora/node_modules/ansi-styles
2075 silly ADD node_modules/opencollective-postinstall
2076 silly ADD node_modules/onetime
2077 silly ADD node_modules/once
2078 silly ADD node_modules/on-headers
2079 silly ADD node_modules/on-finished
2080 silly ADD node_modules/omggif
2081 silly ADD node_modules/object-hash
2082 silly ADD node_modules/object-assign
2083 silly ADD node_modules/nth-check
2084 silly ADD node_modules/npmlog
2085 silly ADD node_modules/npm-conf
2086 silly ADD node_modules/npm-conf/node_modules/pify
2087 silly ADD node_modules/normalize-url
2088 silly ADD node_modules/node-worker-threads-pool
2089 silly ADD node_modules/node-addon-api
2090 silly ADD node_modules/nexe
2091 silly ADD node_modules/nexe/node_modules/supports-color
2092 silly ADD node_modules/nexe/node_modules/responselike
2093 silly ADD node_modules/nexe/node_modules/pify
2094 silly ADD node_modules/nexe/node_modules/p-cancelable
2095 silly ADD node_modules/nexe/node_modules/mimic-response
2096 silly ADD node_modules/nexe/node_modules/lowercase-keys
2097 silly ADD node_modules/nexe/node_modules/keyv
2098 silly ADD node_modules/nexe/node_modules/json-buffer
2099 silly ADD node_modules/nexe/node_modules/has-flag
2100 silly ADD node_modules/nexe/node_modules/got
2101 silly ADD node_modules/nexe/node_modules/get-stream
2102 silly ADD node_modules/nexe/node_modules/defer-to-connect
2103 silly ADD node_modules/nexe/node_modules/decompress-response
2104 silly ADD node_modules/nexe/node_modules/color-name
2105 silly ADD node_modules/nexe/node_modules/color-convert
2106 silly ADD node_modules/nexe/node_modules/chalk
2107 silly ADD node_modules/nexe/node_modules/cacheable-request
2108 silly ADD node_modules/nexe/node_modules/ansi-styles
2109 silly ADD node_modules/nexe/node_modules/@szmarczak/http-timer
2110 silly ADD node_modules/nexe/node_modules/@sindresorhus/is
2111 silly ADD node_modules/negotiator
2112 silly ADD node_modules/music-metadata
2113 silly ADD node_modules/music-metadata/node_modules/media-typer
2114 silly ADD node_modules/music-metadata/node_modules/file-type
2115 silly ADD node_modules/multistream
2116 silly ADD node_modules/multistream/node_modules/readable-stream
2117 silly ADD node_modules/ms
2118 silly ADD node_modules/moment
2119 silly ADD node_modules/module-alias
2120 silly ADD node_modules/mkdirp
2121 silly ADD node_modules/minizlib
2122 silly ADD node_modules/minipass
2123 silly ADD node_modules/minimist
2124 silly ADD node_modules/minimatch
2125 silly ADD node_modules/min-document
2126 silly ADD node_modules/mimic-response
2127 silly ADD node_modules/mimic-fn
2128 silly ADD node_modules/mime-types
2129 silly ADD node_modules/mime-db
2130 silly ADD node_modules/mime
2131 silly ADD node_modules/methods
2132 silly ADD node_modules/method-override
2133 silly ADD node_modules/method-override/node_modules/ms
2134 silly ADD node_modules/method-override/node_modules/debug
2135 silly ADD node_modules/meriyah
2136 silly ADD node_modules/merge2
2137 silly ADD node_modules/merge-descriptors
2138 silly ADD node_modules/media-typer
2139 silly ADD node_modules/matcher-collection
2140 silly ADD node_modules/make-dir
2141 silly ADD node_modules/make-dir/node_modules/semver
2142 silly ADD node_modules/lru-cache
2143 silly ADD node_modules/lowercase-keys
2144 silly ADD node_modules/log-symbols
2145 silly ADD node_modules/log-symbols/node_modules/supports-color
2146 silly ADD node_modules/log-symbols/node_modules/has-flag
2147 silly ADD node_modules/log-symbols/node_modules/color-name
2148 silly ADD node_modules/log-symbols/node_modules/color-convert
2149 silly ADD node_modules/log-symbols/node_modules/chalk
2150 silly ADD node_modules/log-symbols/node_modules/ansi-styles
2151 silly ADD node_modules/lodash.once
2152 silly ADD node_modules/lodash.isstring
2153 silly ADD node_modules/lodash.isplainobject
2154 silly ADD node_modules/lodash.isnumber
2155 silly ADD node_modules/lodash.isinteger
2156 silly ADD node_modules/lodash.isboolean
2157 silly ADD node_modules/lodash.includes
2158 silly ADD node_modules/lodash.flatten
2159 silly ADD node_modules/lodash.defaults
2160 silly ADD node_modules/lodash
2161 silly ADD node_modules/load-bmfont
2162 silly ADD node_modules/knex
2163 silly ADD node_modules/knex/node_modules/resolve-from
2164 silly ADD node_modules/knex/node_modules/pg-connection-string
2165 silly ADD node_modules/knex/node_modules/debug
2166 silly ADD node_modules/jws
2167 silly ADD node_modules/jwa
2168 silly ADD node_modules/jsonwebtoken
2169 silly ADD node_modules/jsonwebtoken/node_modules/semver
2170 silly ADD node_modules/jsonfile
2171 silly ADD node_modules/json-buffer
2172 silly ADD node_modules/jpeg-js
2173 silly ADD node_modules/jimp
2174 silly ADD node_modules/isurl
2175 silly ADD node_modules/isarray
2176 silly ADD node_modules/is-stream
2177 silly ADD node_modules/is-retry-allowed
2178 silly ADD node_modules/is-plain-obj
2179 silly ADD node_modules/is-object
2180 silly ADD node_modules/is-natural-number
2181 silly ADD node_modules/is-glob
2182 silly ADD node_modules/is-function
2183 silly ADD node_modules/is-extglob
2184 silly ADD node_modules/is-core-module
2185 silly ADD node_modules/ipaddr.js
2186 silly ADD node_modules/ioredis
2187 silly ADD node_modules/into-stream
2188 silly ADD node_modules/interpret
2189 silly ADD node_modules/ini
2190 silly ADD node_modules/inherits
2191 silly ADD node_modules/inflight
2192 silly ADD node_modules/image-q
2193 silly ADD node_modules/ignore
2194 silly ADD node_modules/ieee754
2195 silly ADD node_modules/iconv-lite
2196 silly ADD node_modules/https-proxy-agent
2197 silly ADD node_modules/http2-wrapper
2198 silly ADD node_modules/http-errors
2199 silly ADD node_modules/http-errors/node_modules/inherits
2200 silly ADD node_modules/http-cache-semantics
2201 silly ADD node_modules/htmlparser2
2202 silly ADD node_modules/html-prettify
2203 silly ADD node_modules/html-entities
2204 silly ADD node_modules/hcaptcha
2205 silly ADD node_modules/has-unicode
2206 silly ADD node_modules/has-to-string-tag-x
2207 silly ADD node_modules/has-symbol-support-x
2208 silly ADD node_modules/has-flag
2209 silly ADD node_modules/has
2210 silly ADD node_modules/graceful-fs
2211 silly ADD node_modules/globby
2212 silly ADD node_modules/global
2213 silly ADD node_modules/glob-parent
2214 silly ADD node_modules/glob
2215 silly ADD node_modules/gifwrap
2216 silly ADD node_modules/getopts
2217 silly ADD node_modules/get-stream
2218 silly ADD node_modules/get-proxy
2219 silly ADD node_modules/gauge
2220 silly ADD node_modules/gauge/node_modules/strip-ansi
2221 silly ADD node_modules/gauge/node_modules/string-width
2222 silly ADD node_modules/gauge/node_modules/is-fullwidth-code-point
2223 silly ADD node_modules/gauge/node_modules/ansi-regex
2224 silly ADD node_modules/function-bind
2225 silly ADD node_modules/fs.realpath
2226 silly ADD node_modules/fs-minipass
2227 silly ADD node_modules/fs-extra
2228 silly ADD node_modules/fs-constants
2229 silly ADD node_modules/from2
2230 silly ADD node_modules/fresh
2231 silly ADD node_modules/forwarded
2232 silly ADD node_modules/follow-redirects
2233 silly ADD node_modules/finalhandler
2234 silly ADD node_modules/finalhandler/node_modules/ms
2235 silly ADD node_modules/finalhandler/node_modules/debug
2236 silly ADD node_modules/filenamify
2237 silly ADD node_modules/filename-reserved-regex
2238 silly ADD node_modules/file-type
2239 silly ADD node_modules/fd-slicer
2240 silly ADD node_modules/fastq
2241 silly ADD node_modules/fast-glob
2242 silly ADD node_modules/fast-glob/node_modules/to-regex-range
2243 silly ADD node_modules/fast-glob/node_modules/micromatch
2244 silly ADD node_modules/fast-glob/node_modules/is-number
2245 silly ADD node_modules/fast-glob/node_modules/fill-range
2246 silly ADD node_modules/fast-glob/node_modules/braces
2247 silly ADD node_modules/ext-name
2248 silly ADD node_modules/ext-list
2249 silly ADD node_modules/express-session
2250 silly ADD node_modules/express-session/node_modules/safe-buffer
2251 silly ADD node_modules/express-session/node_modules/ms
2252 silly ADD node_modules/express-session/node_modules/depd
2253 silly ADD node_modules/express-session/node_modules/debug
2254 silly ADD node_modules/express
2255 silly ADD node_modules/express/node_modules/ms
2256 silly ADD node_modules/express/node_modules/debug
2257 silly ADD node_modules/exif-parser
2258 silly ADD node_modules/etag
2259 silly ADD node_modules/esm
2260 silly ADD node_modules/escape-string-regexp
2261 silly ADD node_modules/escape-html
2262 silly ADD node_modules/escalade
2263 silly ADD node_modules/entities
2264 silly ADD node_modules/ensure-posix-path
2265 silly ADD node_modules/enhanced-resolve
2266 silly ADD node_modules/end-of-stream
2267 silly ADD node_modules/encodeurl
2268 silly ADD node_modules/emoji-regex
2269 silly ADD node_modules/ee-first
2270 silly ADD node_modules/ecdsa-sig-formatter
2271 silly ADD node_modules/duplexer3
2272 silly ADD node_modules/download
2273 silly ADD node_modules/download/node_modules/sort-keys
2274 silly ADD node_modules/download/node_modules/semver
2275 silly ADD node_modules/download/node_modules/pify
2276 silly ADD node_modules/download/node_modules/p-cancelable
2277 silly ADD node_modules/download/node_modules/normalize-url
2278 silly ADD node_modules/download/node_modules/make-dir
2279 silly ADD node_modules/download/node_modules/keyv
2280 silly ADD node_modules/download/node_modules/http-cache-semantics
2281 silly ADD node_modules/download/node_modules/got
2282 silly ADD node_modules/download/node_modules/got/node_modules/pify
2283 silly ADD node_modules/download/node_modules/got/node_modules/get-stream
2284 silly ADD node_modules/download/node_modules/cacheable-request
2285 silly ADD node_modules/download/node_modules/cacheable-request/node_modules/lowercase-keys
2286 silly ADD node_modules/download/node_modules/cacheable-request/node_modules/get-stream
2287 silly ADD node_modules/download/node_modules/@sindresorhus/is
2288 silly ADD node_modules/domutils
2289 silly ADD node_modules/domhandler
2290 silly ADD node_modules/domelementtype
2291 silly ADD node_modules/dom-walk
2292 silly ADD node_modules/dom-serializer
2293 silly ADD node_modules/dir-glob
2294 silly ADD node_modules/detect-libc
2295 silly ADD node_modules/destroy
2296 silly ADD node_modules/depd
2297 silly ADD node_modules/denque
2298 silly ADD node_modules/delegates
2299 silly ADD node_modules/defaults
2300 silly ADD node_modules/decompress-unzip
2301 silly ADD node_modules/decompress-unzip/node_modules/get-stream
2302 silly ADD node_modules/decompress-unzip/node_modules/file-type
2303 silly ADD node_modules/decompress-targz
2304 silly ADD node_modules/decompress-targz/node_modules/file-type
2305 silly ADD node_modules/decompress-tarbz2
2306 silly ADD node_modules/decompress-tarbz2/node_modules/file-type
2307 silly ADD node_modules/decompress-tar
2308 silly ADD node_modules/decompress-tar/node_modules/file-type
2309 silly ADD node_modules/decompress-response
2310 silly ADD node_modules/decompress
2311 silly ADD node_modules/decompress/node_modules/make-dir
2312 silly ADD node_modules/decompress/node_modules/make-dir/node_modules/pify
2313 silly ADD node_modules/decode-uri-component
2314 silly ADD node_modules/debug
2315 silly ADD node_modules/cssfilter
2316 silly ADD node_modules/css-what
2317 silly ADD node_modules/css-select
2318 silly ADD node_modules/core-util-is
2319 silly ADD node_modules/cookie-signature
2320 silly ADD node_modules/cookie-parser
2321 silly ADD node_modules/cookie
2322 silly ADD node_modules/content-type
2323 silly ADD node_modules/content-disposition
2324 silly ADD node_modules/console-control-strings
2325 silly ADD node_modules/connect-redis
2326 silly ADD node_modules/config-chain
2327 silly ADD node_modules/concat-map
2328 silly ADD node_modules/compression
2329 silly ADD node_modules/compression/node_modules/ms
2330 silly ADD node_modules/compression/node_modules/debug
2331 silly ADD node_modules/compression/node_modules/bytes
2332 silly ADD node_modules/compressible
2333 silly ADD node_modules/commander
2334 silly ADD node_modules/colorette
2335 silly ADD node_modules/color-support
2336 silly ADD node_modules/color-name
2337 silly ADD node_modules/color-convert
2338 silly ADD node_modules/cluster-key-slot
2339 silly ADD node_modules/clone-response
2340 silly ADD node_modules/clone
2341 silly ADD node_modules/cli-spinners
2342 silly ADD node_modules/cli-cursor
2343 silly ADD node_modules/chownr
2344 silly ADD node_modules/cherow
2345 silly ADD node_modules/cheerio-select
2346 silly ADD node_modules/cheerio
2347 silly ADD node_modules/cheerio/node_modules/tslib
2348 silly ADD node_modules/chalk
2349 silly ADD node_modules/caw
2350 silly ADD node_modules/cacheable-lookup
2351 silly ADD node_modules/bytes
2352 silly ADD node_modules/buffer-writer
2353 silly ADD node_modules/buffer-fill
2354 silly ADD node_modules/buffer-equal-constant-time
2355 silly ADD node_modules/buffer-equal
2356 silly ADD node_modules/buffer-crc32
2357 silly ADD node_modules/buffer-alloc-unsafe
2358 silly ADD node_modules/buffer-alloc
2359 silly ADD node_modules/brace-expansion
2360 silly ADD node_modules/boolbase
2361 silly ADD node_modules/body-parser
2362 silly ADD node_modules/body-parser/node_modules/ms
2363 silly ADD node_modules/body-parser/node_modules/debug
2364 silly ADD node_modules/bmp-js
2365 silly ADD node_modules/bluebird
2366 silly ADD node_modules/bl
2367 silly ADD node_modules/base64-js
2368 silly ADD node_modules/balanced-match
2369 silly ADD node_modules/axios
2370 silly ADD node_modules/at-least-node
2371 silly ADD node_modules/asciichart
2372 silly ADD node_modules/array-union
2373 silly ADD node_modules/array-flatten
2374 silly ADD node_modules/argon2
2375 silly ADD node_modules/are-we-there-yet
2376 silly ADD node_modules/are-we-there-yet/node_modules/readable-stream
2377 silly ADD node_modules/archive-type
2378 silly ADD node_modules/archive-type/node_modules/file-type
2379 silly ADD node_modules/aproba
2380 silly ADD node_modules/app-builder
2381 silly ADD node_modules/any-base
2382 silly ADD node_modules/ansi-styles
2383 silly ADD node_modules/ansi-regex
2384 silly ADD node_modules/agent-base
2385 silly ADD node_modules/accepts
2386 silly ADD node_modules/abbrev
2387 silly ADD node_modules/@types/ws
2388 silly ADD node_modules/@types/uuid
2389 silly ADD node_modules/@types/serve-static
2390 silly ADD node_modules/@types/responselike
2391 silly ADD node_modules/@types/redis
2392 silly ADD node_modules/@types/readable-stream
2393 silly ADD node_modules/@types/range-parser
2394 silly ADD node_modules/@types/qs
2395 silly ADD node_modules/@types/object-hash
2396 silly ADD node_modules/@types/node
2397 silly ADD node_modules/@types/multer
2398 silly ADD node_modules/@types/minimatch
2399 silly ADD node_modules/@types/mime
2400 silly ADD node_modules/@types/method-override
2401 silly ADD node_modules/@types/lodash
2402 silly ADD node_modules/@types/keyv
2403 silly ADD node_modules/@types/ioredis
2404 silly ADD node_modules/@types/http-cache-semantics
2405 silly ADD node_modules/@types/express-session
2406 silly ADD node_modules/@types/express-serve-static-core
2407 silly ADD node_modules/@types/express
2408 silly ADD node_modules/@types/debug
2409 silly ADD node_modules/@types/cookie-parser
2410 silly ADD node_modules/@types/connect-redis
2411 silly ADD node_modules/@types/connect
2412 silly ADD node_modules/@types/compression
2413 silly ADD node_modules/@types/cacheable-request
2414 silly ADD node_modules/@types/body-parser
2415 silly ADD node_modules/@tokenizer/token
2416 silly ADD node_modules/@phc/format
2417 silly ADD node_modules/@nodelib/fs.walk
2418 silly ADD node_modules/@nodelib/fs.stat
2419 silly ADD node_modules/@nodelib/fs.scandir
2420 silly ADD node_modules/@mapbox/node-pre-gyp
2421 silly ADD node_modules/@mapbox/node-pre-gyp/node_modules/semver
2422 silly ADD node_modules/@mapbox/node-pre-gyp/node_modules/nopt
2423 silly ADD node_modules/@mapbox/node-pre-gyp/node_modules/node-fetch
2424 silly ADD node_modules/@jimp/utils
2425 silly ADD node_modules/@jimp/types
2426 silly ADD node_modules/@jimp/tiff
2427 silly ADD node_modules/@jimp/png
2428 silly ADD node_modules/@jimp/plugins
2429 silly ADD node_modules/@jimp/plugin-threshold
2430 silly ADD node_modules/@jimp/plugin-shadow
2431 silly ADD node_modules/@jimp/plugin-scale
2432 silly ADD node_modules/@jimp/plugin-rotate
2433 silly ADD node_modules/@jimp/plugin-resize
2434 silly ADD node_modules/@jimp/plugin-print
2435 silly ADD node_modules/@jimp/plugin-normalize
2436 silly ADD node_modules/@jimp/plugin-mask
2437 silly ADD node_modules/@jimp/plugin-invert
2438 silly ADD node_modules/@jimp/plugin-gaussian
2439 silly ADD node_modules/@jimp/plugin-flip
2440 silly ADD node_modules/@jimp/plugin-fisheye
2441 silly ADD node_modules/@jimp/plugin-dither
2442 silly ADD node_modules/@jimp/plugin-displace
2443 silly ADD node_modules/@jimp/plugin-crop
2444 silly ADD node_modules/@jimp/plugin-cover
2445 silly ADD node_modules/@jimp/plugin-contain
2446 silly ADD node_modules/@jimp/plugin-color
2447 silly ADD node_modules/@jimp/plugin-circle
2448 silly ADD node_modules/@jimp/plugin-blur
2449 silly ADD node_modules/@jimp/plugin-blit
2450 silly ADD node_modules/@jimp/jpeg
2451 silly ADD node_modules/@jimp/gif
2452 silly ADD node_modules/@jimp/custom
2453 silly ADD node_modules/@jimp/core
2454 silly ADD node_modules/@jimp/core/node_modules/mkdirp
2455 silly ADD node_modules/@jimp/core/node_modules/file-type
2456 silly ADD node_modules/@jimp/core/node_modules/buffer
2457 silly ADD node_modules/@jimp/bmp
2458 silly ADD node_modules/@calebboyd/semaphore
2459 silly ADD node_modules/@babel/runtime
2460 verbose cwd C:\Users\joshc\Downloads\economy-simulator\services\api
2461 verbose os Windows_NT 10.0.26200
2462 verbose node v24.14.0
2463 verbose npm  v11.9.0
2464 notice
2464 notice New minor version of npm available! 11.9.0 -> 11.19.0
2464 notice Changelog: https://github.com/npm/cli/releases/tag/v11.19.0
2464 notice To update run: npm install -g npm@11.19.0
2464 notice  { force: true, Symbol(proc-log.meta): true }
2465 verbose exit 0
2466 info ok
