[info] owner = 1
[info] ws connection is in state None, so we are re-connecting
[info] add to bypass /game/visit.ashx
[info] add to bypass /internal/release-metadata
[info] add to bypass /internal/release-metadata
[info] add to bypass /asset/shader
[info] add to bypass /asset/shader
[info] add to bypass /asset
[info] add to bypass /asset
[info] add to bypass /game/gamepass/gamepasshandler.ashx
[info] add to bypass /game/gamepass/gamepasshandler.ashx
[info] add to bypass /game/luawebservice/handlesocialrequest.ashx
[info] add to bypass /game/luawebservice/handlesocialrequest.ashx
[info] add to bypass /login/negotiate.ashx
[info] add to bypass /login/negotiateasync.ashx
[info] add to bypass /login/negotiate.ashx
[info] add to bypass /login/negotiateasync.ashx
[info] add to bypass /auth/submit
[info] add to bypass /placelauncher.ashx
[info] add to bypass /placelauncher.ashx
[info] add to bypass /game/join.ashx
[info] add to bypass /game/join.ashx
[info] add to bypass /asset/characterfetch.ashx
[info] add to bypass /asset/characterfetch.ashx
[info] add to bypass /users/liststaff.ashx
[info] add to bypass /users/liststaff.ashx
[info] add to bypass /users/getbanstatus.ashx
[info] add to bypass /users/getbanstatus.ashx
[info] add to bypass /asset/bodycolors.ashx
[info] add to bypass /asset/bodycolors.ashx
[info] add to bypass /botapi/migrate-alltypes
[info] add to bypass /botapi/migrate-alltypes
[info] add to bypass /botapi/migrate-clothing
[info] add to bypass /botapi/migrate-clothing
[info] add to bypass /apisite/clientsettings/setting/quietget/clientappsettings
[info] add to bypass /apisite/clientsettings/setting/quietget/rccappsettings
[info] add to bypass /apisite/clientsettings/setting/quietget/firefoxappsettings
[info] add to bypass /apisite/clientsettings/setting/quietget/chromeappsettings
[info] add to bypass /apisite/clientsettings/setting/quietget/clientappsettings
[info] add to bypass /apisite/clientsettings/setting/quietget/rccappsettings
[info] add to bypass /apisite/clientsettings/setting/quietget/firefoxappsettings
[info] add to bypass /apisite/clientsettings/setting/quietget/chromeappsettings
[info] add to bypass /buildersclub/upgrade.ashx
[info] add to bypass /buildersclub/upgrade.ashx
[info] add to bypass /abusereport/userprofile
[info] add to bypass /abusereport/asset
[info] add to bypass /abusereport/user
[info] add to bypass /abusereport/users
[info] add to bypass /abusereport/userprofile
[info] add to bypass /abusereport/asset
[info] add to bypass /abusereport/user
[info] add to bypass /abusereport/users
[info] add to bypass /info/blog
[info] add to bypass /my/economy-status
[info] add to bypass /currency/balance
[info] add to bypass /ownership/hasasset
[info] add to bypass /persistence/increment
[info] add to bypass /persistence/increment
[info] add to bypass /persistence/getsortedvalues
[info] add to bypass /persistence/getsortedvalues
[info] add to bypass /persistence/getv2
[info] add to bypass /persistence/getv2
[info] add to bypass /persistence/set
[info] add to bypass /persistence/set
[info] add to bypass /integration-test/create-account-and-set-cookie
[info] add to bypass /integration-test/create-account-and-set-cookie
fail: Microsoft.AspNetCore.DataProtection.XmlEncryption.DpapiXmlDecryptor[43]
      An exception occurred while trying to decrypt the element.
      System.Security.Cryptography.CryptographicException: Error occurred during a cryptographic operation.
         at Microsoft.AspNetCore.DataProtection.Cng.DpapiSecretSerializerHelper.UnprotectWithDpapiCore(Byte* pbProtectedData, UInt32 cbProtectedData, Byte* pbOptionalEntropy, UInt32 cbOptionalEntropy)
         at Microsoft.AspNetCore.DataProtection.Cng.DpapiSecretSerializerHelper.UnprotectWithDpapi(Byte[] protectedSecret)
         at Microsoft.AspNetCore.DataProtection.XmlEncryption.DpapiXmlDecryptor.Decrypt(XElement encryptedElement)
fail: Microsoft.AspNetCore.DataProtection.KeyManagement.XmlKeyManager[24]
      An exception occurred while processing the key element '<key id="f0dc09a7-74fd-49bf-ac17-85142803a560" version="1" />'.
      System.Security.Cryptography.CryptographicException: Error occurred during a cryptographic operation.
         at Microsoft.AspNetCore.DataProtection.Cng.DpapiSecretSerializerHelper.UnprotectWithDpapiCore(Byte* pbProtectedData, UInt32 cbProtectedData, Byte* pbOptionalEntropy, UInt32 cbOptionalEntropy)
         at Microsoft.AspNetCore.DataProtection.Cng.DpapiSecretSerializerHelper.UnprotectWithDpapi(Byte[] protectedSecret)
         at Microsoft.AspNetCore.DataProtection.XmlEncryption.DpapiXmlDecryptor.Decrypt(XElement encryptedElement)
         at Microsoft.AspNetCore.DataProtection.XmlEncryption.XmlEncryptionExtensions.DecryptElement(XElement element, IActivator activator)
         at Microsoft.AspNetCore.DataProtection.KeyManagement.XmlKeyManager.Microsoft.AspNetCore.DataProtection.KeyManagement.Internal.IInternalXmlKeyManager.DeserializeDescriptorFromKeyElement(XElement keyElement)
warn: Microsoft.AspNetCore.DataProtection.KeyManagement.DefaultKeyResolver[12]
      Key {f0dc09a7-74fd-49bf-ac17-85142803a560} is ineligible to be the default key because its CreateEncryptor method failed.
      System.Security.Cryptography.CryptographicException: Error occurred during a cryptographic operation.
         at Microsoft.AspNetCore.DataProtection.Cng.DpapiSecretSerializerHelper.UnprotectWithDpapiCore(Byte* pbProtectedData, UInt32 cbProtectedData, Byte* pbOptionalEntropy, UInt32 cbOptionalEntropy)
         at Microsoft.AspNetCore.DataProtection.Cng.DpapiSecretSerializerHelper.UnprotectWithDpapi(Byte[] protectedSecret)
         at Microsoft.AspNetCore.DataProtection.XmlEncryption.DpapiXmlDecryptor.Decrypt(XElement encryptedElement)
         at Microsoft.AspNetCore.DataProtection.XmlEncryption.XmlEncryptionExtensions.DecryptElement(XElement element, IActivator activator)
         at Microsoft.AspNetCore.DataProtection.KeyManagement.XmlKeyManager.Microsoft.AspNetCore.DataProtection.KeyManagement.Internal.IInternalXmlKeyManager.DeserializeDescriptorFromKeyElement(XElement keyElement)
         at Microsoft.AspNetCore.DataProtection.KeyManagement.DeferredKey.<>c__DisplayClass1_0.<GetLazyDescriptorDelegate>b__0()
         at System.Lazy`1.ViaFactory(LazyThreadSafetyMode mode)
         at System.Lazy`1.ExecutionAndPublication(LazyHelper executionAndPublication, Boolean useDefaultConstructor)
         at System.Lazy`1.CreateValue()
         at System.Lazy`1.get_Value()
         at Microsoft.AspNetCore.DataProtection.KeyManagement.KeyBase.get_Descriptor()
         at Microsoft.AspNetCore.DataProtection.AuthenticatedEncryption.CngGcmAuthenticatedEncryptorFactory.CreateEncryptorInstance(IKey key)
         at Microsoft.AspNetCore.DataProtection.KeyManagement.KeyBase.CreateEncryptor()
         at Microsoft.AspNetCore.DataProtection.KeyManagement.DefaultKeyResolver.CanCreateAuthenticatedEncryptor(IKey key)
warn: Microsoft.AspNetCore.DataProtection.KeyManagement.DefaultKeyResolver[12]
      Key {f0dc09a7-74fd-49bf-ac17-85142803a560} is ineligible to be the default key because its CreateEncryptor method failed.
      System.Security.Cryptography.CryptographicException: Error occurred during a cryptographic operation.
         at Microsoft.AspNetCore.DataProtection.Cng.DpapiSecretSerializerHelper.UnprotectWithDpapiCore(Byte* pbProtectedData, UInt32 cbProtectedData, Byte* pbOptionalEntropy, UInt32 cbOptionalEntropy)
         at Microsoft.AspNetCore.DataProtection.Cng.DpapiSecretSerializerHelper.UnprotectWithDpapi(Byte[] protectedSecret)
         at Microsoft.AspNetCore.DataProtection.XmlEncryption.DpapiXmlDecryptor.Decrypt(XElement encryptedElement)
         at Microsoft.AspNetCore.DataProtection.XmlEncryption.XmlEncryptionExtensions.DecryptElement(XElement element, IActivator activator)
         at Microsoft.AspNetCore.DataProtection.KeyManagement.XmlKeyManager.Microsoft.AspNetCore.DataProtection.KeyManagement.Internal.IInternalXmlKeyManager.DeserializeDescriptorFromKeyElement(XElement keyElement)
         at Microsoft.AspNetCore.DataProtection.KeyManagement.DeferredKey.<>c__DisplayClass1_0.<GetLazyDescriptorDelegate>b__0()
         at System.Lazy`1.ViaFactory(LazyThreadSafetyMode mode)
      --- End of stack trace from previous location ---
         at System.Lazy`1.CreateValue()
         at System.Lazy`1.get_Value()
         at Microsoft.AspNetCore.DataProtection.KeyManagement.KeyBase.get_Descriptor()
         at Microsoft.AspNetCore.DataProtection.AuthenticatedEncryption.CngGcmAuthenticatedEncryptorFactory.CreateEncryptorInstance(IKey key)
         at Microsoft.AspNetCore.DataProtection.KeyManagement.KeyBase.CreateEncryptor()
         at Microsoft.AspNetCore.DataProtection.KeyManagement.DefaultKeyResolver.CanCreateAuthenticatedEncryptor(IKey key)
fail: Microsoft.AspNetCore.DataProtection.KeyManagement.KeyRingProvider[48]
      An error occurred while reading the key ring.
      System.UnauthorizedAccessException: Access to the path 'C:\Users\joshc\AppData\Local\ASP.NET\DataProtection-Keys\2b64b912-f786-441f-b910-215bfa9320aa.tmp' is denied.
         at Microsoft.Win32.SafeHandles.SafeFileHandle.CreateFile(String fullPath, FileMode mode, FileAccess access, FileShare share, FileOptions options)
         at Microsoft.Win32.SafeHandles.SafeFileHandle.Open(String fullPath, FileMode mode, FileAccess access, FileShare share, FileOptions options, Int64 preallocationSize)
         at System.IO.Strategies.OSFileStreamStrategy..ctor(String path, FileMode mode, FileAccess access, FileShare share, FileOptions options, Int64 preallocationSize)
         at System.IO.Strategies.FileStreamHelpers.ChooseStrategyCore(String path, FileMode mode, FileAccess access, FileShare share, FileOptions options, Int64 preallocationSize)
         at System.IO.Strategies.FileStreamHelpers.ChooseStrategy(FileStream fileStream, String path, FileMode mode, FileAccess access, FileShare share, Int32 bufferSize, FileOptions options, Int64 preallocationSize)
         at System.IO.File.OpenWrite(String path)
         at Microsoft.AspNetCore.DataProtection.Repositories.FileSystemXmlRepository.StoreElementCore(XElement element, String filename)
         at Microsoft.AspNetCore.DataProtection.Repositories.FileSystemXmlRepository.StoreElement(XElement element, String friendlyName)
         at Microsoft.AspNetCore.DataProtection.KeyManagement.XmlKeyManager.Microsoft.AspNetCore.DataProtection.KeyManagement.Internal.IInternalXmlKeyManager.CreateNewKey(Guid keyId, DateTimeOffset creationDate, DateTimeOffset activationDate, DateTimeOffset expirationDate)
         at Microsoft.AspNetCore.DataProtection.KeyManagement.XmlKeyManager.CreateNewKey(DateTimeOffset activationDate, DateTimeOffset expirationDate)
         at Microsoft.AspNetCore.DataProtection.KeyManagement.KeyRingProvider.CreateCacheableKeyRingCore(DateTimeOffset now, IKey keyJustAdded)
         at Microsoft.AspNetCore.DataProtection.KeyManagement.KeyRingProvider.Microsoft.AspNetCore.DataProtection.KeyManagement.Internal.ICacheableKeyRingProvider.GetCacheableKeyRing(DateTimeOffset now)
         at Microsoft.AspNetCore.DataProtection.KeyManagement.KeyRingProvider.GetCurrentKeyRingCore(DateTime utcNow, Boolean forceRefresh)
[UserSessions] 2026-08-21T12:23:25.6766734Z Starting clear cache timer
[UserSessions] 2026-08-21T12:23:25.7021405Z Starting clear cache timer
[PROXY] http://localhost:3185/_next/webpack-hmr
[GET] http://localhost:5000/apisite/users/v1/users/authenticated - 15ms
[info] ConnectionManager got error in ws connection Unable to connect to the remote server
[GET] http://localhost:5000/auth/login - 62ms
[FixAssetImageMetadata] 2026-08-21T12:23:29.4287529Z fixing thumbnails
[FixAssetImageMetadata] 2026-08-21T12:23:29.4404811Z took 11ms to get all asset versions to fix. length is 0
[FixAssetImageMetadata] 2026-08-21T12:23:29.4407194Z done fixing images
[PROXY] http://localhost:3185/_next/webpack-hmr
[info] ws connection is in state Closed, so we are re-connecting
[info] ConnectionManager got error in ws connection Unable to connect to the remote server
[PROXY] http://localhost:3185/_next/webpack-hmr
[info] ws connection is in state Closed, so we are re-connecting
[PROXY] http://localhost:3185/_next/webpack-hmr
[info] ConnectionManager got error in ws connection Unable to connect to the remote server
[PROXY] http://localhost:3185/_next/webpack-hmr
[info] ws connection is in state Closed, so we are re-connecting
[PROXY] http://localhost:3185/_next/webpack-hmr
[UserSessions] 2026-08-21T12:23:55.7196248Z Cleaning up cache. len = 1
[info] ConnectionManager got error in ws connection Unable to connect to the remote server
[info] ws connection is in state Closed, so we are re-connecting
[PROXY] http://localhost:3185/_next/webpack-hmr
[info] ConnectionManager got error in ws connection Unable to connect to the remote server
[PROXY] http://localhost:3185/_next/webpack-hmr
[info] ws connection is in state Closed, so we are re-connecting
[PROXY] http://localhost:3185/_next/webpack-hmr
[info] ConnectionManager got error in ws connection Unable to connect to the remote server
[info] ws connection is in state Closed, so we are re-connecting
[PROXY] http://localhost:3185/_next/webpack-hmr
[GET] http://localhost:5000/apisite/chat/v2/get-user-conversations?pageNumber=1&pageSize=100 - 17ms
[info] ConnectionManager got error in ws connection Unable to connect to the remote server
[info] Roblox.Cache.DistributedCache: Removing 0 expired items
[UserSessions] 2026-08-21T12:24:25.6930365Z Cleaning up cache. len = 1
[UserSessions] 2026-08-21T12:24:25.7276119Z Cleaning up cache. len = 1
[PROXY] http://localhost:3185/_next/webpack-hmr
[info] ws connection is in state Closed, so we are re-connecting
[PROXY] http://localhost:3185/_next/webpack-hmr
[info] ConnectionManager got error in ws connection Unable to connect to the remote server
[info] ws connection is in state Closed, so we are re-connecting
[PROXY] http://localhost:3185/_next/webpack-hmr
[info] ConnectionManager got error in ws connection Unable to connect to the remote server
[info] ws connection is in state Closed, so we are re-connecting
[GET] http://localhost:5000/apisite/chat/v2/get-user-conversations?pageNumber=1&pageSize=100 - 0ms
[info] ConnectionManager got error in ws connection Unable to connect to the remote server
[PROXY] http://localhost:3185/_next/webpack-hmr
[GET] http://localhost:5000/apisite/chat/v2/get-user-conversations?pageNumber=1&pageSize=100 - 0ms
[info] ws connection is in state Closed, so we are re-connecting
[UserSessions] 2026-08-21T12:24:55.7294994Z Cleaning up cache. len = 1
[GET] http://localhost:5000/apisite/chat/v2/get-user-conversations?pageNumber=1&pageSize=100 - 0ms
[PROXY] http://localhost:3185/_next/webpack-hmr
[info] ConnectionManager got error in ws connection Unable to connect to the remote server
[GET] http://localhost:5000/apisite/chat/v2/get-user-conversations?pageNumber=1&pageSize=100 - 0ms
[PROXY] http://localhost:3185/My/Character.aspx
[PROXY] http://localhost:3185/_next/static/chunks/main.js?ts=1787315104018
[PROXY] http://localhost:3185/_next/static/chunks/webpack.js?ts=1787315104018
[PROXY] http://localhost:3185/_next/static/chunks/react-refresh.js?ts=1787315104018
[PROXY] http://localhost:3185/_next/static/chunks/pages/My/Character.aspx.js?ts=1787315104018
[PROXY] http://localhost:3185/_next/static/development/_middlewareManifest.js?ts=1787315104018
[PROXY] http://localhost:3185/_next/static/development/_buildManifest.js?ts=1787315104018
[PROXY] http://localhost:3185/_next/static/development/_ssgManifest.js?ts=1787315104018
[info] ws connection is in state Closed, so we are re-connecting
[PROXY] http://localhost:3185/_next/static/chunks/pages/_app.js?ts=1787315104018
[PROXY] http://localhost:3185/img/roblox_logo.svg
[PROXY] http://localhost:3185/img/navigation_02012016.svg
[GET] http://localhost:5000/apisite/api/alerts/alert-info - 7ms
[GET] http://localhost:5000/user-sponsorship/1 - 16ms
[PROXY] http://localhost:3185/_next/static/development/_devPagesManifest.json
[PROXY] http://localhost:3185/favicon.ico
[GET] http://localhost:5000/apisite/users/v1/users/authenticated - 1ms
[GET] http://localhost:5000/apisite/chat/v2/chat-settings - 2ms
[GET] http://localhost:5000/apisite/avatar/v1/avatar-rules - 10ms
[GET] http://localhost:5000/apisite/friends/v1/user/friend-requests/count - 7ms
[GET] http://localhost:5000/users/inventory/list-json?userId=1&assetTypeId=2&cursor=&itemsPerPage=10 - 14ms
[GET] http://localhost:5000/apisite/trades/v1/trades/inbound/count - 33ms
[info] there are 0 bad servers
[GET] http://localhost:5000/apisite/friends/v1/users/1/friends - 13ms
[PerformanceDebugging] 2026-08-21T12:25:06.2741441Z it took 37ms to run MultiGetCatalog query
[GET] http://localhost:5000/apisite/thumbnails/v1/users/avatar?userIds=1&size=420x420&format=png - 21ms
[GET] http://localhost:5000/apisite/avatar/v1/avatar - 107ms
[GET] http://localhost:5000/apisite/chat/v2/get-user-conversations?pageNumber=1&pageSize=100 - 2ms
[GET] http://localhost:5000/apisite/thumbnails/v1/assets?assetIds=1&format=png&size=420x420 - 5ms
[GET] http://localhost:5000/apisite/economy/v1/users/1/currency - 5ms
[GET] http://localhost:5000/apisite/thumbnails/v1/assets?assetIds=1&format=png&size=420x420 - 4ms
[GET] http://localhost:5000/apisite/thumbnails/v1/users/avatar?userIds=1&size=420x420&format=png - 0ms
[GET] http://localhost:5000/apisite/privatemessages/v1/messages/unread/count - 5ms
[GET] http://localhost:5000/apisite/thumbnails/v1/users/avatar?userIds=1&size=420x420&format=png - 0ms
[GET] http://localhost:5000/apisite/thumbnails/v1/assets?assetIds=1&format=png&size=420x420 - 1ms
[PROXY] http://localhost:3185/_next/webpack-hmr
[PROXY] http://localhost:3185/_next/static/development/_devMiddlewareManifest.json
[PROXY] http://localhost:3185/_next/static/chunks/pages/My/Groups.aspx.js
[info] ConnectionManager got error in ws connection Unable to connect to the remote server
[GET] http://localhost:5000/apisite/thumbnails/v1/users/avatar?userIds=1&size=420x420&format=png - 2ms
[GET] http://localhost:5000/user-sponsorship/2 - 2ms
[GET] http://localhost:5000/apisite/groups/v1/users/1/groups/roles - 23ms
[GET] http://localhost:5000/apisite/thumbnails/v1/assets?assetIds=1&format=png&size=420x420 - 0ms
[GET] http://localhost:5000/apisite/groups/v1/groups/1/roles/4/permissions - 14ms
[GET] http://localhost:5000/apisite/thumbnails/v1/groups/icons?groupIds=1&format=png&size=420x420 - 5ms
[GET] http://localhost:5000/apisite/games/v2/groups/1/games?cursor= - 7ms
[GET] http://localhost:5000/apisite/economy/v1/groups/1/currency - 18ms
[GET] http://localhost:5000/apisite/thumbnails/v1/groups/icons?groupIds=1&format=png&size=420x420 - 1ms
[GET] http://localhost:5000/apisite/groups/v1/groups/1/roles - 3ms
[GET] http://localhost:5000/apisite/groups/v2/groups/1/wall/posts?sortOrder=Desc&limit=10&cursor= - 14ms
[GET] http://localhost:5000/apisite/economy/v1/groups/1/currency - 7ms
[PROXY] http://localhost:3185/img/img-robux.png
[GET] http://localhost:5000/apisite/groups/v1/groups/1/roles/2/users?cursor=&limit=10&sortOrder=desc - 11ms
[GET] http://localhost:5000/apisite/economy/v1/groups/1/currency - 6ms
[Group] 2026-08-21T12:25:09.0083795Z User primary group is 1
[GET] http://localhost:5000/apisite/groups/v1/users/1/groups/primary/role - 6ms
[GET] http://localhost:5000/apisite/economy/v1/groups/1/currency - 2ms
[GET] http://localhost:5000/apisite/economy/v1/groups/1/currency - 3ms
[GET] http://localhost:5000/apisite/thumbnails/v1/users/avatar?userIds=1&size=420x420&format=png - 0ms
[GET] http://localhost:5000/apisite/thumbnails/v1/assets?assetIds=1&format=png&size=420x420 - 0ms
[GET] http://localhost:5000/apisite/chat/v2/get-user-conversations?pageNumber=1&pageSize=100 - 2ms
[GET] http://localhost:5000/apisite/thumbnails/v1/users/avatar?userIds=1&size=420x420&format=png - 0ms
[GET] http://localhost:5000/apisite/thumbnails/v1/assets?assetIds=1&format=png&size=420x420 - 1ms
[info] ws connection is in state Closed, so we are re-connecting
[PROXY] http://localhost:3185/_next/webpack-hmr
[GET] http://localhost:5000/apisite/chat/v2/get-user-conversations?pageNumber=1&pageSize=100 - 0ms
[info] ConnectionManager got error in ws connection Unable to connect to the remote server
[GET] http://localhost:5000/apisite/groups/v1/groups/1/roles/4/users?cursor=&limit=10&sortOrder=desc - 2ms
[GET] http://localhost:5000/apisite/chat/v2/get-user-conversations?pageNumber=1&pageSize=100 - 0ms
[info] ws connection is in state Closed, so we are re-connecting
[PROXY] http://localhost:3185/_next/webpack-hmr
[GET] http://localhost:5000/apisite/thumbnails/v1/users/avatar-headshot?userIds=2&size=420x420&format=png - 3ms
[info] Roblox.Cache.DistributedCache: Removing 0 expired items
[UserSessions] 2026-08-21T12:25:25.7011132Z Cleaning up cache. len = 1
[UserSessions] 2026-08-21T12:25:25.7336400Z Cleaning up cache. len = 1
[GET] http://localhost:5000/apisite/chat/v2/get-user-conversations?pageNumber=1&pageSize=100 - 0ms
[info] ConnectionManager got error in ws connection Unable to connect to the remote server
[GET] http://localhost:5000/apisite/chat/v2/get-user-conversations?pageNumber=1&pageSize=100 - 2ms
[info] ws connection is in state Closed, so we are re-connecting
[PROXY] http://localhost:3185/_next/webpack-hmr
[info] ConnectionManager got error in ws connection Unable to connect to the remote server
[GET] http://localhost:5000/apisite/chat/v2/get-user-conversations?pageNumber=1&pageSize=100 - 0ms
[info] there are 0 bad servers
[info] CSRF fail for http://localhost:5000/apisite/groups/v1/groups/1/status (P=/apisite/groups/v1/groups/1/status)
[PATCH] http://localhost:5000/apisite/groups/v1/groups/1/status - 25ms
[PROXY] http://localhost:3185/My/Groups.aspx
[PROXY] http://localhost:3185/_next/static/chunks/webpack.js?ts=1787315138291
[PROXY] http://localhost:3185/_next/static/chunks/main.js?ts=1787315138291
[PROXY] http://localhost:3185/_next/static/chunks/pages/_app.js?ts=1787315138291
[PROXY] http://localhost:3185/_next/static/development/_buildManifest.js?ts=1787315138291
[PROXY] http://localhost:3185/_next/static/chunks/pages/My/Groups.aspx.js?ts=1787315138291
[PROXY] http://localhost:3185/_next/static/chunks/react-refresh.js?ts=1787315138291
[PROXY] http://localhost:3185/_next/static/development/_middlewareManifest.js?ts=1787315138291
[PROXY] http://localhost:3185/_next/static/development/_ssgManifest.js?ts=1787315138291
[PROXY] http://localhost:3185/img/roblox_logo.svg
[PROXY] http://localhost:3185/img/navigation_02012016.svg
[GET] http://localhost:5000/apisite/users/v1/users/authenticated - 0ms
[GET] http://localhost:5000/apisite/api/alerts/alert-info - 0ms
[PROXY] http://localhost:3185/_next/static/development/_devPagesManifest.json
[GET] http://localhost:5000/apisite/chat/v2/chat-settings - 0ms
[GET] http://localhost:5000/user-sponsorship/2 - 1ms
[PROXY] http://localhost:3185/favicon.ico
[GET] http://localhost:5000/apisite/groups/v1/users/1/groups/roles - 2ms
[GET] http://localhost:5000/apisite/chat/v2/get-user-conversations?pageNumber=1&pageSize=100 - 0ms
[GET] http://localhost:5000/apisite/friends/v1/users/1/friends - 3ms
[GET] http://localhost:5000/apisite/economy/v1/users/1/currency - 0ms
[info] ws connection is in state Closed, so we are re-connecting
[GET] http://localhost:5000/apisite/economy/v1/groups/1/currency - 1ms
[GET] http://localhost:5000/apisite/thumbnails/v1/groups/icons?groupIds=1&format=png&size=420x420 - 0ms
[GET] http://localhost:5000/apisite/groups/v1/groups/1/roles/4/permissions - 1ms
[GET] http://localhost:5000/apisite/games/v2/groups/1/games?cursor= - 0ms
[GET] http://localhost:5000/apisite/privatemessages/v1/messages/unread/count - 3ms
[GET] http://localhost:5000/apisite/economy/v1/groups/1/currency - 1ms
[PROXY] http://localhost:3185/img/img-robux.png
[GET] http://localhost:5000/apisite/thumbnails/v1/groups/icons?groupIds=1&format=png&size=420x420 - 1ms
[GET] http://localhost:5000/apisite/groups/v2/groups/1/wall/posts?sortOrder=Desc&limit=10&cursor= - 1ms
[GET] http://localhost:5000/apisite/groups/v1/groups/1/roles - 0ms
[Group] 2026-08-21T12:25:40.7621967Z User primary group is 1
[GET] http://localhost:5000/apisite/groups/v1/users/1/groups/primary/role - 2ms
[GET] http://localhost:5000/apisite/economy/v1/groups/1/currency - 1ms
[GET] http://localhost:5000/apisite/groups/v1/groups/1/roles/2/users?cursor=&limit=10&sortOrder=desc - 0ms
[GET] http://localhost:5000/apisite/trades/v1/trades/inbound/count - 1ms
[GET] http://localhost:5000/apisite/economy/v1/groups/1/currency - 2ms
[GET] http://localhost:5000/apisite/economy/v1/groups/1/currency - 2ms
[GET] http://localhost:5000/apisite/economy/v1/groups/1/currency - 1ms
[GET] http://localhost:5000/apisite/friends/v1/user/friend-requests/count - 2ms
[GET] http://localhost:5000/apisite/economy/v1/groups/1/currency - 1ms
[GET] http://localhost:5000/apisite/economy/v1/groups/1/currency - 1ms
[PROXY] http://localhost:3185/_next/webpack-hmr
[GET] http://localhost:5000/apisite/catalog/v1/search/items?category=All&limit=50&sortType=Updated&creatorTargetId=1&creatorType=Group - 10ms
[GET] http://localhost:5000/apisite/groups/v1/groups/1/roles - 0ms
[GET] http://localhost:5000/apisite/groups/v1/groups/1/roles/2/users?cursor=&limit=10&sortOrder=desc - 0ms
[info] ConnectionManager got error in ws connection Unable to connect to the remote server
[GET] http://localhost:5000/apisite/chat/v2/get-user-conversations?pageNumber=1&pageSize=100 - 0ms
[PROXY] http://localhost:3185/My/Groups.aspx
[PROXY] http://localhost:3185/_next/static/development/_ssgManifest.js?ts=1787315145541
[PROXY] http://localhost:3185/_next/static/chunks/pages/My/Groups.aspx.js?ts=1787315145541
[PROXY] http://localhost:3185/_next/static/chunks/webpack.js?ts=1787315145541
[PROXY] http://localhost:3185/_next/static/chunks/pages/_app.js?ts=1787315145541
[PROXY] http://localhost:3185/_next/static/chunks/react-refresh.js?ts=1787315145541
[PROXY] http://localhost:3185/_next/static/chunks/main.js?ts=1787315145541
[PROXY] http://localhost:3185/_next/static/development/_middlewareManifest.js?ts=1787315145541
[PROXY] http://localhost:3185/_next/static/development/_buildManifest.js?ts=1787315145541
[PROXY] http://localhost:3185/favicon.ico
[PROXY] http://localhost:3185/img/roblox_logo.svg
[PROXY] http://localhost:3185/img/navigation_02012016.svg
[GET] http://localhost:5000/apisite/users/v1/users/authenticated - 0ms
[GET] http://localhost:5000/apisite/chat/v2/chat-settings - 0ms
[PROXY] http://localhost:3185/_next/static/development/_devPagesManifest.json
[GET] http://localhost:5000/apisite/economy/v1/users/1/currency - 1ms
[GET] http://localhost:5000/apisite/groups/v1/users/1/groups/roles - 1ms
[GET] http://localhost:5000/apisite/trades/v1/trades/inbound/count - 0ms
[GET] http://localhost:5000/apisite/privatemessages/v1/messages/unread/count - 0ms
[GET] http://localhost:5000/apisite/friends/v1/users/1/friends - 4ms
[GET] http://localhost:5000/apisite/friends/v1/user/friend-requests/count - 2ms
[GET] http://localhost:5000/apisite/economy/v1/groups/1/currency - 1ms
[Group] 2026-08-21T12:25:47.5635930Z User primary group is 1
[GET] http://localhost:5000/apisite/groups/v1/users/1/groups/primary/role - 0ms
[GET] http://localhost:5000/apisite/games/v2/groups/1/games?cursor= - 1ms
[GET] http://localhost:5000/user-sponsorship/2 - 2ms
[GET] http://localhost:5000/apisite/thumbnails/v1/groups/icons?groupIds=1&format=png&size=420x420 - 0ms
[PROXY] http://localhost:3185/img/img-robux.png
[GET] http://localhost:5000/apisite/economy/v1/groups/1/currency - 1ms
[GET] http://localhost:5000/apisite/groups/v2/groups/1/wall/posts?sortOrder=Desc&limit=10&cursor= - 1ms
[GET] http://localhost:5000/apisite/groups/v1/groups/1/roles - 0ms
[GET] http://localhost:5000/apisite/thumbnails/v1/groups/icons?groupIds=1&format=png&size=420x420 - 1ms
[GET] http://localhost:5000/apisite/groups/v1/groups/1/roles/4/permissions - 1ms
[GET] http://localhost:5000/apisite/economy/v1/groups/1/currency - 1ms
[GET] http://localhost:5000/apisite/groups/v1/groups/1/roles/2/users?cursor=&limit=10&sortOrder=desc - 0ms
[GET] http://localhost:5000/apisite/economy/v1/groups/1/currency - 1ms
[GET] http://localhost:5000/apisite/economy/v1/groups/1/currency - 1ms
[GET] http://localhost:5000/apisite/economy/v1/groups/1/currency - 1ms
[GET] http://localhost:5000/apisite/chat/v2/get-user-conversations?pageNumber=1&pageSize=100 - 0ms
[info] ws connection is in state Closed, so we are re-connecting
[PROXY] http://localhost:3185/_next/webpack-hmr
[GET] http://localhost:5000/apisite/chat/v2/get-user-conversations?pageNumber=1&pageSize=100 - 0ms
[info] ConnectionManager got error in ws connection Unable to connect to the remote server
[UserSessions] 2026-08-21T12:25:55.7578894Z Cleaning up cache. len = 1
[GET] http://localhost:5000/apisite/chat/v2/get-user-conversations?pageNumber=1&pageSize=100 - 0ms
[info] ws connection is in state Closed, so we are re-connecting
[PROXY] http://localhost:3185/_next/webpack-hmr
[PROXY] http://localhost:3185/_next/static/development/_devMiddlewareManifest.json
[PROXY] http://localhost:3185/_next/static/chunks/pages/admin.js
[GET] http://localhost:5000/admin - 4ms
[GET] http://localhost:5000/admin/build-redirect/bundle.js - 0ms
[GET] http://localhost:5000/admin/build-redirect/bundle.css - 0ms
[GET] http://localhost:5000/admin/build/14022f85-a910-4b6c-9371-77c01d246d48/bundle.css - 5ms
[GET] http://localhost:5000/admin/build/14022f85-a910-4b6c-9371-77c01d246d48/bundle.js - 77ms
[GET] http://localhost:5000/admin/favicon.png - 2ms
[GET] http://localhost:5000/admin-api/api/permissions - 14ms
[GET] http://localhost:5000/admin-api/api/groups/pending-icons - 4ms
[GET] http://localhost:5000/admin-api/api/user-joins?period=past-day - 5ms
[GET] http://localhost:5000/admin-api/api/icons/pending-assets - 9ms
[GET] http://localhost:5000/admin-api/api/players/in-game - 4ms
[GET] http://localhost:5000/admin-api/api/alert - 3ms
[GET] http://localhost:5000/admin-api/api/players/online-count - 5ms
[GET] http://localhost:5000/admin-api/api/assets/pending-assets - 8ms
[GET] http://localhost:5000/admin-api/api/user-joins?period=past-hour - 0ms
[info] ConnectionManager got error in ws connection Unable to connect to the remote server
[GET] http://localhost:5000/admin/favicon.png - 0ms
[GET] http://localhost:5000/admin-api/api/icons/pending-assets - 1ms
[GET] http://localhost:5000/admin-api/api/groups/pending-icons - 0ms
[GET] http://localhost:5000/admin-api/api/assets/pending-assets - 1ms
[info] there are 0 bad servers
[GET] http://localhost:5000/admin/favicon.png - 0ms
[GET] http://localhost:5000/admin-api/api/users/status?limit=25&offset=0&sortOrder=asc&exclusiveStartId=0 - 9ms
[GET] http://localhost:5000/admin-api/api/groups/status?limit=25&offset=0&sortOrder=asc&exclusiveStartId=0 - 8ms
[GET] http://localhost:5000/admin-api/api/groups/wall?limit=25&offset=0&sortOrder=asc&exclusiveStartId=0 - 6ms
[GET] http://localhost:5000/apisite/forums/v1/posts/list?limit=25&offset=0&sortOrder=asc&exclusiveStartId= - 13ms
[GET] http://localhost:5000/apisite/forums/v1/stats - 21ms
[GET] http://localhost:5000/admin-api/api/assets/comments?limit=25&offset=0&sortOrder=asc&exclusiveStartId= - 5ms
[info] ws connection is in state Closed, so we are re-connecting
[info] ConnectionManager got error in ws connection Unable to connect to the remote server
[GET] http://localhost:5000/admin/favicon.png - 0ms
[GET] http://localhost:5000/admin-api/api/icons/pending-assets - 1ms
[GET] http://localhost:5000/admin-api/api/assets/pending-assets - 0ms
[GET] http://localhost:5000/admin-api/api/groups/pending-icons - 0ms
[GET] http://localhost:5000/admin/favicon.png - 0ms
[GET] http://localhost:5000/admin-api/api/assets/pending-assets - 4ms
[GET] http://localhost:5000/admin-api/api/user-joins?period=past-hour - 0ms
[GET] http://localhost:5000/admin-api/api/groups/pending-icons - 0ms
[GET] http://localhost:5000/admin-api/api/alert - 0ms
[GET] http://localhost:5000/admin-api/api/user-joins?period=past-day - 0ms
[GET] http://localhost:5000/admin-api/api/players/in-game - 0ms
[GET] http://localhost:5000/admin-api/api/players/online-count - 0ms
[GET] http://localhost:5000/admin-api/api/icons/pending-assets - 0ms
[info] ws connection is in state Closed, so we are re-connecting
[GET] http://localhost:5000/apisite/chat/v2/get-user-conversations?pageNumber=1&pageSize=100 - 0ms
[info] ConnectionManager got error in ws connection Unable to connect to the remote server
[GET] http://localhost:5000/apisite/chat/v2/get-user-conversations?pageNumber=1&pageSize=100 - 0ms
[PROXY] http://localhost:3185/_next/webpack-hmr
[info] Roblox.Cache.DistributedCache: Removing 0 expired items
[UserSessions] 2026-08-21T12:26:25.7154968Z Cleaning up cache. len = 1
[UserSessions] 2026-08-21T12:26:25.7634888Z Cleaning up cache. len = 1
[info] ws connection is in state Closed, so we are re-connecting
[GET] http://localhost:5000/apisite/chat/v2/get-user-conversations?pageNumber=1&pageSize=100 - 0ms
[info] ConnectionManager got error in ws connection Unable to connect to the remote server
[PROXY] http://localhost:3185/_next/webpack-hmr
[GET] http://localhost:5000/apisite/chat/v2/get-user-conversations?pageNumber=1&pageSize=100 - 2ms
[info] ws connection is in state Closed, so we are re-connecting
[info] there are 0 bad servers
[GET] http://localhost:5000/apisite/chat/v2/get-user-conversations?pageNumber=1&pageSize=100 - 0ms
[info] ConnectionManager got error in ws connection Unable to connect to the remote server
[PROXY] http://localhost:3185/_next/webpack-hmr
[GET] http://localhost:5000/apisite/chat/v2/get-user-conversations?pageNumber=1&pageSize=100 - 0ms
[info] ws connection is in state Closed, so we are re-connecting
[info] ConnectionManager got error in ws connection Unable to connect to the remote server
[GET] http://localhost:5000/apisite/chat/v2/get-user-conversations?pageNumber=1&pageSize=100 - 0ms
[PROXY] http://localhost:3185/_next/webpack-hmr
[info] ws connection is in state Closed, so we are re-connecting
[GET] http://localhost:5000/apisite/chat/v2/get-user-conversations?pageNumber=1&pageSize=100 - 0ms
[UserSessions] 2026-08-21T12:26:55.7771180Z Cleaning up cache. len = 1
[PROXY] http://localhost:3185/_next/webpack-hmr
[info] ConnectionManager got error in ws connection Unable to connect to the remote server
[GET] http://localhost:5000/apisite/chat/v2/get-user-conversations?pageNumber=1&pageSize=100 - 0ms
[info] ws connection is in state Closed, so we are re-connecting
[GET] http://localhost:5000/apisite/chat/v2/get-user-conversations?pageNumber=1&pageSize=100 - 2ms
[PROXY] http://localhost:3185/_next/webpack-hmr
[info] ConnectionManager got error in ws connection Unable to connect to the remote server
[info] there are 0 bad servers
[GET] http://localhost:5000/apisite/chat/v2/get-user-conversations?pageNumber=1&pageSize=100 - 1ms
[PROXY] http://localhost:3185/_next/webpack-hmr
[info] ws connection is in state Closed, so we are re-connecting
[GET] http://localhost:5000/apisite/chat/v2/get-user-conversations?pageNumber=1&pageSize=100 - 0ms
[info] ConnectionManager got error in ws connection Unable to connect to the remote server
[PROXY] http://localhost:3185/_next/webpack-hmr
[GET] http://localhost:5000/apisite/chat/v2/get-user-conversations?pageNumber=1&pageSize=100 - 0ms
[GET] http://localhost:5000/apisite/catalog/v1/search/items?category=All&limit=50&sortType=Updated&creatorTargetId=1&creatorType=Group - 0ms
[info] ws connection is in state Closed, so we are re-connecting
[PROXY] http://localhost:3185/_next/webpack-hmr
[PROXY] http://localhost:3185/_next/static/chunks/pages/catalog.js
[PROXY] http://localhost:3185/img/overlay_bcCatalog.png
[PROXY] http://localhost:3185/img/limitedUOverlay_small.png
[PROXY] http://localhost:3185/img/limitedOverlay_small.png
[GET] http://localhost:5000/user-sponsorship/1 - 2ms
[GET] http://localhost:5000/apisite/catalog/v1/search/items?category=Featured&limit=28&sortType=0 - 2ms
[info] CSRF fail for http://localhost:5000/apisite/catalog/v1/catalog/items/details (P=/apisite/catalog/v1/catalog/items/details)
[PROXY] http://localhost:3185/_next/static/chunks/pages/develop.js
[PerformanceDebugging] 2026-08-21T12:27:21.4670892Z it took 0ms to run MultiGetCatalog query
[POST] http://localhost:5000/apisite/catalog/v1/catalog/items/details - 29ms
[PROXY] http://localhost:3185/img/CatalogOverlays/New.png
[GET] http://localhost:5000/apisite/thumbnails/v1/assets?assetIds=1&format=png&size=420x420 - 0ms
[GET] http://localhost:5000/apisite/games/v2/users/1/games?cursor= - 4ms
[GET] http://localhost:5000/user-sponsorship/1 - 0ms
[GET] http://localhost:5000/apisite/groups/v1/users/1/groups/roles - 1ms
[GET] http://localhost:5000/apisite/groups/v1/groups/1/roles/4/permissions - 1ms
[GET] http://localhost:5000/apisite/games/v2/groups/1/games?cursor= - 0ms
[GET] http://localhost:5000/apisite/chat/v2/get-user-conversations?pageNumber=1&pageSize=100 - 0ms
[GET] http://localhost:5000/apisite/thumbnails/v1/assets?assetIds=1&format=png&size=420x420 - 0ms
[GET] http://localhost:5000/apisite/itemconfiguration/v1/creations/get-assets?assetType=11&limit=100&cursor=&groupId=1 - 4ms
[info] Roblox.Cache.DistributedCache: Removing 0 expired items
[info] ConnectionManager got error in ws connection Unable to connect to the remote server
[UserSessions] 2026-08-21T12:27:25.7301153Z Cleaning up cache. len = 1
[UserSessions] 2026-08-21T12:27:25.7934611Z Cleaning up cache. len = 1
[GET] http://localhost:5000/apisite/thumbnails/v1/assets?assetIds=1&format=png&size=420x420 - 0ms
[PROXY] http://localhost:3185/_next/webpack-hmr
[GET] http://localhost:5000/apisite/chat/v2/get-user-conversations?pageNumber=1&pageSize=100 - 0ms
[GET] http://localhost:5000/apisite/thumbnails/v1/assets?assetIds=1&format=png&size=420x420 - 0ms
[info] ws connection is in state Closed, so we are re-connecting
[GET] http://localhost:5000/apisite/thumbnails/v1/assets?assetIds=1&format=png&size=420x420 - 0ms
[PROXY] http://localhost:3185/_next/webpack-hmr
Start multi render
Start multi render
[GeneralRender] 2026-08-21T12:27:32.1839367Z Ws not available, retry in a second
[POST] http://localhost:5000/develop/upload - 147ms
[GeneralRender] 2026-08-21T12:27:32.1875366Z Ws not available, retry in a second
[PROXY] http://localhost:3185/develop?View=11
[GET] http://localhost:5000/apisite/thumbnails/v1/assets?assetIds=1&format=png&size=420x420 - 0ms
[GET] http://localhost:5000/apisite/chat/v2/get-user-conversations?pageNumber=1&pageSize=100 - 0ms
[PROXY] http://localhost:3185/_next/static/chunks/main.js?ts=1787315252527
[PROXY] http://localhost:3185/_next/static/development/_buildManifest.js?ts=1787315252527
[PROXY] http://localhost:3185/_next/static/development/_ssgManifest.js?ts=1787315252527
[PROXY] http://localhost:3185/_next/static/chunks/pages/develop.js?ts=1787315252527
[PROXY] http://localhost:3185/_next/static/development/_middlewareManifest.js?ts=1787315252527
[PROXY] http://localhost:3185/_next/static/chunks/pages/_app.js?ts=1787315252527
[PROXY] http://localhost:3185/_next/static/chunks/react-refresh.js?ts=1787315252527
[PROXY] http://localhost:3185/_next/static/chunks/webpack.js?ts=1787315252527
[info] ConnectionManager got error in ws connection Unable to connect to the remote server
[PROXY] http://localhost:3185/_next/webpack-hmr
[PROXY] http://localhost:3185/img/roblox_logo.svg
[PROXY] http://localhost:3185/img/navigation_02012016.svg
[GET] http://localhost:5000/apisite/users/v1/users/authenticated - 0ms
[GET] http://localhost:5000/user-sponsorship/1 - 0ms
[GET] http://localhost:5000/apisite/chat/v2/chat-settings - 0ms
[PROXY] http://localhost:3185/_next/static/development/_devPagesManifest.json
[PROXY] http://localhost:3185/favicon.ico
[GET] http://localhost:5000/apisite/chat/v2/get-user-conversations?pageNumber=1&pageSize=100 - 0ms
[GET] http://localhost:5000/apisite/friends/v1/user/friend-requests/count - 0ms
[GET] http://localhost:5000/apisite/itemconfiguration/v1/creations/get-assets?assetType=11&limit=100&cursor= - 0ms
[GET] http://localhost:5000/apisite/economy/v1/users/1/currency - 1ms
[GET] http://localhost:5000/apisite/trades/v1/trades/inbound/count - 1ms
[GET] http://localhost:5000/apisite/groups/v1/users/1/groups/roles - 1ms
[GET] http://localhost:5000/apisite/privatemessages/v1/messages/unread/count - 2ms
[GET] http://localhost:5000/apisite/groups/v1/groups/1/roles/4/permissions - 1ms
[GET] http://localhost:5000/apisite/api/alerts/alert-info - 0ms
[GET] http://localhost:5000/apisite/friends/v1/users/1/friends - 0ms
[PROXY] http://localhost:3185/_next/static/development/_devMiddlewareManifest.json
[GET] http://localhost:5000/apisite/itemconfiguration/v1/creations/get-assets?assetType=12&limit=100&cursor= - 0ms
[info] there are 0 bad servers
[GET] http://localhost:5000/apisite/itemconfiguration/v1/creations/get-assets?assetType=11&limit=100&cursor= - 0ms
[GET] http://localhost:5000/apisite/itemconfiguration/v1/creations/get-assets?assetType=12&limit=100&cursor= - 0ms
[info] ws connection is in state Closed, so we are re-connecting
[GET] http://localhost:5000/apisite/itemconfiguration/v1/creations/get-assets?assetType=12&limit=100&cursor=&groupId=1 - 0ms
[PROXY] http://localhost:3185/_next/webpack-hmr
[GET] http://localhost:5000/apisite/itemconfiguration/v1/creations/get-assets?assetType=11&limit=100&cursor=&groupId=1 - 1ms
[GET] http://localhost:5000/apisite/chat/v2/get-user-conversations?pageNumber=1&pageSize=100 - 0ms
[info] CSRF fail for http://localhost:5000/apisite/itemconfiguration/v1/creations/get-asset-details (P=/apisite/itemconfiguration/v1/creations/get-asset-details)
[POST] http://localhost:5000/apisite/itemconfiguration/v1/creations/get-asset-details - 9ms
[PROXY] http://localhost:3185/img/Unofficial/settings-gear.png
[GET] http://localhost:5000/apisite/thumbnails/v1/assets?assetIds=4&format=png&size=420x420 - 0ms
[GET] http://localhost:5000/apisite/itemconfiguration/v1/creations/get-assets?assetType=12&limit=100&cursor=&groupId=1 - 0ms
[GET] http://localhost:5000/apisite/thumbnails/v1/assets?assetIds=4&format=png&size=420x420 - 0ms
[GET] http://localhost:5000/apisite/thumbnails/v1/assets?assetIds=4&format=png&size=420x420 - 0ms
[info] ConnectionManager got error in ws connection Unable to connect to the remote server
[GET] http://localhost:5000/apisite/thumbnails/v1/assets?assetIds=4&format=png&size=420x420 - 0ms
[GET] http://localhost:5000/apisite/chat/v2/get-user-conversations?pageNumber=1&pageSize=100 - 0ms
[PROXY] http://localhost:3185/_next/webpack-hmr
[GET] http://localhost:5000/apisite/thumbnails/v1/assets?assetIds=4&format=png&size=420x420 - 0ms
[info] ws connection is in state Closed, so we are re-connecting
[GET] http://localhost:5000/apisite/thumbnails/v1/assets?assetIds=4&format=png&size=420x420 - 0ms
[GET] http://localhost:5000/apisite/chat/v2/get-user-conversations?pageNumber=1&pageSize=100 - 0ms
[PROXY] http://localhost:3185/_next/webpack-hmr
[info] ConnectionManager got error in ws connection Unable to connect to the remote server
[GET] http://localhost:5000/apisite/chat/v2/get-user-conversations?pageNumber=1&pageSize=100 - 0ms
[PROXY] http://localhost:3185/_next/webpack-hmr
[UserSessions] 2026-08-21T12:27:55.8089344Z Cleaning up cache. len = 1
[info] ws connection is in state Closed, so we are re-connecting
[GET] http://localhost:5000/apisite/chat/v2/get-user-conversations?pageNumber=1&pageSize=100 - 0ms
[info] ConnectionManager got error in ws connection Unable to connect to the remote server
[PROXY] http://localhost:3185/_next/webpack-hmr
Start multi render
[GeneralRender] 2026-08-21T12:28:03.7909148Z Ws not available, retry in a second
Start multi render
[POST] http://localhost:5000/develop/upload - 46ms
[GeneralRender] 2026-08-21T12:28:03.7939490Z Ws not available, retry in a second
[PROXY] http://localhost:3185/develop?View=12
[PROXY] http://localhost:3185/_next/static/chunks/main.js?ts=1787315283909
[PROXY] http://localhost:3185/_next/static/chunks/webpack.js?ts=1787315283909
[PROXY] http://localhost:3185/_next/static/development/_ssgManifest.js?ts=1787315283909
[PROXY] http://localhost:3185/_next/static/chunks/react-refresh.js?ts=1787315283909
[PROXY] http://localhost:3185/_next/static/development/_middlewareManifest.js?ts=1787315283909
[PROXY] http://localhost:3185/_next/static/chunks/pages/develop.js?ts=1787315283909
[PROXY] http://localhost:3185/_next/static/chunks/pages/_app.js?ts=1787315283909
[PROXY] http://localhost:3185/_next/static/development/_buildManifest.js?ts=1787315283909
[PROXY] http://localhost:3185/_next/webpack-hmr
[info] ws connection is in state Closed, so we are re-connecting
[PROXY] http://localhost:3185/img/roblox_logo.svg
[PROXY] http://localhost:3185/img/navigation_02012016.svg
[GET] http://localhost:5000/user-sponsorship/1 - 0ms
[GET] http://localhost:5000/apisite/api/alerts/alert-info - 0ms
[GET] http://localhost:5000/apisite/users/v1/users/authenticated - 0ms
[PROXY] http://localhost:3185/favicon.ico
[PROXY] http://localhost:3185/_next/static/development/_devPagesManifest.json
[GET] http://localhost:5000/apisite/groups/v1/users/1/groups/roles - 1ms
[GET] http://localhost:5000/apisite/friends/v1/user/friend-requests/count - 0ms
[GET] http://localhost:5000/apisite/privatemessages/v1/messages/unread/count - 2ms
[GET] http://localhost:5000/apisite/trades/v1/trades/inbound/count - 0ms
[GET] http://localhost:5000/apisite/groups/v1/groups/1/roles/4/permissions - 1ms
[GET] http://localhost:5000/apisite/itemconfiguration/v1/creations/get-assets?assetType=12&limit=100&cursor= - 0ms
[GET] http://localhost:5000/apisite/chat/v2/chat-settings - 0ms
[info] there are 0 bad servers
[GET] http://localhost:5000/apisite/friends/v1/users/1/friends - 0ms
[GET] http://localhost:5000/apisite/economy/v1/users/1/currency - 0ms
[GET] http://localhost:5000/apisite/itemconfiguration/v1/creations/get-assets?assetType=12&limit=100&cursor=&groupId=1 - 0ms
[GET] http://localhost:5000/apisite/chat/v2/get-user-conversations?pageNumber=1&pageSize=100 - 0ms
[info] CSRF fail for http://localhost:5000/apisite/itemconfiguration/v1/creations/get-asset-details (P=/apisite/itemconfiguration/v1/creations/get-asset-details)
[POST] http://localhost:5000/apisite/itemconfiguration/v1/creations/get-asset-details - 10ms
[PROXY] http://localhost:3185/img/Unofficial/settings-gear.png
[GET] http://localhost:5000/apisite/thumbnails/v1/assets?assetIds=6&format=png&size=420x420 - 0ms
[PROXY] http://localhost:3185/_next/static/development/_devMiddlewareManifest.json
[GET] http://localhost:5000/apisite/thumbnails/v1/assets?assetIds=6&format=png&size=420x420 - 0ms
[GET] http://localhost:5000/apisite/itemconfiguration/v1/creations/get-assets?assetType=11&limit=100&cursor=&groupId=1 - 0ms
[POST] http://localhost:5000/apisite/itemconfiguration/v1/creations/get-asset-details - 0ms
[GET] http://localhost:5000/apisite/thumbnails/v1/assets?assetIds=4&format=png&size=420x420 - 0ms
[GET] http://localhost:5000/apisite/thumbnails/v1/assets?assetIds=4&format=png&size=420x420 - 0ms
[GET] http://localhost:5000/apisite/itemconfiguration/v1/creations/get-assets?assetType=12&limit=100&cursor=&groupId=1 - 0ms
[POST] http://localhost:5000/apisite/itemconfiguration/v1/creations/get-asset-details - 0ms
[GET] http://localhost:5000/apisite/thumbnails/v1/assets?assetIds=6&format=png&size=420x420 - 0ms
[info] ConnectionManager got error in ws connection Unable to connect to the remote server
[GET] http://localhost:5000/apisite/thumbnails/v1/assets?assetIds=4&format=png&size=420x420 - 0ms
[PROXY] http://localhost:3185/My/Item.aspx?id=6
[PROXY] http://localhost:3185/_next/static/chunks/react-refresh.js?ts=1787315290453
[PROXY] http://localhost:3185/_next/static/chunks/main.js?ts=1787315290453
[PROXY] http://localhost:3185/_next/static/chunks/webpack.js?ts=1787315290453
[PROXY] http://localhost:3185/_next/static/development/_buildManifest.js?ts=1787315290453
[PROXY] http://localhost:3185/_next/static/development/_ssgManifest.js?ts=1787315290453
[PROXY] http://localhost:3185/_next/static/development/_middlewareManifest.js?ts=1787315290453
[PROXY] http://localhost:3185/_next/static/chunks/pages/My/Item.aspx.js?ts=1787315290453
[PROXY] http://localhost:3185/_next/static/chunks/pages/_app.js?ts=1787315290453
[PROXY] http://localhost:3185/_next/webpack-hmr
[PROXY] http://localhost:3185/img/navigation_02012016.svg
[PROXY] http://localhost:3185/img/roblox_logo.svg
[PROXY] http://localhost:3185/_next/static/development/_devMiddlewareManifest.json
[GET] http://localhost:5000/apisite/users/v1/users/authenticated - 0ms
[PROXY] http://localhost:3185/_next/static/development/_devPagesManifest.json
[GET] http://localhost:5000/apisite/chat/v2/chat-settings - 0ms
[GET] http://localhost:5000/apisite/privatemessages/v1/messages/unread/count - 0ms
[GET] http://localhost:5000/apisite/economy/v1/users/1/currency - 0ms
[GET] http://localhost:5000/apisite/friends/v1/user/friend-requests/count - 3ms
[info] CSRF fail for http://localhost:5000/apisite/catalog/v1/catalog/items/details (P=/apisite/catalog/v1/catalog/items/details)
[GET] http://localhost:5000/apisite/chat/v2/get-user-conversations?pageNumber=1&pageSize=100 - 0ms
[GET] http://localhost:5000/apisite/friends/v1/users/1/friends - 0ms
[PerformanceDebugging] 2026-08-21T12:28:12.4562743Z it took 0ms to run MultiGetCatalog query
[POST] http://localhost:5000/apisite/catalog/v1/catalog/items/details - 4ms
[PROXY] http://localhost:3185/img/img-robux.png
[GET] http://localhost:5000/apisite/develop/v1/assets/genres - 0ms
[GET] http://localhost:5000/apisite/trades/v1/trades/inbound/count - 0ms
[PROXY] http://localhost:3185/img/GenreIcons/GenreIconsSprite.png
[PROXY] http://localhost:3185/img/GenreIcons/FPS.png
[PROXY] http://localhost:3185/img/GenreIcons/RPG.png
[GET] http://localhost:5000/apisite/thumbnails/v1/assets?assetIds=6&format=png&size=420x420 - 0ms
[GET] http://localhost:5000/apisite/thumbnails/v1/assets?assetIds=6&format=png&size=420x420 - 0ms
[info] ws connection is in state Closed, so we are re-connecting
[GET] http://localhost:5000/apisite/thumbnails/v1/assets?assetIds=6&format=png&size=420x420 - 0ms
[GET] http://localhost:5000/apisite/thumbnails/v1/assets?assetIds=6&format=png&size=420x420 - 0ms
[GET] http://localhost:5000/apisite/thumbnails/v1/assets?assetIds=6&format=png&size=420x420 - 0ms
[GET] http://localhost:5000/apisite/thumbnails/v1/assets?assetIds=6&format=png&size=420x420 - 0ms
[GET] http://localhost:5000/apisite/chat/v2/get-user-conversations?pageNumber=1&pageSize=100 - 0ms
[PROXY] http://localhost:3185/_next/webpack-hmr
[info] ConnectionManager got error in ws connection Unable to connect to the remote server
[GET] http://localhost:5000/apisite/chat/v2/get-user-conversations?pageNumber=1&pageSize=100 - 0ms
[PROXY] http://localhost:3185/_next/webpack-hmr
[info] ws connection is in state Closed, so we are re-connecting
[info] Roblox.Cache.DistributedCache: Removing 2 expired items
[UserSessions] 2026-08-21T12:28:25.7401104Z Cleaning up cache. len = 1
[UserSessions] 2026-08-21T12:28:25.8165352Z Cleaning up cache. len = 1
[GET] http://localhost:5000/apisite/chat/v2/get-user-conversations?pageNumber=1&pageSize=100 - 2ms
[info] ConnectionManager got error in ws connection Unable to connect to the remote server
[PROXY] http://localhost:3185/_next/webpack-hmr
[GeneralRender] 2026-08-21T12:28:32.1910159Z Ws not available, retry in a second
[GeneralRender] 2026-08-21T12:28:32.2041949Z Ws not available, retry in a second
[PerformanceDebugging] 2026-08-21T12:28:32.3042201Z it took 5ms to run MultiGetCatalog query
[PerformanceDebugging] 2026-08-21T12:28:32.3075531Z it took 0ms to run MultiGetCatalog query
[POST] http://localhost:5000/apisite/itemconfiguration/v1/assets/6/update-price - 24ms
[PerformanceDebugging] 2026-08-21T12:28:32.3354149Z it took 30ms to run MultiGetCatalog query
[PATCH] http://localhost:5000/apisite/develop/v1/assets/6 - 44ms
[GET] http://localhost:5000/apisite/chat/v2/get-user-conversations?pageNumber=1&pageSize=100 - 0ms
[info] ws connection is in state Closed, so we are re-connecting
[PerformanceDebugging] 2026-08-21T12:28:36.1422146Z it took 0ms to run MultiGetCatalog query
[PerformanceDebugging] 2026-08-21T12:28:36.1423596Z it took 0ms to run MultiGetCatalog query
[PATCH] http://localhost:5000/apisite/develop/v1/assets/6 - 2ms
[PerformanceDebugging] 2026-08-21T12:28:36.1454448Z it took 0ms to run MultiGetCatalog query
[POST] http://localhost:5000/apisite/itemconfiguration/v1/assets/6/update-price - 5ms
[info] there are 0 bad servers
[info] ConnectionManager got error in ws connection Unable to connect to the remote server
[GET] http://localhost:5000/apisite/chat/v2/get-user-conversations?pageNumber=1&pageSize=100 - 0ms
[GET] http://localhost:5000/apisite/thumbnails/v1/assets?assetIds=6%2C4&format=png&size=420x420 - 1ms
[GET] http://localhost:5000/apisite/chat/v2/get-user-conversations?pageNumber=1&pageSize=100 - 0ms
[PROXY] http://localhost:3185/_next/webpack-hmr
[GET] http://localhost:5000/apisite/itemconfiguration/v1/creations/get-assets?assetType=11&limit=100&cursor=&groupId=1 - 0ms
[GET] http://localhost:5000/apisite/thumbnails/v1/assets?assetIds=6&format=png&size=420x420 - 1ms
[POST] http://localhost:5000/apisite/itemconfiguration/v1/creations/get-asset-details - 0ms
[GET] http://localhost:5000/apisite/thumbnails/v1/assets?assetIds=4&format=png&size=420x420 - 0ms
[GET] http://localhost:5000/apisite/thumbnails/v1/assets?assetIds=6%2C4&format=png&size=420x420 - 0ms
[PROXY] http://localhost:3185/_next/webpack-hmr
[PROXY] http://localhost:3185/My/Item.aspx?id=4
[PROXY] http://localhost:3185/_next/static/chunks/webpack.js?ts=1787315320881
[PROXY] http://localhost:3185/_next/static/chunks/main.js?ts=1787315320881
[PROXY] http://localhost:3185/_next/static/development/_ssgManifest.js?ts=1787315320881
[PROXY] http://localhost:3185/_next/static/chunks/pages/My/Item.aspx.js?ts=1787315320881
[PROXY] http://localhost:3185/_next/static/development/_buildManifest.js?ts=1787315320881
[PROXY] http://localhost:3185/_next/static/chunks/pages/_app.js?ts=1787315320881
[PROXY] http://localhost:3185/_next/static/development/_middlewareManifest.js?ts=1787315320881
[PROXY] http://localhost:3185/_next/static/chunks/react-refresh.js?ts=1787315320881
[info] ws connection is in state Closed, so we are re-connecting
[PROXY] http://localhost:3185/_next/static/development/_devMiddlewareManifest.json
[GET] http://localhost:5000/apisite/chat/v2/chat-settings - 0ms
[GET] http://localhost:5000/apisite/users/v1/users/authenticated - 0ms
[PROXY] http://localhost:3185/_next/static/development/_devPagesManifest.json
[PROXY] http://localhost:3185/img/roblox_logo.svg
[info] CSRF fail for http://localhost:5000/apisite/catalog/v1/catalog/items/details (P=/apisite/catalog/v1/catalog/items/details)
[GET] http://localhost:5000/apisite/privatemessages/v1/messages/unread/count - 2ms
[GET] http://localhost:5000/apisite/trades/v1/trades/inbound/count - 1ms
[GET] http://localhost:5000/apisite/chat/v2/get-user-conversations?pageNumber=1&pageSize=100 - 0ms
[GET] http://localhost:5000/apisite/economy/v1/users/1/currency - 2ms
[GET] http://localhost:5000/apisite/friends/v1/user/friend-requests/count - 1ms
[GET] http://localhost:5000/apisite/friends/v1/users/1/friends - 3ms
[PROXY] http://localhost:3185/img/navigation_02012016.svg
[PerformanceDebugging] 2026-08-21T12:28:42.8341220Z it took 0ms to run MultiGetCatalog query
[POST] http://localhost:5000/apisite/catalog/v1/catalog/items/details - 1ms
[GET] http://localhost:5000/apisite/thumbnails/v1/assets?assetIds=4&format=png&size=420x420 - 0ms
[GET] http://localhost:5000/apisite/develop/v1/assets/genres - 0ms
[GET] http://localhost:5000/apisite/api/alerts/alert-info - 0ms
[PROXY] http://localhost:3185/img/GenreIcons/FPS.png
[PROXY] http://localhost:3185/img/GenreIcons/RPG.png
[PROXY] http://localhost:3185/img/img-robux.png
[PROXY] http://localhost:3185/img/GenreIcons/GenreIconsSprite.png
[PROXY] http://localhost:3185/_next/webpack-hmr
[GET] http://localhost:5000/apisite/thumbnails/v1/assets?assetIds=4&format=png&size=420x420 - 0ms
[info] ConnectionManager got error in ws connection Unable to connect to the remote server
[GET] http://localhost:5000/apisite/chat/v2/get-user-conversations?pageNumber=1&pageSize=100 - 3ms
[GET] http://localhost:5000/apisite/thumbnails/v1/assets?assetIds=4&format=png&size=420x420 - 0ms
[info] ws connection is in state Closed, so we are re-connecting
[PROXY] http://localhost:3185/_next/webpack-hmr
[GET] http://localhost:5000/apisite/thumbnails/v1/assets?assetIds=4&format=png&size=420x420 - 3ms
[GET] http://localhost:5000/apisite/chat/v2/get-user-conversations?pageNumber=1&pageSize=100 - 0ms
[GET] http://localhost:5000/apisite/thumbnails/v1/assets?assetIds=4&format=png&size=420x420 - 0ms
[GET] http://localhost:5000/apisite/thumbnails/v1/assets?assetIds=4&format=png&size=420x420 - 0ms
[info] ConnectionManager got error in ws connection Unable to connect to the remote server
[UserSessions] 2026-08-21T12:28:55.8254419Z Cleaning up cache. len = 1
[GET] http://localhost:5000/apisite/chat/v2/get-user-conversations?pageNumber=1&pageSize=100 - 2ms
[info] ws connection is in state Closed, so we are re-connecting
[PROXY] http://localhost:3185/_next/webpack-hmr
[GET] http://localhost:5000/apisite/chat/v2/get-user-conversations?pageNumber=1&pageSize=100 - 0ms
[GeneralRender] 2026-08-21T12:29:03.7905196Z Ws not available, retry in a second
[GeneralRender] 2026-08-21T12:29:03.8064385Z Ws not available, retry in a second
[info] ConnectionManager got error in ws connection Unable to connect to the remote server
[PerformanceDebugging] 2026-08-21T12:29:05.8134660Z it took 0ms to run MultiGetCatalog query
[PerformanceDebugging] 2026-08-21T12:29:05.8142557Z it took 0ms to run MultiGetCatalog query
[PATCH] http://localhost:5000/apisite/develop/v1/assets/4 - 2ms
[PerformanceDebugging] 2026-08-21T12:29:05.8176107Z it took 0ms to run MultiGetCatalog query
[POST] http://localhost:5000/apisite/itemconfiguration/v1/assets/4/update-price - 9ms
[info] there are 0 bad servers
[PROXY] http://localhost:3185/_next/webpack-hmr
[GET] http://localhost:5000/apisite/chat/v2/get-user-conversations?pageNumber=1&pageSize=100 - 0ms
[info] ws connection is in state Closed, so we are re-connecting
[PerformanceDebugging] 2026-08-21T12:29:10.0674108Z it took 0ms to run MultiGetCatalog query
[PATCH] http://localhost:5000/apisite/develop/v1/assets/4 - 3ms
[PerformanceDebugging] 2026-08-21T12:29:10.0818466Z it took 2ms to run MultiGetCatalog query
[PerformanceDebugging] 2026-08-21T12:29:10.0828482Z it took 0ms to run MultiGetCatalog query
[POST] http://localhost:5000/apisite/itemconfiguration/v1/assets/4/update-price - 5ms
[GET] http://localhost:5000/apisite/chat/v2/get-user-conversations?pageNumber=1&pageSize=100 - 0ms
[PROXY] http://localhost:3185/_next/webpack-hmr
[info] ConnectionManager got error in ws connection Unable to connect to the remote server
[PerformanceDebugging] 2026-08-21T12:29:16.2557889Z it took 0ms to run MultiGetCatalog query
[PerformanceDebugging] 2026-08-21T12:29:16.2570008Z it took 0ms to run MultiGetCatalog query
[PerformanceDebugging] 2026-08-21T12:29:16.2578108Z it took 0ms to run MultiGetCatalog query
[PATCH] http://localhost:5000/apisite/develop/v1/assets/4 - 3ms
[POST] http://localhost:5000/apisite/itemconfiguration/v1/assets/4/update-price - 4ms
[PROXY] http://localhost:3185/_next/static/chunks/pages/catalog.js
[PROXY] http://localhost:3185/img/overlay_bcCatalog.png
[PROXY] http://localhost:3185/img/limitedUOverlay_small.png
[GET] http://localhost:5000/apisite/catalog/v1/search/items?category=Featured&limit=28&sortType=0 - 1ms
[GET] http://localhost:5000/user-sponsorship/1 - 2ms
[PerformanceDebugging] 2026-08-21T12:29:17.4214938Z it took 0ms to run MultiGetCatalog query
[POST] http://localhost:5000/apisite/catalog/v1/catalog/items/details - 1ms
[PROXY] http://localhost:3185/img/limitedOverlay_small.png
[PROXY] http://localhost:3185/img/CatalogOverlays/New.png
[GET] http://localhost:5000/apisite/thumbnails/v1/assets?assetIds=1&format=png&size=420x420 - 0ms
[GET] http://localhost:5000/apisite/chat/v2/get-user-conversations?pageNumber=1&pageSize=100 - 0ms
[PROXY] http://localhost:3185/_next/webpack-hmr
[info] ws connection is in state Closed, so we are re-connecting
[GET] http://localhost:5000/apisite/thumbnails/v1/assets?assetIds=1&format=png&size=420x420 - 0ms
[GET] http://localhost:5000/apisite/catalog/v1/search/items?category=null&limit=28&sortType=0&subcategory=Clothing - 1ms
[PerformanceDebugging] 2026-08-21T12:29:19.8285072Z it took 0ms to run MultiGetCatalog query
[POST] http://localhost:5000/apisite/catalog/v1/catalog/items/details - 1ms
[GET] http://localhost:5000/apisite/thumbnails/v1/assets?assetIds=6&format=png&size=420x420 - 0ms
[GET] http://localhost:5000/apisite/thumbnails/v1/assets?assetIds=1&format=png&size=420x420 - 0ms
[GET] http://localhost:5000/apisite/thumbnails/v1/assets?assetIds=6&format=png&size=420x420 - 0ms
[PROXY] http://localhost:3185/_next/static/chunks/pages/admin.js
[GET] http://localhost:5000/admin - 0ms
[info] ConnectionManager got error in ws connection Unable to connect to the remote server
[GET] http://localhost:5000/admin/build-redirect/bundle.css - 0ms
[GET] http://localhost:5000/admin/build-redirect/bundle.js - 0ms
[GET] http://localhost:5000/admin/build/14022f85-a910-4b6c-9371-77c01d246d48/bundle.css - 1ms
[GET] http://localhost:5000/admin/build/14022f85-a910-4b6c-9371-77c01d246d48/bundle.js - 31ms
[GET] http://localhost:5000/admin/favicon.png - 0ms
[GET] http://localhost:5000/admin-api/api/permissions - 2ms
[GET] http://localhost:5000/admin-api/api/groups/pending-icons - 1ms
[GET] http://localhost:5000/admin-api/api/players/in-game - 1ms
Start multi render
Start multi render
[GeneralRender] 2026-08-21T12:29:22.8648906Z Ws not available, retry in a second
[GeneralRender] 2026-08-21T12:29:22.8649608Z Ws not available, retry in a second
[GET] http://localhost:5000/admin-api/api/assets/pending-assets - 5ms
[GET] http://localhost:5000/admin-api/api/alert - 0ms
[GET] http://localhost:5000/admin-api/api/user-joins?period=past-hour - 0ms
[GET] http://localhost:5000/admin-api/api/players/online-count - 0ms
[GET] http://localhost:5000/admin-api/api/icons/pending-assets - 1ms
[GET] http://localhost:5000/admin-api/api/user-joins?period=past-day - 0ms
[GET] http://localhost:5000/admin-api/api/groups/pending-icons - 0ms
[GET] http://localhost:5000/admin-api/api/icons/pending-assets - 1ms
Start multi render
Start multi render
[GeneralRender] 2026-08-21T12:29:23.8620490Z Ws not available, retry in a second
[GeneralRender] 2026-08-21T12:29:23.8621684Z Ws not available, retry in a second
[GET] http://localhost:5000/admin-api/api/assets/pending-assets - 1ms
[GET] http://localhost:5000/admin/favicon.png - 0ms
[info] Roblox.Cache.DistributedCache: Removing 0 expired items
[UserSessions] 2026-08-21T12:29:25.7587896Z Cleaning up cache. len = 1
[UserSessions] 2026-08-21T12:29:25.8422937Z Cleaning up cache. len = 1
[info] ws connection is in state Closed, so we are re-connecting
[info] ConnectionManager got error in ws connection Unable to connect to the remote server
[GeneralRender] 2026-08-21T12:29:32.1995388Z Ws not available, retry in a second
[GeneralRender] 2026-08-21T12:29:32.2163359Z Ws not available, retry in a second
[PROXY] http://localhost:3185/catalog
[PROXY] http://localhost:3185/_next/static/chunks/webpack.js?ts=1787315374771
[PROXY] http://localhost:3185/_next/static/chunks/main.js?ts=1787315374771
[PROXY] http://localhost:3185/_next/static/development/_ssgManifest.js?ts=1787315374771
[PROXY] http://localhost:3185/img/limitedOverlay_small.png
[PROXY] http://localhost:3185/img/overlay_bcCatalog.png
[PROXY] http://localhost:3185/_next/static/chunks/pages/_app.js?ts=1787315374771
[PROXY] http://localhost:3185/_next/static/chunks/pages/catalog.js?ts=1787315374771
[PROXY] http://localhost:3185/img/limitedUOverlay_small.png
[PROXY] http://localhost:3185/_next/static/development/_buildManifest.js?ts=1787315374771
[PROXY] http://localhost:3185/_next/static/development/_middlewareManifest.js?ts=1787315374771
[PROXY] http://localhost:3185/_next/static/chunks/react-refresh.js?ts=1787315374771
[PROXY] http://localhost:3185/_next/webpack-hmr
[info] ws connection is in state Closed, so we are re-connecting
[info] there are 0 bad servers
[PROXY] http://localhost:3185/img/roblox_logo.svg
[PROXY] http://localhost:3185/img/navigation_02012016.svg
[GET] http://localhost:5000/apisite/api/alerts/alert-info - 0ms
[GET] http://localhost:5000/apisite/chat/v2/chat-settings - 0ms
[GET] http://localhost:5000/user-sponsorship/1 - 5ms
[GET] http://localhost:5000/apisite/users/v1/users/authenticated - 0ms
[GET] http://localhost:5000/apisite/catalog/v1/search/items?category=Featured&limit=28&sortType=0 - 0ms
[GET] http://localhost:5000/apisite/chat/v2/get-user-conversations?pageNumber=1&pageSize=100 - 0ms
[GET] http://localhost:5000/apisite/friends/v1/users/1/friends - 2ms
[GET] http://localhost:5000/apisite/economy/v1/users/1/currency - 1ms
[GET] http://localhost:5000/apisite/friends/v1/user/friend-requests/count - 2ms
[GET] http://localhost:5000/apisite/privatemessages/v1/messages/unread/count - 0ms
[info] CSRF fail for http://localhost:5000/apisite/catalog/v1/catalog/items/details (P=/apisite/catalog/v1/catalog/items/details)
[PerformanceDebugging] 2026-08-21T12:29:36.7850267Z it took 4ms to run MultiGetCatalog query
[POST] http://localhost:5000/apisite/catalog/v1/catalog/items/details - 5ms
[GET] http://localhost:5000/apisite/trades/v1/trades/inbound/count - 1ms
[PROXY] http://localhost:3185/_next/static/development/_devPagesManifest.json
[PROXY] http://localhost:3185/img/CatalogOverlays/New.png
[GET] http://localhost:5000/apisite/thumbnails/v1/assets?assetIds=1&format=png&size=420x420 - 0ms
[PROXY] http://localhost:3185/img/img-robux.png
[GET] http://localhost:5000/apisite/catalog/v1/search/items?category=null&limit=28&sortType=0&subcategory=Clothing - 0ms
[GET] http://localhost:5000/apisite/thumbnails/v1/assets?assetIds=1&format=png&size=420x420 - 0ms
[info] CSRF fail for http://localhost:5000/apisite/catalog/v1/catalog/items/details (P=/apisite/catalog/v1/catalog/items/details)
[PerformanceDebugging] 2026-08-21T12:29:38.3830474Z it took 0ms to run MultiGetCatalog query
[POST] http://localhost:5000/apisite/catalog/v1/catalog/items/details - 3ms
[GET] http://localhost:5000/apisite/thumbnails/v1/assets?assetIds=4%2C6&format=png&size=420x420 - 0ms
[GET] http://localhost:5000/apisite/thumbnails/v1/assets?assetIds=1&format=png&size=420x420 - 0ms
[PROXY] http://localhost:3185/catalog/6/Jeans
[PROXY] http://localhost:3185/catalog/4/Red-Hoodie-With-Headphones
[PROXY] http://localhost:3185/_next/static/chunks/main.js?ts=1787315379629
[PROXY] http://localhost:3185/_next/static/chunks/webpack.js?ts=1787315379629
[PROXY] http://localhost:3185/_next/static/chunks/main.js?ts=1787315379697
[PROXY] http://localhost:3185/_next/static/chunks/webpack.js?ts=1787315379697
[PROXY] http://localhost:3185/_next/static/chunks/react-refresh.js?ts=1787315379697
[PROXY] http://localhost:3185/_next/static/chunks/pages/_app.js?ts=1787315379697
[PROXY] http://localhost:3185/_next/static/development/_ssgManifest.js?ts=1787315379629
[PROXY] http://localhost:3185/_next/static/development/_buildManifest.js?ts=1787315379629
[PROXY] http://localhost:3185/_next/static/development/_middlewareManifest.js?ts=1787315379629
[PROXY] http://localhost:3185/_next/static/chunks/pages/catalog/%5BassetId%5D/%5Bname%5D.js?ts=1787315379697
[PROXY] http://localhost:3185/_next/static/chunks/react-refresh.js?ts=1787315379629
[PROXY] http://localhost:3185/_next/static/chunks/pages/_app.js?ts=1787315379629
[info] ConnectionManager got error in ws connection Unable to connect to the remote server
[PROXY] http://localhost:3185/_next/static/chunks/pages/catalog/%5BassetId%5D/%5Bname%5D.js?ts=1787315379629
[PROXY] http://localhost:3185/_next/static/development/_buildManifest.js?ts=1787315379697
[PROXY] http://localhost:3185/_next/webpack-hmr
[PROXY] http://localhost:3185/_next/static/development/_ssgManifest.js?ts=1787315379697
[PROXY] http://localhost:3185/_next/static/development/_middlewareManifest.js?ts=1787315379697
[PROXY] http://localhost:3185/_next/webpack-hmr
[PROXY] http://localhost:3185/_next/webpack-hmr
[GET] http://localhost:5000/apisite/thumbnails/v1/assets?assetIds=4%2C6%2C1&format=png&size=420x420 - 0ms
[GET] http://localhost:5000/apisite/chat/v2/get-user-conversations?pageNumber=1&pageSize=100 - 0ms
[GET] http://localhost:5000/admin-api/api/asset/moderation-details?assetId=6 - 7ms
[GET] http://localhost:5000/admin/asset/null - 1ms
[info] CSRF fail for http://localhost:5000/admin-api/api/asset/moderate (P=/admin-api/api/asset/moderate)
[GET] http://localhost:5000/admin-api/api/groups/pending-icons - 1ms
[GET] http://localhost:5000/admin-api/api/icons/pending-assets - 1ms
[POST] http://localhost:5000/admin-api/api/asset/moderate - 17ms
Start multi render
[GeneralRender] 2026-08-21T12:29:45.0346748Z Ws not available, retry in a second
Start multi render
[GeneralRender] 2026-08-21T12:29:45.0350411Z Ws not available, retry in a second
[GET] http://localhost:5000/admin-api/api/assets/pending-assets - 1ms
[info] ws connection is in state Closed, so we are re-connecting
[PROXY] http://localhost:3185/img/navigation_02012016.svg
[PROXY] http://localhost:3185/img/roblox_logo.svg
[GET] http://localhost:5000/apisite/chat/v2/chat-settings - 0ms
[PROXY] http://localhost:3185/_next/static/development/_devPagesManifest.json
[GET] http://localhost:5000/apisite/api/alerts/alert-info - 0ms
[GET] http://localhost:5000/apisite/users/v1/users/authenticated - 0ms
[PROXY] http://localhost:3185/_next/static/development/_devMiddlewareManifest.json
[GET] http://localhost:5000/apisite/friends/v1/users/1/friends - 0ms
[info] CSRF fail for http://localhost:5000/apisite/catalog/v1/catalog/items/details (P=/apisite/catalog/v1/catalog/items/details)
[GET] http://localhost:5000/apisite/economy/v1/users/1/currency - 0ms
[GET] http://localhost:5000/apisite/privatemessages/v1/messages/unread/count - 2ms
[GET] http://localhost:5000/apisite/friends/v1/user/friend-requests/count - 0ms
[GET] http://localhost:5000/apisite/chat/v2/get-user-conversations?pageNumber=1&pageSize=100 - 2ms
[PerformanceDebugging] 2026-08-21T12:29:46.0402491Z it took 0ms to run MultiGetCatalog query
[POST] http://localhost:5000/apisite/catalog/v1/catalog/items/details - 1ms
[PROXY] http://localhost:3185/img/FavoriteStar.png
[GET] http://localhost:5000/user-sponsorship/2 - 0ms
[GET] http://localhost:5000/apisite/thumbnails/v1/groups/icons?groupIds=1&format=png&size=420x420 - 0ms
[GET] http://localhost:5000/apisite/catalog/v1/recommendations/asset/11?contextAssetId=4&numItems=10 - 6ms
[GET] http://localhost:5000/apisite/premiumfeatures/v1/users/1/validate-membership - 2ms
[GET] http://localhost:5000/apisite/inventory/v1/users/1/items/Asset/4 - 11ms
[GET] http://localhost:5000/apisite/catalog/v1/favorites/users/1/assets/4/favorite - 4ms
[PROXY] http://localhost:3185/img/GenreIcons/GenreIconsSprite.png
[GET] http://localhost:5000/apisite/trades/v1/trades/inbound/count - 2ms
[PROXY] http://localhost:3185/_next/webpack-hmr
[PerformanceDebugging] 2026-08-21T12:29:46.2661907Z it took 0ms to run MultiGetCatalog query
[GET] http://localhost:5000/users/profile/robloxcollections-json?userId=1 - 26ms
[GET] http://localhost:5000/apisite/thumbnails/v1/assets?assetIds=4&format=png&size=420x420 - 0ms
[PROXY] http://localhost:3185/img/overlay_obcOnly.png
[PROXY] http://localhost:3185/img/Unofficial/settings-gear.png
[PROXY] http://localhost:3185/img/img-robux.png
[GET] http://localhost:5000/apisite/thumbnails/v1/assets?assetIds=4%2C6%2C1&format=png&size=420x420 - 1ms
[GET] http://localhost:5000/user-sponsorship/1 - 2ms
[GET] http://localhost:5000/apisite/chat/v2/get-user-conversations?pageNumber=1&pageSize=100 - 0ms
[PROXY] http://localhost:3185/_next/webpack-hmr
[PROXY] http://localhost:3185/_next/webpack-hmr
[GET] http://localhost:5000/admin-api/api/asset/moderation-details?assetId=4 - 0ms
[GET] http://localhost:5000/admin/asset/null - 0ms
[GET] http://localhost:5000/apisite/thumbnails/v1/assets?assetIds=4&format=png&size=420x420 - 0ms
[info] ConnectionManager got error in ws connection Unable to connect to the remote server
Start multi render
[GET] http://localhost:5000/admin-api/api/groups/pending-icons - 1ms
Start multi render
[GeneralRender] 2026-08-21T12:29:49.6717415Z Ws not available, retry in a second
[GeneralRender] 2026-08-21T12:29:49.6719510Z Ws not available, retry in a second
[GET] http://localhost:5000/admin-api/api/assets/pending-assets - 1ms
[POST] http://localhost:5000/admin-api/api/asset/moderate - 3ms
[GET] http://localhost:5000/admin-api/api/icons/pending-assets - 0ms
[GET] http://localhost:5000/apisite/thumbnails/v1/assets?assetIds=4%2C6%2C1&format=png&size=420x420 - 0ms
[GET] http://localhost:5000/apisite/thumbnails/v1/assets?assetIds=4%2C6&format=png&size=420x420 - 0ms
[GET] http://localhost:5000/apisite/chat/v2/get-user-conversations?pageNumber=1&pageSize=100 - 0ms
[GET] http://localhost:5000/apisite/thumbnails/v1/assets?assetIds=4%2C6&format=png&size=420x420 - 0ms
[PROXY] http://localhost:3185/_next/webpack-hmr
[info] ws connection is in state Closed, so we are re-connecting
[UserSessions] 2026-08-21T12:29:55.8574750Z Cleaning up cache. len = 1
[GET] http://localhost:5000/apisite/chat/v2/get-user-conversations?pageNumber=1&pageSize=100 - 0ms
[PROXY] http://localhost:3185/catalog
[PROXY] http://localhost:3185/_next/static/chunks/webpack.js?ts=1787315397205
[PROXY] http://localhost:3185/_next/static/chunks/main.js?ts=1787315397205
[PROXY] http://localhost:3185/_next/static/chunks/pages/_app.js?ts=1787315397205
[PROXY] http://localhost:3185/_next/static/development/_ssgManifest.js?ts=1787315397205
[PROXY] http://localhost:3185/_next/static/development/_buildManifest.js?ts=1787315397205
[PROXY] http://localhost:3185/_next/static/development/_middlewareManifest.js?ts=1787315397205
[PROXY] http://localhost:3185/img/limitedUOverlay_small.png
[PROXY] http://localhost:3185/img/limitedOverlay_small.png
[PROXY] http://localhost:3185/_next/static/chunks/react-refresh.js?ts=1787315397205
[PROXY] http://localhost:3185/img/overlay_bcCatalog.png
[PROXY] http://localhost:3185/_next/static/chunks/pages/catalog.js?ts=1787315397205
[info] ConnectionManager got error in ws connection Unable to connect to the remote server
[PROXY] http://localhost:3185/_next/webpack-hmr
[PROXY] http://localhost:3185/img/navigation_02012016.svg
[PROXY] http://localhost:3185/img/roblox_logo.svg
[PROXY] http://localhost:3185/_next/static/development/_devPagesManifest.json
[PROXY] http://localhost:3185/favicon.ico
[GET] http://localhost:5000/apisite/catalog/v1/search/items?category=Featured&limit=28&sortType=0 - 1ms
[GET] http://localhost:5000/apisite/chat/v2/chat-settings - 0ms
[info] CSRF fail for http://localhost:5000/apisite/catalog/v1/catalog/items/details (P=/apisite/catalog/v1/catalog/items/details)
[PerformanceDebugging] 2026-08-21T12:29:59.0803204Z it took 0ms to run MultiGetCatalog query
[POST] http://localhost:5000/apisite/catalog/v1/catalog/items/details - 1ms
[GET] http://localhost:5000/apisite/users/v1/users/authenticated - 0ms
[PROXY] http://localhost:3185/img/img-robux.png
[PROXY] http://localhost:3185/img/CatalogOverlays/New.png
[GET] http://localhost:5000/apisite/thumbnails/v1/assets?assetIds=1&format=png&size=420x420 - 0ms
[GET] http://localhost:5000/user-sponsorship/1 - 0ms
[GET] http://localhost:5000/apisite/friends/v1/users/1/friends - 0ms
[GET] http://localhost:5000/apisite/friends/v1/user/friend-requests/count - 0ms
[GET] http://localhost:5000/apisite/chat/v2/get-user-conversations?pageNumber=1&pageSize=100 - 0ms
[GET] http://localhost:5000/apisite/privatemessages/v1/messages/unread/count - 2ms
[GET] http://localhost:5000/apisite/economy/v1/users/1/currency - 0ms
[GET] http://localhost:5000/apisite/trades/v1/trades/inbound/count - 1ms
[GET] http://localhost:5000/apisite/thumbnails/v1/assets?assetIds=1&format=png&size=420x420 - 0ms
[GET] http://localhost:5000/apisite/catalog/v1/search/items?category=all&limit=28&sortType=0&subcategory=all - 1ms
[PerformanceDebugging] 2026-08-21T12:30:01.5540421Z it took 0ms to run MultiGetCatalog query
[POST] http://localhost:5000/apisite/catalog/v1/catalog/items/details - 1ms
[GET] http://localhost:5000/apisite/thumbnails/v1/assets?assetIds=4%2C6%2C1&format=png&size=420x420 - 0ms
[info] ws connection is in state Closed, so we are re-connecting
[GET] http://localhost:5000/apisite/thumbnails/v1/assets?assetIds=1&format=png&size=420x420 - 0ms
[PROXY] http://localhost:3185/_next/webpack-hmr
[GeneralRender] 2026-08-21T12:30:03.8000111Z Ws not available, retry in a second
[GET] http://localhost:5000/apisite/thumbnails/v1/assets?assetIds=4%2C6&format=png&size=420x420 - 0ms
[GeneralRender] 2026-08-21T12:30:03.8160065Z Ws not available, retry in a second
[GET] http://localhost:5000/apisite/chat/v2/get-user-conversations?pageNumber=1&pageSize=100 - 0ms
[GET] http://localhost:5000/apisite/thumbnails/v1/assets?assetIds=1&format=png&size=420x420 - 0ms
[GET] http://localhost:5000/apisite/thumbnails/v1/assets?assetIds=4%2C6&format=png&size=420x420 - 0ms
[info] there are 0 bad servers
[PROXY] http://localhost:3185/_next/static/development/_devMiddlewareManifest.json
[PROXY] http://localhost:3185/_next/static/chunks/pages/My/Character.aspx.js
[GET] http://localhost:5000/users/inventory/list-json?userId=1&assetTypeId=2&cursor=&itemsPerPage=10 - 4ms
[PerformanceDebugging] 2026-08-21T12:30:06.9369177Z it took 0ms to run MultiGetCatalog query
[GET] http://localhost:5000/apisite/avatar/v1/avatar - 4ms
[GET] http://localhost:5000/user-sponsorship/1 - 2ms
[GET] http://localhost:5000/apisite/avatar/v1/avatar-rules - 0ms
[GET] http://localhost:5000/apisite/thumbnails/v1/users/avatar?userIds=1&size=420x420&format=png - 1ms
[GET] http://localhost:5000/apisite/thumbnails/v1/assets?assetIds=1&format=png&size=420x420 - 0ms
[GET] http://localhost:5000/apisite/thumbnails/v1/users/avatar?userIds=1&size=420x420&format=png - 2ms
[info] ConnectionManager got error in ws connection Unable to connect to the remote server
[GET] http://localhost:5000/apisite/thumbnails/v1/assets?assetIds=1&format=png&size=420x420 - 0ms
[GET] http://localhost:5000/apisite/thumbnails/v1/users/avatar?userIds=1&size=420x420&format=png - 0ms
[GET] http://localhost:5000/apisite/thumbnails/v1/assets?assetIds=4%2C6&format=png&size=420x420 - 0ms
[PROXY] http://localhost:3185/_next/webpack-hmr
[GET] http://localhost:5000/users/inventory/list-json?userId=1&assetTypeId=11&cursor=&itemsPerPage=10 - 14ms
[GET] http://localhost:5000/apisite/thumbnails/v1/users/avatar?userIds=1&size=420x420&format=png - 0ms
[GET] http://localhost:5000/apisite/chat/v2/get-user-conversations?pageNumber=1&pageSize=100 - 0ms
[GET] http://localhost:5000/apisite/thumbnails/v1/assets?assetIds=4&format=png&size=420x420 - 0ms
[GET] http://localhost:5000/apisite/thumbnails/v1/assets?assetIds=4&format=png&size=420x420 - 0ms
[GET] http://localhost:5000/apisite/thumbnails/v1/users/avatar?userIds=1&size=420x420&format=png - 0ms
[GET] http://localhost:5000/apisite/thumbnails/v1/assets?assetIds=6&format=png&size=420x420 - 0ms
[GET] http://localhost:5000/users/inventory/list-json?userId=1&assetTypeId=12&cursor=&itemsPerPage=10 - 1ms
[GET] http://localhost:5000/apisite/thumbnails/v1/assets?assetIds=6&format=png&size=420x420 - 0ms
[GET] http://localhost:5000/apisite/thumbnails/v1/users/avatar?userIds=1&size=420x420&format=png - 0ms
[GET] http://localhost:5000/apisite/thumbnails/v1/assets?assetIds=6&format=png&size=420x420 - 0ms
[info] ws connection is in state Closed, so we are re-connecting
[PROXY] http://localhost:3185/_next/webpack-hmr
[GET] http://localhost:5000/apisite/chat/v2/get-user-conversations?pageNumber=1&pageSize=100 - 0ms
[GET] http://localhost:5000/apisite/avatar/v1/users/1/outfits?itemsPerPage=50&page=1 - 6ms
[GET] http://localhost:5000/apisite/thumbnails/v1/users/outfits?userOutfitIds=&size=420x420&format=png - 2ms
[info] ConnectionManager got error in ws connection Unable to connect to the remote server
[GET] http://localhost:5000/users/inventory/list-json?userId=1&assetTypeId=2&cursor=&itemsPerPage=10 - 0ms
[GET] http://localhost:5000/apisite/chat/v2/get-user-conversations?pageNumber=1&pageSize=100 - 0ms
[PROXY] http://localhost:3185/_next/webpack-hmr
[PROXY] http://localhost:3185/_next/static/chunks/pages/users/%5BuserId%5D/profile.js
[GET] http://localhost:5000/apisite/users/v1/users/1 - 3ms
[GET] http://localhost:5000/apisite/games/v2/users/1/games?cursor= - 1ms
[GET] http://localhost:5000/apisite/friends/v1/users/1/friends - 0ms
[GET] http://localhost:5000/apisite/friends/v1/users/1/friends/statuses?userIds=1 - 11ms
[GET] http://localhost:5000/apisite/users/v1/users/1/username-history?limit=100&cursor= - 7ms
[GET] http://localhost:5000/apisite/friends/v1/users/1/followers/count - 5ms
[POST] http://localhost:5000/apisite/friends/v1/user/following-exists - 6ms
[PerformanceDebugging] 2026-08-21T12:30:20.1407552Z it took 0ms to run MultiGetCatalog query
[GET] http://localhost:5000/users/profile/robloxcollections-json?userId=1 - 2ms
[GET] http://localhost:5000/user-sponsorship/1 - 0ms
[GET] http://localhost:5000/apisite/groups/v1/users/1/groups/roles - 1ms
[GET] http://localhost:5000/apisite/thumbnails/v1/users/avatar?userIds=2&size=420x420&format=png - 0ms
[PerformanceDebugging] 2026-08-21T12:30:20.1485634Z it took 0ms to run MultiGetCatalog query
[GET] http://localhost:5000/apisite/avatar/v1/users/1/avatar - 5ms
[GET] http://localhost:5000/users/favorites/list-json?userId=1&assetTypeId=9&pageNumber=1&itemsPerPage=6 - 8ms
[POST] http://localhost:5000/apisite/presence/v1/presence/users - 12ms
[GET] http://localhost:5000/apisite/thumbnails/v1/users/avatar-headshot?userIds=1&size=420x420&format=png - 0ms
[GET] http://localhost:5000/apisite/premiumfeatures/v1/users/1/validate-membership - 0ms
[GET] http://localhost:5000/apisite/friends/v1/users/1/followings/count - 2ms
[GET] http://localhost:5000/apisite/premiumfeatures/v1/users/1/validate-membership - 0ms
[GET] http://localhost:5000/apisite/thumbnails/v1/users/avatar?userIds=2&size=420x420&format=png - 0ms
[PROXY] http://localhost:3185/img/FriendsStatus.svg
[PROXY] http://localhost:3185/img/bc.svg
[PROXY] http://localhost:3185/_next/static/chunks/pages/home.js
[GET] http://localhost:5000/apisite/accountinformation/v1/users/1/roblox-badges - 8ms
[GET] http://localhost:5000/apisite/thumbnails/v1/groups/icons?groupIds=1&format=png&size=420x420 - 1ms
[PROXY] http://localhost:3185/img/roblox_badges.svg
[PROXY] http://localhost:3185/img/generic_03112016.svg
[POST] http://localhost:5000/apisite/presence/v1/presence/users - 1ms
[PROXY] http://localhost:3185/_next/data/development/home.json
[GET] http://localhost:5000/apisite/friends/v1/users/1/friends - 0ms
[GET] http://localhost:5000/user-sponsorship/2 - 0ms
[GET] http://localhost:5000/apisite/games/v1/games/sorts?gameSortsContext=HomeSorts - 7ms
[GET] http://localhost:5000/apisite/thumbnails/v1/users/avatar-headshot?userIds=1&size=420x420&format=png - 0ms
[POST] http://localhost:5000/apisite/presence/v1/presence/users - 1ms
[GET] http://localhost:5000/apisite/thumbnails/v1/users/avatar?userIds=2&size=420x420&format=png - 0ms
[GET] http://localhost:5000/user-sponsorship/2 - 0ms
[info] ws connection is in state Closed, so we are re-connecting
[GET] http://localhost:5000/apisite/thumbnails/v1/users/avatar?userIds=2&size=420x420&format=png - 0ms
[GET] http://localhost:5000/apisite/friends/v1/users/1/friends/statuses?userIds=1 - 0ms
[GET] http://localhost:5000/apisite/friends/v1/users/1/followers/count - 0ms
[GET] http://localhost:5000/apisite/users/v1/users/1 - 0ms
[POST] http://localhost:5000/apisite/friends/v1/user/following-exists - 2ms
[GET] http://localhost:5000/apisite/games/v2/users/1/games?cursor= - 0ms
[GET] http://localhost:5000/apisite/friends/v1/users/1/friends - 0ms
[GET] http://localhost:5000/apisite/friends/v1/users/1/followings/count - 0ms
[GET] http://localhost:5000/apisite/users/v1/users/1/username-history?limit=100&cursor= - 0ms
[GET] http://localhost:5000/apisite/groups/v1/users/1/groups/roles - 1ms
[GET] http://localhost:5000/apisite/premiumfeatures/v1/users/1/validate-membership - 0ms
[GET] http://localhost:5000/users/favorites/list-json?userId=1&assetTypeId=9&pageNumber=1&itemsPerPage=6 - 0ms
[GET] http://localhost:5000/apisite/thumbnails/v1/groups/icons?groupIds=1&format=png&size=420x420 - 0ms
[GET] http://localhost:5000/apisite/accountinformation/v1/users/1/roblox-badges - 1ms
[POST] http://localhost:5000/apisite/presence/v1/presence/users - 0ms
[GET] http://localhost:5000/apisite/thumbnails/v1/users/avatar?userIds=2&size=420x420&format=png - 0ms
[POST] http://localhost:5000/apisite/presence/v1/presence/users - 0ms
[GET] http://localhost:5000/user-sponsorship/1 - 0ms
[GET] http://localhost:5000/apisite/thumbnails/v1/users/avatar-headshot?userIds=1&size=420x420&format=png - 0ms
[GET] http://localhost:5000/apisite/premiumfeatures/v1/users/1/validate-membership - 0ms
[PerformanceDebugging] 2026-08-21T12:30:22.6733264Z it took 0ms to run MultiGetCatalog query
[GET] http://localhost:5000/apisite/avatar/v1/users/1/avatar - 2ms
[PerformanceDebugging] 2026-08-21T12:30:22.6889489Z it took 0ms to run MultiGetCatalog query
[GET] http://localhost:5000/users/profile/robloxcollections-json?userId=1 - 2ms
[GeneralRender] 2026-08-21T12:30:22.8735772Z Ws not available, retry in a second
[GeneralRender] 2026-08-21T12:30:22.8735773Z Ws not available, retry in a second
[GeneralRender] 2026-08-21T12:30:23.8754812Z Ws not available, retry in a second
[GeneralRender] 2026-08-21T12:30:23.8754812Z Ws not available, retry in a second
[GET] http://localhost:5000/apisite/chat/v2/get-user-conversations?pageNumber=1&pageSize=100 - 0ms
[GET] http://localhost:5000/apisite/thumbnails/v1/users/avatar?userIds=2&size=420x420&format=png - 0ms
[info] Roblox.Cache.DistributedCache: Removing 0 expired items
[PROXY] http://localhost:3185/_next/static/chunks/pages/My/Groups.aspx.js
[PROXY] http://localhost:3185/_next/webpack-hmr
[GET] http://localhost:5000/user-sponsorship/2 - 0ms
[GET] http://localhost:5000/apisite/groups/v1/users/1/groups/roles - 2ms
[GET] http://localhost:5000/apisite/games/v2/groups/1/games?cursor= - 1ms
[Group] 2026-08-21T12:30:25.0255102Z User primary group is 1
[GET] http://localhost:5000/apisite/groups/v1/users/1/groups/primary/role - 1ms
[GET] http://localhost:5000/apisite/economy/v1/groups/1/currency - 3ms
[GET] http://localhost:5000/apisite/groups/v2/groups/1/wall/posts?sortOrder=Desc&limit=10&cursor= - 3ms
[GET] http://localhost:5000/apisite/groups/v1/groups/1/roles - 0ms
[GET] http://localhost:5000/apisite/economy/v1/groups/1/currency - 2ms
[GET] http://localhost:5000/apisite/groups/v1/groups/1/roles/2/users?cursor=&limit=10&sortOrder=desc - 0ms
[GET] http://localhost:5000/apisite/economy/v1/groups/1/currency - 4ms
[GET] http://localhost:5000/apisite/thumbnails/v1/groups/icons?groupIds=1&format=png&size=420x420 - 0ms
[GET] http://localhost:5000/apisite/groups/v1/groups/1/roles/4/permissions - 1ms
[GET] http://localhost:5000/apisite/thumbnails/v1/groups/icons?groupIds=1&format=png&size=420x420 - 0ms
[GET] http://localhost:5000/apisite/economy/v1/groups/1/currency - 1ms
[GET] http://localhost:5000/apisite/economy/v1/groups/1/currency - 1ms
[info] ConnectionManager got error in ws connection Unable to connect to the remote server
[UserSessions] 2026-08-21T12:30:25.7733317Z Cleaning up cache. len = 1
[UserSessions] 2026-08-21T12:30:25.8720885Z Cleaning up cache. len = 1
[GET] http://localhost:5000/apisite/catalog/v1/search/items?category=All&limit=50&sortType=Updated&creatorTargetId=1&creatorType=Group - 1ms
[PerformanceDebugging] 2026-08-21T12:30:26.4785611Z it took 0ms to run MultiGetCatalog query
[POST] http://localhost:5000/apisite/catalog/v1/catalog/items/details - 1ms
[GET] http://localhost:5000/apisite/chat/v2/get-user-conversations?pageNumber=1&pageSize=100 - 0ms
[PROXY] http://localhost:3185/_next/webpack-hmr
[info] ws connection is in state Closed, so we are re-connecting
[GeneralRender] 2026-08-21T12:30:32.2065322Z Ws not available, retry in a second
[GeneralRender] 2026-08-21T12:30:32.2241300Z Ws not available, retry in a second
[GET] http://localhost:5000/admin - 0ms
[GET] http://localhost:5000/admin/build-redirect/bundle.css - 0ms
[GET] http://localhost:5000/admin/build-redirect/bundle.js - 0ms
[GET] http://localhost:5000/admin/build/14022f85-a910-4b6c-9371-77c01d246d48/bundle.css - 1ms
[GET] http://localhost:5000/admin/build/14022f85-a910-4b6c-9371-77c01d246d48/bundle.js - 48ms
[GET] http://localhost:5000/admin/favicon.png - 0ms
[GET] http://localhost:5000/admin-api/api/permissions - 1ms
[GET] http://localhost:5000/admin-api/api/user-joins?period=past-hour - 0ms
[GET] http://localhost:5000/admin-api/api/players/in-game - 0ms
[GET] http://localhost:5000/admin-api/api/alert - 0ms
[GET] http://localhost:5000/admin-api/api/groups/pending-icons - 0ms
[GET] http://localhost:5000/admin-api/api/icons/pending-assets - 0ms
[GET] http://localhost:5000/admin-api/api/players/online-count - 0ms
Start multi render
[GeneralRender] 2026-08-21T12:30:33.4861773Z Ws not available, retry in a second
Start multi render
[GeneralRender] 2026-08-21T12:30:33.4865598Z Ws not available, retry in a second
[GET] http://localhost:5000/admin-api/api/assets/pending-assets - 1ms
[GET] http://localhost:5000/admin-api/api/user-joins?period=past-day - 0ms
[GET] http://localhost:5000/apisite/chat/v2/get-user-conversations?pageNumber=1&pageSize=100 - 0ms
[info] ConnectionManager got error in ws connection Unable to connect to the remote server
[PROXY] http://localhost:3185/_next/webpack-hmr
[info] there are 0 bad servers
[GET] http://localhost:5000/admin/favicon.png - 0ms
[GET] http://localhost:5000/admin-api/api/assets/comments?limit=25&offset=0&sortOrder=asc&exclusiveStartId= - 2ms
[GET] http://localhost:5000/admin-api/api/groups/wall?limit=25&offset=0&sortOrder=asc&exclusiveStartId=0 - 1ms
[GET] http://localhost:5000/admin-api/api/groups/status?limit=25&offset=0&sortOrder=asc&exclusiveStartId=0 - 2ms
[GET] http://localhost:5000/apisite/forums/v1/stats - 14ms
[GET] http://localhost:5000/admin-api/api/users/status?limit=25&offset=0&sortOrder=asc&exclusiveStartId=0 - 2ms
[GET] http://localhost:5000/apisite/forums/v1/posts/list?limit=25&offset=0&sortOrder=asc&exclusiveStartId= - 0ms
[GET] http://localhost:5000/admin/favicon.png - 0ms
[GET] http://localhost:5000/apisite/chat/v2/get-user-conversations?pageNumber=1&pageSize=100 - 0ms
[info] ws connection is in state Closed, so we are re-connecting
[PROXY] http://localhost:3185/_next/webpack-hmr
[info] ConnectionManager got error in ws connection Unable to connect to the remote server
[GET] http://localhost:5000/apisite/chat/v2/get-user-conversations?pageNumber=1&pageSize=100 - 0ms
[GeneralRender] 2026-08-21T12:30:45.0426276Z Ws not available, retry in a second
[GeneralRender] 2026-08-21T12:30:45.0426275Z Ws not available, retry in a second
[PROXY] http://localhost:3185/_next/webpack-hmr
[info] ws connection is in state Closed, so we are re-connecting
[GET] http://localhost:5000/apisite/chat/v2/get-user-conversations?pageNumber=1&pageSize=100 - 0ms
[GeneralRender] 2026-08-21T12:30:49.6776360Z Ws not available, retry in a second
[GeneralRender] 2026-08-21T12:30:49.6776360Z Ws not available, retry in a second
[info] ConnectionManager got error in ws connection Unable to connect to the remote server
[PROXY] http://localhost:3185/_next/webpack-hmr
[GET] http://localhost:5000/apisite/chat/v2/get-user-conversations?pageNumber=1&pageSize=100 - 0ms
[UserSessions] 2026-08-21T12:30:55.8733851Z Cleaning up cache. len = 1
[info] ws connection is in state Closed, so we are re-connecting
[GET] http://localhost:5000/apisite/chat/v2/get-user-conversations?pageNumber=1&pageSize=100 - 0ms
[PROXY] http://localhost:3185/_next/webpack-hmr
[info] ConnectionManager got error in ws connection Unable to connect to the remote server
[GeneralRender] 2026-08-21T12:31:03.8086482Z Ws not available, retry in a second
[GeneralRender] 2026-08-21T12:31:03.8411331Z Ws not available, retry in a second
[GET] http://localhost:5000/apisite/chat/v2/get-user-conversations?pageNumber=1&pageSize=100 - 0ms
[info] there are 0 bad servers
[info] ws connection is in state Closed, so we are re-connecting
[GET] http://localhost:5000/apisite/chat/v2/get-user-conversations?pageNumber=1&pageSize=100 - 0ms
[PROXY] http://localhost:3185/_next/webpack-hmr
[info] ConnectionManager got error in ws connection Unable to connect to the remote server
[GET] http://localhost:5000/apisite/chat/v2/get-user-conversations?pageNumber=1&pageSize=100 - 0ms
[info] ws connection is in state Closed, so we are re-connecting
[PROXY] http://localhost:3185/_next/webpack-hmr
[GET] http://localhost:5000/apisite/chat/v2/get-user-conversations?pageNumber=1&pageSize=100 - 0ms
[info] ConnectionManager got error in ws connection Unable to connect to the remote server
[GeneralRender] 2026-08-21T12:31:22.8946588Z Ws not available, retry in a second
[GeneralRender] 2026-08-21T12:31:22.8946588Z Ws not available, retry in a second
[GeneralRender] 2026-08-21T12:31:23.8820065Z Ws not available, retry in a second
[GeneralRender] 2026-08-21T12:31:23.8977720Z Ws not available, retry in a second
[info] Roblox.Cache.DistributedCache: Removing 0 expired items
[GET] http://localhost:5000/apisite/chat/v2/get-user-conversations?pageNumber=1&pageSize=100 - 0ms
[info] ws connection is in state Closed, so we are re-connecting
[UserSessions] 2026-08-21T12:31:25.7837578Z Cleaning up cache. len = 1
[UserSessions] 2026-08-21T12:31:25.8897021Z Cleaning up cache. len = 1
[PROXY] http://localhost:3185/_next/webpack-hmr
[info] ConnectionManager got error in ws connection Unable to connect to the remote server
[GET] http://localhost:5000/apisite/chat/v2/get-user-conversations?pageNumber=1&pageSize=100 - 0ms
[GeneralRender] 2026-08-21T12:31:32.2250670Z Ws not available, retry in a second
[GeneralRender] 2026-08-21T12:31:32.2250669Z Ws not available, retry in a second
[GeneralRender] 2026-08-21T12:31:33.5056720Z Ws not available, retry in a second
[GeneralRender] 2026-08-21T12:31:33.5056720Z Ws not available, retry in a second
[info] ws connection is in state Closed, so we are re-connecting
[GET] http://localhost:5000/apisite/chat/v2/get-user-conversations?pageNumber=1&pageSize=100 - 0ms
[info] there are 0 bad servers
[info] ConnectionManager got error in ws connection Unable to connect to the remote server
[PROXY] http://localhost:3185/_next/webpack-hmr
[GET] http://localhost:5000/apisite/chat/v2/get-user-conversations?pageNumber=1&pageSize=100 - 0ms
[info] ws connection is in state Closed, so we are re-connecting
[GET] http://localhost:5000/apisite/chat/v2/get-user-conversations?pageNumber=1&pageSize=100 - 0ms
[GeneralRender] 2026-08-21T12:31:45.0583354Z Ws not available, retry in a second
[GeneralRender] 2026-08-21T12:31:45.0583392Z Ws not available, retry in a second
[info] ConnectionManager got error in ws connection Unable to connect to the remote server
[PROXY] http://localhost:3185/_next/webpack-hmr
[GET] http://localhost:5000/apisite/chat/v2/get-user-conversations?pageNumber=1&pageSize=100 - 0ms
[GeneralRender] 2026-08-21T12:31:49.6916841Z Ws not available, retry in a second
[GeneralRender] 2026-08-21T12:31:49.6916841Z Ws not available, retry in a second
[info] ws connection is in state Closed, so we are re-connecting
[GET] http://localhost:5000/apisite/chat/v2/get-user-conversations?pageNumber=1&pageSize=100 - 0ms
[UserSessions] 2026-08-21T12:31:55.9073854Z Cleaning up cache. len = 1
[info] ConnectionManager got error in ws connection Unable to connect to the remote server
[PROXY] http://localhost:3185/_next/webpack-hmr
[GET] http://localhost:5000/apisite/chat/v2/get-user-conversations?pageNumber=1&pageSize=100 - 0ms
[info] ws connection is in state Closed, so we are re-connecting
[GeneralRender] 2026-08-21T12:32:03.8244408Z Ws not available, retry in a second
[GeneralRender] 2026-08-21T12:32:03.8569928Z Ws not available, retry in a second
[GET] http://localhost:5000/apisite/chat/v2/get-user-conversations?pageNumber=1&pageSize=100 - 0ms
[info] ConnectionManager got error in ws connection Unable to connect to the remote server
[info] there are 0 bad servers
[PROXY] http://localhost:3185/_next/webpack-hmr
[GET] http://localhost:5000/apisite/chat/v2/get-user-conversations?pageNumber=1&pageSize=100 - 0ms
[info] ws connection is in state Closed, so we are re-connecting
[GET] http://localhost:5000/apisite/chat/v2/get-user-conversations?pageNumber=1&pageSize=100 - 0ms
[info] ConnectionManager got error in ws connection Unable to connect to the remote server
[PROXY] http://localhost:3185/_next/webpack-hmr
[GET] http://localhost:5000/apisite/chat/v2/get-user-conversations?pageNumber=1&pageSize=100 - 0ms
[info] ws connection is in state Closed, so we are re-connecting
[GeneralRender] 2026-08-21T12:32:22.9033185Z Ws not available, retry in a second
[GeneralRender] 2026-08-21T12:32:22.9033230Z Ws not available, retry in a second
[info] ConnectionManager got error in ws connection Unable to connect to the remote server
[PROXY] http://localhost:3185/_next/webpack-hmr
[GeneralRender] 2026-08-21T12:32:23.8899114Z Ws not available, retry in a second
[GeneralRender] 2026-08-21T12:32:23.9050802Z Ws not available, retry in a second
[info] Roblox.Cache.DistributedCache: Removing 0 expired items
[GET] http://localhost:5000/apisite/chat/v2/get-user-conversations?pageNumber=1&pageSize=100 - 0ms
[UserSessions] 2026-08-21T12:32:25.7994714Z Cleaning up cache. len = 1
[UserSessions] 2026-08-21T12:32:25.9125040Z Cleaning up cache. len = 1
[info] ws connection is in state Closed, so we are re-connecting
[GET] http://localhost:5000/apisite/chat/v2/get-user-conversations?pageNumber=1&pageSize=100 - 0ms
[PROXY] http://localhost:3185/_next/webpack-hmr
[GeneralRender] 2026-08-21T12:32:32.2394899Z Ws not available, retry in a second
[GeneralRender] 2026-08-21T12:32:32.2394899Z Ws not available, retry in a second
[info] ConnectionManager got error in ws connection Unable to connect to the remote server
[GeneralRender] 2026-08-21T12:32:33.5172843Z Ws not available, retry in a second
[GeneralRender] 2026-08-21T12:32:33.5172843Z Ws not available, retry in a second
[GET] http://localhost:5000/apisite/chat/v2/get-user-conversations?pageNumber=1&pageSize=100 - 0ms
[info] there are 0 bad servers
[info] ws connection is in state Closed, so we are re-connecting
[PROXY] http://localhost:3185/_next/webpack-hmr
[info] ConnectionManager got error in ws connection Unable to connect to the remote server
[GeneralRender] 2026-08-21T12:32:45.0633473Z Ws not available, retry in a second
[GeneralRender] 2026-08-21T12:32:45.0633472Z Ws not available, retry in a second
[info] ws connection is in state Closed, so we are re-connecting
[PROXY] http://localhost:3185/_next/webpack-hmr
[GeneralRender] 2026-08-21T12:32:49.7181917Z Ws not available, retry in a second
[GeneralRender] 2026-08-21T12:32:49.7181917Z Ws not available, retry in a second
[info] ConnectionManager got error in ws connection Unable to connect to the remote server
[info] ws connection is in state Closed, so we are re-connecting
[UserSessions] 2026-08-21T12:32:55.9267050Z Cleaning up cache. len = 1
[PROXY] http://localhost:3185/_next/webpack-hmr
[info] ConnectionManager got error in ws connection Unable to connect to the remote server
[GeneralRender] 2026-08-21T12:33:03.8402038Z Ws not available, retry in a second
[GeneralRender] 2026-08-21T12:33:03.8711782Z Ws not available, retry in a second
[info] ws connection is in state Closed, so we are re-connecting
[info] there are 0 bad servers
[PROXY] http://localhost:3185/_next/webpack-hmr
[info] ConnectionManager got error in ws connection Unable to connect to the remote server
[info] ws connection is in state Closed, so we are re-connecting
[PROXY] http://localhost:3185/_next/webpack-hmr
[info] ConnectionManager got error in ws connection Unable to connect to the remote server
[GET] http://localhost:5000/apisite/chat/v2/get-user-conversations?pageNumber=1&pageSize=100 - 0ms
[PROXY] http://localhost:3185/_next/webpack-hmr
[info] ws connection is in state Closed, so we are re-connecting
[GeneralRender] 2026-08-21T12:33:22.9038186Z Ws not available, retry in a second
[GeneralRender] 2026-08-21T12:33:22.9038322Z Ws not available, retry in a second
[GeneralRender] 2026-08-21T12:33:23.9072792Z Ws not available, retry in a second
[GeneralRender] 2026-08-21T12:33:23.9072766Z Ws not available, retry in a second
[info] Roblox.Cache.DistributedCache: Removing 0 expired items
[UserSessions] 2026-08-21T12:33:25.8065194Z Cleaning up cache. len = 1
[UserSessions] 2026-08-21T12:33:25.9344540Z Cleaning up cache. len = 1
[info] ConnectionManager got error in ws connection Unable to connect to the remote server
[PROXY] http://localhost:3185/_next/webpack-hmr
[info] ws connection is in state Closed, so we are re-connecting
[GeneralRender] 2026-08-21T12:33:32.2502601Z Ws not available, retry in a second
[GeneralRender] 2026-08-21T12:33:32.2502632Z Ws not available, retry in a second
[GeneralRender] 2026-08-21T12:33:33.5251984Z Ws not available, retry in a second
[GeneralRender] 2026-08-21T12:33:33.5251984Z Ws not available, retry in a second
[info] ConnectionManager got error in ws connection Unable to connect to the remote server
[info] there are 0 bad servers
[info] ws connection is in state Closed, so we are re-connecting
[PROXY] http://localhost:3185/_next/webpack-hmr
[GeneralRender] 2026-08-21T12:33:45.0688152Z Ws not available, retry in a second
[GeneralRender] 2026-08-21T12:33:45.0747287Z Ws not available, retry in a second
[info] ConnectionManager got error in ws connection Unable to connect to the remote server
[GeneralRender] 2026-08-21T12:33:49.7414711Z Ws not available, retry in a second
[GeneralRender] 2026-08-21T12:33:49.7414714Z Ws not available, retry in a second
[info] ws connection is in state Closed, so we are re-connecting
[PROXY] http://localhost:3185/_next/webpack-hmr
[GET] http://localhost:5000/apisite/chat/v2/get-user-conversations?pageNumber=1&pageSize=100 - 2ms
[info] ConnectionManager got error in ws connection Unable to connect to the remote server
[GET] http://localhost:5000/apisite/chat/v2/get-user-conversations?pageNumber=1&pageSize=100 - 0ms
[UserSessions] 2026-08-21T12:33:55.9540514Z Cleaning up cache. len = 1
[PROXY] http://localhost:3185/_next/webpack-hmr
[info] ws connection is in state Closed, so we are re-connecting
[GET] http://localhost:5000/apisite/chat/v2/get-user-conversations?pageNumber=1&pageSize=100 - 0ms
[info] ConnectionManager got error in ws connection Unable to connect to the remote server
[GeneralRender] 2026-08-21T12:34:03.8624612Z Ws not available, retry in a second
[GeneralRender] 2026-08-21T12:34:03.8779705Z Ws not available, retry in a second
[GET] http://localhost:5000/apisite/chat/v2/get-user-conversations?pageNumber=1&pageSize=100 - 0ms
[info] there are 0 bad servers
[PROXY] http://localhost:3185/_next/webpack-hmr
[info] ws connection is in state Closed, so we are re-connecting
[GET] http://localhost:5000/apisite/chat/v2/get-user-conversations?pageNumber=1&pageSize=100 - 0ms
[info] ConnectionManager got error in ws connection Unable to connect to the remote server
[GET] http://localhost:5000/apisite/chat/v2/get-user-conversations?pageNumber=1&pageSize=100 - 0ms
[info] ws connection is in state Closed, so we are re-connecting
[PROXY] http://localhost:3185/_next/webpack-hmr
[GET] http://localhost:5000/apisite/chat/v2/get-user-conversations?pageNumber=1&pageSize=100 - 0ms
[info] ConnectionManager got error in ws connection Unable to connect to the remote server
[GeneralRender] 2026-08-21T12:34:22.9067545Z Ws not available, retry in a second
[GeneralRender] 2026-08-21T12:34:22.9067545Z Ws not available, retry in a second
[GeneralRender] 2026-08-21T12:34:23.9232174Z Ws not available, retry in a second
[GeneralRender] 2026-08-21T12:34:23.9232174Z Ws not available, retry in a second
[GET] http://localhost:5000/apisite/chat/v2/get-user-conversations?pageNumber=1&pageSize=100 - 0ms
[info] Roblox.Cache.DistributedCache: Removing 0 expired items
[UserSessions] 2026-08-21T12:34:25.8234302Z Cleaning up cache. len = 1
[UserSessions] 2026-08-21T12:34:25.9571271Z Cleaning up cache. len = 1
[PROXY] http://localhost:3185/_next/webpack-hmr
[info] ws connection is in state Closed, so we are re-connecting
[GET] http://localhost:5000/apisite/chat/v2/get-user-conversations?pageNumber=1&pageSize=100 - 0ms
[info] ConnectionManager got error in ws connection Unable to connect to the remote server
[GeneralRender] 2026-08-21T12:34:32.2739219Z Ws not available, retry in a second
[GeneralRender] 2026-08-21T12:34:32.2739219Z Ws not available, retry in a second
[PROXY] http://localhost:3185/_next/webpack-hmr
[GeneralRender] 2026-08-21T12:34:33.5397890Z Ws not available, retry in a second
[GeneralRender] 2026-08-21T12:34:33.5397891Z Ws not available, retry in a second
[GET] http://localhost:5000/apisite/chat/v2/get-user-conversations?pageNumber=1&pageSize=100 - 0ms
[info] ws connection is in state Closed, so we are re-connecting
[info] there are 0 bad servers
[GET] http://localhost:5000/apisite/chat/v2/get-user-conversations?pageNumber=1&pageSize=100 - 0ms
[info] ConnectionManager got error in ws connection Unable to connect to the remote server
[PROXY] http://localhost:3185/_next/webpack-hmr
[GET] http://localhost:5000/apisite/chat/v2/get-user-conversations?pageNumber=1&pageSize=100 - 0ms
[info] ws connection is in state Closed, so we are re-connecting
[GeneralRender] 2026-08-21T12:34:45.0739819Z Ws not available, retry in a second
[GeneralRender] 2026-08-21T12:34:45.0739811Z Ws not available, retry in a second
[info] ConnectionManager got error in ws connection Unable to connect to the remote server
[GET] http://localhost:5000/apisite/chat/v2/get-user-conversations?pageNumber=1&pageSize=100 - 0ms
[GeneralRender] 2026-08-21T12:34:49.7567010Z Ws not available, retry in a second
[GeneralRender] 2026-08-21T12:34:49.7567010Z Ws not available, retry in a second
[PROXY] http://localhost:3185/_next/webpack-hmr
[info] ws connection is in state Closed, so we are re-connecting
[GET] http://localhost:5000/apisite/chat/v2/get-user-conversations?pageNumber=1&pageSize=100 - 0ms
[UserSessions] 2026-08-21T12:34:55.9722814Z Cleaning up cache. len = 1
[info] ConnectionManager got error in ws connection Unable to connect to the remote server
[PROXY] http://localhost:3185/_next/webpack-hmr
[info] ws connection is in state Closed, so we are re-connecting
[GeneralRender] 2026-08-21T12:35:03.8781358Z Ws not available, retry in a second
[GeneralRender] 2026-08-21T12:35:03.8781358Z Ws not available, retry in a second
[info] there are 0 bad servers
[info] ConnectionManager got error in ws connection Unable to connect to the remote server
[PROXY] http://localhost:3185/_next/webpack-hmr
[info] ws connection is in state Closed, so we are re-connecting
[info] ConnectionManager got error in ws connection Unable to connect to the remote server
[PROXY] http://localhost:3185/_next/webpack-hmr
[GET] http://localhost:5000/apisite/chat/v2/get-user-conversations?pageNumber=1&pageSize=100 - 0ms
[info] ws connection is in state Closed, so we are re-connecting
[GeneralRender] 2026-08-21T12:35:22.9191380Z Ws not available, retry in a second
[GeneralRender] 2026-08-21T12:35:22.9191380Z Ws not available, retry in a second
[GeneralRender] 2026-08-21T12:35:23.9284939Z Ws not available, retry in a second
[GeneralRender] 2026-08-21T12:35:23.9284939Z Ws not available, retry in a second
[info] Roblox.Cache.DistributedCache: Removing 0 expired items
[info] ConnectionManager got error in ws connection Unable to connect to the remote server
[PROXY] http://localhost:3185/_next/webpack-hmr
[UserSessions] 2026-08-21T12:35:25.8362707Z Cleaning up cache. len = 1
[UserSessions] 2026-08-21T12:35:25.9794493Z Cleaning up cache. len = 1
[info] ws connection is in state Closed, so we are re-connecting
[GeneralRender] 2026-08-21T12:35:32.2837292Z Ws not available, retry in a second
[GeneralRender] 2026-08-21T12:35:32.2837292Z Ws not available, retry in a second
[GeneralRender] 2026-08-21T12:35:33.5481764Z Ws not available, retry in a second
[GeneralRender] 2026-08-21T12:35:33.5481764Z Ws not available, retry in a second
[info] ConnectionManager got error in ws connection Unable to connect to the remote server
[PROXY] http://localhost:3185/_next/webpack-hmr
[info] there are 0 bad servers
[info] ws connection is in state Closed, so we are re-connecting
[PROXY] http://localhost:3185/_next/webpack-hmr
[info] ConnectionManager got error in ws connection Unable to connect to the remote server
[GeneralRender] 2026-08-21T12:35:45.0811547Z Ws not available, retry in a second
[GeneralRender] 2026-08-21T12:35:45.0811589Z Ws not available, retry in a second
[info] ws connection is in state Closed, so we are re-connecting
[GeneralRender] 2026-08-21T12:35:49.7658270Z Ws not available, retry in a second
[GeneralRender] 2026-08-21T12:35:49.7658269Z Ws not available, retry in a second
[info] ConnectionManager got error in ws connection Unable to connect to the remote server
[PROXY] http://localhost:3185/_next/webpack-hmr
[UserSessions] 2026-08-21T12:35:55.9799535Z Cleaning up cache. len = 1
[info] ws connection is in state Closed, so we are re-connecting
[GET] http://localhost:5000/apisite/chat/v2/get-user-conversations?pageNumber=1&pageSize=100 - 0ms
[info] ConnectionManager got error in ws connection Unable to connect to the remote server
[PROXY] http://localhost:3185/_next/webpack-hmr
[PROXY] http://localhost:3185/My/Groups.aspx
[PROXY] http://localhost:3185/_next/static/chunks/react-refresh.js?ts=1787315761948
[PROXY] http://localhost:3185/_next/static/chunks/pages/_app.js?ts=1787315761948
[PROXY] http://localhost:3185/_next/static/development/_buildManifest.js?ts=1787315761948
[PROXY] http://localhost:3185/_next/static/development/_ssgManifest.js?ts=1787315761948
[PROXY] http://localhost:3185/_next/static/chunks/webpack.js?ts=1787315761948
[PROXY] http://localhost:3185/_next/static/development/_middlewareManifest.js?ts=1787315761948
[PROXY] http://localhost:3185/_next/static/chunks/pages/My/Groups.aspx.js?ts=1787315761948
[PROXY] http://localhost:3185/_next/static/chunks/main.js?ts=1787315761948
[PROXY] http://localhost:3185/img/navigation_02012016.svg
[PROXY] http://localhost:3185/img/roblox_logo.svg
[PROXY] http://localhost:3185/_next/static/development/_devPagesManifest.json
[GET] http://localhost:5000/user-sponsorship/2 - 5ms
[GET] http://localhost:5000/apisite/api/alerts/alert-info - 0ms
[GET] http://localhost:5000/apisite/users/v1/users/authenticated - 0ms
[PROXY] http://localhost:3185/favicon.ico
[GET] http://localhost:5000/apisite/friends/v1/user/friend-requests/count - 2ms
[GET] http://localhost:5000/apisite/economy/v1/users/1/currency - 1ms
[GET] http://localhost:5000/apisite/groups/v1/users/1/groups/roles - 9ms
[GeneralRender] 2026-08-21T12:36:03.8909840Z Ws not available, retry in a second
[GeneralRender] 2026-08-21T12:36:03.8909841Z Ws not available, retry in a second
[GET] http://localhost:5000/apisite/trades/v1/trades/inbound/count - 2ms
[Group] 2026-08-21T12:36:04.0065643Z User primary group is 1
[GET] http://localhost:5000/apisite/groups/v1/users/1/groups/primary/role - 6ms
[GET] http://localhost:5000/apisite/economy/v1/groups/1/currency - 7ms
[GET] http://localhost:5000/apisite/thumbnails/v1/groups/icons?groupIds=1&format=png&size=420x420 - 1ms
[GET] http://localhost:5000/apisite/privatemessages/v1/messages/unread/count - 2ms
[GET] http://localhost:5000/apisite/games/v2/groups/1/games?cursor= - 1ms
[GET] http://localhost:5000/apisite/groups/v1/groups/1/roles/4/permissions - 2ms
[PROXY] http://localhost:3185/img/img-robux.png
[GET] http://localhost:5000/apisite/economy/v1/groups/1/currency - 2ms
[GET] http://localhost:5000/apisite/thumbnails/v1/groups/icons?groupIds=1&format=png&size=420x420 - 0ms
[GET] http://localhost:5000/apisite/groups/v1/groups/1/roles - 0ms
[GET] http://localhost:5000/apisite/groups/v2/groups/1/wall/posts?sortOrder=Desc&limit=10&cursor= - 3ms
[GET] http://localhost:5000/apisite/chat/v2/chat-settings - 0ms
[GET] http://localhost:5000/apisite/economy/v1/groups/1/currency - 1ms
[GET] http://localhost:5000/apisite/groups/v1/groups/1/roles/2/users?cursor=&limit=10&sortOrder=desc - 0ms
[GET] http://localhost:5000/apisite/friends/v1/users/1/friends - 2ms
[GET] http://localhost:5000/apisite/chat/v2/get-user-conversations?pageNumber=1&pageSize=100 - 0ms
[GET] http://localhost:5000/apisite/economy/v1/groups/1/currency - 1ms
[GET] http://localhost:5000/apisite/economy/v1/groups/1/currency - 1ms
[GET] http://localhost:5000/apisite/economy/v1/groups/1/currency - 2ms
[PROXY] http://localhost:3185/_next/webpack-hmr
[info] ws connection is in state Closed, so we are re-connecting
[info] there are 0 bad servers
[GET] http://localhost:5000/apisite/chat/v2/get-user-conversations?pageNumber=1&pageSize=100 - 3ms
[info] ConnectionManager got error in ws connection Unable to connect to the remote server
[PROXY] http://localhost:3185/_next/webpack-hmr
[GET] http://localhost:5000/apisite/chat/v2/get-user-conversations?pageNumber=1&pageSize=100 - 0ms
[info] ws connection is in state Closed, so we are re-connecting
[GET] http://localhost:5000/apisite/chat/v2/get-user-conversations?pageNumber=1&pageSize=100 - 0ms
[info] ConnectionManager got error in ws connection Unable to connect to the remote server
[PROXY] http://localhost:3185/_next/webpack-hmr
[GeneralRender] 2026-08-21T12:36:22.9342698Z Ws not available, retry in a second
[GeneralRender] 2026-08-21T12:36:22.9342698Z Ws not available, retry in a second
[GeneralRender] 2026-08-21T12:36:23.9367428Z Ws not available, retry in a second
[GeneralRender] 2026-08-21T12:36:23.9367428Z Ws not available, retry in a second
[GET] http://localhost:5000/apisite/chat/v2/get-user-conversations?pageNumber=1&pageSize=100 - 0ms
[info] ws connection is in state Closed, so we are re-connecting
[info] Roblox.Cache.DistributedCache: Removing 0 expired items
[UserSessions] 2026-08-21T12:36:25.8551769Z Cleaning up cache. len = 1
[UserSessions] 2026-08-21T12:36:25.9892502Z Cleaning up cache. len = 1
[info] ConnectionManager got error in ws connection Unable to connect to the remote server
[PROXY] http://localhost:3185/_next/webpack-hmr
[GET] http://localhost:5000/apisite/chat/v2/get-user-conversations?pageNumber=1&pageSize=100 - 3ms
[GeneralRender] 2026-08-21T12:36:32.2909831Z Ws not available, retry in a second
[GeneralRender] 2026-08-21T12:36:32.2909830Z Ws not available, retry in a second
[info] ws connection is in state Closed, so we are re-connecting
[GeneralRender] 2026-08-21T12:36:33.5608551Z Ws not available, retry in a second
[GeneralRender] 2026-08-21T12:36:33.5624113Z Ws not available, retry in a second
[GET] http://localhost:5000/apisite/chat/v2/get-user-conversations?pageNumber=1&pageSize=100 - 0ms
[info] there are 0 bad servers
[info] ConnectionManager got error in ws connection Unable to connect to the remote server
[GET] http://localhost:5000/apisite/chat/v2/get-user-conversations?pageNumber=1&pageSize=100 - 1ms
[PROXY] http://localhost:3185/_next/webpack-hmr
[info] ws connection is in state Closed, so we are re-connecting
[GET] http://localhost:5000/apisite/chat/v2/get-user-conversations?pageNumber=1&pageSize=100 - 0ms
[GeneralRender] 2026-08-21T12:36:45.0956770Z Ws not available, retry in a second
[GeneralRender] 2026-08-21T12:36:45.0957925Z Ws not available, retry in a second
[info] ConnectionManager got error in ws connection Unable to connect to the remote server
[PROXY] http://localhost:3185/_next/webpack-hmr
[GET] http://localhost:5000/apisite/chat/v2/get-user-conversations?pageNumber=1&pageSize=100 - 0ms
[GeneralRender] 2026-08-21T12:36:49.7736992Z Ws not available, retry in a second
[GeneralRender] 2026-08-21T12:36:49.7895474Z Ws not available, retry in a second
[info] ws connection is in state Closed, so we are re-connecting
[GET] http://localhost:5000/apisite/chat/v2/get-user-conversations?pageNumber=1&pageSize=100 - 0ms
[info] ConnectionManager got error in ws connection Unable to connect to the remote server
[UserSessions] 2026-08-21T12:36:55.9947733Z Cleaning up cache. len = 1
[PROXY] http://localhost:3185/_next/webpack-hmr
[GET] http://localhost:5000/apisite/chat/v2/get-user-conversations?pageNumber=1&pageSize=100 - 0ms
[info] ws connection is in state Closed, so we are re-connecting
[GeneralRender] 2026-08-21T12:37:03.9072166Z Ws not available, retry in a second
[GeneralRender] 2026-08-21T12:37:03.9072212Z Ws not available, retry in a second
[GET] http://localhost:5000/apisite/chat/v2/get-user-conversations?pageNumber=1&pageSize=100 - 0ms
[info] ConnectionManager got error in ws connection Unable to connect to the remote server
[PROXY] http://localhost:3185/_next/webpack-hmr
[info] there are 0 bad servers
[GET] http://localhost:5000/apisite/chat/v2/get-user-conversations?pageNumber=1&pageSize=100 - 0ms
[info] ws connection is in state Closed, so we are re-connecting
[PROXY] http://localhost:3185/_next/webpack-hmr
[info] ConnectionManager got error in ws connection Unable to connect to the remote server
[GET] http://localhost:5000/apisite/chat/v2/get-user-conversations?pageNumber=1&pageSize=100 - 0ms
[PROXY] http://localhost:3185/_next/webpack-hmr
[info] ws connection is in state Closed, so we are re-connecting
[GET] http://localhost:5000/apisite/chat/v2/get-user-conversations?pageNumber=1&pageSize=100 - 0ms
[info] ConnectionManager got error in ws connection Unable to connect to the remote server
[GeneralRender] 2026-08-21T12:37:22.9571936Z Ws not available, retry in a second
[GeneralRender] 2026-08-21T12:37:22.9571937Z Ws not available, retry in a second
[PROXY] http://localhost:3185/_next/webpack-hmr
[GeneralRender] 2026-08-21T12:37:23.9364554Z Ws not available, retry in a second
[GeneralRender] 2026-08-21T12:37:23.9364555Z Ws not available, retry in a second
[GET] http://localhost:5000/apisite/chat/v2/get-user-conversations?pageNumber=1&pageSize=100 - 0ms
[info] Roblox.Cache.DistributedCache: Removing 0 expired items
[UserSessions] 2026-08-21T12:37:25.8703904Z Cleaning up cache. len = 1
[UserSessions] 2026-08-21T12:37:26.0139984Z Cleaning up cache. len = 1
[info] ws connection is in state Closed, so we are re-connecting
[PROXY] http://localhost:3185/_next/webpack-hmr
[info] ConnectionManager got error in ws connection Unable to connect to the remote server
[GeneralRender] 2026-08-21T12:37:32.2937291Z Ws not available, retry in a second
[GeneralRender] 2026-08-21T12:37:32.3073414Z Ws not available, retry in a second
[GeneralRender] 2026-08-21T12:37:33.5882505Z Ws not available, retry in a second
[GeneralRender] 2026-08-21T12:37:33.5886028Z Ws not available, retry in a second
[PROXY] http://localhost:3185/_next/webpack-hmr
[info] there are 0 bad servers
[info] ws connection is in state Closed, so we are re-connecting
[info] ConnectionManager got error in ws connection Unable to connect to the remote server
[PROXY] http://localhost:3185/_next/webpack-hmr
[GeneralRender] 2026-08-21T12:37:45.1072313Z Ws not available, retry in a second
[GeneralRender] 2026-08-21T12:37:45.1072313Z Ws not available, retry in a second
[info] ws connection is in state Closed, so we are re-connecting
[PROXY] http://localhost:3185/_next/webpack-hmr
[GeneralRender] 2026-08-21T12:37:49.7899273Z Ws not available, retry in a second
[GeneralRender] 2026-08-21T12:37:49.8050657Z Ws not available, retry in a second
[info] ConnectionManager got error in ws connection Unable to connect to the remote server
[PROXY] http://localhost:3185/_next/webpack-hmr
[info] ws connection is in state Closed, so we are re-connecting
[UserSessions] 2026-08-21T12:37:56.0229574Z Cleaning up cache. len = 1
[info] ConnectionManager got error in ws connection Unable to connect to the remote server
[PROXY] http://localhost:3185/_next/webpack-hmr
[GeneralRender] 2026-08-21T12:38:03.9213032Z Ws not available, retry in a second
[GeneralRender] 2026-08-21T12:38:03.9213032Z Ws not available, retry in a second
[info] ws connection is in state Closed, so we are re-connecting
[PROXY] http://localhost:3185/_next/webpack-hmr
[info] there are 0 bad servers
[info] ConnectionManager got error in ws connection Unable to connect to the remote server
[PROXY] http://localhost:3185/_next/webpack-hmr
[info] ws connection is in state Closed, so we are re-connecting
[info] ConnectionManager got error in ws connection Unable to connect to the remote server
[PROXY] http://localhost:3185/_next/webpack-hmr
[GET] http://localhost:5000/apisite/chat/v2/get-user-conversations?pageNumber=1&pageSize=100 - 0ms
[info] ws connection is in state Closed, so we are re-connecting
[GeneralRender] 2026-08-21T12:38:22.9589454Z Ws not available, retry in a second
[GeneralRender] 2026-08-21T12:38:22.9736404Z Ws not available, retry in a second
[PROXY] http://localhost:3185/_next/webpack-hmr
[GeneralRender] 2026-08-21T12:38:23.9405481Z Ws not available, retry in a second
[GeneralRender] 2026-08-21T12:38:23.9405482Z Ws not available, retry in a second
[info] Roblox.Cache.DistributedCache: Removing 0 expired items
[UserSessions] 2026-08-21T12:38:25.8741107Z Cleaning up cache. len = 1
[UserSessions] 2026-08-21T12:38:26.0398635Z Cleaning up cache. len = 1
[info] ConnectionManager got error in ws connection Unable to connect to the remote server
[PROXY] http://localhost:3185/_next/webpack-hmr
[info] ws connection is in state Closed, so we are re-connecting
[GeneralRender] 2026-08-21T12:38:32.2982503Z Ws not available, retry in a second
[GeneralRender] 2026-08-21T12:38:32.3069846Z Ws not available, retry in a second
[GeneralRender] 2026-08-21T12:38:33.5955785Z Ws not available, retry in a second
[GeneralRender] 2026-08-21T12:38:33.5955785Z Ws not available, retry in a second
[info] ConnectionManager got error in ws connection Unable to connect to the remote server
[PROXY] http://localhost:3185/_next/webpack-hmr
[info] there are 0 bad servers
[info] ws connection is in state Closed, so we are re-connecting
[PROXY] http://localhost:3185/_next/webpack-hmr
[info] ConnectionManager got error in ws connection Unable to connect to the remote server
[GeneralRender] 2026-08-21T12:38:45.1204989Z Ws not available, retry in a second
[GeneralRender] 2026-08-21T12:38:45.1204977Z Ws not available, retry in a second
[info] ws connection is in state Closed, so we are re-connecting
[GeneralRender] 2026-08-21T12:38:49.8041171Z Ws not available, retry in a second
[GeneralRender] 2026-08-21T12:38:49.8203901Z Ws not available, retry in a second
[PROXY] http://localhost:3185/_next/webpack-hmr
[info] ConnectionManager got error in ws connection Unable to connect to the remote server
[UserSessions] 2026-08-21T12:38:56.0580523Z Cleaning up cache. len = 1
[info] ws connection is in state Closed, so we are re-connecting
[PROXY] http://localhost:3185/_next/webpack-hmr
[info] ConnectionManager got error in ws connection Unable to connect to the remote server
[GeneralRender] 2026-08-21T12:39:03.9331950Z Ws not available, retry in a second
[GeneralRender] 2026-08-21T12:39:03.9331951Z Ws not available, retry in a second
[info] there are 0 bad servers
[PROXY] http://localhost:3185/_next/webpack-hmr
[info] ws connection is in state Closed, so we are re-connecting
[info] ConnectionManager got error in ws connection Unable to connect to the remote server
[PROXY] http://localhost:3185/_next/webpack-hmr
[info] ws connection is in state Closed, so we are re-connecting
[PROXY] http://localhost:3185/_next/webpack-hmr
[GET] http://localhost:5000/apisite/chat/v2/get-user-conversations?pageNumber=1&pageSize=100 - 0ms
[info] ConnectionManager got error in ws connection Unable to connect to the remote server
[GeneralRender] 2026-08-21T12:39:22.9637431Z Ws not available, retry in a second
[GeneralRender] 2026-08-21T12:39:22.9795924Z Ws not available, retry in a second
[GeneralRender] 2026-08-21T12:39:23.9560562Z Ws not available, retry in a second
[GeneralRender] 2026-08-21T12:39:23.9560562Z Ws not available, retry in a second
[PROXY] http://localhost:3185/_next/webpack-hmr
[info] Roblox.Cache.DistributedCache: Removing 0 expired items
[info] ws connection is in state Closed, so we are re-connecting
[UserSessions] 2026-08-21T12:39:25.8882556Z Cleaning up cache. len = 1
[UserSessions] 2026-08-21T12:39:26.0730842Z Cleaning up cache. len = 1
